Month,Region,Crop,Crop_cdl,ETc_mean_in,NIWR_mean_in,ETc_mean_mm,NIWR_mean_mm
3,1.0,Pasture,Grass/Pasture,1.8278710962734328,0.0963332499497474,46.42792584534519,2.446864548723586
4,1.0,Pasture,Grass/Pasture,2.9470199483195465,0.532121123918308,74.85430668731648,13.515876547525025
5,1.0,Pasture,Grass/Pasture,4.473521620658017,1.7254855151270398,113.62744916471364,43.82733208422681
6,1.0,Pasture,Grass/Pasture,4.830494381240002,2.653004319849892,122.69455728349604,67.38630972418724
7,1.0,Pasture,Grass/Pasture,4.632101273734002,3.860941470929476,117.65537235284364,98.06791336160867
8,1.0,Pasture,Grass/Pasture,4.070054872507759,3.1872635831289124,103.37939376169707,80.95649501147437
9,1.0,Pasture,Grass/Pasture,3.0005453383948657,0.9720550958535704,76.21385159522958,24.69019943468069
10,1.0,Pasture,Grass/Pasture,1.648953331460416,-0.8186020628284829,41.88341461909456,-20.792492395843464
Season,1.0,Pasture,Grass/Pasture,27.430561862588046,12.208602295928465,696.7362713097364,310.09849831658295
5,1.0,Corn (silage),Corn,2.584541501441156,0.2878904415227721,65.64735413660536,7.312417214678413
6,1.0,Corn (silage),Corn,2.4563282832957385,0.3953045495635954,62.39073839571176,10.040735558915324
7,1.0,Corn (silage),Corn,2.1219615658397446,1.2093399926509858,53.89782377232951,30.71723581333504
8,1.0,Corn (silage),Corn,2.723830316694392,1.6905786903286484,69.18529004403754,42.94069873434766
9,1.0,Corn (silage),Corn,2.536374806744996,0.2604097407370905,64.42392009132288,6.6144074147221
Season,1.0,Corn (silage),Corn,12.423036474016026,3.843523414803092,315.54512644000704,97.62549473599852
3,2.0,Pasture,Grass/Pasture,2.210279584133617,0.1655970763439278,56.14110143699386,4.206165739135767
4,2.0,Pasture,Grass/Pasture,3.496798756349597,0.8579427790709095,88.81868841127977,21.7917465884011
5,2.0,Pasture,Grass/Pasture,4.717654046818294,2.2801386640501264,119.82841278918464,57.91552206687321
6,2.0,Pasture,Grass/Pasture,4.532939026655511,3.140149310539409,115.13665127704996,79.75979248770098
7,2.0,Pasture,Grass/Pasture,5.039531157725248,4.705187770451576,128.0040914062213,119.51176936947002
8,2.0,Pasture,Grass/Pasture,4.546736656354688,4.068004985183107,115.48711107140907,103.3273266236509
9,2.0,Pasture,Grass/Pasture,3.25385021250696,1.9100195522307293,82.64779539767677,48.51449662666053
10,2.0,Pasture,Grass/Pasture,1.915096860761448,-0.4835005162680548,48.64346026334078,-12.280913113208593
Season,2.0,Pasture,Grass/Pasture,29.712886301305367,16.64353962160173,754.7073120531563,422.7459063886839
5,2.0,Corn (Silage),Corn,2.5986865646088573,1.4405723887208637,66.00663874106498,36.59053867350993
6,2.0,Corn (Silage),Corn,2.362714868371598,0.7903681886068312,60.01295765663859,20.075351990613512
7,2.0,Corn (Silage),Corn,3.758508407182501,3.5924927848650734,95.46611354243552,91.24931673557286
8,2.0,Corn (Silage),Corn,4.576396798382939,4.260401460720439,116.24047867892664,108.21419710229914
9,2.0,Corn (Silage),Corn,2.976070442571913,1.746355060183003,75.59218924132658,44.35741852864828
Season,2.0,Corn (Silage),Corn,16.27237708111781,11.830189883096208,413.31837786039233,300.4868230306437
3,3.0,Grain (Spring),Spring Wheat,1.8648396209745173,-0.006421350800249,47.36692637275274,-0.1631023103263266
4,3.0,Grain (Spring),Spring Wheat,3.200035434876717,1.1276803523145384,81.28090004586862,28.64308094878928
5,3.0,Grain (Spring),Spring Wheat,5.3543738368772615,3.0539595116907865,136.00109545668244,77.57057159694597
6,3.0,Grain (Spring),Spring Wheat,6.143108586243728,4.545327900648664,156.0349580905907,115.45132867647604
7,3.0,Grain (Spring),Spring Wheat,3.7109118204974023,3.380918039243926,94.25716024063402,85.87531819679572
8,3.0,Grain (Spring),Spring Wheat,0.5333635399810558,0.1574139701304696,13.547433915518816,3.998314841313928
Season,3.0,Grain (Spring),Spring Wheat,20.80663283945068,12.258878423228134,528.4884741220473,311.3755119499946
4,3.0,Grapes,Grapes,2.570858585125425,0.2280046969364477,65.29980806218579,5.791319302185773
5,3.0,Grapes,Grapes,2.899953952978652,0.9709250850359704,73.65883040565775,24.661497159913644
6,3.0,Grapes,Grapes,4.043831220191806,2.4710199497985963,102.71331299287186,62.76390672488434
7,3.0,Grapes,Grapes,5.027361070990523,4.678668290038575,127.69497120315928,118.8381745669798
8,3.0,Grapes,Grapes,4.621424950755966,4.120816697533397,117.38419374920151,104.66874411734828
9,3.0,Grapes,Grapes,2.9076101082841417,0.7159117890295571,73.8532967504172,18.18415944135075
10,3.0,Grapes,Grapes,1.625184457875587,-1.4137755136572372,41.27968523003991,-35.90989804689382
11,3.0,Grapes,Grapes,0.854436955144207,-0.6881330352408451,21.702698660662858,-17.478579095117464
Season,3.0,Grapes,Grapes,24.42859887918285,11.18174267879458,620.4864115312444,284.0162640413823
4,3.0,Alfalfa Hay,Alfalfa,3.5653839231077837,1.162283594484255,90.56075164693767,29.522003299900067
5,3.0,Alfalfa Hay,Alfalfa,4.207105549423583,1.8005641177599805,106.860480955359,45.7343285911035
6,3.0,Alfalfa Hay,Alfalfa,5.646554899607169,4.0212270332032265,143.4224944500221,102.13916664336196
7,3.0,Alfalfa Hay,Alfalfa,5.726810269367049,5.233482959531171,145.46098084192303,132.93046717209174
8,3.0,Alfalfa Hay,Alfalfa,5.836797111897151,5.329635273146828,148.25464664218762,135.3727359379294
9,3.0,Alfalfa Hay,Alfalfa,3.1944270583386647,1.659780786645443,81.13844728180207,42.15843198079425
10,3.0,Alfalfa Hay,Alfalfa,1.7900264448158338,-1.008950891894178,45.46667169832218,-25.62735265411212
11,3.0,Alfalfa Hay,Alfalfa,1.5228163929625858,-1.261151134247765,38.67953638124968,-32.03323880989323
Season,3.0,Alfalfa Hay,Alfalfa,30.84666336054916,16.561258854204855,783.5052493579486,420.6559748968033
3,3.0,Grain (Winter),Winter Wheat,2.481225527227414,0.1826110261662361,63.02312839157632,4.638320064622397
4,3.0,Grain (Winter),Winter Wheat,3.7726904516012016,1.2408483897081062,95.82633747067052,31.517549098585896
5,3.0,Grain (Winter),Winter Wheat,4.683851334857919,2.197537274475976,118.96982390539114,55.81744677168978
6,3.0,Grain (Winter),Winter Wheat,2.1388696424738485,0.5597672996546197,54.32728891883575,14.21808941122734
7,3.0,Grain (Winter),Winter Wheat,0.5885273116760381,0.1098872912744925,14.948593716571366,2.7911371983721094
8,3.0,Grain (Winter),Winter Wheat,0.3939382177402383,-0.1008732296791494,10.006030730602054,-2.562180033850395
Season,3.0,Grain (Winter),Winter Wheat,14.05910248557666,4.189778051600281,357.1012031336471,106.42036251064712
5,3.0,Beans (Dry Field),Dry Beans,2.673160556286758,0.6671549012439255,67.89827812968366,16.945734491595708
6,3.0,Beans (Dry Field),Dry Beans,4.071827176759123,2.605487290097161,103.42441028968172,66.1793771684679
7,3.0,Beans (Dry Field),Dry Beans,6.655632736700772,6.170100800168748,169.0530715121996,156.7205603242862
Season,3.0,Beans (Dry Field),Dry Beans,13.40062046974665,9.442742991509837,340.3757599315649,239.8456719843498
3,3.0,Cherries,Cherries,1.6821504578285904,0.0864046473463886,42.7266216288462,2.1946780425982717
4,3.0,Cherries,Cherries,2.866958139744499,0.4753020970052796,72.82073674951027,12.072673263934105
5,3.0,Cherries,Cherries,4.372646522618716,2.906714139978371,111.06522167451536,73.83053915545062
6,3.0,Cherries,Cherries,5.935873180985648,4.79892263070045,150.77117879703545,121.89263481979144
7,3.0,Cherries,Cherries,7.178693396543292,6.949268861328053,182.3388122721996,176.51142907773254
8,3.0,Cherries,Cherries,6.417238706941412,5.801178128352785,162.9978631563119,147.3499244601607
9,3.0,Cherries,Cherries,3.5487051350623147,1.7165978288856412,90.1371104305828,43.601584853695286
10,3.0,Cherries,Cherries,1.813829097587291,-0.2850540434240197,46.07125907871719,-7.2403727029701
11,3.0,Cherries,Cherries,0.6576845983582652,-0.0245606444134467,16.705188798299936,-0.6238403681015486
Season,3.0,Cherries,Cherries,34.14493693649089,22.43705396796623,867.2813981868686,569.9011707863422
5,3.0,Corn (Silage),Corn,2.930061649982109,0.7536338612437806,74.42356590954556,19.142300075592026
6,3.0,Corn (Silage),Corn,3.281471353056497,1.7541464824208777,83.34937236763503,44.55532065349029
7,3.0,Corn (Silage),Corn,5.638076872137761,5.156589069023463,143.20715255229914,130.97736235319596
8,3.0,Corn (Silage),Corn,5.875480504359229,5.401314910208942,149.2372048107244,137.1933987193071
9,3.0,Corn (Silage),Corn,2.128073340948577,0.7584639372754843,54.05306286009385,19.264984006797302
Season,3.0,Corn (Silage),Corn,19.85316372048417,13.82414826017255,504.270358500298,351.13336580838273
5,3.0,Corn (Field),Corn,2.930061649982109,0.7536338612437806,74.42356590954556,19.142300075592026
6,3.0,Corn (Field),Corn,3.281471353056497,1.7541464824208777,83.34937236763503,44.55532065349029
7,3.0,Corn (Field),Corn,5.638076872137761,5.156589069023463,143.20715255229914,130.97736235319596
8,3.0,Corn (Field),Corn,5.875480504359229,5.401314910208942,149.2372048107244,137.1933987193071
9,3.0,Corn (Field),Corn,2.128073340948577,0.7584639372754843,54.05306286009385,19.264984006797302
Season,3.0,Corn (Field),Corn,19.85316372048417,13.82414826017255,504.270358500298,351.13336580838273
3,3.0,Pasture,Grass/Pasture,1.6271640352788228,-0.0062706153438615,41.3299664960821,-0.1592736297340834
4,3.0,Pasture,Grass/Pasture,2.9578664268199324,0.576217894281123,75.12980724122627,14.635934514740525
5,3.0,Pasture,Grass/Pasture,4.698469472219029,2.0883353465449828,119.34112459436334,53.04371780224256
6,3.0,Pasture,Grass/Pasture,5.587985166682933,3.633288847828202,141.9348232337465,92.28553673483631
7,3.0,Pasture,Grass/Pasture,5.676990385372223,5.083362657913386,144.19555578845447,129.117411511
8,3.0,Pasture,Grass/Pasture,4.780551123694937,4.143423142118,121.42599854185138,105.2429478097972
9,3.0,Pasture,Grass/Pasture,3.2433119004343114,1.5181628972613073,82.38012227103151,38.561337590437205
10,3.0,Pasture,Grass/Pasture,1.5414906181190495,-0.8351512263884551,39.15386170022386,-21.21284115026676
11,3.0,Pasture,Grass/Pasture,1.2980965468587775,0.0790876128495088,32.97165229021295,2.008825366377524
Season,3.0,Pasture,Grass/Pasture,30.65547322348068,15.922139636404289,778.6490198764092,404.4223467646689
5,3.0,Corn (Sweet),Sweet Corn,3.147741366713302,0.8727954860854372,79.95263071451787,22.169005346570103
6,3.0,Corn (Sweet),Sweet Corn,3.86059083430411,2.2819936138685337,98.05900719132438,57.96263779226075
7,3.0,Corn (Sweet),Sweet Corn,6.471717219558839,5.966617596120623,164.38161737679448,151.5520869414638
8,3.0,Corn (Sweet),Sweet Corn,5.712558511946676,5.188853538809885,145.09898620344555,131.79687988577106
9,3.0,Corn (Sweet),Sweet Corn,1.5612522796187411,0.2415924065661094,39.65580790231602,6.1364471267791805
Season,3.0,Corn (Sweet),Sweet Corn,20.753860212141667,14.551852641450589,527.1480493883984,369.6170570928449
4,3.0,Potatoes,Potatoes,2.5330218887250906,0.3642736413799522,64.3387559736173,9.252550491050783
5,3.0,Potatoes,Potatoes,3.42941812480326,0.7627024713965167,87.10722037000278,19.37264277347152
6,3.0,Potatoes,Potatoes,4.633538493912427,3.6128317422020175,117.69187774537563,91.76592625193126
7,3.0,Potatoes,Potatoes,5.878499228491833,5.272875909690365,149.31388040369256,133.93104810613525
8,3.0,Potatoes,Potatoes,3.948820250039005,3.414630947326144,100.30003435099071,86.73162606208405
9,3.0,Potatoes,Potatoes,1.928015651693172,0.4846668536968,48.97159755300657,12.310538083898722
10,3.0,Potatoes,Potatoes,1.1019884368309278,-0.652122684270375,27.990506295505565,-16.563916180467523
Season,3.0,Potatoes,Potatoes,23.45330207449572,13.25985888142142,595.7138726921912,336.80041558810404
4,3.0,Onions,Onions,2.706304115772458,0.1769269547415491,68.74012454062043,4.493944650435348
5,3.0,Onions,Onions,3.919896848728778,2.1749779443765798,99.56537995771096,55.24443978716511
6,3.0,Onions,Onions,5.133659397514135,3.975428501566031,130.39494869685902,100.97588393977718
7,3.0,Onions,Onions,5.797521947923674,5.35611023526631,147.25705747726133,136.04519997576426
8,3.0,Onions,Onions,4.328636904511712,3.955980682798885,109.94737737459748,100.48190934309166
Season,3.0,Onions,Onions,21.886019214450755,15.639424318749354,555.9048880470491,397.2413776962336
3,3.0,Pears,Pears,1.231956854877754,0.0245019764095506,31.291704113894948,0.6223502008025852
4,3.0,Pears,Pears,2.9481586658409995,-0.7515699448352903,74.88323011236139,-19.08987659881637
5,3.0,Pears,Pears,4.218440397330871,2.4462935357298097,107.1483860922041,62.13585580753716
6,3.0,Pears,Pears,4.930940531697401,3.1924066735338177,125.245889505114,81.08712950775896
7,3.0,Pears,Pears,6.614031623498921,6.614031623498921,167.99640323687257,167.99640323687257
8,3.0,Pears,Pears,6.238134976895382,6.053095609631604,158.4486284131427,153.74862848464272
9,3.0,Pears,Pears,3.5713223297674395,0.7590868559746041,90.71158717609296,19.280806141754944
10,3.0,Pears,Pears,1.8211929754975973,0.0224370156312723,46.258301577638974,0.5699001970343164
11,3.0,Pears,Pears,,,,
Season,3.0,Pears,Pears,31.574178355406364,18.360283345574288,801.9841302273215,466.3511969775869
3,3.0,Peas,Peas,1.9131424891127204,-0.0169135924036626,48.59381922346309,-0.4296052470530306
4,3.0,Peas,Peas,2.4452493466408214,0.2469419885809785,62.10933340467686,6.272326509956853
5,3.0,Peas,Peas,3.9763281022953447,1.7314405683555123,100.99873379830176,43.97859043623001
6,3.0,Peas,Peas,4.497808837438606,2.9667473144027,114.24434447094058,75.35538178582857
Season,3.0,Peas,Peas,12.832528775487493,4.928216278935529,325.9462308973823,125.17669348496244
3,4.0,Grain (Spring),Spring Wheat,1.7701712498008657,0.1057540054761852,44.96234974494199,2.686151739095105
4,4.0,Grain (Spring),Spring Wheat,3.0865101617165087,1.1302620987662604,78.39735810759932,28.70865730866301
5,4.0,Grain (Spring),Spring Wheat,5.229560487856995,3.1636209222565665,132.83083639156766,80.35597142531678
6,4.0,Grain (Spring),Spring Wheat,5.867623205806998,4.434161614600642,149.03762942749773,112.6277050108563
7,4.0,Grain (Spring),Spring Wheat,3.326224774460821,2.936477210461521,84.48610927130485,74.58652114572264
8,4.0,Grain (Spring),Spring Wheat,0.5693970906596443,0.0231509956428856,14.462686102754963,0.5880352893292949
Season,4.0,Grain (Spring),Spring Wheat,19.84948697030184,11.79342684720406,504.1769690456666,299.5530419189831
3,4.0,Apples,Apples,1.5746640128240224,0.1377134991510405,39.99646592573016,3.4979228784364307
4,4.0,Apples,Apples,2.667585937140168,0.5601524969488405,67.75668280336026,14.227873422500547
5,4.0,Apples,Apples,4.275468146154346,2.963192920399641,108.5968909123204,75.26510017815089
6,4.0,Apples,Apples,5.850325439384099,5.019710622591171,148.5982661603561,127.50064981381574
7,4.0,Apples,Apples,7.453631225176217,7.331474706562306,189.3222331194759,186.21945754668255
8,4.0,Apples,Apples,6.235123437445608,5.8851478978448375,158.37213531111846,149.48275660525886
9,4.0,Apples,Apples,3.664728329852687,2.229872047142815,93.08409957825825,56.638749997427496
10,4.0,Apples,Apples,1.7376595146045133,-1.0358702568437077,44.13655167095464,-26.31110452383017
11,4.0,Apples,Apples,11.270955206919703,5.818578892433076,286.28226225576043,147.79190386780013
Season,4.0,Apples,Apples,34.12990009994823,22.91663521750614,866.899462538685,582.0825345246559
4,4.0,Grapes,Grapes,2.0861292039052906,0.189921114943164,52.987681779194375,4.8239963195563655
5,4.0,Grapes,Grapes,2.5032991529500306,0.6295629872683232,63.58379848493077,15.990899876615408
6,4.0,Grapes,Grapes,3.205744241987702,1.9300224936024517,81.42590374648762,49.02257133750226
7,4.0,Grapes,Grapes,4.48216839177768,4.133323195603806,113.84707715115309,104.98640916833666
8,4.0,Grapes,Grapes,4.282149002946907,3.848949765012696,108.76658467485144,97.76332403132248
9,4.0,Grapes,Grapes,2.829185979765596,1.5129952539451637,71.86132388604614,38.43007945020715
10,4.0,Grapes,Grapes,1.2652269852629157,-1.206544515421896,32.13676542567806,-30.64623069171616
11,4.0,Grapes,Grapes,1.1354700952052088,-1.325150357290656,28.840940418212305,-33.65881907518266
Season,4.0,Grapes,Grapes,21.245975095940604,9.291807507087636,539.6477674368913,236.01191068002595
4,4.0,Alfalfa Hay,Alfalfa,3.507302673905495,1.3490890478346622,89.08548791719957,34.26686181500042
5,4.0,Alfalfa Hay,Alfalfa,4.156924904313617,2.171816303434019,105.58589256956589,55.16413410722408
6,4.0,Alfalfa Hay,Alfalfa,5.482347635308552,4.16792272162846,139.25162993683722,105.86523712936288
7,4.0,Alfalfa Hay,Alfalfa,5.865903127203616,5.527989082487316,148.99393943097184,140.41092269517782
8,4.0,Alfalfa Hay,Alfalfa,5.690193071441176,5.248425528062109,144.53090401460588,133.31000841277756
9,4.0,Alfalfa Hay,Alfalfa,3.2106447482145257,1.8970598299118808,81.55037660464895,48.18531967976177
10,4.0,Alfalfa Hay,Alfalfa,1.592123041215287,-0.966254319537924,40.439925246868285,-24.542859716263266
11,4.0,Alfalfa Hay,Alfalfa,1.4167680393529007,-1.286227852879588,35.985908199563674,-32.67018746314154
Season,4.0,Alfalfa Hay,Alfalfa,30.24424311315812,17.61457113888141,768.2037750742162,447.4101069275878
3,4.0,Grain (Winter),Winter Wheat,2.187088637713394,0.230940637667504,55.5520513979202,5.865892196754602
4,4.0,Grain (Winter),Winter Wheat,3.641273679622407,1.434285441098354,92.48835146240911,36.43085020389819
5,4.0,Grain (Winter),Winter Wheat,4.929568432905491,2.8864889035995045,125.21103819579946,73.31681815142741
6,4.0,Grain (Winter),Winter Wheat,2.7356148047537943,1.4085334302421622,69.48461604074637,35.77674912815092
7,4.0,Grain (Winter),Winter Wheat,0.5426050877008582,0.195778918680156,13.782169227601798,4.972784534475964
8,4.0,Grain (Winter),Winter Wheat,0.3672954692402889,-0.1016760683702907,9.329304918703338,-2.582572136605385
Season,4.0,Grain (Winter),Winter Wheat,14.403446111936235,6.054351262917391,365.8475312431804,153.7805220781017
5,4.0,Beans (Dry Field),Dry Beans,2.491059329549441,0.6777791062096943,63.27290697055581,17.215589297726233
6,4.0,Beans (Dry Field),Dry Beans,3.993387490191702,2.7333931754831284,101.43204225086924,69.42818665727145
7,4.0,Beans (Dry Field),Dry Beans,6.684053485204764,6.31393684301228,169.774958524201,160.3739958125119
Season,4.0,Beans (Dry Field),Dry Beans,13.168500304945908,9.725109124705105,334.479907745626,247.0177717675096
3,4.0,Cherries,Cherries,1.3981595194356256,0.0457029919352517,35.513251793664885,1.1608559951553945
4,4.0,Cherries,Cherries,2.386470771783268,0.4014799195488177,60.61635760329501,10.197589956539968
5,4.0,Cherries,Cherries,3.7108472402132646,1.785478447000959,94.25551990141692,45.35115255382436
6,4.0,Cherries,Cherries,5.148983957664813,3.82337167476517,130.78419252468623,97.1136405390353
7,4.0,Cherries,Cherries,6.782206923806454,6.447194065758947,172.26805586468393,163.75872927027726
8,4.0,Cherries,Cherries,5.865064878772424,5.446678193211492,148.97264792081955,138.3456261075719
9,4.0,Cherries,Cherries,3.7598768567712257,2.470784622646411,95.50087216198912,62.75792941521883
10,4.0,Cherries,Cherries,1.5295607319160456,-0.7661943473191113,38.850842590667554,-19.461336421905425
11,4.0,Cherries,Cherries,1.248077281315333,-0.3078043036574182,31.701162945409447,-7.818229312898421
Season,4.0,Cherries,Cherries,31.023940924358367,18.756205863839263,788.0080994787024,476.4076289415173
5,4.0,Corn (Silage),Corn,2.7523847033448634,0.7730938973801129,69.91057146495953,19.636584993454868
6,4.0,Corn (Silage),Corn,3.1686569420258306,1.7878911788533556,80.48388632745609,45.41243594287523
7,4.0,Corn (Silage),Corn,5.574928926319221,5.189714914518476,141.6031947285082,131.81875882876926
8,4.0,Corn (Silage),Corn,6.109970232823056,5.599443306652401,155.1932439137056,142.225859988971
9,4.0,Corn (Silage),Corn,3.1132577245115107,1.761071707295247,79.07674620259237,44.73122136529928
Season,4.0,Corn (Silage),Corn,20.71919852902448,15.11121500469959,526.2676426372218,383.82486111936953
5,4.0,Corn (Field),Corn,2.7523847033448634,0.7730938973801129,69.91057146495953,19.636584993454868
6,4.0,Corn (Field),Corn,3.1686569420258306,1.7878911788533556,80.48388632745609,45.41243594287523
7,4.0,Corn (Field),Corn,5.574928926319221,5.189714914518476,141.6031947285082,131.81875882876926
8,4.0,Corn (Field),Corn,6.109970232823056,5.599443306652401,155.1932439137056,142.225859988971
9,4.0,Corn (Field),Corn,3.1132577245115107,1.761071707295247,79.07674620259237,44.73122136529928
Season,4.0,Corn (Field),Corn,20.71919852902448,15.11121500469959,526.2676426372218,383.82486111936953
3,4.0,Pasture,Grass/Pasture,1.687501359688825,0.1311167890923407,42.86253453609616,3.3303664429454543
4,4.0,Pasture,Grass/Pasture,2.9801523919359862,0.9033870259416088,75.69587075517404,22.946030458916866
5,4.0,Pasture,Grass/Pasture,4.7625269148164415,2.629401190584649,120.9681836363376,66.7867902408501
6,4.0,Pasture,Grass/Pasture,5.497889035756787,4.008517038222613,139.64638150822236,101.81633277085436
7,4.0,Pasture,Grass/Pasture,5.487488376955778,5.082147643079948,139.38220477467675,129.0865501342307
8,4.0,Pasture,Grass/Pasture,4.8035470358217145,4.263087758852227,122.01009470987154,108.28242907484656
9,4.0,Pasture,Grass/Pasture,3.172333181820877,1.7481253022916825,80.57726281825029,44.40238267820873
10,4.0,Pasture,Grass/Pasture,1.4776779070543866,-0.8338247279435033,37.533018839181416,-21.179148089764983
11,4.0,Pasture,Grass/Pasture,1.2195528203304251,0.0252075828173803,30.9766416363928,0.6402726035614605
Season,4.0,Pasture,Grass/Pasture,30.33702794286469,17.55217709157223,770.5605097487631,445.8252981259346
5,4.0,Corn (Sweet),Sweet Corn,2.815957210338504,0.89745911012591,71.525313142598,22.79546139719811
6,4.0,Corn (Sweet),Sweet Corn,3.617289652639148,2.328277687911621,91.87915717703436,59.13825327295517
7,4.0,Corn (Sweet),Sweet Corn,6.218138291982164,5.862840415414642,157.94071261634696,148.91614655153188
8,4.0,Corn (Sweet),Sweet Corn,5.701205278076156,5.238191132310531,144.81061406313435,133.0500547606875
9,4.0,Corn (Sweet),Sweet Corn,2.1623283495907875,0.9043160244742332,54.923140079606,22.969627021645525
Season,4.0,Corn (Sweet),Sweet Corn,20.51491878262676,15.231084370236935,521.0789370787197,386.8695430040181
4,4.0,Potatoes,Potatoes,2.399741023691916,0.2879878247205729,60.953422001774655,7.314890747902552
5,4.0,Potatoes,Potatoes,3.343267906644495,1.180990676104987,84.91900482877017,29.997163173066674
6,4.0,Potatoes,Potatoes,4.773465883055462,3.2886443008668507,121.24603342960874,83.531565242018
7,4.0,Potatoes,Potatoes,5.78283757546378,5.316513816115613,146.88407441678,135.03945092933657
8,4.0,Potatoes,Potatoes,4.248524156923534,3.6374526936311873,107.91251358585777,92.39129841823215
9,4.0,Potatoes,Potatoes,1.6646845071535843,0.3001401334484843,42.282986481701045,7.623559389591501
10,4.0,Potatoes,Potatoes,1.0326588734645972,-0.6463722326704944,26.22953538600077,-16.417854709830557
Season,4.0,Potatoes,Potatoes,23.245179926397373,13.365357212217202,590.4275701304932,339.4800731903169
3,4.0,Plums,Plums,1.3388214512758143,-0.1238616274421158,34.00606486240568,-3.1460853370297417
4,4.0,Plums,Plums,2.3533962646093136,0.5045530298804329,59.77626512107656,12.815646958962995
5,4.0,Plums,Plums,3.4917963239911667,1.422613754452268,88.69162662937563,36.13438936308761
6,4.0,Plums,Plums,4.882144329743618,3.890387902881301,124.0064659754879,98.81585273318504
7,4.0,Plums,Plums,6.392077412464746,6.202042469128946,162.35876627660454,157.53187871587522
8,4.0,Plums,Plums,5.672921361210401,5.412750132473882,144.09220257474416,137.4838533648366
9,4.0,Plums,Plums,3.315665674681383,1.9243954422853715,84.21790813690711,48.87964423404844
10,4.0,Plums,Plums,1.4219115356436192,-1.606587733555259,36.11655300534792,-40.80732843230358
11,4.0,Plums,Plums,0.5352555374111043,-1.057564695141446,13.595490650242049,-26.862143256592724
Season,4.0,Plums,Plums,28.94519943039308,17.475212699370335,735.2080655319842,443.8704025640065
4,4.0,Onions,Onions,2.616184035451056,0.6336529271140783,66.45107450045681,16.094784348697587
5,4.0,Onions,Onions,4.033004539797142,2.470556765040341,102.4383153108474,62.75214183202467
6,4.0,Onions,Onions,5.180161501866351,4.289450050977098,131.57610214740532,108.95203129481828
7,4.0,Onions,Onions,6.098541449519503,5.83083194768678,154.90295281779535,148.10313147124418
8,4.0,Onions,Onions,5.074674294849538,4.424229000637872,128.89672708917826,112.37541661620196
Season,4.0,Onions,Onions,23.00256582148359,17.64872069145617,584.2651718656831,448.2775055629867
3,4.0,Peas,Peas,1.890188230068366,0.0705485403090031,48.01078104373649,1.7919329238486796
4,4.0,Peas,Peas,2.327785211246176,0.3980930122144661,59.12574436565287,10.111562510247438
5,4.0,Peas,Peas,3.6749708247795736,1.9178323087859552,93.34425894940117,48.71294064316326
6,4.0,Peas,Peas,4.805143423129996,3.611622267755077,122.0506429475019,91.73520560097896
Season,4.0,Peas,Peas,12.698087689224112,5.998096129064502,322.5314273062924,152.35164167823834
3,5.0,Grain (Spring),Spring Wheat,1.8041371175292849,0.0779292368150795,45.82508278524383,1.9794026151030204
4,5.0,Grain (Spring),Spring Wheat,3.01440097773328,0.9163822531124156,76.5657848344253,23.276109229055358
5,5.0,Grain (Spring),Spring Wheat,5.04779786496418,2.8569917285797546,128.21406577009014,72.56758990592576
6,5.0,Grain (Spring),Spring Wheat,6.111044328508008,4.59565133604444,155.2205259441034,116.72954393552878
7,5.0,Grain (Spring),Spring Wheat,3.8061115067023232,3.412422728242005,96.675232270239,86.67553729734692
8,5.0,Grain (Spring),Spring Wheat,0.5713736991510444,0.1286817456869942,14.512891958436528,3.2685163404496524
Season,5.0,Grain (Spring),Spring Wheat,20.35486549458812,11.98805902848069,517.0135835625382,304.4966993234095
3,5.0,Apples,Apples,1.5440221007291035,-0.0006324876665681,39.21816135851923,-0.0160651867308314
4,5.0,Apples,Apples,2.6056075637580984,0.400636183203116,66.1824321194557,10.176159053359148
5,5.0,Apples,Apples,4.041328102407167,1.8359548295416008,102.64973380114203,46.633252670356654
6,5.0,Apples,Apples,5.514644609944327,4.025879460543152,140.0719730925859,102.25733829779604
7,5.0,Apples,Apples,7.254076533545054,6.892131248624002,184.2535439520444,175.06013371504966
8,5.0,Apples,Apples,6.211055921908288,5.753683188200434,157.76082041647052,146.143552980291
9,5.0,Apples,Apples,3.9968273054722583,2.665737056381857,101.51941355899535,67.70972123209917
10,5.0,Apples,Apples,1.6236349111209454,-0.8421503383380549,41.24032674247201,-21.39061859378659
11,5.0,Apples,Apples,1.8321448934254956,0.3406243702787099,46.53648029300758,8.651859005079233
Season,5.0,Apples,Apples,33.1019431619474,20.147593275669845,840.7893563134638,511.748869202014
4,5.0,Grapes,Grapes,2.253539641994136,0.1462686752549383,57.23990690665105,3.715224351475433
5,5.0,Grapes,Grapes,2.7991613577222862,0.6537643152532973,71.09869848614606,16.60561360743375
6,5.0,Grapes,Grapes,3.6077965077136382,2.0175273471753017,91.6380312959264,51.24519461825266
7,5.0,Grapes,Grapes,4.926338890167785,4.45493437291274,125.12900781026174,113.1553330719836
8,5.0,Grapes,Grapes,4.662163955034198,4.170458837405628,118.41896445786864,105.92965447010292
9,5.0,Grapes,Grapes,3.18844312758591,1.7098595469191529,80.98645544068212,43.43043249174648
10,5.0,Grapes,Grapes,1.549424862460024,-1.2506192146106805,39.35539150648461,-31.76572805111128
11,5.0,Grapes,Grapes,1.2419890225599546,-1.5067715073357113,31.54652117302285,-38.27199628632707
Season,5.0,Grapes,Grapes,23.75359550503955,10.038413556269616,603.3413258280045,254.97570432924823
4,5.0,Alfalfa Hay,Alfalfa,3.5024118693247965,1.1503677005192463,88.96126148084983,29.21933959318886
5,5.0,Alfalfa Hay,Alfalfa,4.084006020396534,1.817914195913629,103.73375291807196,46.17502057620617
6,5.0,Alfalfa Hay,Alfalfa,5.539129945435576,4.001899848660591,140.69390061406364,101.648256155979
7,5.0,Alfalfa Hay,Alfalfa,6.04416110439356,5.6226528509433695,153.52169205159643,142.81538241396157
8,5.0,Alfalfa Hay,Alfalfa,5.818900657090387,5.337605094723715,147.8000766900958,135.57516940598236
9,5.0,Alfalfa Hay,Alfalfa,3.381197295060177,1.9277504488698447,85.8824112945285,48.96486140129405
10,5.0,Alfalfa Hay,Alfalfa,1.6616096059274583,-0.916475855880261,42.20488399055744,-23.27848673935863
11,5.0,Alfalfa Hay,Alfalfa,1.4919207863281827,-1.0998993682108678,37.89478797273584,-27.93744395255604
Season,5.0,Alfalfa Hay,Alfalfa,30.796510451208004,17.3084585648637,782.2313654606833,439.6348475475379
3,5.0,Grain (Winter),Winter Wheat,2.506695108071068,0.2535553905908528,63.67005574500512,6.440306921007663
4,5.0,Grain (Winter),Winter Wheat,3.8708683657506495,1.3742413405328922,98.32005649006648,34.90573004953546
5,5.0,Grain (Winter),Winter Wheat,4.996306507957668,2.692564544851668,126.90618530212475,68.39113943923236
6,5.0,Grain (Winter),Winter Wheat,2.4885278861489804,1.0953550114568704,63.2086083081841,27.822017291004503
7,5.0,Grain (Winter),Winter Wheat,0.5137168048781635,0.1141038492582548,13.048406843905353,2.898237771159673
8,5.0,Grain (Winter),Winter Wheat,0.3711487486085714,-0.0906279516841606,9.427178214657712,-2.30194997277768
Season,5.0,Grain (Winter),Winter Wheat,14.7472634214151,5.439192185006377,374.58049090394354,138.15548149916197
5,5.0,Beans (Dry Field),Dry Beans,2.403931332418085,0.5343083551966663,61.05985584341936,13.571432221995323
6,5.0,Beans (Dry Field),Dry Beans,3.902854910433271,2.518290151545538,99.13251472500508,63.964569849256655
7,5.0,Beans (Dry Field),Dry Beans,6.781674507944456,6.352091644181571,172.2545325017892,161.34312776221188
Season,5.0,Beans (Dry Field),Dry Beans,13.088460750795813,9.404690150923775,332.44690307021364,238.87912983346388
3,5.0,Cherries,Cherries,1.4500971984546265,0.026858487866626,36.83246884074751,0.6822055918123021
4,5.0,Cherries,Cherries,2.495418138255752,0.3128068271209166,63.383620711696096,7.945293408871282
5,5.0,Cherries,Cherries,3.813818522750027,1.6742363796564483,96.87099047785068,42.52560404327379
6,5.0,Cherries,Cherries,5.398486662924166,3.8629561029472015,137.1215612382738,98.11908501485894
7,5.0,Cherries,Cherries,7.25613984416673,6.84682571433674,184.30595204183493,173.9093731441532
8,5.0,Cherries,Cherries,6.357689168715158,5.859114740933933,161.485304885365,148.8215144197219
9,5.0,Cherries,Cherries,4.217032839509118,2.747455528366951,107.1126341235316,69.78537042052055
10,5.0,Cherries,Cherries,1.797064494767869,-0.7487268921402346,45.64543816710386,-19.01766306036196
11,5.0,Cherries,Cherries,1.371186585648403,-0.213535373909049,34.82813927546943,-5.423798497289845
Season,5.0,Cherries,Cherries,33.26559623803309,19.75194251087377,844.9461444460404,501.69933977619377
5,5.0,Corn (Silage),Corn,2.8202744233200487,0.7865223444160037,71.63497035232923,19.97766754816649
6,5.0,Corn (Silage),Corn,3.1967698758928704,1.797372826528374,81.1979548476789,45.6532697938207
7,5.0,Corn (Silage),Corn,5.806061685107646,5.399574694394137,147.4739668017342,137.14919723761108
8,5.0,Corn (Silage),Corn,6.470570063487973,6.001268336435653,164.3524796125945,152.43221574546558
9,5.0,Corn (Silage),Corn,3.104966315974262,1.6788817919574608,78.86614442574626,42.6435975157195
Season,5.0,Corn (Silage),Corn,21.3986423637828,15.663619993731633,543.5255160400831,397.8559478407834
5,5.0,Corn (Field),Corn,2.8202744233200487,0.7865223444160037,71.63497035232923,19.97766754816649
6,5.0,Corn (Field),Corn,3.1967698758928704,1.797372826528374,81.1979548476789,45.6532697938207
7,5.0,Corn (Field),Corn,5.806061685107646,5.399574694394137,147.4739668017342,137.14919723761108
8,5.0,Corn (Field),Corn,6.470570063487973,6.001268336435653,164.3524796125945,152.43221574546558
9,5.0,Corn (Field),Corn,3.104966315974262,1.6788817919574608,78.86614442574626,42.6435975157195
Season,5.0,Corn (Field),Corn,21.3986423637828,15.663619993731633,543.5255160400831,397.8559478407834
3,5.0,Pasture,Grass/Pasture,1.818128823281933,0.0974033834901004,46.1804721113611,2.47404594064855
4,5.0,Pasture,Grass/Pasture,3.11482215559376,0.83403497566423,79.1164827520815,21.184488381871443
5,5.0,Pasture,Grass/Pasture,4.875179228617966,2.542745625506979,123.82955240689633,64.58573888787727
6,5.0,Pasture,Grass/Pasture,5.736965931669791,4.206608184806685,145.71893466441267,106.84784789408978
7,5.0,Pasture,Grass/Pasture,5.897674285859758,5.4772245599639975,149.80092686083785,139.12150382308553
8,5.0,Pasture,Grass/Pasture,5.2577807187027545,4.7737918745637895,133.54763025504997,121.25431361392025
9,5.0,Pasture,Grass/Pasture,3.524154114165983,2.0817971999097487,89.51351449981597,52.877648877707614
10,5.0,Pasture,Grass/Pasture,1.672580277470613,-0.6321028038587787,42.48353904775357,-16.055411218012978
11,5.0,Pasture,Grass/Pasture,1.3625806651158914,0.0055298720894676,34.60954889394364,0.1404587510724771
Season,5.0,Pasture,Grass/Pasture,32.419349264428114,18.8797282918286,823.451471316474,479.54509861244645
5,5.0,Corn (Sweet),Sweet Corn,3.004149774382145,0.9084969502575182,76.30540426930649,23.07582253654096
6,5.0,Corn (Sweet),Sweet Corn,3.764536558831556,2.360826824311542,95.61922859432153,59.965001337513165
7,5.0,Corn (Sweet),Sweet Corn,6.674435552341013,6.235141064144815,169.53066302946172,158.3725830292783
8,5.0,Corn (Sweet),Sweet Corn,6.017620838294904,5.539893713319406,152.84756929269054,140.71330031831292
9,5.0,Corn (Sweet),Sweet Corn,2.030784590644055,0.7439821714338575,51.581928602359,18.89714715441998
Season,5.0,Corn (Sweet),Sweet Corn,21.49152731449367,15.78834072346714,545.8847937881392,401.0238543760653
3,5.0,Mint,Mint,1.3221444159310487,-0.0538274117553613,33.58246816464864,-1.367216258586178
4,5.0,Mint,Mint,2.648299587878346,0.432388020084345,67.26680953211,10.982655710142364
5,5.0,Mint,Mint,4.600524958056863,2.348179499078395,116.85333393464433,59.64375927659123
6,5.0,Mint,Mint,6.348583287474355,4.76548781671853,161.2540155018486,121.04339054465066
7,5.0,Mint,Mint,5.812457167495639,5.364987432838432,147.6364120543892,136.27068079409617
Season,5.0,Mint,Mint,20.73200941683625,12.85721535696434,526.5930391876408,326.57327006689417
4,5.0,Potatoes,Potatoes,2.406044516787893,0.3169070044589555,61.11353072641248,8.04943791325747
5,5.0,Potatoes,Potatoes,3.1921895380968044,0.8675278465189094,81.08161426765882,22.035207301580297
6,5.0,Potatoes,Potatoes,4.291218620373527,2.8451378226591912,108.9969529574876,72.26650069554346
7,5.0,Potatoes,Potatoes,5.834595948087434,5.487222573507165,148.1987370814208,139.375453367082
8,5.0,Potatoes,Potatoes,4.144504485094743,3.869403844953252,105.27041392140646,98.2828576618126
9,5.0,Potatoes,Potatoes,2.303979262581889,1.4164882441622235,58.52107326957998,35.978801401720474
10,5.0,Potatoes,Potatoes,0.9297565931658855,-1.004415955908674,23.615817466413493,-25.51216528008032
Season,5.0,Potatoes,Potatoes,23.102288964188176,13.798271380351022,586.7981396903797,350.4760930609159
3,5.0,Plums,Plums,1.6340082155140323,0.0640662574763755,41.50380867405642,1.6272829398999376
4,5.0,Plums,Plums,2.797966463296314,0.489683058754977,71.06834816772637,12.437949692376415
5,5.0,Plums,Plums,4.2253144005335095,2.1934735906977805,107.32298577355114,55.71422920372362
6,5.0,Plums,Plums,5.916871638208149,4.646091998188259,150.28853961048696,118.01073675398176
7,5.0,Plums,Plums,7.959110337719959,7.623401324233233,202.16140257808692,193.6343936355241
8,5.0,Plums,Plums,7.074062154927007,6.669836265583849,179.68117873514598,169.41384114582976
9,5.0,Plums,Plums,4.845254994418008,3.421933097699038,123.0694768582174,86.91710068155555
10,5.0,Plums,Plums,2.155978462459952,-0.5192023390575482,54.761852946482776,-13.187739412061724
11,5.0,Plums,Plums,1.6555384044667896,-0.6049454400716209,42.05067547345645,-15.36561417781917
Season,5.0,Plums,Plums,37.15447478288968,23.25442491816413,943.7236594853978,590.6623929213689
4,5.0,Onions,Onions,2.446115947469912,0.4004461282717297,62.131345065735765,10.171331658101936
5,5.0,Onions,Onions,3.564599680453356,1.5930406265319597,90.54083188351522,40.46323191391177
6,5.0,Onions,Onions,4.750009536151858,3.416268763203985,120.6502422182572,86.77322658538122
7,5.0,Onions,Onions,5.985667261604073,5.611979948357901,152.03594844474344,142.5442906882907
8,5.0,Onions,Onions,4.8906460322486645,4.465872925089197,124.22240921911607,113.4331722972656
Season,5.0,Onions,Onions,21.63703845792786,15.487608391454774,549.5807768313676,393.3852531429512
3,5.0,Pears,Pears,1.3087800490575754,0.2863076209909277,33.24301324606241,7.272213573169563
4,5.0,Pears,Pears,2.4567961592791643,-0.1278344970735656,62.40262244569077,-3.2469962256685667
5,5.0,Pears,Pears,3.49556086839997,0.4441921826786264,88.78724605735923,11.282481440037111
6,5.0,Pears,Pears,4.713643215880617,2.568380946485408,119.72653768336764,65.23687604072936
7,5.0,Pears,Pears,7.111705849679254,7.011968315932535,180.63732858185304,178.10399522468637
8,5.0,Pears,Pears,6.207501253228243,5.966043769260302,157.67053183199738,151.53751173921165
9,5.0,Pears,Pears,3.983037910498594,2.4057453882882176,101.16916292666428,61.10593286252072
10,5.0,Pears,Pears,2.1295243296768103,0.1075784999753413,54.089917973790975,2.7324938993736687
11,5.0,Pears,Pears,0.497695527727197,0.78740157480315,12.641466404270805,20.000000000000007
Season,5.0,Pears,Pears,31.572448144942623,18.92484941813884,801.9401828815427,480.6911752207265
3,5.0,Peas,Peas,2.006015229195166,0.0148419389489707,50.95278682155722,0.3769852493038576
4,5.0,Peas,Peas,2.436202669379922,0.2563623710372417,61.879547802250016,6.51160422434594
5,5.0,Peas,Peas,3.934773601760475,1.8496602064191223,99.94324948471606,46.98136924304571
6,5.0,Peas,Peas,5.11583160990022,3.8971588212586346,129.94212289146557,98.98783405996932
Season,5.0,Peas,Peas,13.492823110235785,6.01802333766397,342.7177069999889,152.85779277666484
5,6.0,Beans (Dry Field),Dry Beans,4.818628968502253,3.185858870873736,122.39317579995722,80.92081532019289
6,6.0,Beans (Dry Field),Dry Beans,7.204861468555355,6.5749402181026,183.003481301306,167.00348153980602
7,6.0,Beans (Dry Field),Dry Beans,7.840015488890677,7.792771392524536,199.1363934178232,197.9363933701232
Season,6.0,Beans (Dry Field),Dry Beans,19.863505925948285,17.553570481500874,504.5330505190864,445.86069023012215
5,6.0,Corn (Sweet),Sweet Corn,3.2892334942178945,2.385344246373958,83.54653075313452,60.58774385789853
6,6.0,Corn (Sweet),Sweet Corn,4.913118874681682,4.497502068837193,124.79321941691472,114.23655254846469
7,6.0,Corn (Sweet),Sweet Corn,8.675594178041642,8.473035115871365,220.3600921222577,215.21509194313268
8,6.0,Corn (Sweet),Sweet Corn,6.8729030674461615,6.50564584221401,174.5717379131325,165.24340439223585
9,6.0,Corn (Sweet),Sweet Corn,0.9964240644735016,0.2576227502494554,25.309171237626938,6.543617856336168
Season,6.0,Corn (Sweet),Sweet Corn,24.74727367886089,22.119150023545984,628.5807514430664,561.8264105980679
3,6.0,Pasture,Grass/Pasture,2.105837943217413,0.2117550167816234,53.48828375772229,5.3785774262532335
4,6.0,Pasture,Grass/Pasture,3.566918197842071,1.274310081365589,90.5997222251886,32.36747606668596
5,6.0,Pasture,Grass/Pasture,5.595265018992197,3.486923238932498,142.1197314824018,88.56785026888544
6,6.0,Pasture,Grass/Pasture,6.412753458402949,5.300400878700435,162.8839378434349,134.63018231899105
7,6.0,Pasture,Grass/Pasture,6.728198705890937,6.40659516797802,170.89624712962978,162.7275172666417
8,6.0,Pasture,Grass/Pasture,6.10407060285159,5.71495571081055,155.04339331243037,145.15987505458796
9,6.0,Pasture,Grass/Pasture,4.072448439122996,3.001073146260526,103.4401903537241,76.22725791501735
10,6.0,Pasture,Grass/Pasture,1.9903832596123057,-0.0538650522642885,50.55573479415256,-1.3681723275129305
11,6.0,Pasture,Grass/Pasture,1.5441864671719518,-0.0878686659471442,39.22233626616757,-2.2318641150574625
Season,6.0,Pasture,Grass/Pasture,37.25225266890751,24.63608272512858,946.2072177902506,625.756501218266
3,6.0,Grain (Winter),Winter Wheat,3.317972852808704,-0.0646336706881485,84.27651046134106,-1.6416952354789722
4,6.0,Grain (Winter),Winter Wheat,4.339919670040938,2.354783099025341,110.23395961903982,59.811490715243664
5,6.0,Grain (Winter),Winter Wheat,3.698196698935592,2.208512665980443,93.93419615296402,56.09622171590325
6,6.0,Grain (Winter),Winter Wheat,1.3995417231904748,-0.0322479115790097,35.54835976903806,-0.8190969541068465
7,6.0,Grain (Winter),Winter Wheat,0.2556303242498721,0.1289899003145046,6.493010235946752,3.2763434679884185
Season,6.0,Grain (Winter),Winter Wheat,13.01126126922558,4.595404083053131,330.4860362383297,116.72326370954951
3,6.0,Alfalfa Hay,Alfalfa,2.7762198122198924,0.5881758545099093,70.51598323038526,14.939666704551694
4,6.0,Alfalfa Hay,Alfalfa,4.278286949443912,1.9447167682684916,108.66848851587535,49.39580591401968
5,6.0,Alfalfa Hay,Alfalfa,4.552444471042522,2.75378224912053,115.63208956448004,69.94606912766146
6,6.0,Alfalfa Hay,Alfalfa,7.14642902160505,6.177876881115173,181.51929714876823,156.9180727803254
7,6.0,Alfalfa Hay,Alfalfa,6.994034033601698,6.722111439659675,177.64846445348314,170.74163056735574
8,6.0,Alfalfa Hay,Alfalfa,7.33011741934146,7.00166095161108,186.18498245127307,177.84218817092142
9,6.0,Alfalfa Hay,Alfalfa,3.873407316749264,2.983009721804037,98.3845458454313,75.76844693382253
Season,6.0,Alfalfa Hay,Alfalfa,36.9509390240038,28.171333866088897,938.5538512096964,715.551880198658
3,6.0,Grain (Spring),Spring Wheat,2.097017333276128,0.123107683275096,53.26424026521365,3.126935155187439
4,6.0,Grain (Spring),Spring Wheat,3.466656161787812,1.7502145584238258,88.05306650941041,44.45544978396517
5,6.0,Grain (Spring),Spring Wheat,6.130384541123036,4.953375936592399,155.71176734452513,125.81574878944691
6,6.0,Grain (Spring),Spring Wheat,6.782223622885115,5.703430410488728,172.2684800212819,144.86713242641366
7,6.0,Grain (Spring),Spring Wheat,4.474962445989615,4.358108327824003,113.6640461281362,110.69595152672969
8,6.0,Grain (Spring),Spring Wheat,0.4055905828863755,0.0706824405505487,10.302000805313938,1.7953339899839391
Season,6.0,Grain (Spring),Spring Wheat,23.356834687948083,16.958919357154603,593.2636010738813,430.75655167172687
5,6.0,Corn (Silage),Corn,2.838827384116807,1.7848501372498216,72.1062155565669,45.33519348614546
6,6.0,Corn (Silage),Corn,3.0119073950659456,2.147588410515678,76.50244783467501,54.54874562709822
7,6.0,Corn (Silage),Corn,6.48147473563198,6.165751129655094,164.62945828505227,156.6100786932394
8,6.0,Corn (Silage),Corn,6.923836102402879,6.854544761811278,175.86543700103311,174.10543695000644
9,6.0,Corn (Silage),Corn,2.029068605197928,1.2362936981612984,51.53834257202737,31.40185993329698
Season,6.0,Corn (Silage),Corn,21.285114222415537,18.18902813739317,540.6419012493546,462.00131468978645
3,6.0,Plums,Plums,1.9496518098247475,0.10548892875356,49.52115596954858,2.679418790340426
4,6.0,Plums,Plums,3.09458111966228,0.908738520555237,78.6023604394219,23.081958422103018
5,6.0,Plums,Plums,4.892267495919917,3.570339745275723,124.26359439636587,90.68662953000336
6,6.0,Plums,Plums,6.371957662009365,5.838686987996487,161.84772461503786,148.30264949511076
7,6.0,Plums,Plums,8.508941510034676,8.188075370883103,216.12711435488075,207.9771144204308
8,6.0,Plums,Plums,6.758875878544739,5.783030735356967,171.67544731503637,146.88898067806693
9,6.0,Plums,Plums,4.935747565716714,3.959864484896056,125.36798816920452,100.58055791635982
10,6.0,Plums,Plums,2.306471405334155,-1.1731599286388898,58.58437369548753,-29.7982621874278
11,6.0,Plums,Plums,40.97309592313119,30.03729133176625,1040.7166364475322,762.9471998268627
Season,6.0,Plums,Plums,36.663892970962,24.324838358390235,931.2628814624346,617.8508943031119
3,7.0,Pasture,Grass/Pasture,2.133951191818089,0.5718480596972286,54.20236027217946,14.524940716309606
4,7.0,Pasture,Grass/Pasture,3.755475732172005,2.0865991017429595,95.38908359716892,52.999617184271166
5,7.0,Pasture,Grass/Pasture,5.8856641273811805,4.398328801822506,149.495868835482,111.71755156629166
6,7.0,Pasture,Grass/Pasture,6.771341323464528,6.048492991105755,171.992069615999,153.63172197408616
7,7.0,Pasture,Grass/Pasture,6.899916801585772,6.5910071889330455,175.2578867602786,167.41158259889934
8,7.0,Pasture,Grass/Pasture,6.139157247635998,5.831096047391142,155.93459408995437,148.109839603735
9,7.0,Pasture,Grass/Pasture,4.049508506853536,3.427994961085902,102.8575160740798,87.0710720115819
10,7.0,Pasture,Grass/Pasture,1.9243890675180704,0.6705437122779397,48.87948231495898,17.031810291859667
11,7.0,Pasture,Grass/Pasture,1.4177181936211043,0.060083216206119,36.010042117976056,1.5261136916354243
Season,7.0,Pasture,Grass/Pasture,38.04641473702859,28.84346261060913,966.378934320526,732.6239503094719
3,7.0,Grain (Winter),Winter Wheat,2.8781022539124,1.119147410922797,73.10379724937496,28.426344237439043
4,7.0,Grain (Winter),Winter Wheat,4.6402545051442825,3.213044751301016,117.86246443066476,81.61133668304579
5,7.0,Grain (Winter),Winter Wheat,5.966978966629753,4.996784396251308,151.5612657523957,126.91832366478322
6,7.0,Grain (Winter),Winter Wheat,2.2789586435806872,1.6124125829318994,57.885549546949456,40.95527960647024
7,7.0,Grain (Winter),Winter Wheat,0.3813488209759678,0.3001905142984933,9.686260052789583,7.624839063181731
Season,7.0,Grain (Winter),Winter Wheat,16.145643190243092,11.241579655705516,410.0993370321745,285.53612325492
3,7.0,Alfalfa Hay,Alfalfa,2.5862420138633637,1.0008993298990323,65.69054715212943,25.42284297943542
4,7.0,Alfalfa Hay,Alfalfa,4.282168572390812,2.7303958633038405,108.7670817387266,69.35205492791755
5,7.0,Alfalfa Hay,Alfalfa,4.5512548185229145,3.207715730145705,115.601872390482,81.47597954570091
6,7.0,Alfalfa Hay,Alfalfa,7.202143673911334,6.540066715944467,182.93444931734788,166.11769458498944
7,7.0,Alfalfa Hay,Alfalfa,7.0455855698203225,6.784415342591354,178.9578734734362,172.32414970182035
8,7.0,Alfalfa Hay,Alfalfa,6.77477880119196,6.462208904865854,172.07938155027577,164.14010618359268
9,7.0,Alfalfa Hay,Alfalfa,3.9142378511498,3.3739629651827467,99.42164141920492,85.69865931564176
Season,7.0,Alfalfa Hay,Alfalfa,36.3564113008505,30.099664851933,923.4528470416028,764.531487239098
3,7.0,Grain (Spring),Spring Wheat,1.9748245468184689,0.3721754351873823,50.1605434891891,9.453256053759509
4,7.0,Grain (Spring),Spring Wheat,3.646381213807844,2.177231743666641,92.61808283071925,55.30168628913269
5,7.0,Grain (Spring),Spring Wheat,6.289141042940434,5.058333380860738,159.74418249068702,128.48166787386273
6,7.0,Grain (Spring),Spring Wheat,6.872773524080397,6.122881416741718,174.5684475116421,155.52118798523964
7,7.0,Grain (Spring),Spring Wheat,3.3299979036075467,3.184315107864875,84.58194675163168,80.88160373976783
8,7.0,Grain (Spring),Spring Wheat,0.3226842575080484,0.0690860007063644,8.196180140704431,1.754784417941656
Season,7.0,Grain (Spring),Spring Wheat,22.43580248876274,16.98402308502772,569.8693832145735,431.394186359704
3,7.0,Cherries,Cherries,1.185337221160325,0.0715086333900766,30.10756541747225,1.8163192881079455
4,7.0,Cherries,Cherries,2.0090518641684256,0.6694690468780703,51.029917349878005,17.004513790702983
5,7.0,Cherries,Cherries,3.798570511841586,2.5123013052165537,96.48369100077628,63.81245315250046
6,7.0,Cherries,Cherries,6.48758052397864,5.599250525460595,164.78454530905745,142.2209633466991
7,7.0,Cherries,Cherries,8.76130970375169,8.630717326462646,222.5372664752929,219.2202200921512
8,7.0,Cherries,Cherries,7.903906311735217,7.723272720294552,200.7592203180745,196.1711270954816
9,7.0,Cherries,Cherries,5.2949504797256,4.26564249664736,134.49174218503023,108.34731941484294
10,7.0,Cherries,Cherries,2.664034801082683,1.5452464380120583,67.66648394750014,39.24925952550628
11,7.0,Cherries,Cherries,0.5340720234097849,-0.752894350486341,13.565429394608536,-19.12351650235306
Season,7.0,Cherries,Cherries,38.54980143695232,30.389996533623293,979.1649564985888,771.9059119540316
3,7.0,Pears,Pears,1.305399620975508,0.0060211613880262,33.1571503727779,0.1529374992558661
4,7.0,Pears,Pears,2.20711797119709,0.93412193172629,56.06079646840608,23.726697065847763
5,7.0,Pears,Pears,4.019176030062632,2.6946037268134573,102.08707116359083,68.44293466106181
6,7.0,Pears,Pears,6.386316502166418,5.471048843584875,162.212439155027,138.9646406270558
7,7.0,Pears,Pears,8.5074053168347,8.370095390792939,216.0880950476013,212.60042292614065
8,7.0,Pears,Pears,7.564679257676313,7.328332195753871,192.14285314497835,186.13963777214832
9,7.0,Pears,Pears,5.03599817454148,4.108654966453404,127.91435363335358,104.35983614791644
10,7.0,Pears,Pears,2.2892570453827465,1.0799765392834404,58.14712895272176,27.431404097799383
11,7.0,Pears,Pears,0.544895467501814,-1.1150157855128455,13.840344874546073,-28.32140095202628
Season,7.0,Pears,Pears,37.6786135638381,29.249510898787737,957.0367845214876,742.9375768292085
3,7.0,Apples,Apples,1.039686308048994,-0.0575481386701662,26.408032224444444,-1.461722722222222
4,7.0,Apples,Apples,1.9649988207786528,0.90448385839895,49.91097004777778,22.97389000333333
5,7.0,Apples,Apples,3.606001962204725,2.287304122922135,91.59244984,58.09752472222223
6,7.0,Apples,Apples,6.545434655730534,5.34011524496938,166.25404025555557,135.63892722222224
7,7.0,Apples,Apples,8.707524615485564,8.441688396762904,221.17112523333333,214.41888527777772
8,7.0,Apples,Apples,8.062169399825022,8.027173774278216,204.7791027555556,203.89021386666667
9,7.0,Apples,Apples,5.64019028783902,4.939843860892388,143.2608333111111,125.47203406666664
10,7.0,Apples,Apples,2.743303701399825,1.2893272517060366,69.67991401555555,32.748912193333325
11,7.0,Apples,Apples,0.4669387324409448,-1.574794900918635,11.860243804,-39.99979048333333
Season,7.0,Apples,Apples,38.62060223960631,30.122525103980752,980.963296886,765.1121376411111
3,8.0,Pasture,Grass/Pasture,2.1518245341943625,0.5656786243644337,54.65634316853681,14.368237058856616
4,8.0,Pasture,Grass/Pasture,3.8372914561435936,2.132991932282468,97.46720298604728,54.177995079974686
5,8.0,Pasture,Grass/Pasture,5.97459345175258,4.486576729953224,151.75467367451552,113.9590489408119
6,8.0,Pasture,Grass/Pasture,6.824996618199276,6.051391989889186,173.3549141022616,153.70535654318533
7,8.0,Pasture,Grass/Pasture,6.902393606319831,6.583747228647269,175.3207976005237,167.2271796076406
8,8.0,Pasture,Grass/Pasture,6.254221653812597,5.902020468016191,158.85723000683996,149.91131988761123
9,8.0,Pasture,Grass/Pasture,4.170212362538431,3.5120230389537994,105.92339400847614,89.2053851894265
10,8.0,Pasture,Grass/Pasture,1.9594275016533325,0.6630560522561503,49.769458541994645,16.841623727306217
11,8.0,Pasture,Grass/Pasture,1.420140764665829,0.0571735889866176,36.071575422512055,1.4522091602600884
Season,8.0,Pasture,Grass/Pasture,38.57862383392421,29.1487259718486,979.897045381675,740.3776396849544
3,8.0,Alfalfa Hay,Alfalfa,2.43011127485853,0.299272981244191,61.72482638140666,7.601533723602452
4,8.0,Alfalfa Hay,Alfalfa,4.041179905330457,2.3910241353927804,102.6459695953936,60.73201303897662
5,8.0,Alfalfa Hay,Alfalfa,5.345030477993812,3.9806552638994233,135.76377414104283,101.10864370304536
6,8.0,Alfalfa Hay,Alfalfa,6.5597832114332615,5.656090629235338,166.61849357040484,143.66470198257758
7,8.0,Alfalfa Hay,Alfalfa,7.122592024616549,6.774616299624173,180.91383742526037,172.075254010454
8,8.0,Alfalfa Hay,Alfalfa,6.5826379580981325,6.343262934974145,167.19900413569255,161.11887854834328
9,8.0,Alfalfa Hay,Alfalfa,4.149077949271269,3.9184672343064433,105.38657991149022,99.52906775138364
Season,8.0,Alfalfa Hay,Alfalfa,36.230412801602014,29.36338947867649,920.2524851606912,745.8300927583829
3,8.0,Cherries,Cherries,1.030688954199475,-0.0276742740551181,26.179499436666664,-0.7029265610000007
4,8.0,Cherries,Cherries,2.1473118775590554,0.8721659015091864,54.54172169,22.15301389833333
5,8.0,Cherries,Cherries,4.100364209973754,2.895248409317585,104.14925093333336,73.53930959666666
6,8.0,Cherries,Cherries,6.886394195538059,5.606677830708662,174.91441256666667,142.4096169
7,8.0,Cherries,Cherries,9.153970976377952,9.047671761154856,232.5108628,229.81086273333327
8,8.0,Cherries,Cherries,8.318934078740158,8.254629616797901,211.3009256,209.66759226666667
9,8.0,Cherries,Cherries,6.021163073490814,5.301632570866143,152.93754206666665,134.6614673
10,8.0,Cherries,Cherries,2.9653442422572183,2.091842648687664,75.31974375333334,53.13280327666666
11,8.0,Cherries,Cherries,0.5241291710629921,-0.7926219980708663,13.312880944999998,-20.132598751000003
Season,8.0,Cherries,Cherries,40.97359105551181,33.513779799606304,1040.72921281,851.25000691
3,8.0,Pears,Pears,1.1946480008992468,0.0541810650548127,30.34405922284087,1.3761990523922445
4,8.0,Pears,Pears,2.166217224070444,0.7636814004295465,55.02191749138928,19.39750757091048
5,8.0,Pears,Pears,4.032060706469888,2.841553384077601,102.41434194433516,72.17545595557107
6,8.0,Pears,Pears,6.774663239516907,5.859024858023147,172.07644628372944,148.81923139378793
7,8.0,Pears,Pears,8.953194456440547,8.871943193416941,227.4111391935899,225.3473571127903
8,8.0,Pears,Pears,8.146086331352299,7.953793743380658,206.9105928163484,202.02636108186869
9,8.0,Pears,Pears,5.446031531972757,4.42038403230326,138.329200912108,112.2777544205028
10,8.0,Pears,Pears,2.826295052092527,1.857502219937312,71.78789432315018,47.18055638640772
11,8.0,Pears,Pears,0.48924646974711,-0.7253047554913714,12.426860331576592,-18.422740789480837
Season,8.0,Pears,Pears,39.946901934270535,32.017643267047134,1014.6513091304716,813.2481389829971
3,9.0,Pasture,Grass/Pasture,1.611715705336693,0.2184256496883491,40.937578915552,5.548011502084068
4,9.0,Pasture,Grass/Pasture,3.045115989376198,1.4125859856898193,77.34594613015543,35.87968403652141
5,9.0,Pasture,Grass/Pasture,5.1393851264065775,3.7731121532717977,130.54038221072707,95.83704869310364
6,9.0,Pasture,Grass/Pasture,6.407378508951408,5.46880543068337,162.74741412736574,138.9076579393576
7,9.0,Pasture,Grass/Pasture,6.531443114777474,6.304597831842662,165.89865511534782,160.1367849288036
8,9.0,Pasture,Grass/Pasture,5.174726171886204,4.85681831459392,131.43804476590955,123.36318519068556
9,9.0,Pasture,Grass/Pasture,3.371028662322621,2.5205745650839986,85.62412802299458,64.02259395313357
10,9.0,Pasture,Grass/Pasture,1.557136837051003,-0.4411521112187151,39.551275661095474,-11.205263624955364
Season,9.0,Pasture,Grass/Pasture,32.83793011610818,24.1137678196352,834.0834249491478,612.489702618734
3,9.0,Grain (Winter),Winter Wheat,2.1819920353151128,-0.596165419210807,55.42259769700386,-15.142601647954498
4,9.0,Grain (Winter),Winter Wheat,3.819072931533207,2.9624331859741524,97.00445246094344,75.24580292374347
5,9.0,Grain (Winter),Winter Wheat,5.886409567887105,4.238771772643011,149.51480302433245,107.66480302513249
6,9.0,Grain (Winter),Winter Wheat,5.406001340859797,4.38237929033027,137.31243405783883,111.31243397438884
7,9.0,Grain (Winter),Winter Wheat,3.235050949035964,3.235050949035964,82.17029410551346,82.17029410551346
Season,9.0,Grain (Winter),Winter Wheat,20.528526824631182,14.22246977877259,521.4245813456321,361.25073238082376
4,9.0,Alfalfa Hay,Alfalfa,3.325369291579832,1.596779412901182,84.46438000612771,40.558197087690026
5,9.0,Alfalfa Hay,Alfalfa,5.291282455298478,3.861797520621043,134.39857436458132,98.08965702377448
6,9.0,Alfalfa Hay,Alfalfa,5.0285670528562205,4.120444541641248,127.725603142548,104.6592913576877
7,9.0,Alfalfa Hay,Alfalfa,7.238721650777916,6.995947310997804,183.86352992975907,177.6970616993442
8,9.0,Alfalfa Hay,Alfalfa,5.203936116638212,4.840436019147321,132.17997736261057,122.94707488634194
9,9.0,Alfalfa Hay,Alfalfa,3.8739208960891016,2.9428273320418503,98.39759076066318,74.747814233863
Season,9.0,Alfalfa Hay,Alfalfa,29.96179746323976,24.35823213735045,761.0296555662899,618.6990962887014
4,9.0,Grapes,Grapes,2.0617624105517884,0.3576733252139903,52.36876522801543,9.084902460435355
5,9.0,Grapes,Grapes,1.998525773120639,0.6943249650744447,50.76255463726422,17.635854112890897
6,9.0,Grapes,Grapes,2.824922791702481,1.3920687872083135,71.753038909243,35.35854719509116
7,9.0,Grapes,Grapes,4.424262774829133,4.241684031415749,112.37627448065996,107.73877439796004
8,9.0,Grapes,Grapes,4.873772870638306,4.418602085923323,123.79383091421298,112.23249298245238
9,9.0,Grapes,Grapes,2.9867247130758465,1.879273220417683,75.8628077121265,47.73353979860914
10,9.0,Grapes,Grapes,1.1571973696801447,-1.675800415479447,29.392813189875675,-42.56533055317795
11,9.0,Grapes,Grapes,18.185845666903667,10.695018344369938,461.92047993935313,271.6534659469964
Season,9.0,Grapes,Grapes,21.04094304916323,11.512095218242097,534.439953448746,292.4072185433492
4,9.0,Grain (Spring),Spring Wheat,2.529532985155975,0.1942379601198981,64.25013782296176,4.933644187045413
5,9.0,Grain (Spring),Spring Wheat,3.7552467831119087,1.821841755765026,95.38326829104248,46.27478059643165
6,9.0,Grain (Spring),Spring Wheat,5.719768234099246,4.498516233875226,145.28211314612085,114.26231234043074
7,9.0,Grain (Spring),Spring Wheat,7.925511976116199,7.748237256607613,201.30800419335145,196.80522631783336
8,9.0,Grain (Spring),Spring Wheat,5.2864154111880834,4.967627125351907,134.2749514441773,126.17772898393842
Season,9.0,Grain (Spring),Spring Wheat,25.216475389671416,19.23046033171967,640.498474897654,488.4536924256796
3,9.0,Cherries,Cherries,1.1889116911619275,0.0737441456050979,30.198356955512963,1.8731012983694888
4,9.0,Cherries,Cherries,1.999027569524039,0.5393152696397548,50.77530026591059,13.698607848849772
5,9.0,Cherries,Cherries,3.5439765937402137,2.138928062091733,90.01700548100142,54.32877277713003
6,9.0,Cherries,Cherries,5.322063226770514,4.335414522976652,135.18040595997107,110.11952888360696
7,9.0,Cherries,Cherries,7.369046944944652,7.133183965714065,187.17379240159417,181.18287272913724
8,9.0,Cherries,Cherries,6.488931108120278,6.142887184217214,164.81885014625504,156.02933447911724
9,9.0,Cherries,Cherries,3.369223701233113,2.4248647961467613,85.57828201132106,61.59156582212773
10,9.0,Cherries,Cherries,1.0685304100195845,-1.1066607628411351,27.14067241449744,-28.10918337616483
11,9.0,Cherries,Cherries,1.203347004704516,-0.5936716289393072,30.565013919494707,-15.079259375058404
Season,9.0,Cherries,Cherries,30.74977973583839,20.46770077220256,781.0444052902951,519.879599613945
3,9.0,Pears,Pears,1.196585825635727,0.0809896024371787,30.39327997114746,2.05713590190434
4,9.0,Pears,Pears,2.0614356373502942,0.590638046644063,52.36046518869747,15.002206384759202
5,9.0,Pears,Pears,3.6532962462272,2.3003942756974136,92.79372465417086,58.4300146027143
6,9.0,Pears,Pears,5.465478250552608,4.530456282245899,138.82314756403625,115.07358956904582
7,9.0,Pears,Pears,7.458185892979106,7.225376435303268,189.43792168166928,183.524561456703
8,9.0,Pears,Pears,6.48559628851849,6.133444568031568,164.73414572836964,155.7894920280018
9,9.0,Pears,Pears,3.405483271986545,2.4601968463290964,86.49927510845825,62.48899989675905
10,9.0,Pears,Pears,1.0489442475606043,-0.9898401949101528,26.64318388803935,-25.14194095071788
11,9.0,Pears,Pears,1.2660561255445966,-0.452225047886546,32.15782558883275,-11.48651621631827
Season,9.0,Pears,Pears,31.166451658617056,21.23011257149318,791.6278721288732,539.2448593159268
3,9.0,Apples,Apples,1.193182767980782,0.0851654956165666,30.30684230671186,2.1632035886607937
4,9.0,Apples,Apples,2.0955638661261475,0.6391809995113761,53.22732219960415,16.23519738758895
5,9.0,Apples,Apples,3.765641538049476,2.408933057682295,95.64729506645668,61.18689966513029
6,9.0,Apples,Apples,5.597097011037169,4.649848313031569,142.1662640803441,118.10614715100184
7,9.0,Apples,Apples,7.550931289717473,7.328508806084628,191.7936547588238,186.14412367454955
8,9.0,Apples,Apples,6.503971590123959,6.183157860576065,165.20087838914853,157.05220965863205
9,9.0,Apples,Apples,3.5335529333902107,2.626572216299526,89.75224450811135,66.71493429400796
10,9.0,Apples,Apples,1.072467448726572,-0.8346378344614994,27.240673197654925,-21.19980099532208
11,9.0,Apples,Apples,1.1864808605637078,-0.5315742581403037,30.136613858318174,-13.501986156763712
Season,9.0,Apples,Apples,31.71313102975649,21.96192775304941,805.5135281558147,557.832964927455
5,9.0,Corn (Field),Corn,2.833489212856928,1.645719318845305,71.97062600656595,41.80127069867074
6,9.0,Corn (Field),Corn,3.244645846947748,1.955818964267502,82.41400451247279,49.67780169239455
7,9.0,Corn (Field),Corn,5.09286656697588,5.077118535245566,129.35881080118736,128.95881079523735
8,9.0,Corn (Field),Corn,6.58523716591219,6.555709606123805,167.26502401416963,166.51502399554462
9,9.0,Corn (Field),Corn,3.979320953550304,2.2484111457589044,101.0747522201777,57.109643102276166
Season,9.0,Corn (Field),Corn,21.735559746243048,17.48277757024108,552.0832175545734,444.0625502841234
4,10.0,Potatoes,Potatoes,1.9343054310127163,1.293769912184488,49.13135794772299,32.861755769485995
5,10.0,Potatoes,Potatoes,3.8594733437458375,3.15272710215773,98.03062293114426,80.07926839480633
6,10.0,Potatoes,Potatoes,6.8696672319285295,6.41183960900692,174.48954769098464,162.86072606877576
7,10.0,Potatoes,Potatoes,8.343260634204931,8.289755993386823,211.91882010880525,210.5598022320253
8,10.0,Potatoes,Potatoes,3.521290626324588,3.3873186994466917,89.44078190864454,86.03789496594595
9,10.0,Potatoes,Potatoes,0.4175333249550007,0.140721830414309,10.60534645385702,3.574334492523448
10,10.0,Potatoes,Potatoes,0.570937142966425,-0.2389546032993723,14.501803431347192,-6.069446923804057
Season,10.0,Potatoes,Potatoes,25.51646773513803,22.43717854329759,648.118280472506,569.9043349997588
3,10.0,Pasture,Grass/Pasture,1.8626674040897768,0.9591556442384398,47.31175206388033,24.36255336365637
4,10.0,Pasture,Grass/Pasture,3.8787679694192714,2.9927050930341097,98.52070642324946,76.01470936306639
5,10.0,Pasture,Grass/Pasture,6.473942954137087,5.665567403704486,164.438151035082,143.90541205409394
6,10.0,Pasture,Grass/Pasture,7.483226336086551,7.032133051848018,190.0739489365984,178.61617951693967
7,10.0,Pasture,Grass/Pasture,7.433818971296988,7.299035764911255,188.81900187094348,185.39550842874587
8,10.0,Pasture,Grass/Pasture,6.585068166341867,6.372679998530089,167.2607314250834,161.86607196266425
9,10.0,Pasture,Grass/Pasture,4.014381446910687,3.602910332740976,101.96528875153145,91.51392245162076
10,10.0,Pasture,Grass/Pasture,1.869447668209909,0.9307217178232836,47.48397077253168,23.6403316327114
Season,10.0,Pasture,Grass/Pasture,39.601320916492135,34.85490900683066,1005.8735512789002,885.3146887734987
3,10.0,Grain (Winter),Winter Wheat,2.3644458509559847,1.3796051240423295,60.05692461428201,35.04197015067517
4,10.0,Grain (Winter),Winter Wheat,4.783666220656545,3.946642154813008,121.50512200467622,100.2447107322504
5,10.0,Grain (Winter),Winter Wheat,7.264610642577937,6.479711620788254,184.5211103214796,164.58467516802165
6,10.0,Grain (Winter),Winter Wheat,5.595153342077559,5.152061124389283,142.11689488877,130.86235255948776
7,10.0,Grain (Winter),Winter Wheat,0.5374171196370504,0.3979530074534928,13.65039483878108,10.108006389318716
Season,10.0,Grain (Winter),Winter Wheat,20.545293175905076,17.355973031486368,521.8504466679888,440.8417149997537
4,10.0,Alfalfa Hay,Alfalfa,4.516973632750181,3.631927447896543,114.7311302718546,92.25095717657216
5,10.0,Alfalfa Hay,Alfalfa,5.728473798407937,4.93033286551969,145.5032344795616,125.2304547842001
6,10.0,Alfalfa Hay,Alfalfa,7.332409562762005,6.839573183504855,186.24320289415493,173.72515886102332
7,10.0,Alfalfa Hay,Alfalfa,8.053263003729294,7.907250339412474,204.55288029472405,200.8441586210768
8,10.0,Alfalfa Hay,Alfalfa,7.686777602786941,7.472975066072268,195.2441511107883,189.8135666782356
9,10.0,Alfalfa Hay,Alfalfa,3.786969522310805,3.417470126121721,96.18902586669444,86.80374120349171
Season,10.0,Alfalfa Hay,Alfalfa,37.104867122747166,34.19952902852755,942.463624917778,868.6680373245997
4,10.0,Grapes,Grapes,1.0442834318359453,0.2591403057433987,26.52479916863301,6.582163765882326
5,10.0,Grapes,Grapes,2.427286042781665,1.6663565753245515,61.653065486654285,42.32545701324361
6,10.0,Grapes,Grapes,4.36735981835851,3.995601015092992,110.93093938630616,101.488265783362
7,10.0,Grapes,Grapes,6.992176919232982,6.859451707660703,177.60129374851772,174.23007337458185
8,10.0,Grapes,Grapes,6.180915602737106,5.990626146312569,156.9952563095225,152.16190411633923
9,10.0,Grapes,Grapes,3.660367793327517,3.292156732357597,92.97334195051894,83.62078100188296
10,10.0,Grapes,Grapes,1.2644442177304156,0.3799726497369605,32.116883130352555,9.651305303318797
11,10.0,Grapes,Grapes,1.270066399141767,-0.1827783466108764,32.25968653820089,-4.642570003916262
Season,10.0,Grapes,Grapes,26.574085381771063,21.60067995621033,674.981768696985,548.6572708877425
4,10.0,Grain (Spring),Spring Wheat,2.57229333309802,1.810127524846732,65.3362506606897,45.97723913110698
5,10.0,Grain (Spring),Spring Wheat,5.940186615751491,5.144994204111801,150.88074004008786,130.68285278443977
6,10.0,Grain (Spring),Spring Wheat,8.819443796889807,8.3403161178971,224.0138724410011,211.84402939458636
7,10.0,Grain (Spring),Spring Wheat,7.02254738343847,6.904079533287748,178.37270353933712,175.36362014550878
8,10.0,Grain (Spring),Spring Wheat,0.8035090862487799,0.567821512412346,20.409130790719008,14.422666415273588
Season,10.0,Grain (Spring),Spring Wheat,25.15798021542657,22.767338892555728,639.0126974718348,578.2904078709155
3,10.0,Cherries,Cherries,1.1454077339377438,0.2252034470781338,29.09335644201869,5.720167555784599
4,10.0,Cherries,Cherries,2.393831772546928,1.3868524979244623,60.80332702269195,35.22605344728134
5,10.0,Cherries,Cherries,4.726038652947745,3.80866862268084,120.04138178487273,96.74018301609333
6,10.0,Cherries,Cherries,7.140057665626079,6.588127461023918,181.3574647069024,167.3384375100075
7,10.0,Cherries,Cherries,8.879198649670814,8.712972530154545,225.53164570163867,221.30950226592543
8,10.0,Cherries,Cherries,7.447752350134988,7.217429815842959,189.1729096934287,183.3227173224112
9,10.0,Cherries,Cherries,4.032296012491049,3.552465659275392,102.42031871727264,90.23262774559494
10,10.0,Cherries,Cherries,1.0907472067478767,-0.0159761934645775,27.704979051396062,-0.40579531400027
11,10.0,Cherries,Cherries,1.370027421053667,-0.0844335629334047,34.798696494763135,-2.14461249850848
Season,10.0,Cherries,Cherries,37.2656869131224,30.439318275385546,946.548447593309,773.1586841947927
3,10.0,Pears,Pears,1.2091650442100337,0.0958636038534557,30.712792122934847,2.4349355378777764
4,10.0,Pears,Pears,2.4247909840558126,1.431156131150776,61.589690995017634,36.35136573122971
5,10.0,Pears,Pears,4.78866406308553,3.671892485480604,121.63206720237248,93.26606913120732
6,10.0,Pears,Pears,6.933373560754088,6.5927334615730615,176.10768844315382,167.45542992395576
7,10.0,Pears,Pears,8.721609074075186,8.588293505133693,221.5288704815097,218.1426550303958
8,10.0,Pears,Pears,7.180469412335302,6.9118813503143,182.38392307331668,175.5617862979832
9,10.0,Pears,Pears,4.197558839166441,3.5259493830114046,106.6179945148276,89.55911432848967
10,10.0,Pears,Pears,1.6501064646783667,0.0946316059458921,41.91270420283051,2.40364279102566
11,10.0,Pears,Pears,7.586682079340143,5.578729481268008,192.70172481523963,141.6997288242074
Season,10.0,Pears,Pears,37.45052046358918,30.61879283241758,951.2432197751652,777.7173379434065
3,10.0,Plums,Plums,1.1856819583226523,0.4455244780076917,30.116321741395367,11.316321741395369
4,10.0,Plums,Plums,2.19841833270792,1.9740088838890224,55.839825650781165,50.13982565078117
5,10.0,Plums,Plums,5.7686831658746,5.189943008394284,146.52455241321482,131.8245524132148
6,10.0,Plums,Plums,7.865436086808469,7.794569945076185,199.7820766049351,197.9820766049351
7,10.0,Plums,Plums,10.344052937380006,10.344052937380006,262.7389446094521,262.7389446094521
8,10.0,Plums,Plums,7.657865966158853,7.543692737812398,194.50979554043485,191.6097955404349
9,10.0,Plums,Plums,5.840795518224399,5.7344963056259735,148.35620616289972,145.6562061628997
10,10.0,Plums,Plums,2.247954697424837,1.8188208391571208,57.09804931459086,46.19804931459087
Season,10.0,Plums,Plums,43.10888866290173,40.84510913534268,1094.965772037704,1037.465772037704
3,10.0,Apples,Apples,1.0011109044014408,0.2855649495943566,25.428216971796594,7.253349719696657
4,10.0,Apples,Apples,2.4196595386383377,1.7066979965854123,61.45935228141377,43.35012911326947
5,10.0,Apples,Apples,5.421078391305748,4.70598446993501,137.695391139166,119.53200553634925
6,10.0,Apples,Apples,8.214663139870144,7.809569897087047,208.65244375270163,198.363075386011
7,10.0,Apples,Apples,10.577618078344509,10.47551765835985,268.6714991899505,266.0781485223402
8,10.0,Apples,Apples,8.95988997199271,8.759714303943062,227.58120528861485,222.4967433201537
9,10.0,Apples,Apples,5.518387351929022,5.234015538101904,140.16703873899715,132.94399466778836
10,10.0,Apples,Apples,2.034384327910016,1.2755110284941396,51.6733619289144,32.39798012375114
11,10.0,Apples,Apples,1.5833920388731877,0.4532682627753612,40.21815778737896,11.513013874494174
Season,10.0,Apples,Apples,44.63875814584073,39.64823144174402,1133.8244569043543,1007.065078620298
3,11.0,Pasture,Grass/Pasture,1.6761151090974835,0.6660266190801843,42.57332377107608,16.917076124636683
4,11.0,Pasture,Grass/Pasture,3.4159195285217976,2.4840185297969506,86.76435602445365,63.09407065684254
5,11.0,Pasture,Grass/Pasture,5.70825833903785,4.69107601444018,144.98976181156138,119.15333076678056
6,11.0,Pasture,Grass/Pasture,7.45440551198638,6.828305525748457,189.34190000445403,173.4389603540108
7,11.0,Pasture,Grass/Pasture,7.267573456892203,7.083148236536863,184.59636580506196,179.9119652080363
8,11.0,Pasture,Grass/Pasture,5.933010671754781,5.720115712133542,150.69847106257143,145.29093908819198
9,11.0,Pasture,Grass/Pasture,3.9234803526858384,3.525664298377273,99.65640095822027,89.55187317878273
10,11.0,Pasture,Grass/Pasture,1.828175092559468,0.7030021011422746,46.43564735101048,17.856253369013775
Season,11.0,Pasture,Grass/Pasture,37.2069380625358,31.70135703725573,945.0562267884092,805.2144687462954
3,11.0,Grain (Winter),Winter Wheat,1.9115745727579512,0.7489180711462077,48.55399414805196,19.022519007113672
4,11.0,Grain (Winter),Winter Wheat,3.942859957432973,2.9252638503683976,100.14864291879748,74.30170179935729
5,11.0,Grain (Winter),Winter Wheat,6.437504777776186,5.425918246403588,163.5126213555151,137.81832345865115
6,11.0,Grain (Winter),Winter Wheat,7.265104656327352,6.646700438759524,184.5336582707147,168.8261911444919
7,11.0,Grain (Winter),Winter Wheat,2.4384928135850026,2.246257595804241,61.93771746505906,57.05494293342773
Season,11.0,Grain (Winter),Winter Wheat,21.99553677787946,17.99305820248196,558.6866341581383,457.0236783430418
4,11.0,Alfalfa Hay,Alfalfa,3.972788931147271,2.9366696715598284,100.90883885114069,74.59140965761964
5,11.0,Alfalfa Hay,Alfalfa,5.788064300844608,4.761956846183021,147.01683324145304,120.95370389304873
6,11.0,Alfalfa Hay,Alfalfa,5.768894476512967,5.123081427709447,146.52991970342936,130.12626826381992
7,11.0,Alfalfa Hay,Alfalfa,8.101995715722204,7.890573566145247,205.79069117934395,200.42056858008925
8,11.0,Alfalfa Hay,Alfalfa,6.141462770590316,5.907417904446385,155.993154372994,150.04841477293817
9,11.0,Alfalfa Hay,Alfalfa,4.204989163701541,3.7753541678761904,106.80672475801912,95.89399586405524
Season,11.0,Alfalfa Hay,Alfalfa,33.97819535851891,30.39505358392012,863.0461621063803,772.0343610315709
4,11.0,Grain (Spring),Spring Wheat,2.51982740016355,1.5339635490814405,64.00361596415416,38.96267414666859
5,11.0,Grain (Spring),Spring Wheat,5.414973620867725,4.283192036472928,137.5403299700402,108.79307772641238
6,11.0,Grain (Spring),Spring Wheat,8.56357764469601,7.875993381547809,217.51487217527867,200.05023189131435
7,11.0,Grain (Spring),Spring Wheat,8.284705215186026,7.939651905352299,210.43151246572504,201.6671583959484
8,11.0,Grain (Spring),Spring Wheat,1.4128379523520516,1.138930740530625,35.886083989742104,28.92884080947788
Season,11.0,Grain (Spring),Spring Wheat,26.195921833265363,22.7717316129851,665.3764145649402,578.4019829698215
3,11.0,Cherries,Cherries,1.0366605701347484,0.1656166318220109,26.331178481422608,4.206662448279077
4,11.0,Cherries,Cherries,2.0563925559551697,1.0677352062446972,52.23237092126131,27.12047423861531
5,11.0,Cherries,Cherries,4.136406781352515,3.151257593419854,105.06473224635388,80.04194287286428
6,11.0,Cherries,Cherries,6.685927922384654,6.089109126703589,169.82256922857022,154.66337181827114
7,11.0,Cherries,Cherries,8.606813640464111,8.399497401993694,218.6130664677884,213.3472340106398
8,11.0,Cherries,Cherries,7.182601248125903,6.930019932527716,182.43807170239796,176.022506286204
9,11.0,Cherries,Cherries,3.241408823149443,2.794475040969421,82.33178410799584,70.97966604062329
10,11.0,Cherries,Cherries,0.8871957138658546,-0.2071002533594987,22.534771132192702,-5.260346435331266
11,11.0,Cherries,Cherries,1.262641307132459,-0.262246992121771,32.071089201164455,-6.661073599892983
Season,11.0,Cherries,Cherries,34.240729495441045,27.309295547170223,869.7145291842024,693.6561068981237
3,11.0,Pears,Pears,0.9304857289435012,-0.0090940698817423,23.634337515164933,-0.230989374996255
4,11.0,Pears,Pears,1.5410531939172405,0.6145323345363625,39.1427511254979,15.609121297223606
5,11.0,Pears,Pears,3.2257570927771235,2.36243759427148,81.93423015653893,60.00591489449559
6,11.0,Pears,Pears,5.839943840642436,5.459235174058973,148.33457355231786,138.6645734210979
7,11.0,Pears,Pears,8.38263432225994,8.368723560995374,212.91891178540249,212.5655784492825
8,11.0,Pears,Pears,7.597969252590277,7.448897461190214,192.98841901579303,189.2019955142314
9,11.0,Pears,Pears,4.2419180999551145,3.4836042463969115,107.7447197388599,88.48354785848154
10,11.0,Pears,Pears,1.6069949398134675,0.6527774259828496,40.81767147126208,16.58054661996438
11,11.0,Pears,Pears,0.331317940439518,-0.6493944411691833,8.415475687163758,-16.494618805697254
Season,11.0,Pears,Pears,33.56554723516281,27.99147706284891,852.5648997731354,710.9835173963623
3,11.0,Apples,Apples,1.0738476931557617,0.0805387161416425,27.275731406156343,2.0456833899977216
4,11.0,Apples,Apples,1.7128560705040787,0.7914904427731085,43.5065441908036,20.10385724643696
5,11.0,Apples,Apples,3.5212864047662538,2.444353693998805,89.44067468106284,62.08658382756965
6,11.0,Apples,Apples,6.164397349453435,5.424631766603528,156.57569267611726,137.7856468717296
7,11.0,Apples,Apples,8.332810438456987,8.096343175721813,211.65338513680743,205.64711666333403
8,11.0,Apples,Apples,7.3608310995101505,7.158218047017862,186.96510992755785,181.8187383942537
9,11.0,Apples,Apples,3.806245826515477,3.3284146009727222,96.67864399349313,84.54173086470713
10,11.0,Apples,Apples,1.214400855343004,0.0532668613952714,30.845781725712296,1.3529782794398948
11,11.0,Apples,Apples,1.662790307862752,-0.0700886598895812,42.2348738197139,-1.780251961195363
Season,11.0,Apples,Apples,33.57365977427491,26.253612029877143,852.7709582665826,666.8417455588794
3,12.0,Pasture,Grass/Pasture,1.5093967530923529,0.6823505980829739,38.33867752854576,17.331705191307538
4,12.0,Pasture,Grass/Pasture,3.5116139275121827,2.38343692336488,89.19499375880943,60.53929785346794
5,12.0,Pasture,Grass/Pasture,5.980502155148818,4.6216107832829465,151.90475474077996,117.38891389538684
6,12.0,Pasture,Grass/Pasture,7.903875530525001,7.020772328132078,200.75843847533503,178.32761713455477
7,12.0,Pasture,Grass/Pasture,8.176479548739902,7.881278860648075,207.6825805379935,200.18448306046108
8,12.0,Pasture,Grass/Pasture,6.904091249663631,6.568653526577489,175.36391774145622,166.8437995750682
9,12.0,Pasture,Grass/Pasture,4.363539732468471,3.9043525742561696,110.83390920469915,99.17055538610671
10,12.0,Pasture,Grass/Pasture,2.0087741872153466,1.053195978920941,51.0228643552698,26.751177864591902
Season,12.0,Pasture,Grass/Pasture,40.358273084365706,34.11565157326556,1025.1001363428888,866.5375499609452
3,12.0,Grain (Winter),Winter Wheat,2.242553464386519,1.3107398544937483,56.960857995417584,33.2927923041412
4,12.0,Grain (Winter),Winter Wheat,4.472265455761033,3.469216197094819,113.59554257633022,88.11809140620839
5,12.0,Grain (Winter),Winter Wheat,6.938437061884383,5.9025638765164326,176.2363013718633,149.92512246351737
6,12.0,Grain (Winter),Winter Wheat,6.865580423352793,6.2454923711349695,174.38574275316094,158.63550622682823
7,12.0,Grain (Winter),Winter Wheat,1.549248015482629,1.3525437081527485,39.35089959325877,34.35461018707981
Season,12.0,Grain (Winter),Winter Wheat,22.068084420867358,18.28055600739272,560.5293442900307,464.326122587775
4,12.0,Alfalfa Hay,Alfalfa,3.896869263372861,2.75176902895675,98.98047928967068,69.89493333550143
5,12.0,Alfalfa Hay,Alfalfa,6.08684455072409,4.845994218816133,154.60585158839186,123.08825315792978
6,12.0,Alfalfa Hay,Alfalfa,6.273686185357812,5.470314843119394,159.35162910808842,138.9459970152326
7,12.0,Alfalfa Hay,Alfalfa,8.738289023694634,8.466668065107129,221.95254120184367,215.05336885372105
8,12.0,Alfalfa Hay,Alfalfa,7.0955246736010364,6.779371904858448,180.22632670946632,172.19604638340456
9,12.0,Alfalfa Hay,Alfalfa,4.403916625392699,3.950219088539549,111.85948228497456,100.33556484890454
Season,12.0,Alfalfa Hay,Alfalfa,36.49513032214313,32.2643371493974,926.9763101824356,819.5141635946939
4,12.0,Grain (Spring),Spring Wheat,2.796322169076658,1.738620827529669,71.0265830945471,44.16096901925359
5,12.0,Grain (Spring),Spring Wheat,6.000129833867516,4.829614811382138,152.40329778023488,122.6722162091063
6,12.0,Grain (Spring),Spring Wheat,8.894496598639888,8.187870073777441,225.92021360545317,207.971899873947
7,12.0,Grain (Spring),Spring Wheat,7.375415181358293,7.120664501830546,187.33554560650063,180.86487834649583
8,12.0,Grain (Spring),Spring Wheat,1.017161601135544,0.7669484862388025,25.83590466884281,19.480491550465583
Season,12.0,Grain (Spring),Spring Wheat,26.083525384077905,22.643718700758598,662.5215447555787,575.1504549992683
3,12.0,Cherries,Cherries,0.9233296294296652,0.0884818484225684,23.45257258751349,2.2474389499332394
4,12.0,Cherries,Cherries,1.8847834176234053,0.8579078744638405,47.8734988076345,21.790860011381547
5,12.0,Cherries,Cherries,4.00933699320146,2.89344735445067,101.83715962731708,73.49356280304701
6,12.0,Cherries,Cherries,6.924745563566874,6.213631183423417,175.88853731459858,157.8262320589548
7,12.0,Cherries,Cherries,9.612833885205276,9.427037328159525,244.165980684214,239.44674813525188
8,12.0,Cherries,Cherries,8.450629710556077,8.210608597951703,214.64599464812437,208.54945838797323
9,12.0,Cherries,Cherries,4.947885807044374,4.532776743329783,125.6762994989271,115.13252928057648
10,12.0,Cherries,Cherries,1.7779946204713308,0.8859099899726198,45.1610633599718,22.50211374530454
11,12.0,Cherries,Cherries,1.509210970252882,0.3141040859834854,38.3339586444232,7.978243783980529
Season,12.0,Cherries,Cherries,38.97825079662646,32.403850280796014,990.047570234312,823.0577971322188
3,12.0,Apples,Apples,1.1294691683695193,0.4364851159763531,28.688516876585787,11.086721945799368
4,12.0,Apples,Apples,2.54278702063331,1.8041889234592583,64.58679032408607,45.82639865586516
5,12.0,Apples,Apples,5.288079095237257,4.101491790811161,134.3172090190263,104.17789148660349
6,12.0,Apples,Apples,8.041590809547902,7.401338121726812,204.2564065625167,187.993988291861
7,12.0,Apples,Apples,10.78634396057977,10.712131360018352,273.97313659872617,272.0881365444661
8,12.0,Apples,Apples,8.652948167163151,8.305489980300914,219.784883445944,210.9594454996432
9,12.0,Apples,Apples,5.677416410662484,5.0562177065966845,144.20637683082708,128.42792974755577
10,12.0,Apples,Apples,2.01367157013062,1.224253343872577,51.147257881317735,31.09603493436345
11,12.0,Apples,Apples,19.269238558770663,16.551141783343663,489.4386593927748,420.399001296929
Season,12.0,Apples,Apples,45.742767935499714,40.14173653012186,1161.8663055616926,1019.6001078650952
3,13.0,Peas,Peas,1.3118733983147812,0.2850737056750249,33.321584317195445,7.240872124145633
4,13.0,Peas,Peas,2.1318025329975607,1.1834400210583134,54.14778433813804,30.05937653488116
5,13.0,Peas,Peas,5.603680935661955,4.525130195843656,142.33349576581364,114.93830697442884
6,13.0,Peas,Peas,5.154710276514366,4.49488951699992,130.92964102346488,114.17019373179797
7,13.0,Peas,Peas,0.595942233953001,0.4442155895862442,15.136932742406223,11.283075975490602
Season,13.0,Peas,Peas,14.798009377441662,10.932749029163158,375.8694381870182,277.69182534074423
5,13.0,Corn (Sweet),Sweet Corn,4.084807316640435,2.934044563985515,103.75410584266704,74.52473192523208
6,13.0,Corn (Sweet),Sweet Corn,6.297944741466997,5.623237928656002,159.96779643326173,142.83024338786245
7,13.0,Corn (Sweet),Sweet Corn,9.737167928623364,9.603661409706582,247.32406538703344,243.9329998065472
8,13.0,Corn (Sweet),Sweet Corn,4.8893151596577615,4.718640963479596,124.18860505530714,119.85348047238172
Season,13.0,Corn (Sweet),Sweet Corn,25.00923514638856,22.8795848658277,635.2345727182693,581.1414555920235
3,13.0,Pasture,Grass/Pasture,1.2012908083575962,0.306096893894288,30.51278653228294,7.774861104914915
4,13.0,Pasture,Grass/Pasture,2.926500698611717,1.6019915377445186,74.33311774473762,40.69058505871077
5,13.0,Pasture,Grass/Pasture,5.315622441154996,3.4976088448362788,135.01681000533688,88.83926465884147
6,13.0,Pasture,Grass/Pasture,7.324496705823594,6.110826413889756,186.04221632791928,155.21499091279978
7,13.0,Pasture,Grass/Pasture,8.129191109987023,7.825032119250379,206.4814541936704,198.7558158289596
8,13.0,Pasture,Grass/Pasture,6.878724351856903,6.445225948816085,174.71959853716533,163.70873909992855
9,13.0,Pasture,Grass/Pasture,4.297091995725487,3.674649174404908,109.14613669142736,93.33608902988466
10,13.0,Pasture,Grass/Pasture,2.025228798399623,0.8834211888843996,51.44081147935042,22.438898197663747
Season,13.0,Pasture,Grass/Pasture,38.098146909916935,30.344852121720614,967.69293151189,770.7592438917036
3,13.0,Grain (Winter),Winter Wheat,2.6451164063628108,1.4639427767692887,67.18595672161538,37.18414652993993
4,13.0,Grain (Winter),Winter Wheat,4.969634502842507,3.804786389098606,126.22871637219968,96.64157428310456
5,13.0,Grain (Winter),Winter Wheat,7.145396522752705,5.79417921497597,181.4930716779187,147.17215206038964
6,13.0,Grain (Winter),Winter Wheat,5.381844332214978,4.525731219618228,136.69884603826043,114.953572978303
7,13.0,Grain (Winter),Winter Wheat,0.647216080966588,0.4164931927423291,16.439288456551335,10.57892709565516
Season,13.0,Grain (Winter),Winter Wheat,20.789207845139597,16.00513279320442,528.0458792665456,406.53037294739227
4,13.0,Alfalfa Hay,Alfalfa,4.221082490172387,2.9604408188673226,107.21549525037862,75.19519679922999
5,13.0,Alfalfa Hay,Alfalfa,5.987280590052416,4.477187320789416,152.07692698733135,113.72055794805117
6,13.0,Alfalfa Hay,Alfalfa,6.584515658108478,5.61901992229735,167.24669771595532,142.7231060263527
7,13.0,Alfalfa Hay,Alfalfa,8.284072275020337,8.027276986949776,210.41543578551656,203.89283546852428
8,13.0,Alfalfa Hay,Alfalfa,7.546609618283876,7.21191123257034,191.68388430441044,183.1825453072866
9,13.0,Alfalfa Hay,Alfalfa,4.173380552553715,3.672488333968852,106.00386603486434,93.28120368280882
Season,13.0,Alfalfa Hay,Alfalfa,36.796941184191205,31.968324615443056,934.6423060784564,811.9954452322536
4,13.0,Grain (Spring),Spring Wheat,2.5009662337159044,1.4646278430912236,63.524542336383966,37.20154721451708
5,13.0,Grain (Spring),Spring Wheat,5.832723691868529,4.616622998754023,148.15118177346062,117.26222416835218
6,13.0,Grain (Spring),Spring Wheat,8.656041941767871,7.924978819936134,219.8634653209039,201.2944620263778
7,13.0,Grain (Spring),Spring Wheat,6.453724911205288,6.242358272672814,163.92461274461428,158.55590012588948
8,13.0,Grain (Spring),Spring Wheat,0.7596201122404944,0.4914362692689284,19.29435085090856,12.48248123943078
Season,13.0,Grain (Spring),Spring Wheat,24.203076890798087,20.740024203723124,614.7581530262714,526.7966147745673
3,13.0,Onions,Onions,1.374288822339519,0.4398150093276461,34.90693608742379,11.171301236922211
4,13.0,Onions,Onions,3.0795533827053223,2.242828882787643,78.22065592071519,56.967853622806125
5,13.0,Onions,Onions,5.209369373306039,4.246722557789249,132.31798208197338,107.8667529678469
6,13.0,Onions,Onions,6.940287657149904,6.316357003567411,176.28330649160756,160.43546789061224
7,13.0,Onions,Onions,8.24689877606313,8.05485804504425,209.47122891200348,204.59339434412396
8,13.0,Onions,Onions,6.117966548471493,5.910722711011309,155.3963503311759,150.13235685968723
9,13.0,Onions,Onions,1.4229535740496957,1.0297916942219956,36.143020780862265,26.156709033238688
Season,13.0,Onions,Onions,32.391318134085104,28.2410959037495,822.7394806057616,717.3238359552372
3,13.0,Cherries,Cherries,1.202243136932512,0.2499438446735303,30.536975678085803,6.348573654707671
4,13.0,Cherries,Cherries,2.6003771962862974,1.6912369771799964,66.04958078567195,42.957419220371904
5,13.0,Cherries,Cherries,5.36305172723127,4.337729602070076,136.22151387167426,110.17833189257992
6,13.0,Cherries,Cherries,8.081556627427554,7.429153091098634,205.27153833665983,188.7004885139053
7,13.0,Cherries,Cherries,10.04527348454665,9.84934353514373,255.14994650748488,250.17332579265076
8,13.0,Cherries,Cherries,8.610419081592198,8.401049688783553,218.70464467244184,213.38666209510225
9,13.0,Cherries,Cherries,5.406832977148944,5.046217421177258,137.33355761958316,128.17392249790234
10,13.0,Cherries,Cherries,2.266162330295315,1.3981956587125957,57.560523189501,35.51416973129993
11,13.0,Cherries,Cherries,1.886871214538504,0.7177402926473545,47.92652884927799,18.2306034332428
Season,13.0,Cherries,Cherries,44.09759445187953,37.91221725614297,1120.07889907774,962.9703183060312
3,13.0,Apples,Apples,1.1791242291718391,0.2696013169556704,29.949755420964717,6.8478734506740295
4,13.0,Apples,Apples,2.602573069831724,1.7289029491915249,66.10535597372578,43.91413490946473
5,13.0,Apples,Apples,5.400485046226974,4.405808897857555,137.17232017416512,111.90754600558188
6,13.0,Apples,Apples,8.082303960650865,7.439111041995157,205.29052060053195,188.953420466677
7,13.0,Apples,Apples,10.033312404253875,9.844052387133123,254.84613506804843,250.0389306331813
8,13.0,Apples,Apples,8.595671169999429,8.387708955766954,218.33004771798548,213.0478074764806
9,13.0,Apples,Apples,5.383825440322395,4.99919447611296,136.74916618418882,126.97953969326916
10,13.0,Apples,Apples,2.2301631520363947,1.421111643036567,56.64614406172442,36.09623573312879
11,13.0,Apples,Apples,1.738750828686228,0.5926078124293477,44.16427104863019,15.05223843570543
Season,13.0,Apples,Apples,44.042842382433925,37.97221880195599,1118.6881965138216,964.494357569682
5,13.0,Corn (Field),Corn,3.2274716552399227,2.177241431138388,81.97778004309403,55.301932350915045
6,13.0,Corn (Field),Corn,5.427015605723307,4.740880672128519,137.846196385372,120.41836907206437
7,13.0,Corn (Field),Corn,9.965668943181624,9.763816433612718,253.12799115681324,248.000937413763
8,13.0,Corn (Field),Corn,8.492185719269347,8.254514612058385,215.7015172694414,209.66467114628296
9,13.0,Corn (Field),Corn,4.286926762052943,3.863798718219557,108.88793975614476,98.14048744277676
Season,13.0,Corn (Field),Corn,31.399268685467145,28.80025186715757,797.5414246108653,731.5263974258022
3,14.0,Peas,Peas,1.04242376373374,0.2318309320250101,26.477563598837,5.888505673435257
4,14.0,Peas,Peas,1.8626561626534504,1.1060214217875974,47.31146653139764,28.09294411340497
5,14.0,Peas,Peas,5.563753014272001,4.715562540563298,141.31932656250882,119.77528853030778
6,14.0,Peas,Peas,5.587925040962093,5.077229293010326,141.93329604043714,128.9616240424623
7,14.0,Peas,Peas,0.6338657850854061,0.4795754108971389,16.100190941169316,12.181215436787328
Season,14.0,Peas,Peas,14.690623766706691,11.610219598283372,373.14184367435,294.89957779639764
4,14.0,Potatoes (Mid),Potatoes,2.0362575647419217,1.318721058800626,51.720942144444805,33.4955148935359
5,14.0,Potatoes (Mid),Potatoes,3.98807755498418,3.1937650772115784,101.29716989659816,81.12163296117409
6,14.0,Potatoes (Mid),Potatoes,6.894115824929285,6.407304597393966,175.11054195320384,162.74553677380672
7,14.0,Potatoes (Mid),Potatoes,7.991099929447516,7.827286476593153,202.97393820796688,198.81307650546609
8,14.0,Potatoes (Mid),Potatoes,3.555021722968053,3.366781412050305,90.29755176338854,85.51624786607773
9,14.0,Potatoes (Mid),Potatoes,0.4102676012080475,0.0696313815796744,10.420797070684408,1.7686370921237318
Season,14.0,Potatoes (Mid),Potatoes,24.874840198279003,22.183490003629306,631.8209410362866,563.4606460921843
3,14.0,Mint,Mint,0.7553220842934588,0.0733969755861918,19.18518094105385,1.864283179889273
4,14.0,Mint,Mint,2.163463829489896,1.4082528741593028,54.95198126904336,35.76962300364629
5,14.0,Mint,Mint,6.133528548580145,5.339635408785552,155.79162513393567,135.62673938315302
6,14.0,Mint,Mint,8.857184826081786,8.348023096025459,224.97249458247737,212.03978663904664
7,14.0,Mint,Mint,7.171243360885338,7.006077377585805,182.1495813664876,177.95436539067944
8,14.0,Mint,Mint,6.962541416981657,6.764741776211575,176.8485519913341,171.824441115774
Season,14.0,Mint,Mint,32.04328406631228,28.94012750835388,813.8994152843319,735.0792387121886
5,14.0,Corn (Sweet),Sweet Corn,4.070663534551449,3.344355941424213,103.3948537776068,84.946640912175
6,14.0,Corn (Sweet),Sweet Corn,6.779368178921599,6.321567509428533,172.1959517446086,160.56781473948473
7,14.0,Corn (Sweet),Sweet Corn,10.1658564051991,10.012917276534669,258.2127526920572,254.32809882398053
8,14.0,Corn (Sweet),Sweet Corn,4.34747637052058,4.175342467672682,110.42589981122272,106.05369867888612
Season,14.0,Corn (Sweet),Sweet Corn,25.36336448919273,23.85418319506009,644.2294580254952,605.8962531545263
3,14.0,Pasture,Grass/Pasture,1.272635562774198,0.6435667572484679,32.324943294464624,16.346595634111083
4,14.0,Pasture,Grass/Pasture,3.810985231999004,3.0864204312070136,96.7990248927747,78.39507895265814
5,14.0,Pasture,Grass/Pasture,6.6684975299472455,5.851071194822202,169.37983726066005,148.61720834848393
6,14.0,Pasture,Grass/Pasture,8.33728118486116,7.826041119762297,211.76694209547347,198.78144444196232
7,14.0,Pasture,Grass/Pasture,7.901824156237818,7.748741813486612,200.70633356844056,196.81804206255995
8,14.0,Pasture,Grass/Pasture,7.14971093713141,6.961369313566351,181.6026578031378,176.8187805645853
9,14.0,Pasture,Grass/Pasture,4.275704135169672,3.946082944338279,108.60288503330966,100.2305067861923
10,14.0,Pasture,Grass/Pasture,1.9621167004278304,1.2546842504195874,49.83776419086689,31.86897996065752
Season,14.0,Pasture,Grass/Pasture,41.37875543854834,37.317977824850814,1051.0203881391278,947.8766367512106
3,14.0,Grain (Winter),Winter Wheat,2.639800491682628,1.789409461297968,67.05093248873875,45.45100031696839
4,14.0,Grain (Winter),Winter Wheat,5.208846169880598,4.4052577365669086,132.3046927149672,111.89354650879947
5,14.0,Grain (Winter),Winter Wheat,7.479865197219863,6.565636343524608,189.9885760093845,166.76716312552503
6,14.0,Grain (Winter),Winter Wheat,4.963980676681184,4.413252934132878,126.08510918770207,112.09662452697508
7,14.0,Grain (Winter),Winter Wheat,0.3711973379858215,0.2054368697306254,9.428412384839865,5.218096491157884
Season,14.0,Grain (Winter),Winter Wheat,20.663689873450096,17.37899334525299,524.8577227856324,441.426430969426
3,14.0,Potatoes (Early),Potatoes,1.1008704825854805,0.3301191687204926,27.962110257671203,8.385026885500512
4,14.0,Potatoes (Early),Potatoes,2.0362575647419217,1.318721058800626,51.720942144444805,33.4955148935359
5,14.0,Potatoes (Early),Potatoes,3.98807755498418,3.1937650772115784,101.29716989659816,81.12163296117409
6,14.0,Potatoes (Early),Potatoes,6.894115824929285,6.407304597393966,175.11054195320384,162.74553677380672
7,14.0,Potatoes (Early),Potatoes,7.991099929447516,7.827286476593153,202.97393820796688,198.81307650546609
Season,14.0,Potatoes (Early),Potatoes,22.010421356688383,19.07719637871981,559.0647024598849,484.56078801948325
4,14.0,Alfalfa Hay,Alfalfa,4.728368615608188,3.966153233103074,120.10056283644798,100.74029212081808
5,14.0,Alfalfa Hay,Alfalfa,6.063076117007971,5.201436154271931,154.00213337200245,132.11647831850706
6,14.0,Alfalfa Hay,Alfalfa,7.538927319587304,6.981343883816716,191.48875391751756,177.32613464894456
7,14.0,Alfalfa Hay,Alfalfa,8.14442283929274,7.980763778875589,206.8683401180356,202.71139998343995
8,14.0,Alfalfa Hay,Alfalfa,8.091426456160821,7.910603332357721,205.52223198648483,200.9293246418861
9,14.0,Alfalfa Hay,Alfalfa,3.793400486506904,3.440696077961964,96.35237235727536,87.39368038023387
Season,14.0,Alfalfa Hay,Alfalfa,38.35962183416393,35.480996460387,974.3343945877638,901.2173100938296
3,14.0,Grain (Spring),Spring Wheat,1.2479346685123365,0.39101757267184,31.697540580213342,9.931846345864738
4,14.0,Grain (Spring),Spring Wheat,2.6118143377904546,1.7037676075288792,66.34008417987754,43.27569723123353
5,14.0,Grain (Spring),Spring Wheat,6.131764653495143,5.086526680482676,155.7468221987766,129.19777768425996
6,14.0,Grain (Spring),Spring Wheat,9.028884429153576,8.38223981026518,229.3336645005008,212.90889118073557
7,14.0,Grain (Spring),Spring Wheat,6.86021211360885,6.676544558407829,174.24938768566477,169.58423178355886
8,14.0,Grain (Spring),Spring Wheat,0.7363740381958055,0.5236037912302078,18.70390057017346,13.29953629724728
Season,14.0,Grain (Spring),Spring Wheat,26.616984240756167,22.76370002058661,676.0713997152067,578.1979805228999
3,14.0,Onions,Onions,1.019270166578485,0.2954999690083205,25.889462231093518,7.50569921281134
4,14.0,Onions,Onions,2.8253470813186268,2.166863148726107,71.76381586549311,55.03832397764312
5,14.0,Onions,Onions,5.268299164102834,4.5383019780624085,133.81479876821197,115.27287024278516
6,14.0,Onions,Onions,7.063267863291709,6.609865791749817,179.4070037276094,167.89059111044534
7,14.0,Onions,Onions,8.541239572139778,8.387845473918215,216.94748513235035,213.05127503752263
8,14.0,Onions,Onions,6.54394877133341,6.367296796440493,166.2162987918686,161.7293386295885
9,14.0,Onions,Onions,1.6657126342733874,1.3578046449334802,42.30910091054404,34.4882379813104
Season,14.0,Onions,Onions,32.92708525303824,29.723477802838847,836.3479654271712,754.9763361921067
4,14.0,Potatoes (Late),Potatoes,2.0362575647419217,1.318721058800626,51.720942144444805,33.4955148935359
5,14.0,Potatoes (Late),Potatoes,3.98807755498418,3.1937650772115784,101.29716989659816,81.12163296117409
6,14.0,Potatoes (Late),Potatoes,6.894115824929285,6.407304597393966,175.11054195320384,162.74553677380672
7,14.0,Potatoes (Late),Potatoes,7.991099929447516,7.827286476593153,202.97393820796688,198.81307650546609
8,14.0,Potatoes (Late),Potatoes,3.555021722968053,3.366781412050305,90.29755176338854,85.51624786607773
9,14.0,Potatoes (Late),Potatoes,0.4102676012080475,0.0696313815796744,10.420797070684408,1.7686370921237318
10,14.0,Potatoes (Late),Potatoes,0.4703753435342089,-0.2491888129183931,11.947533725768906,-6.329395848127185
Season,14.0,Potatoes (Late),Potatoes,25.345215541813207,21.934301190710908,643.7684747620555,557.131250244057
3,14.0,Cherries,Cherries,0.9734309985827366,0.2586052066176575,24.725147364001508,6.568572248088502
4,14.0,Cherries,Cherries,2.428822304176461,1.695375950564984,61.69208652608211,43.06254914435059
5,14.0,Cherries,Cherries,5.395474178217048,4.5668607162024655,137.045044126713,115.99826219154262
6,14.0,Cherries,Cherries,8.099498716199937,7.603495442396161,205.7272673914784,193.1287842368625
7,14.0,Cherries,Cherries,10.28141808368476,10.131503985697426,261.1480193255929,257.3402012367146
8,14.0,Cherries,Cherries,8.894830768974371,8.7119357083126,225.928701531949,221.28316699114004
9,14.0,Cherries,Cherries,5.2657195556131855,4.978716924485823,133.7492767125749,126.4594098819399
10,14.0,Cherries,Cherries,1.6987422278906383,0.98741626786994,43.14805258842221,25.08037320389648
11,14.0,Cherries,Cherries,1.6326149339761926,0.6695602309410823,41.46841932299529,17.00682986590349
Season,14.0,Cherries,Cherries,43.41870342044148,38.39008334209111,1102.8350668792136,975.1081168891142
3,14.0,Pears,Pears,0.9268860846256654,0.3018883923750673,23.5429065494919,7.667965166326709
4,14.0,Pears,Pears,2.220974370860304,1.7403611676848474,56.4127490198517,44.20517365919512
5,14.0,Pears,Pears,5.677786107937908,4.505432628003085,144.21576714162285,114.43798875127835
6,14.0,Pears,Pears,9.13358271737406,8.962979041659274,231.99300102130115,227.65966765814557
7,14.0,Pears,Pears,10.86693310589695,10.800441416235534,276.0201008897825,274.33121197238256
8,14.0,Pears,Pears,9.423954395671458,9.283971890746264,239.36844165005505,235.81288602495508
9,14.0,Pears,Pears,5.458314072391546,5.232154837784808,138.64117743874525,132.89673287973412
10,14.0,Pears,Pears,0.895738735157189,0.2449160404265332,22.7517638729926,6.220867426833944
11,14.0,Pears,Pears,,,,
Season,14.0,Pears,Pears,44.60416958991508,41.07214541491541,1132.9459075838429,1043.2324935388517
3,14.0,Apples,Apples,0.9213945532786852,0.2513235605608863,23.403421653278603,6.383618438246512
4,14.0,Apples,Apples,2.4213758634454763,1.6950788923694422,61.5029469315151,43.05500386618383
5,14.0,Apples,Apples,5.427864062508451,4.594253553771339,137.86774718771466,116.694040265792
6,14.0,Apples,Apples,8.1199250414145,7.604590204887842,206.2460960519283,193.1565912041512
7,14.0,Apples,Apples,10.192111388161976,10.02272585528836,258.8796292593142,254.57723672432437
8,14.0,Apples,Apples,8.71519884246032,8.526996114163111,221.3660505984921,216.58570129974305
9,14.0,Apples,Apples,5.1587806849720295,4.836181540397459,131.03302939828953,122.83901112609546
10,14.0,Apples,Apples,1.7343501795584686,1.030018434671531,44.0524945607851,26.16246824065689
11,14.0,Apples,Apples,1.594810722036479,0.6380014306802425,40.50819233972656,16.20523633927816
Season,14.0,Apples,Apples,43.09403776724778,38.01773391434616,1094.5885592880934,965.6504414243924
5,14.0,Corn (Field),Corn,3.236465029468772,2.461567207749078,82.2062117485068,62.52380707682658
6,14.0,Corn (Field),Corn,5.628960168675676,5.142429361284159,142.97558828436215,130.61770577661764
7,14.0,Corn (Field),Corn,10.336173022359496,10.173416057393188,262.5387947679312,258.40476785778696
8,14.0,Corn (Field),Corn,8.718537442825468,8.531810810088693,221.4508510477669,216.7079945762528
9,14.0,Corn (Field),Corn,4.190890972179176,3.859441893829627,106.44863069335106,98.02982410327252
Season,14.0,Corn (Field),Corn,32.11102663550859,30.168665330344748,815.620076541918,766.2840993907565
3,15.0,Peas,Peas,1.8554812981837372,0.3252827323841972,47.129224973866926,8.26218140255861
4,15.0,Peas,Peas,2.455885264643093,0.9708976592886164,62.37948572193456,24.660800545930854
5,15.0,Peas,Peas,5.159490918187163,3.5434911712641823,131.05106932195392,90.00467575011022
6,15.0,Peas,Peas,5.089721183455191,4.129230937593223,129.27891805976182,104.88246581486789
7,15.0,Peas,Peas,0.900253572258139,0.5903691419509084,22.86644073535673,14.995376205553072
Season,15.0,Peas,Peas,15.460832236727326,9.559271642481129,392.70513881287405,242.80549971902064
4,15.0,Potatoes,Potatoes,2.5701847123475425,1.11518479115786,65.28269169362758,28.325693695409644
5,15.0,Potatoes,Potatoes,3.7874846619321,2.178158675460496,96.20211041307532,55.3252303566966
6,15.0,Potatoes,Potatoes,6.075755366606551,5.217188977237822,154.3241863118064,132.51660002184067
7,15.0,Potatoes,Potatoes,7.5003760103854304,7.364009270340986,190.50955066378992,187.04583546666103
8,15.0,Potatoes,Potatoes,3.915671561874385,3.636506002242694,99.45805767160935,92.36725245696442
9,15.0,Potatoes,Potatoes,0.972850459004014,0.276245016112821,24.71040165870196,7.0166234092656525
Season,15.0,Potatoes,Potatoes,24.822322772150027,19.78729273255268,630.4869984126107,502.5972354068381
5,15.0,Corn (Sweet),Sweet Corn,3.545938865622736,2.2683070523130224,90.0668471868175,57.61499912875077
6,15.0,Corn (Sweet),Sweet Corn,5.916650893256462,4.932280509933001,150.28293268871414,125.27992495229822
7,15.0,Corn (Sweet),Sweet Corn,9.526587497384847,9.327450162295758,241.97532243357512,236.91723412231224
8,15.0,Corn (Sweet),Sweet Corn,5.02974136930724,4.575180727667776,127.7554307804039,116.20959048276151
Season,15.0,Corn (Sweet),Sweet Corn,24.018918625571285,21.10321845220956,610.0805330895106,536.0217486861227
3,15.0,Pasture,Grass/Pasture,1.024729310093116,0.1145289759160808,26.028124476365143,2.909035988268452
4,15.0,Pasture,Grass/Pasture,2.84637084147405,1.4117077686377535,72.29781937344086,35.857377323398936
5,15.0,Pasture,Grass/Pasture,5.429317494156841,3.6232661236121246,137.90466435158376,92.03095953974795
6,15.0,Pasture,Grass/Pasture,7.536210930741012,6.403659430799817,191.4197576408217,162.65294954231535
7,15.0,Pasture,Grass/Pasture,8.028512303825163,7.688984051340259,203.92421251715916,195.30019490404257
8,15.0,Pasture,Grass/Pasture,6.71751602609311,6.275306171631959,170.62490706276498,159.39277675945175
9,15.0,Pasture,Grass/Pasture,4.236594398623176,3.599441543290306,107.60949772502865,91.42581519957378
10,15.0,Pasture,Grass/Pasture,2.068894544273105,0.7454015454602001,52.54992142453688,18.93319925468908
Season,15.0,Pasture,Grass/Pasture,37.88814584927957,29.8622956106885,962.3589045717011,758.5023085114879
3,15.0,Grain (Winter),Winter Wheat,2.7739456147651267,1.1180357804953969,70.45821861503421,28.39810882458308
4,15.0,Grain (Winter),Winter Wheat,4.867355049889047,3.283744670451476,123.6308182671818,83.40711462946749
5,15.0,Grain (Winter),Winter Wheat,6.67235571468456,4.939866231989964,169.4778351529878,125.47260229254508
6,15.0,Grain (Winter),Winter Wheat,4.847120106555272,3.8048519519641015,123.1168507065039,96.64323957988816
7,15.0,Grain (Winter),Winter Wheat,0.7255076562716295,0.3948784213376247,18.42789446929939,10.029911901975668
Season,15.0,Grain (Winter),Winter Wheat,19.88628414216564,13.541377056238565,505.1116172110071,343.9509772284595
3,15.0,Alfalfa Hay,Alfalfa,2.366601285981643,0.7510876062335846,60.11167266393373,19.07762519833305
4,15.0,Alfalfa Hay,Alfalfa,4.356066518780941,2.8785615890495317,110.6440895770359,73.11546436185809
5,15.0,Alfalfa Hay,Alfalfa,5.801654842157658,4.161852880867609,147.36203299080452,105.71106317403724
6,15.0,Alfalfa Hay,Alfalfa,6.734285980671255,5.711454909363434,171.05086390904987,145.0709546978312
7,15.0,Alfalfa Hay,Alfalfa,7.828661789788231,7.497282911660397,198.84800946062103,190.43098595617408
8,15.0,Alfalfa Hay,Alfalfa,7.662919690385834,7.255548739544039,194.63816013580015,184.2909379844186
9,15.0,Alfalfa Hay,Alfalfa,3.722281940348488,3.1478908331701483,94.5459612848516,79.95642716252176
Season,15.0,Alfalfa Hay,Alfalfa,38.47247204811405,31.403679469888743,977.2007900220968,797.6534585351741
3,15.0,Grain (Spring),Spring Wheat,1.3422431793920968,0.1373109561110953,34.09297675655926,3.487698285221822
4,15.0,Grain (Spring),Spring Wheat,2.249393636764794,0.9495625054444944,57.13459837382578,24.11888763829016
5,15.0,Grain (Spring),Spring Wheat,4.997922718585642,3.4854349669602653,126.9472370520753,88.53004816079074
6,15.0,Grain (Spring),Spring Wheat,8.235227230779216,7.317725337764817,209.17477166179208,185.87022357922635
7,15.0,Grain (Spring),Spring Wheat,7.328622227943024,7.0150143321932426,186.1470045897528,178.18136403770836
8,15.0,Grain (Spring),Spring Wheat,1.085065228629838,0.7267436291322634,27.56065680719788,18.45928817995949
Season,15.0,Grain (Spring),Spring Wheat,25.238474222094613,19.63179172760617,641.0572452412032,498.6475098811968
3,15.0,Onions,Onions,2.1969020673984607,0.4615478175818782,55.8013125119209,11.723314566579706
4,15.0,Onions,Onions,3.3767391473573407,1.90902243082908,85.76917434287645,48.48916974305863
5,15.0,Onions,Onions,5.1249404709250745,3.932243924416227,130.17348796149687,99.87899568017215
6,15.0,Onions,Onions,6.529559706416931,5.613425353485785,165.85081654299003,142.58100397853892
7,15.0,Onions,Onions,7.649516466146565,7.494358065906314,194.29771824012275,190.3566948740204
8,15.0,Onions,Onions,4.725578624696165,4.381170364284635,120.02969706728256,111.28172725282973
9,15.0,Onions,Onions,1.352020422278556,0.8265886909766162,34.34131872587532,20.99535275080605
Season,15.0,Onions,Onions,30.95525690521909,24.61835664748054,786.2635253925649,625.3062588460057
3,15.0,Cherries,Cherries,1.644934203319239,0.2725803794650607,41.78132876430866,6.923541638412543
4,15.0,Cherries,Cherries,3.199547187141841,1.6761380462596276,81.26849855340276,42.573906374994536
5,15.0,Cherries,Cherries,5.253164098873005,3.4999616208066664,133.43036811137432,88.89902516848932
6,15.0,Cherries,Cherries,7.548319966636478,6.4804404609690645,191.7273271525665,164.60318770861423
7,15.0,Cherries,Cherries,9.708816581003523,9.371383323508136,246.6039411574895,238.03313641710665
8,15.0,Cherries,Cherries,8.468147099931144,8.0745181248719,215.09093633825103,205.09276037174627
9,15.0,Cherries,Cherries,5.137104879980399,4.521626487925034,130.48246395150213,114.84931279329588
10,15.0,Cherries,Cherries,2.2386683353996677,1.0810173290726557,56.86217571915154,27.457840158445453
11,15.0,Cherries,Cherries,1.9527699082306265,0.2290557140657829,49.60035566905791,5.818015137270887
Season,15.0,Cherries,Cherries,43.96624356334054,34.14287258549225,1116.7425865088496,867.228963671503
3,15.0,Pears,Pears,1.055618394724,0.1956703726881984,26.8127072259896,4.970027466280239
4,15.0,Pears,Pears,2.634663838105008,1.5599103580213267,66.92046148786719,39.62172309374169
5,15.0,Pears,Pears,4.826582609672763,2.395823706246506,122.59519828568816,60.85392213866127
6,15.0,Pears,Pears,7.642899058594951,6.658654523887931,194.1296360883117,169.12982490675344
7,15.0,Pears,Pears,9.74187229151445,9.609572419408153,247.44355620446703,244.08313945296703
8,15.0,Pears,Pears,8.75410837801131,8.4314695014627,222.35435280148727,214.15932533715255
9,15.0,Pears,Pears,5.378507573986651,4.846847454577531,136.61409237926094,123.10992534626926
10,15.0,Pears,Pears,2.100263833848716,0.7665207209205664,53.34670137975738,19.469626311382388
11,15.0,Pears,Pears,0.8692557147222223,-0.7174554642377516,22.079095153944444,-18.22336879163889
Season,15.0,Pears,Pears,42.78645776449952,33.9263774590346,1086.7760272182877,861.7299874594787
3,15.0,Plums,Plums,1.6400695351377412,0.0208291901887013,41.65776619249863,0.5290614307930149
4,15.0,Plums,Plums,3.07189860927571,1.7073378377820354,78.02622467560303,43.3663810796637
5,15.0,Plums,Plums,5.043629166121143,3.7862136890262663,128.108180819477,96.16982770126717
6,15.0,Plums,Plums,7.46410147514501,6.38431923564375,189.58817746868323,162.16170858535125
7,15.0,Plums,Plums,9.9975716626188,9.79491493596738,253.9383202305175,248.7908393735714
8,15.0,Plums,Plums,8.559922293854285,8.182928014165114,217.42202626389883,207.84637155979388
9,15.0,Plums,Plums,5.409314894608441,4.815339988051607,137.39659832305438,122.3096356965108
10,15.0,Plums,Plums,2.238468582278597,1.0474054900898,56.85710198987637,26.60409944828092
11,15.0,Plums,Plums,6.918010156337419,4.728816145831926,175.71745797097043,120.11193010413092
Season,15.0,Plums,Plums,43.83254091918631,35.01764237994738,1113.346539347332,889.4481164506634
3,15.0,Apples,Apples,1.6256880183515166,0.2520493893234058,41.29247566612852,6.402054488814508
4,15.0,Apples,Apples,3.1269847563151125,1.6458673743344598,79.42541281040386,41.80503130809528
5,15.0,Apples,Apples,5.224141279389468,3.51729328006052,132.69318849649247,89.3392493135372
6,15.0,Apples,Apples,7.533215935717512,6.493177325184132,191.3436847672248,164.92670405967695
7,15.0,Apples,Apples,9.693114140507614,9.356474439253674,246.20509916889335,237.6544507570433
8,15.0,Apples,Apples,8.416805055183227,8.007324012595442,213.78684840165397,203.3860299199242
9,15.0,Apples,Apples,5.098245475441042,4.500693300153489,129.49543507620243,114.3176098238986
10,15.0,Apples,Apples,2.1421645876745083,0.9108117161631724,54.41098052693251,23.13461759054458
11,15.0,Apples,Apples,1.8564480885392447,0.1130409361488879,47.15378144889682,2.871239778181753
Season,15.0,Apples,Apples,43.60565585191132,33.761007120064505,1107.5836586385476,857.5295808496384
4,16.0,Peas,Peas,0.8079777832993954,0.1417372788361755,20.52263569580464,3.600126882438858
5,16.0,Peas,Peas,2.402745658703164,1.2525736935589245,61.02973973106036,31.81537181639668
6,16.0,Peas,Peas,5.846056773476334,5.32878523341953,148.48984204629886,135.35114492885606
7,16.0,Peas,Peas,6.55861324716372,6.515544027465867,166.58877647795848,165.494818297633
Season,16.0,Peas,Peas,15.615393462642611,13.2386402332805,396.6309939511223,336.2614619253247
5,16.0,Potatoes,Potatoes,3.0813993634087384,1.9803225646589109,78.26754383058196,50.30019314233633
6,16.0,Potatoes,Potatoes,4.75219546845316,4.073547733477098,120.70576489871026,103.46811243031829
7,16.0,Potatoes,Potatoes,7.466095641581314,7.176987402678354,189.6388292961653,182.2954800280302
8,16.0,Potatoes,Potatoes,6.362164161556839,6.000891861928414,161.5989697035437,152.42265329298172
9,16.0,Potatoes,Potatoes,3.0952157461178755,2.7130899458126088,78.61847995139404,68.91248462364025
10,16.0,Potatoes,Potatoes,0.813299098815283,0.0709506237663815,20.657797109908184,1.802145843666091
Season,16.0,Potatoes,Potatoes,25.57036947993321,22.01579013232177,649.4873847903034,559.2010693609728
4,16.0,Mint,Mint,0.7361563720192092,0.1446839466229514,18.698371849287916,3.674972244222967
5,16.0,Mint,Mint,3.471928781631669,2.3459760656053303,88.18699105344439,59.587792066375386
6,16.0,Mint,Mint,7.262920944789183,6.830262913649026,184.47819199764524,173.48867800668526
7,16.0,Mint,Mint,9.781806814473358,9.65923072731848,248.4578930876233,245.34446047388937
8,16.0,Mint,Mint,5.627611028614462,5.270274055704486,142.9413201268073,133.86496101489394
Season,16.0,Mint,Mint,26.88042394152788,24.25042770890028,682.7627681148081,615.960863806067
4,16.0,Pasture,Grass/Pasture,2.2420406462028986,1.3462333923539451,56.94783241355362,34.1943281657902
5,16.0,Pasture,Grass/Pasture,4.915613502826192,3.662995259920685,124.85658297178526,93.04007960198538
6,16.0,Pasture,Grass/Pasture,7.265910268202188,6.560725721131584,184.5541208123356,166.64243331674223
7,16.0,Pasture,Grass/Pasture,8.77506008899007,8.404307389717136,222.88652626034775,213.46940769881525
8,16.0,Pasture,Grass/Pasture,5.942020570334956,5.542627435619968,150.92732248650788,140.7827368647472
9,16.0,Pasture,Grass/Pasture,3.11773502883428,2.761102260631961,79.19046973239071,70.13199742005182
10,16.0,Pasture,Grass/Pasture,0.9854238155374684,0.2260779612230883,25.029764914651697,5.742380215066443
Season,16.0,Pasture,Grass/Pasture,33.24380392092805,28.50406942059837,844.3926195915725,724.0033632831985
3,16.0,Grain (Winter),Winter Wheat,1.8563595362582197,1.0781622621951814,47.15153222095877,27.38532145975761
4,16.0,Grain (Winter),Winter Wheat,3.7314879455893615,2.880179781993036,94.7797938179698,73.1565664626231
5,16.0,Grain (Winter),Winter Wheat,6.6274226830412815,5.543660904313765,168.33653614924853,140.80898696956962
6,16.0,Grain (Winter),Winter Wheat,8.288667740631187,7.636787917946444,210.53216061203213,193.97441311583967
7,16.0,Grain (Winter),Winter Wheat,5.422323347256857,5.090211700949554,137.72701302032414,129.29137720411867
8,16.0,Grain (Winter),Winter Wheat,0.5303990925992144,0.1911487756173306,13.472136952020044,4.855178900680198
Season,16.0,Grain (Winter),Winter Wheat,26.45666034537612,22.42015134301531,671.9991727725535,569.4718441125888
4,16.0,Alfalfa Hay,Alfalfa,3.4053634902896355,2.5499215024975603,86.49623265335674,64.76800616343803
5,16.0,Alfalfa Hay,Alfalfa,6.178845787038023,5.051508169830486,156.94268299076575,128.30830751369433
6,16.0,Alfalfa Hay,Alfalfa,6.122561088078403,5.404742747425936,155.51305163719144,137.28046578461877
7,16.0,Alfalfa Hay,Alfalfa,8.40534234623827,8.041666193842556,213.49569559445203,204.2583213236009
8,16.0,Alfalfa Hay,Alfalfa,6.336287406704049,5.989758974042693,160.94170013028284,152.1398779406844
9,16.0,Alfalfa Hay,Alfalfa,4.438208915736598,4.070463452636625,112.7305064597096,103.38977169697029
Season,16.0,Alfalfa Hay,Alfalfa,34.886609034084984,31.108061040275857,886.1198694657585,790.1447504230067
1,16.0,Grass Seed (Spring),Sod/Grass Seed,0.2948713640828724,-0.2038110051127053,7.489732647704958,-5.176799529862716
2,16.0,Grass Seed (Spring),Sod/Grass Seed,0.4194902305434947,0.0399434811377227,10.655051855804766,1.0145644208981586
3,16.0,Grass Seed (Spring),Sod/Grass Seed,1.0978022898758455,0.4823485660881295,27.88417816284648,12.25165357863849
4,16.0,Grass Seed (Spring),Sod/Grass Seed,2.7895996704517594,1.93955951207313,70.85583162947468,49.264811606657496
5,16.0,Grass Seed (Spring),Sod/Grass Seed,5.075329411283812,3.946841463389765,128.9133670466088,100.24977317010004
6,16.0,Grass Seed (Spring),Sod/Grass Seed,5.988952653868651,5.354833238144161,152.11939740826372,136.01276424886166
7,16.0,Grass Seed (Spring),Sod/Grass Seed,4.943312182681233,4.596712536939411,125.56012944010332,116.75649843826103
8,16.0,Grass Seed (Spring),Sod/Grass Seed,2.712383767050379,2.3953745701110143,68.89454768307962,60.84251408081976
9,16.0,Grass Seed (Spring),Sod/Grass Seed,2.020791738550848,1.631850068231958,51.328110159191525,41.44899173309173
10,16.0,Grass Seed (Spring),Sod/Grass Seed,1.4717509427314257,0.7632400499633226,37.38247394537821,19.386297269068397
11,16.0,Grass Seed (Spring),Sod/Grass Seed,1.2790519946393877,0.2616957283026059,32.48792066384045,6.64707149888619
12,16.0,Grass Seed (Spring),Sod/Grass Seed,0.2514182029138752,-0.5101383677109657,6.386022354012429,-12.957514539858527
Season,16.0,Grass Seed (Spring),Sod/Grass Seed,27.57157965419832,20.090133868813638,700.3181232166373,510.2894002678663
4,16.0,Grain (Spring),Spring Wheat,2.077830842798189,1.2097230630492233,52.77690340707401,30.72696580145027
5,16.0,Grain (Spring),Spring Wheat,4.631118700148146,3.50292492334236,117.63041498376292,88.97429305289593
6,16.0,Grain (Spring),Spring Wheat,8.153189860511752,7.496769872354491,207.09102245699847,190.41795475780407
7,16.0,Grain (Spring),Spring Wheat,9.393820266284289,9.053742532583794,238.6030347636209,229.96506032762835
8,16.0,Grain (Spring),Spring Wheat,3.307155349122223,2.974471466414933,84.00174586770446,75.5515752469393
Season,16.0,Grain (Spring),Spring Wheat,27.563115018864604,24.2376318577448,700.1031214791609,615.6358491867179
4,16.0,Onions,Onions,1.2630961316581424,0.8182142332132606,32.08264174411681,20.782641523616817
5,16.0,Onions,Onions,3.458398481025548,2.376481994442396,87.8433214180489,60.362642658836855
6,16.0,Onions,Onions,6.051155752828741,5.704777887337218,153.69935612185003,144.90135833836533
7,16.0,Onions,Onions,7.260426037295103,7.057670131551009,184.4148213472956,179.26482134139562
8,16.0,Onions,Onions,6.3638139216723415,6.19649108526486,161.64087361047746,157.39087356572745
9,16.0,Onions,Onions,1.304382892192662,1.2748553331375436,33.13132546169361,32.381325461693606
Season,16.0,Onions,Onions,25.70127321667254,23.42849066494629,652.8123397034825,595.0836628896357
5,16.0,Corn (Silage),Corn,4.103125806059633,2.906830727409018,104.21939547391466,73.83350047618906
6,16.0,Corn (Silage),Corn,3.5211785345373183,3.1493875045102464,89.43793477724788,79.99444261456026
7,16.0,Corn (Silage),Corn,7.228053024151054,7.075688733387618,183.59254681343677,179.7224938280455
8,16.0,Corn (Silage),Corn,8.414774135837337,8.153469187224582,213.73526305026837,207.0981173555044
9,16.0,Corn (Silage),Corn,3.985220867001244,3.631664369453028,101.2246100218316,92.24427498410692
Season,16.0,Corn (Silage),Corn,27.252352367586585,24.917040521984493,692.2097501366992,632.8928292584061
1,16.0,Grass Seed (Fall),Sod/Grass Seed,0.2948713640828724,-0.2038110051127053,7.489732647704958,-5.176799529862716
2,16.0,Grass Seed (Fall),Sod/Grass Seed,0.4194902305434947,0.0399434811377227,10.655051855804766,1.0145644208981586
3,16.0,Grass Seed (Fall),Sod/Grass Seed,1.0978022898758455,0.4823485660881295,27.88417816284648,12.25165357863849
4,16.0,Grass Seed (Fall),Sod/Grass Seed,2.7895996704517594,1.93955951207313,70.85583162947468,49.264811606657496
5,16.0,Grass Seed (Fall),Sod/Grass Seed,5.075329411283812,3.946841463389765,128.9133670466088,100.24977317010004
6,16.0,Grass Seed (Fall),Sod/Grass Seed,5.988952653868651,5.354833238144161,152.11939740826372,136.01276424886166
7,16.0,Grass Seed (Fall),Sod/Grass Seed,4.943312182681233,4.596712536939411,125.56012944010332,116.75649843826103
8,16.0,Grass Seed (Fall),Sod/Grass Seed,2.712383767050379,2.3953745701110143,68.89454768307962,60.84251408081976
9,16.0,Grass Seed (Fall),Sod/Grass Seed,2.020791738550848,1.631850068231958,51.328110159191525,41.44899173309173
10,16.0,Grass Seed (Fall),Sod/Grass Seed,1.4717509427314257,0.7632400499633226,37.38247394537821,19.386297269068397
11,16.0,Grass Seed (Fall),Sod/Grass Seed,1.2790519946393877,0.2616957283026059,32.48792066384045,6.64707149888619
12,16.0,Grass Seed (Fall),Sod/Grass Seed,0.2514182029138752,-0.5101383677109657,6.386022354012429,-12.957514539858527
Season,16.0,Grass Seed (Fall),Sod/Grass Seed,27.57157965419832,20.090133868813638,700.3181232166373,510.2894002678663
5,17.0,Potatoes,Potatoes,2.603109662989056,1.069812896465657,66.11898543992201,27.173247570227687
6,17.0,Potatoes,Potatoes,3.731668941405764,3.084687302218756,94.78439111170638,78.3510574763564
7,17.0,Potatoes,Potatoes,6.171167286723133,5.827007174186716,156.74764908276757,148.00598222434255
8,17.0,Potatoes,Potatoes,6.21959590062152,5.756664807956736,157.97773587578658,146.2192861221011
9,17.0,Potatoes,Potatoes,2.58312636314638,1.9240056201992013,65.61140962391805,48.86974275305971
10,17.0,Potatoes,Potatoes,0.9469566555267176,-0.2042829290598869,24.052699050378624,-5.188786398121127
Season,17.0,Potatoes,Potatoes,22.25562481041257,17.457894871967177,565.2928701844793,443.4305297479663
4,17.0,Pasture,Grass/Pasture,1.6836037411428186,0.9066237503947964,42.76353502502759,23.028243260027825
5,17.0,Pasture,Grass/Pasture,4.225790308653182,3.038090442202827,107.33507383979082,77.16749723195181
6,17.0,Pasture,Grass/Pasture,6.664940998431203,5.857371265961355,169.28950136015254,148.7772301554184
7,17.0,Pasture,Grass/Pasture,8.577393111506526,8.090574641101655,217.86578503226573,205.50059588398204
8,17.0,Pasture,Grass/Pasture,5.984903939018251,5.536166463156578,152.01656005106355,140.61862816417707
9,17.0,Pasture,Grass/Pasture,2.543601659716161,2.067581869257231,64.6074821567905,52.51657947913367
10,17.0,Pasture,Grass/Pasture,0.8680605413508136,0.0417400318892713,22.048737750310664,1.0601968099874928
Season,17.0,Pasture,Grass/Pasture,30.54829429981896,25.53814846396371,775.9266752154015,648.6689709846783
3,17.0,Grain (Winter),Winter Wheat,1.5742256696464751,0.4629416817858662,39.98533200902047,11.758718717361
4,17.0,Grain (Winter),Winter Wheat,2.2967954455448094,1.4872902022992265,58.33860431683816,37.77717113840035
5,17.0,Grain (Winter),Winter Wheat,4.317423379049535,3.028894885657929,109.66255382785818,76.93393009571139
6,17.0,Grain (Winter),Winter Wheat,7.535615197968883,6.756368844358365,191.4046260284096,171.61176864670244
7,17.0,Grain (Winter),Winter Wheat,9.182169778960803,9.017096659462212,233.2271123856044,229.03425515034016
8,17.0,Grain (Winter),Winter Wheat,3.7306665518900566,3.313343714428864,94.75893041800744,84.15893034649314
Season,17.0,Grain (Winter),Winter Wheat,28.63689602306056,24.065935987992464,727.3771589857382,611.2747740950085
4,17.0,Alfalfa Hay,Alfalfa,2.3997641068836244,1.5479058511657675,60.95400831484405,39.3168086196105
5,17.0,Alfalfa Hay,Alfalfa,5.420025930423706,4.180009393094352,137.66865863276212,106.17223858459651
6,17.0,Alfalfa Hay,Alfalfa,7.240850558637916,6.527827603547668,183.91760418940308,165.80682113011076
7,17.0,Alfalfa Hay,Alfalfa,6.706915386884168,6.267371100790508,170.35565082685784,159.1912259600789
8,17.0,Alfalfa Hay,Alfalfa,6.739327001463548,6.339545596605507,171.1789058371741,161.02445815377988
9,17.0,Alfalfa Hay,Alfalfa,1.780439264415926,1.3192794346963503,45.22315731616453,33.509697641287296
Season,17.0,Alfalfa Hay,Alfalfa,30.28732224870889,26.18193897990016,769.2979851172057,665.0212500894639
4,17.0,Grain (Spring),Spring Wheat,1.0880666071880836,0.3490038460977729,27.63689182257732,8.864697690883432
5,17.0,Grain (Spring),Spring Wheat,2.822018949912201,1.7674216656163733,71.6792813277699,44.89251030665588
6,17.0,Grain (Spring),Spring Wheat,5.886407728239187,5.233159691093848,149.51475629727534,132.92225615378374
7,17.0,Grain (Spring),Spring Wheat,9.619167557646415,9.50761899799927,244.3268559642189,241.49352254918145
8,17.0,Grain (Spring),Spring Wheat,6.8793419453860505,6.515693645101831,174.73528541280567,165.4986185855865
Season,17.0,Grain (Spring),Spring Wheat,26.29500278837194,23.37289784590909,667.8930708246472,593.671605286091
5,18.0,Potatoes,Potatoes,2.938744028355724,1.804554648879337,74.64409832023539,45.83568808153515
6,18.0,Potatoes,Potatoes,4.432079422666111,3.7782918787992457,112.5748173357192,95.96861372150084
7,18.0,Potatoes,Potatoes,6.655290596140348,6.391073081126495,169.04438114196483,162.33325626061298
8,18.0,Potatoes,Potatoes,5.615403577318369,5.303243401422131,142.63125086388655,134.70238239612212
9,18.0,Potatoes,Potatoes,2.4010264592464403,1.943430700121788,60.98607206485958,49.36313978309341
10,18.0,Potatoes,Potatoes,0.6474721806427063,-0.0811060016256189,16.445793388324738,-2.0600924412907204
Season,18.0,Potatoes,Potatoes,22.6900162643697,19.139487708723376,576.3264131149904,486.1429878015737
4,18.0,Pasture,Grass/Pasture,2.752604768515341,1.5591137000112638,69.91616112028966,39.6014879802861
5,18.0,Pasture,Grass/Pasture,4.80779710820663,3.5848307370561785,122.1180465484484,91.05470072122692
6,18.0,Pasture,Grass/Pasture,6.842430999196301,6.225199839182897,173.79774737958604,158.1200759152456
7,18.0,Pasture,Grass/Pasture,7.425356330035453,7.120510281107545,188.6040507829005,180.8609611401316
8,18.0,Pasture,Grass/Pasture,5.462228679754611,5.105393414097542,138.7406084657671,129.67699271807757
9,18.0,Pasture,Grass/Pasture,2.892523731712977,2.347448265824186,73.47010278550961,59.625185951934334
10,18.0,Pasture,Grass/Pasture,0.8920854607422435,-0.0380928734544965,22.658970702852983,-0.9675589857442116
Season,18.0,Pasture,Grass/Pasture,31.075027078163554,25.90440336382511,789.3056877853543,657.9718454411578
4,18.0,Grain (Winter),Winter Wheat,2.517538050813694,1.4441633731620764,63.94546649066784,36.68174967831674
5,18.0,Grain (Winter),Winter Wheat,5.0447536838333615,3.853922126407748,128.13674356936738,97.8896220107568
6,18.0,Grain (Winter),Winter Wheat,7.899033450247277,7.20133649687548,200.6354496362808,182.9139470206372
7,18.0,Grain (Winter),Winter Wheat,8.194416716750117,7.910560467864127,208.13818460545295,200.9282358837488
8,18.0,Grain (Winter),Winter Wheat,2.1486192571645653,1.827791490808427,54.57492913197996,46.42590386653404
Season,18.0,Grain (Winter),Winter Wheat,25.80436115880901,22.23777395511786,655.4307734337489,564.8394584599936
5,18.0,Alfalfa Hay,Alfalfa,6.068383333060071,4.925440415466207,154.1369366597258,125.10618655284166
6,18.0,Alfalfa Hay,Alfalfa,5.802917547096307,5.14114700018024,147.3941056962462,130.58513380457808
7,18.0,Alfalfa Hay,Alfalfa,7.597222123425036,7.316061793873142,192.9694419349959,185.82796956437775
8,18.0,Alfalfa Hay,Alfalfa,5.710610667051521,5.375688102095444,145.04951094310863,136.54247779322426
Season,18.0,Alfalfa Hay,Alfalfa,25.179133670632933,22.758337311615037,639.5499952340765,578.0617677150218
5,18.0,Grain (Spring),Spring Wheat,4.338830462123106,3.208399512031656,110.20629373792688,81.49334760560406
6,18.0,Grain (Spring),Spring Wheat,7.481069010182667,6.878386219241673,190.01915285863973,174.71100996873847
7,18.0,Grain (Spring),Spring Wheat,8.583719071652279,8.34209922138761,218.02646441996788,211.88932022324528
8,18.0,Grain (Spring),Spring Wheat,4.043783898168722,3.649073291112817,102.71211101348553,92.68646159426554
9,18.0,Grain (Spring),Spring Wheat,0.6726632005574572,0.1608298050010943,17.085645294159413,4.085077047027795
Season,18.0,Grain (Spring),Spring Wheat,25.12006564268423,22.238788048774847,638.0496673241795,564.8652164388811
4,19.0,Pasture,Grass/Pasture,2.520963460382098,1.4793715045430988,64.03247189370528,37.57603621539471
5,19.0,Pasture,Grass/Pasture,4.99821625682196,3.7081744391680047,126.9546929232778,94.18763075486731
6,19.0,Pasture,Grass/Pasture,7.490045859191741,6.808258037380893,190.24716482347023,172.9297541494747
7,19.0,Pasture,Grass/Pasture,8.733274885925429,8.424088977222093,221.8251821025059,213.9718600214412
8,19.0,Pasture,Grass/Pasture,6.418767654085961,6.146739038791525,163.0366984137834,156.12717158530472
9,19.0,Pasture,Grass/Pasture,4.231406362578457,3.665035224684021,107.4777216094928,93.09189470697412
10,19.0,Pasture,Grass/Pasture,1.4714376800254567,0.7465542486779778,37.3745170726466,18.962477916420635
Season,19.0,Pasture,Grass/Pasture,35.86411215901111,30.97822147046761,910.948448838882,786.8468253498772
5,19.0,Grain (Spring),Spring Wheat,2.971174009229902,1.5384464137444769,75.46781983443951,39.07653890910971
6,19.0,Grain (Spring),Spring Wheat,5.798050412928343,4.91689554332869,147.27048048837992,124.88914680054872
7,19.0,Grain (Spring),Spring Wheat,10.426606414983976,10.10455916403752,264.83580294059294,256.65580276655305
8,19.0,Grain (Spring),Spring Wheat,8.446258041709804,8.18169110480088,214.534954259429,207.81495406194236
9,19.0,Grain (Spring),Spring Wheat,2.349010192314638,2.24034877067448,59.6648588847918,56.904858775131785
Season,19.0,Grain (Spring),Spring Wheat,29.991099071166666,26.981940996586047,761.7739164076331,685.3413013132856
4,19.0,Grain (Winter),Winter Wheat,2.747741542884304,1.807406764694266,69.7926351892613,45.90813182323436
5,19.0,Grain (Winter),Winter Wheat,5.537104454766549,4.325388454267804,140.64245315107033,109.8648667384022
6,19.0,Grain (Winter),Winter Wheat,8.183817709715639,7.117141985736623,207.8689698267772,180.77540643771025
7,19.0,Grain (Winter),Winter Wheat,9.187300002597045,9.021947594111287,233.35742006596493,229.15746889042668
8,19.0,Grain (Winter),Winter Wheat,2.0557524108944647,1.47189413644289,52.2161112367194,37.38611106564941
Season,19.0,Grain (Winter),Winter Wheat,27.711716120858,23.743778935252877,703.8775894697932,603.091984955423
5,19.0,Alfalfa Hay,Alfalfa,5.7758859686373,4.598729292609729,146.7075036033874,116.80772403228713
6,19.0,Alfalfa Hay,Alfalfa,7.20270631559301,6.561360652939444,182.9487404160625,166.65856058466184
7,19.0,Alfalfa Hay,Alfalfa,7.455204702794331,7.1543337409501415,189.362199450976,181.7200770201336
8,19.0,Alfalfa Hay,Alfalfa,7.356106212460406,7.078566539679356,186.84509779649431,179.79559010785562
Season,19.0,Alfalfa Hay,Alfalfa,27.789903199485053,25.392990226178668,705.8635412669203,644.9819517449381
3,20.0,Mint,Mint,0.8079702612136266,-0.0338144959702331,20.522444634826115,-0.8588881976439218
4,20.0,Mint,Mint,0.8999397415909943,0.1310028331783581,22.85846943641125,3.327471962730296
5,20.0,Mint,Mint,1.6985395711486106,0.2908861025979541,43.14290510717471,7.388507005988036
6,20.0,Mint,Mint,5.869859747932701,5.147195701412438,149.09443759749058,130.73877081587594
7,20.0,Mint,Mint,8.878579511109837,8.728789481956557,225.51591958218987,221.7112528416965
8,20.0,Mint,Mint,5.722593777615701,5.284641020071817,145.3538819514388,134.22988190982414
Season,20.0,Mint,Mint,23.87748261061147,19.54870064324689,606.4880583095313,496.5369963384709
4,20.0,Pasture,Grass/Pasture,1.492414723073231,0.7246887210701817,37.90733396606007,18.407093515182613
5,20.0,Pasture,Grass/Pasture,4.071200119502942,2.8870756200879413,103.40848303537472,73.3317207502337
6,20.0,Pasture,Grass/Pasture,6.9369714697671,6.1993645062362415,176.19907533208433,157.46385845840052
7,20.0,Pasture,Grass/Pasture,8.263602155995315,7.944747098491126,209.89549476228095,201.79657630167455
8,20.0,Pasture,Grass/Pasture,5.87685600097556,5.5807168585956575,149.27214242477922,141.7502082083297
9,20.0,Pasture,Grass/Pasture,3.331891603311773,2.892681243998468,84.63004672411903,73.47410359756108
10,20.0,Pasture,Grass/Pasture,0.94866861327203,0.2440923249825264,24.096182777109565,6.1999450545561725
Season,20.0,Pasture,Grass/Pasture,30.921604685897957,26.47336637346214,785.408759021808,672.4235058859383
4,20.0,Grain (Winter),Winter Wheat,2.052110468004115,1.0975460161065833,52.123605887304514,27.877668809107213
5,20.0,Grain (Winter),Winter Wheat,3.659777952867088,2.235507452070117,92.95836000282404,56.78188928258098
6,20.0,Grain (Winter),Winter Wheat,7.659321679242889,7.027684876285859,194.54677065276937,178.5031958576608
7,20.0,Grain (Winter),Winter Wheat,9.478542593699574,9.267256502886315,240.7549818799692,235.38831517331244
8,20.0,Grain (Winter),Winter Wheat,2.603698038427967,2.1891967240555266,66.13393017607036,55.60559679101037
Season,20.0,Grain (Winter),Winter Wheat,25.45345073224163,21.817191571404404,646.5176485989374,554.1566659136719
5,20.0,Alfalfa Hay,Alfalfa,5.148094580783338,3.846343697311256,130.76160235189678,97.6971299117059
6,20.0,Alfalfa Hay,Alfalfa,6.933177413336051,6.191836402666806,176.10270629873568,157.27264462773687
7,20.0,Alfalfa Hay,Alfalfa,7.170770774611562,6.853874871476137,182.13757767513368,174.08842173549385
8,20.0,Alfalfa Hay,Alfalfa,6.608842913532385,6.3052252831440585,167.86461000372256,160.15272219185908
Season,20.0,Alfalfa Hay,Alfalfa,25.860885682263337,23.197280254598255,656.8664963294888,589.2109184667958
5,20.0,Grain (Spring),Spring Wheat,2.8233209481226265,1.6002823072037764,71.71235208231471,40.64717060297592
6,20.0,Grain (Spring),Spring Wheat,6.165314197424231,5.317200685768065,156.59898061457545,135.05689741850884
7,20.0,Grain (Spring),Spring Wheat,9.492626961681957,9.34837737630786,241.1127248267217,237.4487853582196
8,20.0,Grain (Spring),Spring Wheat,5.766707548352425,5.411733552638253,146.4743717281516,137.45803223701162
9,20.0,Grain (Spring),Spring Wheat,1.0522300136179297,0.5618121311471589,26.726642345895414,14.270028131137837
Season,20.0,Grain (Spring),Spring Wheat,25.30019966919917,22.239406053065117,642.6250715976589,564.8809137478538
4,21.0,Pasture,Grass/Pasture,2.751845505207748,1.561313580121347,69.89687583227679,39.65736493508221
5,21.0,Pasture,Grass/Pasture,5.197248400822987,3.430509230642285,132.01010938090388,87.13493445831404
6,21.0,Pasture,Grass/Pasture,7.226279380939255,6.130528537734429,183.54749627585707,155.7154248584545
7,21.0,Pasture,Grass/Pasture,8.24857267395286,7.817263888378752,209.51374591840263,198.5585027648203
8,21.0,Pasture,Grass/Pasture,6.489620383742607,6.008162641754947,164.8363577470622,152.60733110057566
9,21.0,Pasture,Grass/Pasture,3.780644313614993,3.268356033374269,96.02836556582082,83.01624324770643
10,21.0,Pasture,Grass/Pasture,1.5217945112559494,0.599068678981785,38.65358058590111,15.216344446137336
Season,21.0,Pasture,Grass/Pasture,35.2160051695364,28.815202590987816,894.4865313062246,731.9061458110905
3,21.0,Grain (Winter),Winter Wheat,2.1891815867074,0.7188251852461118,55.60521230236796,18.25815970525124
4,21.0,Grain (Winter),Winter Wheat,4.207837626944792,2.7359532423195696,106.87907572439772,69.49321235491706
5,21.0,Grain (Winter),Winter Wheat,6.739697680028645,4.910117746259876,171.18832107272758,124.71699075500084
6,21.0,Grain (Winter),Winter Wheat,7.889099939321375,6.826710343355505,200.3831384587629,173.39844272122983
7,21.0,Grain (Winter),Winter Wheat,3.255866492522497,2.848953287739996,82.69900891007143,72.3634135085959
Season,21.0,Grain (Winter),Winter Wheat,24.281683325524707,18.040559804921056,616.7547564683275,458.2302190449948
3,21.0,Mint,Mint,1.1610583141593391,-0.0610808292654478,29.49088117964721,-1.551453063342375
4,21.0,Mint,Mint,1.3213641127154685,0.0890377675834141,33.562648462972895,2.261559296618718
5,21.0,Mint,Mint,3.9919082329477376,2.371804411927225,101.39446911687256,60.24383206295152
6,21.0,Mint,Mint,7.30330366244835,6.669445394731813,185.5039130261881,169.40391302618804
7,21.0,Mint,Mint,10.099576091645064,10.018867430227736,256.52923272778463,254.47923272778448
8,21.0,Mint,Mint,5.088426002777869,4.110079546084956,129.24602047055785,104.39602047055789
Season,21.0,Mint,Mint,28.965636416693822,23.19815372128969,735.7271649840231,589.2331045207582
4,21.0,Alfalfa Hay,Alfalfa,3.694200192920402,2.2709469148358696,93.8326849001782,57.68205163683108
5,21.0,Alfalfa Hay,Alfalfa,6.014539566215776,4.252115534485082,152.76930498188068,108.00373457592109
6,21.0,Alfalfa Hay,Alfalfa,6.181351311224175,5.040398448919818,157.00632330509404,128.02612060256337
7,21.0,Alfalfa Hay,Alfalfa,8.616377996511016,8.180840073182958,218.85600111137975,207.79333785884717
8,21.0,Alfalfa Hay,Alfalfa,6.911776075411038,6.412650484401411,175.55911231544036,162.88132230379583
9,21.0,Alfalfa Hay,Alfalfa,4.562369587882239,4.048439734184804,115.88418753220888,102.830369248294
Season,21.0,Alfalfa Hay,Alfalfa,35.980614730164646,30.205391190009948,913.907614146182,767.2169362262526
4,22.0,Peas,Peas,2.008422295505945,0.3271493166371412,51.013926305851,8.309592642583386
5,22.0,Peas,Peas,2.986995620776491,0.7247697120706669,75.86968876772286,18.409150686594938
6,22.0,Peas,Peas,5.008353825305028,3.249400537654776,127.21218716274772,82.5347736564313
7,22.0,Peas,Peas,6.8669024918892205,6.443634730417403,174.4193232939862,163.66832215260203
Season,22.0,Peas,Peas,16.870674233476684,10.744954296779987,428.5151255303078,272.9218391382117
5,22.0,Potatoes,Potatoes,2.9196144438814287,1.5993547622714872,74.15820687458829,40.623610961695775
6,22.0,Potatoes,Potatoes,3.4882527416298204,2.3643266745034204,88.60161963739743,60.05389753238688
7,22.0,Potatoes,Potatoes,6.7349394250337,6.445569346293542,171.06746139585596,163.71746139585596
8,22.0,Potatoes,Potatoes,5.817034177092319,5.081505983908162,147.7526680981449,129.0702519912673
9,22.0,Potatoes,Potatoes,3.7646552668417934,3.319773545698639,95.62224377778156,84.32224806074542
10,22.0,Potatoes,Potatoes,2.161551059412612,1.3288738940582805,54.90339690908034,33.75339690908032
Season,22.0,Potatoes,Potatoes,24.886047113891674,20.13940420673353,632.1055966928485,511.5408668510317
3,22.0,Pasture,Grass/Pasture,0.6545349241789079,0.0251763799800852,16.62518707414426,0.6394800514941653
4,22.0,Pasture,Grass/Pasture,1.5306099366524897,0.3904251682313329,38.87749239097324,9.916799273075856
5,22.0,Pasture,Grass/Pasture,3.851899383102906,1.7500119192616943,97.8382443308138,44.45030274924703
6,22.0,Pasture,Grass/Pasture,5.767462108665255,4.003041856099946,146.49353756009745,101.67726314493862
7,22.0,Pasture,Grass/Pasture,7.985833100957502,7.251776487258569,202.84016076432056,184.19512277636764
8,22.0,Pasture,Grass/Pasture,5.837271181416497,4.910115504425647,148.266688007979,124.71693381241144
9,22.0,Pasture,Grass/Pasture,3.4929520775673275,2.56904162505349,88.72098277021011,65.25365727635865
10,22.0,Pasture,Grass/Pasture,1.2539481804273511,0.1307322220839668,31.85028378285472,3.320598440932757
Season,22.0,Pasture,Grass/Pasture,30.37451089296824,21.03032116239473,771.5125766813932,534.1701575248262
3,22.0,Grain (Winter),Winter Wheat,1.6707922124593837,0.2253887557540685,42.43812219646834,5.724874396153342
4,22.0,Grain (Winter),Winter Wheat,2.600363992703848,0.7423387414071261,66.04924541467773,18.855404031741003
5,22.0,Grain (Winter),Winter Wheat,4.24352778851883,1.8051694052822975,107.78560582837828,45.85130289417036
6,22.0,Grain (Winter),Winter Wheat,6.658779569739748,4.769894305088527,169.13300107138957,121.15531534924855
7,22.0,Grain (Winter),Winter Wheat,8.477487260590276,7.624875773257689,215.32817641899305,193.6718446407453
Season,22.0,Grain (Winter),Winter Wheat,23.650950824012085,15.167666980789708,600.734150929907,385.2587413120585
1,22.0,Grass Seed (Spring),Sod/Grass Seed,0.2698891265731745,0.0221220278829236,6.855183814958632,0.5618995082262594
2,22.0,Grass Seed (Spring),Sod/Grass Seed,0.4731455635403084,0.104824925611796,12.017897313923832,2.6625531105396183
3,22.0,Grass Seed (Spring),Sod/Grass Seed,1.0798670104901005,-0.2805472584687264,27.42862206644855,-7.12590036510565
4,22.0,Grass Seed (Spring),Sod/Grass Seed,3.028975286601557,1.57967532190948,76.93597227967955,40.123753176500784
5,22.0,Grass Seed (Spring),Sod/Grass Seed,5.094470511191807,4.1928957080422,129.3995509842719,106.49955098427188
6,22.0,Grass Seed (Spring),Sod/Grass Seed,6.183351217241281,5.246795322477039,157.05712091792853,133.2686011909168
7,22.0,Grass Seed (Spring),Sod/Grass Seed,4.749387065008698,4.658835883906336,120.6344314512209,118.33443145122094
8,22.0,Grass Seed (Spring),Sod/Grass Seed,2.455986579998231,1.9677976036202776,62.38205913195507,49.98205913195505
9,22.0,Grass Seed (Spring),Sod/Grass Seed,2.084708745777827,1.316992210344756,52.951602142756805,33.4516021427568
10,22.0,Grass Seed (Spring),Sod/Grass Seed,1.3055358804805142,0.1008114710316952,33.16061136420506,2.560611364205058
Season,22.0,Grass Seed (Spring),Sod/Grass Seed,26.725316986903497,18.910203216357772,678.8230514673488,480.3191616954875
4,22.0,Alfalfa Hay,Alfalfa,2.237843731569228,0.5493088357623959,56.84123078185839,13.952444428364856
5,22.0,Alfalfa Hay,Alfalfa,4.562849337624284,2.310028101557303,115.8963731756568,58.67471377955549
6,22.0,Alfalfa Hay,Alfalfa,6.295959290679605,4.548411628360382,159.91736598326196,115.5296553603537
7,22.0,Alfalfa Hay,Alfalfa,6.322259985260729,5.61681542607464,160.5854036256225,142.66711182229582
8,22.0,Alfalfa Hay,Alfalfa,6.89257113395192,5.97325919038562,175.07130680237876,151.72078343579474
9,22.0,Alfalfa Hay,Alfalfa,3.535216111756968,2.622505443270382,89.79448923862697,66.6116382590677
Season,22.0,Alfalfa Hay,Alfalfa,29.84669959084273,21.62032862541072,758.1061696074053,549.1563470854323
4,22.0,Grain (Spring),Spring Wheat,1.6547544860065748,0.1683718430358048,42.030763944567,4.276644813109443
5,22.0,Grain (Spring),Spring Wheat,2.9566668879148907,0.7900607048138663,75.09933895303823,20.0675419022722
6,22.0,Grain (Spring),Spring Wheat,4.9295718042143015,3.11611969252822,125.21112382704324,79.14944019021678
7,22.0,Grain (Spring),Spring Wheat,8.56900892235087,7.782707135812418,217.65282662771207,197.6807612496354
8,22.0,Grain (Spring),Spring Wheat,7.305883155531933,6.245699335395396,185.5694321505111,158.64076311904304
Season,22.0,Grain (Spring),Spring Wheat,25.41588525601857,18.102958711585703,645.5634855028716,459.8151512742768
4,23.0,Peas,Peas,2.0062014380263244,0.4175960774298375,50.95751652586864,10.606940366717874
5,23.0,Peas,Peas,3.107521803980388,1.2714329120417285,78.93105382110184,32.2943959658599
6,23.0,Peas,Peas,5.705321871428456,4.204489453947927,144.91517553428278,106.79403213027734
7,23.0,Peas,Peas,5.200903684622765,4.897685232344996,132.10295358941823,124.40120490156288
Season,23.0,Peas,Peas,16.019948798057936,10.791203675764487,406.9066994706715,274.096573364418
5,23.0,Potatoes,Potatoes,2.746893432697444,1.0980010353929268,69.77109319051506,27.88922629898034
6,23.0,Potatoes,Potatoes,4.070418412534285,2.7789541894737124,103.38862767837084,70.58543641263229
7,23.0,Potatoes,Potatoes,6.642102482222232,6.202599432841437,168.7094030484447,157.54602559417248
8,23.0,Potatoes,Potatoes,5.9345005721805295,5.442261642189188,150.73631453338544,138.23344571160538
9,23.0,Potatoes,Potatoes,3.4398586373086464,2.83121714823763,87.3724093876396,71.91291556523579
10,23.0,Potatoes,Potatoes,1.3971543053002575,0.3099733821395232,35.48771935462654,7.873323906343889
Season,23.0,Potatoes,Potatoes,24.230927842243396,18.66300683027442,615.4655671929821,474.0403734889702
3,23.0,Pasture,Grass/Pasture,0.7435356295661987,0.0434427789121745,18.885804990981445,1.1034465843692345
4,23.0,Pasture,Grass/Pasture,2.027743300632775,0.5175521394565494,51.50467983607248,13.145824342196354
5,23.0,Pasture,Grass/Pasture,4.323136349642605,2.2661354708094734,109.80766328092216,57.55984095856062
6,23.0,Pasture,Grass/Pasture,6.240460853683199,4.7253602402955375,158.50770568355324,120.02415010350664
7,23.0,Pasture,Grass/Pasture,7.581366579405472,7.036095589933815,192.56671111689897,178.71682798431888
8,23.0,Pasture,Grass/Pasture,5.480801613481648,4.842692804335456,139.21236098243386,123.00439723012056
9,23.0,Pasture,Grass/Pasture,2.843083952062457,2.069020828095123,72.2143323823864,52.55312903361612
10,23.0,Pasture,Grass/Pasture,0.9191074940112982,-0.3374446559909862,23.34533034788697,-8.57109426217105
Season,23.0,Pasture,Grass/Pasture,30.159235772485648,21.162855195847143,766.0445886211354,537.5365219745174
3,23.0,Grain (Winter),Winter Wheat,1.9178041464712767,0.4344584813285456,48.71222532037043,11.035245425745057
4,23.0,Grain (Winter),Winter Wheat,3.2297577845687986,1.599452203424192,82.03584772804749,40.62608596697447
5,23.0,Grain (Winter),Winter Wheat,5.646577395512902,3.761058974940685,143.4230658460277,95.5308979634934
6,23.0,Grain (Winter),Winter Wheat,7.257448195252889,5.923616867506129,184.33918415942333,150.45986843465568
7,23.0,Grain (Winter),Winter Wheat,6.033727001493205,5.542962474690197,153.2566658379274,140.791246857131
Season,23.0,Grain (Winter),Winter Wheat,24.08531452329907,17.26154900188975,611.7669888917964,438.44334464799965
1,23.0,Grass Seed (Spring),Sod/Grass Seed,0.3098734686678145,-0.0237231739757019,7.870786104162489,-0.6025686189828289
2,23.0,Grass Seed (Spring),Sod/Grass Seed,0.4155186703717089,0.0205177393918334,10.554174227441406,0.5211505805525689
3,23.0,Grass Seed (Spring),Sod/Grass Seed,0.8836732219183489,0.0840729959420781,22.44529983672606,2.135454096928784
4,23.0,Grass Seed (Spring),Sod/Grass Seed,2.2818485826163646,0.8292630380155082,57.958953998455655,21.063281165593907
5,23.0,Grass Seed (Spring),Sod/Grass Seed,4.259776397640887,2.464935522399995,108.19832050007852,62.60936226895987
6,23.0,Grass Seed (Spring),Sod/Grass Seed,5.492205444674831,4.130978584443178,139.50201829474068,104.92685604485672
7,23.0,Grass Seed (Spring),Sod/Grass Seed,5.703256731158356,5.250583877030054,144.86272097142222,133.36483047656336
8,23.0,Grass Seed (Spring),Sod/Grass Seed,2.8226179820244317,2.2688256491150898,71.69449674342054,57.62817148752328
9,23.0,Grass Seed (Spring),Sod/Grass Seed,1.4452009783352526,0.7929455555538605,36.70810484971541,20.140817111068056
10,23.0,Grass Seed (Spring),Sod/Grass Seed,0.7438751183423431,-0.5168185546052488,18.894428005895517,-13.12719128697332
11,23.0,Grass Seed (Spring),Sod/Grass Seed,1.0492791104991208,-0.3699751802989252,26.65168940667767,-9.3973695795927
12,23.0,Grass Seed (Spring),Sod/Grass Seed,0.2769849498775066,-0.3027219172747293,7.035417726888669,-7.689136698778126
Season,23.0,Grass Seed (Spring),Sod/Grass Seed,24.980355787373323,14.132639969584629,634.5010369992824,358.9690552274496
4,23.0,Alfalfa Hay,Alfalfa,3.056484268332368,1.3511559591551632,77.63470041564213,34.319361362541144
5,23.0,Alfalfa Hay,Alfalfa,5.504768298195742,3.4746912006173574,139.82111477417183,88.25715649568087
6,23.0,Alfalfa Hay,Alfalfa,5.7466182473640135,4.329076225791836,145.96410348304593,109.95853613511262
7,23.0,Alfalfa Hay,Alfalfa,7.553746905406072,7.034339643444314,191.8651713973142,178.67222694348555
8,23.0,Alfalfa Hay,Alfalfa,6.017606933543303,5.392799940874961,152.8472161119999,136.977118498224
9,23.0,Alfalfa Hay,Alfalfa,4.341672267836691,3.6388642524525183,110.27847560305192,92.42715201229396
Season,23.0,Alfalfa Hay,Alfalfa,32.22089692067819,25.22092722233615,818.410781785226,640.6115514473382
4,23.0,Grain (Spring),Spring Wheat,2.0673349994561057,0.571617305034055,52.51030898618508,14.519079547864996
5,23.0,Grain (Spring),Spring Wheat,3.6669231658549286,1.842976620388029,93.13984841271518,46.811606157855934
6,23.0,Grain (Spring),Spring Wheat,6.627688634972859,5.308384284593193,168.3432913283106,134.8329608286671
7,23.0,Grain (Spring),Spring Wheat,8.924582136442575,8.425183008906565,226.6843862656414,213.99964842622677
8,23.0,Grain (Spring),Spring Wheat,4.467153442746667,3.900120156872029,113.46569744576531,99.06305198454956
Season,23.0,Grain (Spring),Spring Wheat,25.753682379473137,20.04828137579387,654.1435324386176,509.22634694516427
4,24.0,Peas,Peas,0.995211256519462,0.2471882678347157,25.27836591559433,6.27858200300178
5,24.0,Peas,Peas,2.4171548750711387,1.4132178519825564,61.39573382680692,35.895733440356935
6,24.0,Peas,Peas,6.861980126004996,5.931938209028706,174.29429520052688,150.67123050932912
7,24.0,Peas,Peas,3.8426857949151145,3.634106376419052,97.6042191908439,92.30630196104391
Season,24.0,Peas,Peas,14.117032052510712,11.22645070526503,358.57261413377205,285.15184791373173
5,24.0,Potatoes,Potatoes,2.6364363386275502,1.0524530483970274,66.96548300113977,26.732307429284493
6,24.0,Potatoes,Potatoes,3.64195144113568,2.5203346912019686,92.50556660484628,64.01650115653
7,24.0,Potatoes,Potatoes,6.25531875592854,5.622451403810536,158.8850964005849,142.8102656567876
8,24.0,Potatoes,Potatoes,5.701350745608431,5.130835296035863,144.81430893845413,130.3232165193109
9,24.0,Potatoes,Potatoes,2.6444156264839376,2.151939781979268,67.16815691269201,54.659270462273405
10,24.0,Potatoes,Potatoes,0.7958972076808588,0.0069817485783139,20.215789075093813,0.1773364138891751
Season,24.0,Potatoes,Potatoes,21.675370115465,16.484995970002977,550.554400932811,418.7188976380756
5,24.0,Corn (Sweet),Sweet Corn,3.5530961712285194,2.52160007467734,90.2486427492044,64.04864189680443
6,24.0,Corn (Sweet),Sweet Corn,5.045661630247341,4.644086824042618,128.15980540828247,117.95980533068249
7,24.0,Corn (Sweet),Sweet Corn,7.905128427560673,7.409065427450436,200.79026206004107,188.19026185724107
8,24.0,Corn (Sweet),Sweet Corn,7.092011445785144,6.962090181954434,180.13709072294265,176.8370906216426
9,24.0,Corn (Sweet),Sweet Corn,1.658383318865263,1.4064148088258928,42.12293629917768,35.72293614417767
Season,24.0,Corn (Sweet),Sweet Corn,25.25428099368694,22.94325731695072,641.4587372396483,582.7587358505483
3,24.0,Pasture,Grass/Pasture,0.548265800840357,0.0478208555043951,13.925951341345067,1.214649729811636
4,24.0,Pasture,Grass/Pasture,1.4925631585222356,0.7410130400850503,37.91110422646479,18.82173121816028
5,24.0,Pasture,Grass/Pasture,4.262030402428271,2.836863169469779,108.25557222167808,72.05632450453238
6,24.0,Pasture,Grass/Pasture,6.649395884658853,5.584868107622578,168.89465547033487,141.85564993361348
7,24.0,Pasture,Grass/Pasture,8.492133824531075,8.023879772554597,215.7001991430893,203.8065462228868
8,24.0,Pasture,Grass/Pasture,6.0125818966219935,5.545917751780903,152.71958017419863,140.86631089523493
9,24.0,Pasture,Grass/Pasture,3.4033193873246104,2.91934861151326,86.4443124380451,74.15145473243679
10,24.0,Pasture,Grass/Pasture,0.873670638306893,0.2322545472592889,22.19123421299508,5.899265500385938
Season,24.0,Pasture,Grass/Pasture,31.733960993234284,25.931965855789848,806.0426092281508,658.6719327370621
3,24.0,Grain (Winter),Winter Wheat,1.4963556410451384,0.4837974979019263,38.00743328254652,12.288456446708926
4,24.0,Grain (Winter),Winter Wheat,2.2341827668027308,1.1248665968590923,56.74824227678936,28.571611560220944
5,24.0,Grain (Winter),Winter Wheat,4.48081917846185,2.842855291225312,113.81280713293098,72.20852439712291
6,24.0,Grain (Winter),Winter Wheat,7.012410208787541,5.862616563943286,178.11521930320353,148.91046072415946
7,24.0,Grain (Winter),Winter Wheat,8.062505942435818,7.441630164030952,204.78765093786976,189.01740616638617
Season,24.0,Grain (Winter),Winter Wheat,23.28627373753308,17.75576611396057,591.4713529333401,450.9964592945984
4,24.0,Alfalfa Hay,Alfalfa,2.5190509097983727,1.3546080910860891,63.98389310887866,34.40704551358666
5,24.0,Alfalfa Hay,Alfalfa,5.208423452905354,3.55863992505342,132.29395570379597,90.38945409635686
6,24.0,Alfalfa Hay,Alfalfa,5.953504488989811,4.791959877398559,151.21901402034118,121.71578088592338
7,24.0,Alfalfa Hay,Alfalfa,7.009628280071087,6.423504373355148,178.0445583138056,163.15701108322074
8,24.0,Alfalfa Hay,Alfalfa,6.093651510418779,5.541176092264093,154.77874836463698,140.74587274350796
9,24.0,Alfalfa Hay,Alfalfa,3.5521800673181394,3.0186577974994604,90.22537370988074,76.67390805648628
Season,24.0,Alfalfa Hay,Alfalfa,30.336438709501543,24.68854615665677,770.5455432213391,627.0890723790819
1,24.0,Grass Seed (Spring),Sod/Grass Seed,0.2281826229342223,-0.1024749342272027,5.795838622529248,-2.6028633293709498
2,24.0,Grass Seed (Spring),Sod/Grass Seed,0.3284652618280726,-0.0289606508473687,8.343017650433044,-0.7356005315231667
3,24.0,Grass Seed (Spring),Sod/Grass Seed,0.5422852138241528,-0.0395720560619519,13.77404443113348,-1.0051302239735798
4,24.0,Grass Seed (Spring),Sod/Grass Seed,1.470937179690018,0.6094282375826112,37.361804364126456,15.479477234598324
5,24.0,Grass Seed (Spring),Sod/Grass Seed,3.773893533309611,2.148002672441256,95.85689574606413,54.5592678800079
6,24.0,Grass Seed (Spring),Sod/Grass Seed,5.577795776192862,4.420993382816593,141.6760127152987,112.29323192354146
7,24.0,Grass Seed (Spring),Sod/Grass Seed,6.725505186629253,6.564748837607125,170.827831740383,166.74462047522096
8,24.0,Grass Seed (Spring),Sod/Grass Seed,3.307504087875687,2.5983793258636734,84.01060383204245,65.9988348769373
9,24.0,Grass Seed (Spring),Sod/Grass Seed,1.3202642610187556,0.8269191663680371,33.53471222987639,21.00374682574814
10,24.0,Grass Seed (Spring),Sod/Grass Seed,0.6218867702492816,-0.067616410302715,15.795923964331752,-1.717456821688962
11,24.0,Grass Seed (Spring),Sod/Grass Seed,3.7956303773544446,2.0686669620951035,96.40901158480288,52.54414083721563
12,24.0,Grass Seed (Spring),Sod/Grass Seed,0.1687698756770505,-0.4654828166456302,4.286754842197083,-11.823263542799006
Season,24.0,Grass Seed (Spring),Sod/Grass Seed,24.06566569639097,16.050402777664182,611.2679086883305,407.6802305526702
4,24.0,Grain (Spring),Spring Wheat,1.5646990082051973,0.435869943921512,39.74335480841201,11.071096575606404
5,24.0,Grain (Spring),Spring Wheat,3.0908648727820585,1.4542889297634982,78.50796776866429,36.938938815992856
6,24.0,Grain (Spring),Spring Wheat,6.026611261505304,4.863736691634095,153.0759260422347,123.538911967506
7,24.0,Grain (Spring),Spring Wheat,8.70325642381132,8.032597573598856,221.06271316480752,204.02797836941093
8,24.0,Grain (Spring),Spring Wheat,5.644915224268164,5.077658017751953,143.38084669641137,128.9725136508996
Season,24.0,Grain (Spring),Spring Wheat,25.030346790572043,19.86415115666992,635.7708084805298,504.5494393794159
5,24.0,Corn (Field),Corn,3.522288820026214,2.096926886906526,89.46613602866583,53.26194292742576
6,24.0,Corn (Field),Corn,3.1392689829697056,2.0663945128168315,79.73743216743051,52.48642062554752
7,24.0,Corn (Field),Corn,6.241685584520959,5.622659568069378,158.53881384683234,142.8155530289622
8,24.0,Corn (Field),Corn,6.931905865859381,6.389855869154133,176.07040899282828,162.30233907651498
9,24.0,Corn (Field),Corn,2.2836082870626413,1.7832161227187475,58.003650491391085,45.29368951705619
Season,24.0,Corn (Field),Corn,22.1187575404389,17.959052959665616,561.816441527148,456.1599451755066
5,25.0,Potatoes,Potatoes,3.2488411733735933,2.217345110381468,82.52056580368927,56.32056580368928
6,25.0,Potatoes,Potatoes,6.767914048236766,6.354714304407247,171.90501682521383,161.40974333194407
7,25.0,Potatoes,Potatoes,8.56372716011755,8.21727046720416,217.51866986698573,208.7186698669857
8,25.0,Potatoes,Potatoes,3.855734706007104,3.643136280810253,97.93566153258044,92.53566153258042
9,25.0,Potatoes,Potatoes,0.3244192534006309,0.0055216156053553,8.240249036376024,0.1402490363760246
10,25.0,Potatoes,Potatoes,0.5344313456473146,-0.284466292147961,13.57455617944179,-7.225443820558208
Season,25.0,Potatoes,Potatoes,23.29506768678296,20.153521486260523,591.6947192442872,511.89944575101725
3,25.0,Pasture,Grass/Pasture,0.7716367289672286,0.0951639722711455,19.59957291576761,2.417164895687096
4,25.0,Pasture,Grass/Pasture,2.3819302322506646,1.220154453140372,60.50102789916688,30.991923109765445
5,25.0,Pasture,Grass/Pasture,5.077995292120795,3.3092407384222944,128.9810804198682,84.05471475592627
6,25.0,Pasture,Grass/Pasture,7.296986013704709,6.149502015231154,185.3434447480996,156.19735118687132
7,25.0,Pasture,Grass/Pasture,8.521699707178042,8.054859199868584,216.45117256232223,204.59342367666204
8,25.0,Pasture,Grass/Pasture,6.580332254982546,6.030920841664882,167.14043927655666,153.185389378288
9,25.0,Pasture,Grass/Pasture,4.131496020956526,3.5183999206108743,104.93999893229577,89.3673579835162
10,25.0,Pasture,Grass/Pasture,1.4301999378348378,0.4506610500949625,36.32707842100488,11.446790672412046
Season,25.0,Pasture,Grass/Pasture,36.19227618799535,28.82890219130427,919.2838151750816,732.2541156591284
3,25.0,Grain (Winter),Winter Wheat,1.634429736448445,0.387188978758453,41.5145153057905,9.834600060464703
4,25.0,Grain (Winter),Winter Wheat,2.906108175309188,1.6170161971443449,73.81514765285337,41.07221140746636
5,25.0,Grain (Winter),Winter Wheat,5.846884050234292,4.040850619691315,148.510854875951,102.6376057401594
6,25.0,Grain (Winter),Winter Wheat,8.024621968368754,6.741502157186809,203.82539799656632,171.23415479254493
7,25.0,Grain (Winter),Winter Wheat,6.16719384786061,5.872515218827134,156.6467237356595,149.1618865582092
Season,25.0,Grain (Winter),Winter Wheat,24.57923777822129,18.65907317160806,624.3126395668207,473.9404585588447
4,25.0,Alfalfa Hay,Alfalfa,3.101705444504386,1.7574535490707066,78.7833182904114,44.639320146395946
5,25.0,Alfalfa Hay,Alfalfa,6.135853023406123,4.392000462322995,155.85066679451552,111.55681174300408
6,25.0,Alfalfa Hay,Alfalfa,6.095766832142756,4.924515781450008,154.83247753642598,125.0827008488302
7,25.0,Alfalfa Hay,Alfalfa,8.808391192340292,8.403947987996887,223.73313628544335,213.4602788951209
8,25.0,Alfalfa Hay,Alfalfa,6.743772278120932,6.202259348257369,171.29181586427163,157.53738744573718
9,25.0,Alfalfa Hay,Alfalfa,4.630796076077198,4.039252577169455,117.62222033236084,102.59701546010416
Season,25.0,Alfalfa Hay,Alfalfa,35.51628484659169,29.71942970626742,902.1136351034288,754.8735145391925
4,25.0,Grain (Spring),Spring Wheat,1.83947122434011,0.3736968940819943,46.72256909823879,9.491901109682654
5,25.0,Grain (Spring),Spring Wheat,3.586928310875535,1.8155961671190903,91.10797909623858,46.1161426448249
6,25.0,Grain (Spring),Spring Wheat,6.995002500372743,5.955705460099,177.67306350946765,151.27491868651458
7,25.0,Grain (Spring),Spring Wheat,10.14572330542144,9.949861422411802,257.70137195770457,252.72648012925976
8,25.0,Grain (Spring),Spring Wheat,4.199558461476474,3.8360989751796937,106.66878492150242,97.43691396956422
Season,25.0,Grain (Spring),Spring Wheat,26.7666838024863,21.930958918891577,679.8737685831519,557.046356539846
5,25.0,Corn (Field),Corn,3.5013075391758237,2.095303499780053,88.9332114950659,53.22070889441334
6,25.0,Corn (Field),Corn,4.8240976166993725,3.759057014691885,122.53207946416406,95.48004817317388
7,25.0,Corn (Field),Corn,9.619937838272795,9.269941769162708,244.346421092129,235.4565209367328
8,25.0,Corn (Field),Corn,8.834720613628463,8.30612877782241,224.40190358616292,210.9756709566892
9,25.0,Corn (Field),Corn,2.8754811404635907,2.3869040924026788,73.0372209677752,60.62736394702804
Season,25.0,Corn (Field),Corn,29.655544748240047,25.817335153859734,753.2508366052972,655.7603129080372
4,26.0,Potatoes,Potatoes,1.8081936181337168,0.9717881191181508,45.928117900596405,24.683418225601027
5,26.0,Potatoes,Potatoes,3.904937249007305,2.6889106619510783,99.18540612478554,68.29833081355738
6,26.0,Potatoes,Potatoes,6.407869308833956,5.705836983953353,162.75988044438247,144.92825939241516
7,26.0,Potatoes,Potatoes,7.448430628444048,7.19138971959339,189.1901379624788,182.6612988776721
8,26.0,Potatoes,Potatoes,3.671251531885488,3.387652787725776,93.2497889098914,86.0463808082347
9,26.0,Potatoes,Potatoes,0.6952321900211343,0.2191294039422442,17.65889762653681,5.565886860133002
Season,26.0,Potatoes,Potatoes,23.93591452632565,20.164707676283992,607.9722289686715,512.1835749776134
5,26.0,Corn (Sweet),Sweet Corn,4.211874883271829,3.014698635019265,106.98162203510444,76.57334532948933
6,26.0,Corn (Sweet),Sweet Corn,5.717252206975146,4.9386342328664,145.2182060571687,125.44130951480656
7,26.0,Corn (Sweet),Sweet Corn,9.37744909182642,9.137341148087533,238.18720693239104,232.08846516142333
8,26.0,Corn (Sweet),Sweet Corn,4.692520694245429,4.31681582928799,119.1900256338339,109.64712206391496
Season,26.0,Corn (Sweet),Sweet Corn,23.99909687631882,21.407489845261185,609.577060658498,543.750242069634
3,26.0,Pasture,Grass/Pasture,1.0764961809416385,0.391027725187663,27.34300299591761,9.93210421976664
4,26.0,Pasture,Grass/Pasture,3.3870896965639536,2.5642190703441914,86.03207829272442,65.13116438674246
5,26.0,Pasture,Grass/Pasture,6.280667861442041,5.021671015466804,159.5289636806278,127.55044379285684
6,26.0,Pasture,Grass/Pasture,8.050905145082858,7.285499939612005,204.4929906851046,185.0516984661449
7,26.0,Pasture,Grass/Pasture,7.709435609756301,7.442712604666772,195.81966448781003,189.044900158536
8,26.0,Pasture,Grass/Pasture,6.537629711599057,6.234175821391051,166.05579467461604,158.3480658633327
9,26.0,Pasture,Grass/Pasture,4.156129502453671,3.6763864003522047,105.56568936232324,93.380214568946
10,26.0,Pasture,Grass/Pasture,1.7404803698545368,1.0928296961929722,44.20820139430524,27.757874283301494
Season,26.0,Pasture,Grass/Pasture,38.93883407769406,33.70852227321366,989.0463855734292,856.1964657396269
2,26.0,Grain (Winter),Winter Wheat,0.9513079261512376,0.1961456742671952,24.16322132424144,4.98210012638676
3,26.0,Grain (Winter),Winter Wheat,1.9810722647638817,1.0561593240444274,50.31923552500259,26.82644683072845
4,26.0,Grain (Winter),Winter Wheat,4.34999614798797,3.49632096329059,110.48990215889444,88.80655246758097
5,26.0,Grain (Winter),Winter Wheat,7.616888981804361,6.400796397217539,193.46898013783075,162.58022848932546
6,26.0,Grain (Winter),Winter Wheat,7.696024825094134,6.974776954206389,195.47903055739096,177.15933463684226
7,26.0,Grain (Winter),Winter Wheat,1.6698066598069945,1.41189322059729,42.41308915909765,35.862087803171164
Season,26.0,Grain (Winter),Winter Wheat,24.26509680560858,19.53609253362343,616.3334588624579,496.2167503540351
4,26.0,Alfalfa Hay,Alfalfa,3.849670140468221,2.994862374839998,97.7816215678928,76.06950432093595
5,26.0,Alfalfa Hay,Alfalfa,6.954066535410242,5.717955589225812,176.63328999942013,145.23607196633563
6,26.0,Alfalfa Hay,Alfalfa,6.50044973423329,5.738760752396097,165.11142324952556,145.76452311086084
7,26.0,Alfalfa Hay,Alfalfa,8.633799911573115,8.339636354705624,219.29851775395716,211.82676340952284
8,26.0,Alfalfa Hay,Alfalfa,7.431644157449403,7.101332317458045,188.76376159921483,180.37384086343437
9,26.0,Alfalfa Hay,Alfalfa,3.963722601692005,3.4633873890314484,100.6785540829769,87.97003968139879
10,26.0,Alfalfa Hay,Alfalfa,2.001606228986381,1.351488288183576,50.84079821625408,34.32780251986283
Season,26.0,Alfalfa Hay,Alfalfa,39.33495930981265,34.7074230658406,999.1079664692412,881.5685458723513
1,26.0,Grass Seed (Spring),Sod/Grass Seed,0.2713844806142292,-0.3994897164946516,6.893165807601421,-10.14703879896415
2,26.0,Grass Seed (Spring),Sod/Grass Seed,0.3510654921200127,-0.0142212853730149,8.917063499848323,-0.3612206484745801
3,26.0,Grass Seed (Spring),Sod/Grass Seed,0.841689259596492,0.1700343650425547,21.37890719375089,4.318872872080891
4,26.0,Grass Seed (Spring),Sod/Grass Seed,3.1275677104452715,2.4331979040470832,79.4402198453099,61.80322676279591
5,26.0,Grass Seed (Spring),Sod/Grass Seed,5.841797823897913,4.693091683065603,148.38166472700698,119.20452874986633
6,26.0,Grass Seed (Spring),Sod/Grass Seed,7.04375923535882,6.217658989724633,178.91148457811403,157.92853833900568
7,26.0,Grass Seed (Spring),Sod/Grass Seed,5.49503586145568,5.288014858240129,139.57391088097427,134.3155773992993
8,26.0,Grass Seed (Spring),Sod/Grass Seed,2.4761500128368024,2.2604347825311923,62.894210326054775,57.41504347629228
9,26.0,Grass Seed (Spring),Sod/Grass Seed,1.7529097404899694,1.3314858508318326,44.52390740844522,33.819740611128545
10,26.0,Grass Seed (Spring),Sod/Grass Seed,1.478492678680713,0.6191741965717892,37.553714038490114,15.727024592923444
11,26.0,Grass Seed (Spring),Sod/Grass Seed,0.201530372923214,-0.4199174759909148,5.118871472249637,-10.665903890169236
12,26.0,Grass Seed (Spring),Sod/Grass Seed,0.200476290581404,-0.5247566231383879,5.092097780767662,-13.328818227715052
Season,26.0,Grass Seed (Spring),Sod/Grass Seed,28.880855627248213,22.1270445786225,733.5737329321046,562.0269322970114
3,26.0,Grain (Spring),Spring Wheat,1.0839838733773064,0.1945711789864979,27.53319038378358,4.942107946257046
4,26.0,Grain (Spring),Spring Wheat,2.136717806529968,1.36216707984222,54.27263228586118,34.59904382799238
5,26.0,Grain (Spring),Spring Wheat,5.2873725183535205,4.111830246436402,134.29926196617942,104.4404882594846
6,26.0,Grain (Spring),Spring Wheat,8.61991913691138,7.808832570629852,218.94594607754905,198.34434729399825
7,26.0,Grain (Spring),Spring Wheat,7.582122790887271,7.340338083716347,192.58591888853667,186.4445873263952
8,26.0,Grain (Spring),Spring Wheat,1.427757895818555,1.0815711535148718,36.2650505537913,27.471907299277746
Season,26.0,Grain (Spring),Spring Wheat,26.137874021878,21.89931031312619,663.9020001557011,556.2424819534052
4,26.0,Onions,Onions,1.770365515089746,0.951996803009938,44.96728408327954,24.18071879645242
5,26.0,Onions,Onions,5.073370792255371,3.910529714441437,128.8636181232864,99.32745474681248
6,26.0,Onions,Onions,6.572061345353795,5.866518456068469,166.9303581719864,149.0095687841391
7,26.0,Onions,Onions,7.92813214918516,7.666344753433778,201.37455658930304,194.725156737218
8,26.0,Onions,Onions,6.499136646035884,6.227484870978092,165.07807080931144,158.17811572284353
Season,26.0,Onions,Onions,27.84306644791996,24.622874597931716,707.2138877771669,625.4210147874654
5,26.0,Corn (Silage),Corn,3.8720011119229594,2.688477884277041,98.34882824284314,68.28733826063684
6,26.0,Corn (Silage),Corn,4.729642825253691,4.002165586348782,120.13292776144375,101.65500589325904
7,26.0,Corn (Silage),Corn,9.329798315873717,9.052568522687398,236.9768772231924,229.9352404762599
8,26.0,Corn (Silage),Corn,7.744932411342884,7.444576555474423,196.72128324810924,189.09224450905035
9,26.0,Corn (Silage),Corn,3.0757761360907008,2.588262425623591,78.12471385670379,65.7418656108392
10,26.0,Corn (Silage),Corn,0.66294974052556,0.0111587569160485,16.838923409349224,0.2834324256676332
Season,26.0,Corn (Silage),Corn,29.415100541009508,25.787209731327287,747.1435537416414,654.995127175713
5,26.0,Corn (Field),Corn,3.8720011119229594,2.688477884277041,98.34882824284314,68.28733826063684
6,26.0,Corn (Field),Corn,4.729642825253691,4.002165586348782,120.13292776144375,101.65500589325904
7,26.0,Corn (Field),Corn,9.329798315873717,9.052568522687398,236.9768772231924,229.9352404762599
8,26.0,Corn (Field),Corn,7.744932411342884,7.444576555474423,196.72128324810924,189.09224450905035
9,26.0,Corn (Field),Corn,3.0757761360907008,2.588262425623591,78.12471385670379,65.7418656108392
10,26.0,Corn (Field),Corn,0.66294974052556,0.0111587569160485,16.838923409349224,0.2834324256676332
Season,26.0,Corn (Field),Corn,29.415100541009508,25.787209731327287,747.1435537416414,654.995127175713
3,27.0,Pasture,Grass/Pasture,0.8086587335680306,0.1039648657490925,20.53993183262798,2.64070759002695
4,27.0,Pasture,Grass/Pasture,2.1351562637164982,1.1295596700204331,54.23296909839905,28.690815618519
5,27.0,Pasture,Grass/Pasture,5.279461982812366,3.768652890052616,134.0983343634341,95.72378340733644
6,27.0,Pasture,Grass/Pasture,8.115394544894723,7.166893182673656,206.13102144032595,182.03908683991085
7,27.0,Pasture,Grass/Pasture,9.142774416669557,8.835219263268176,232.22647018340672,224.4145692870117
8,27.0,Pasture,Grass/Pasture,6.71025125847259,6.428649071912568,170.44038196520378,163.28768642657923
9,27.0,Pasture,Grass/Pasture,3.9386518593841537,3.3886758927160328,100.0417572283575,86.07236767498723
10,27.0,Pasture,Grass/Pasture,1.0638826277590612,0.2497661147743965,27.022618745080152,6.344059315269671
Season,27.0,Pasture,Grass/Pasture,37.19423168727698,31.071380951166965,944.7334848568352,789.2130761596409
2,27.0,Grain (Winter),Winter Wheat,1.0171004202195997,-0.1382219294155602,25.83435067357783,-3.5108370071552293
3,27.0,Grain (Winter),Winter Wheat,1.9631836870253483,0.5210961041885688,49.864865650443846,13.235841046389648
4,27.0,Grain (Winter),Winter Wheat,2.601307442902733,1.5636245323505351,66.07320904972941,39.71606312170359
5,27.0,Grain (Winter),Winter Wheat,5.26035126574791,3.2292565787186795,133.6129221499969,82.02311709945445
6,27.0,Grain (Winter),Winter Wheat,8.370700972625638,7.072593039153429,212.6158047046912,179.6438631944971
7,27.0,Grain (Winter),Winter Wheat,8.973927094856672,8.781669873060519,227.93774820935943,223.0544147757372
Season,27.0,Grain (Winter),Winter Wheat,28.186570883377897,21.03001819805617,715.9389004377986,534.1624622306267
4,27.0,Alfalfa Hay,Alfalfa,3.260762710778482,2.205835697408685,82.82337285377344,56.028226714180605
5,27.0,Alfalfa Hay,Alfalfa,6.5995065530252415,5.124483117779781,167.6274664468411,130.16187119160642
6,27.0,Alfalfa Hay,Alfalfa,6.731393246103693,5.830852892111519,170.9773884510338,148.10366345963257
7,27.0,Alfalfa Hay,Alfalfa,8.85675568847832,8.581052289637608,224.9615944873493,217.9587281567952
8,27.0,Alfalfa Hay,Alfalfa,6.426378473831562,6.1831871681536414,163.23001323532168,157.05295407110248
9,27.0,Alfalfa Hay,Alfalfa,4.457376884288178,3.939084478958269,113.21737286091972,100.05274576554002
10,27.0,Alfalfa Hay,Alfalfa,1.1695877797365593,0.429835958372036,29.707529605308604,10.917833342649711
Season,27.0,Alfalfa Hay,Alfalfa,37.50176133624203,32.294331602421536,952.5447379405476,820.276022701507
3,27.0,Grain (Spring),Spring Wheat,1.0628823725149423,-0.0103166849951448,26.99721226187953,-0.2620437988766784
4,27.0,Grain (Spring),Spring Wheat,1.7242711572895004,0.9737283450606556,43.79648739515331,24.73269996454065
5,27.0,Grain (Spring),Spring Wheat,4.519191300451697,2.9133904002211053,114.78745903147308,74.00011616561606
6,27.0,Grain (Spring),Spring Wheat,8.213852336809278,7.206853391057573,208.63184935495565,183.05407613286235
7,27.0,Grain (Spring),Spring Wheat,9.931548514351784,9.74703407487462,252.26133226453533,247.57466550181533
8,27.0,Grain (Spring),Spring Wheat,3.350987358636119,3.23628919502667,85.11507890935742,82.20174555367741
Season,27.0,Grain (Spring),Spring Wheat,28.80273304005332,24.06697872124548,731.5894192173544,611.3012595196351
5,27.0,Corn (Silage),Corn,4.299368794681292,2.9161579923916694,109.2039673849048,74.0704130067484
6,27.0,Corn (Silage),Corn,4.238455445241038,3.221393535330491,107.65676830912236,81.82339579739447
7,27.0,Corn (Silage),Corn,8.686880488101272,8.536643068664652,220.6467643977723,216.83073394408217
8,27.0,Corn (Silage),Corn,8.501324202064657,8.2502701624027,215.93363473244227,209.55686212502857
9,27.0,Corn (Silage),Corn,2.724896859529647,2.083550158189807,69.21238023205304,52.92217401802109
10,27.0,Corn (Silage),Corn,0.5815916874946553,-0.1348911520495112,14.772428862364244,-3.4262352620575856
Season,27.0,Corn (Silage),Corn,29.032517477112563,24.87312376492981,737.4259439186591,631.7773436292172
