HUC8_all,Year,ACRES FTR GEOM,ET VOLUME,EFF VOLUME,CU VOLUME,AW VOLUME,ET RATE,EFF RATE,CU RATE,AW RATE
Alsea (17100205),1985,22.640984829,46.42614602690838,27.223763592121703,19.202382434786674,38.40476486957335,2.050535627206589,1.2024107519056233,0.8481248753009654,1.6962497506019307
Alsea (17100205),1986,8.652282998731156,17.295500738229798,14.863367932499294,2.432132805730506,4.864265611461012,1.9989522696802862,1.7178550371825545,0.28109723249773205,0.5621944649954641
Alsea (17100205),1987,22.64098482824663,51.62444003176146,38.63391271180119,12.990527319960272,25.981054639920544,2.2801322655963006,1.706370681526272,0.5737615840700286,1.1475231681400573
Alsea (17100205),1988,22.64098482824663,45.72423313975479,38.78291087609477,6.941322263660015,13.88264452732003,2.019533756442863,1.712951586262699,0.3065821701801638,0.6131643403603276
Alsea (17100205),1989,22.64098482824663,50.936561037995645,32.67365713979857,18.26290389819707,36.52580779639414,2.2497502394174913,1.4431199608877125,0.8066302785297785,1.613260557059557
Alsea (17100205),1991,22.64098482824663,43.09603941358915,41.37506844854464,1.7209709650445184,3.441941930089037,1.9034525105914577,1.827441198446703,0.07601131214475507,0.15202262428951013
Alsea (17100205),1992,22.64098482824663,48.03720267679813,30.727385022569674,17.309817654228453,34.61963530845691,2.121692278017318,1.3571576172885618,0.7645346607287562,1.5290693214575124
Alsea (17100205),1993,22.64098482824663,49.09948824337937,44.31140651487169,4.788081728507677,9.576163457015355,2.1686109776516176,1.957132468000654,0.21147850965096368,0.42295701930192736
Alsea (17100205),1995,22.64098482824663,50.275835559060695,43.549569728863894,6.726265830196805,13.45253166039361,2.220567521265115,1.9234838969783663,0.29708362428674895,0.5941672485734979
Alsea (17100205),1996,22.64098482824663,46.64229997369259,43.531933098813695,3.1103668748788924,6.220733749757785,2.0600826477964067,1.9227049277690325,0.1373777200273742,0.2747554400547484
Alsea (17100205),1997,8.652282998731156,19.041471469997372,18.17617400052373,0.8652974694736428,1.7305949389472857,2.200745337709108,2.1007373433334577,0.10000799437565061,0.20001598875130122
Alsea (17100205),1998,22.64098482824663,50.639858909246435,40.3559130069657,10.283945902280738,20.567891804561476,2.2366455917619246,1.7824274568047116,0.4542181349572129,0.9084362699144258
Alsea (17100205),1999,8.652282998731156,17.01358401957438,13.572098284559694,3.4414857350146875,6.882971470029375,1.9663693411402976,1.5686146981727274,0.39775464296757007,0.7955092859351401
Alsea (17100205),2000,22.64098482824663,48.92697693386138,37.97706449915055,10.94991243471083,21.89982486942166,2.1609915516051514,1.6773592132693276,0.4836323383358239,0.9672646766716478
Alsea (17100205),2001,22.64098482824663,48.03533220112902,42.92456974292561,5.110762458203414,10.221524916406828,2.1216096634277455,1.895879091327044,0.22573057210070147,0.45146114420140293
Alsea (17100205),2002,22.64098482824663,44.10215104899244,40.89697863499661,3.205172413995832,6.410344827991664,1.9478901374453954,1.8063250757526241,0.14156506169277125,0.2831301233855425
Alsea (17100205),2003,22.64098482824663,44.523487740152916,30.713064925606893,13.810422814546028,27.620845629092056,1.966499605821295,1.3565251316846267,0.6099744741366685,1.219948948273337
Alsea (17100205),2004,22.64098482824663,52.79756418394716,43.72246500807141,9.07509917587575,18.1501983517515,2.3319464495235884,1.9311202820790627,0.4008261674445257,0.8016523348890514
Alsea (17100205),2005,8.652282998731156,19.008381160731787,17.4046471733904,1.6037339873413856,3.2074679746827712,2.1969208778214186,2.011567025251343,0.18535385257007553,0.37070770514015106
Alsea (17100205),2006,22.64098482824663,48.172427625849025,39.97331847135939,8.199109154489632,16.398218308979263,2.1276648516521095,1.7655291399466486,0.3621357117054607,0.7242714234109214
Alsea (17100205),2007,22.64098482824663,46.030028220783066,26.81887727637539,19.211150944407674,38.42230188881535,2.0330400187962026,1.1845278586519994,0.8485121601442029,1.6970243202884059
Alsea (17100205),2008,22.64098482824663,45.53931006835962,32.95985960311666,12.579450465242953,25.158900930485906,2.011366131545007,1.455760862575038,0.5556052689699689,1.1112105379399377
Alsea (17100205),2009,8.652282998731156,17.61727697675243,13.3601095340309,4.257167442721528,8.514334885443056,2.0361420193185977,1.5441137947048358,0.49202822461376206,0.9840564492275241
Alsea (17100205),2010,22.64098482824663,43.72379741977508,43.72379741977508,0.0,0.0,1.9311791316261906,1.9311791316261906,0.0,0.0
Alsea (17100205),2011,8.652282998731156,18.53295253759385,13.982749982247082,4.5502025553467655,9.100405110693531,2.141972533759203,1.6160763562978269,0.5258961774613758,1.0517923549227517
Alsea (17100205),2012,8.652282998731156,18.657014145759327,14.847884072944701,3.809130072814625,7.61826014562925,2.156311131812881,1.7160654679374359,0.44024566387544517,0.8804913277508903
Alsea (17100205),2013,8.652282998731156,20.42419276401103,15.062127743670548,5.362065020340478,10.724130040680956,2.360555331697565,1.7408269870367608,0.6197283446608042,1.2394566893216084
Alsea (17100205),2014,22.64098482824663,52.9527568071481,40.1936709426503,12.759085864497795,25.51817172899559,2.338800949200975,1.7752615995972552,0.5635393496037199,1.1270786992074397
Alsea (17100205),2015,8.652282998731156,19.85166528768117,12.319645131731914,7.532020155949255,15.06404031189851,2.294384648605736,1.4238606311812236,0.8705240174245126,1.7410480348490252
Alsea (17100205),2016,22.64098482824663,51.38459388647789,31.738677155795756,19.645916730682128,39.291833461364256,2.2695388153951264,1.401824054764568,0.8677147606305583,1.7354295212611166
Alsea (17100205),2017,22.64098482824663,51.1182382063171,34.36012977338176,16.75810843293535,33.5162168658707,2.2577745002745013,1.5176075614217301,0.7401669388527715,1.480333877705543
Alsea (17100205),2018,22.64098482824663,51.67157627473438,31.17586474217283,20.495711532561543,40.99142306512309,2.2822141645653824,1.3769659305313515,0.9052482340340307,1.8104964680680613
Alsea (17100205),2019,22.64098482824663,51.02494495189784,37.714844776460225,13.310100175437602,26.620200350875205,2.253653952730877,1.6657775738362592,0.5878763788946175,1.175752757789235
Alsea (17100205),2020,22.640984829,53.878466702418166,44.99789963870706,8.880567063711098,17.761134127422196,2.379687416839184,1.9874532834398138,0.39223413339936997,0.7844682667987399
Alsea (17100205),2021,22.640984829,48.821366026046455,29.55465086158516,19.266715164461296,38.53343032892259,2.156326961692628,1.3053606583283295,0.8509663033642986,1.7019326067285971
Alsea (17100205),2022,22.640984829,44.66351845667632,42.055392683317976,2.608125773358343,5.216251546716686,1.9726844390385558,1.8574895483102298,0.11519489072832605,0.2303897814566521
Alsea (17100205),2023,22.64098482824663,48.511015988747886,25.365609312843148,23.145406675904745,46.29081335180949,2.1426195175143663,1.120340369699701,1.022279147814666,2.044558295629332
Alsea (17100205),2024,22.64098482824663,55.4750869997408,44.94298235820628,10.532104641534525,21.06420928306905,2.4502064473154332,1.985027714083176,0.4651787332322574,0.9303574664645148
Alvord Lake (17120009),1985,7477.247027388998,15937.235028741552,3220.6393483171423,8676.457795467817,13641.04902070662,2.131430855549348,0.43072528385380454,1.1603813226560706,1.8243410938196565
Alvord Lake (17120009),1986,9396.29379162849,22331.5636157864,5966.571649706092,11798.022292919264,19991.89049160826,2.3766353107948186,0.6349920279229598,1.2556038108802605,2.1276357396806587
Alvord Lake (17120009),1987,9250.503339602546,19215.70298871067,5629.454846438283,10307.333269475752,16759.11357046816,2.0772602617682296,0.6085565984650686,1.1142456676220835,1.8116974779869897
Alvord Lake (17120009),1988,6985.539455964034,13545.472453529474,2937.1630414804918,7762.839231533696,11752.85049324555,1.9390732153069117,0.4204633099556591,1.1112726913174942,1.6824542424152136
Alvord Lake (17120009),1989,9489.415732166079,21213.26406425986,5952.77768703951,11746.6432115315,19487.049890317536,2.235465771865563,0.6273070813897953,1.2378679091605338,2.053556345335644
Alvord Lake (17120009),1990,5511.756221013928,11211.583046226257,2694.389855106738,7896.912726626334,11862.173303505504,2.0341217203114628,0.4888441627433017,1.4327398400747193,2.1521585548867708
Alvord Lake (17120009),1991,4473.989259052896,9280.564865019369,3187.9207628312483,5286.919355238436,7052.025756899717,2.0743377615939966,0.7125454663040705,1.1817013964753302,1.5762276904510424
Alvord Lake (17120009),1992,3506.198874928605,7286.058955548889,1572.6453836592177,5418.419868276647,6900.657531632977,2.078050679797007,0.4485328527439108,1.5453829236617331,1.96813066736652
Alvord Lake (17120009),1993,11289.772650449237,25668.724180104393,8482.92516368873,12518.68572572583,20876.16663032739,2.27362631426267,0.7513813985750352,1.1088518886363663,1.8491219687667222
Alvord Lake (17120009),1994,3968.37171545217,8640.36120819217,1758.1525816524743,6240.31399643117,8325.470600107494,2.177306418788356,0.44304130452460505,1.5725124670484976,2.097956340049879
Alvord Lake (17120009),1995,11103.679342632637,24670.614461937195,8404.698761336791,12160.000370121506,20158.513333539147,2.22184140055398,0.7569291675298029,1.0951325227335338,1.8154805007868362
Alvord Lake (17120009),1996,10106.597695206565,24766.736907850758,7102.630053955165,12873.253777848495,21572.906139433184,2.4505513778981545,0.7027716218806113,1.2737475227646708,2.1345369421071294
Alvord Lake (17120009),1997,10847.299465530108,25544.419804967816,6288.773412987869,14353.280007888678,23635.802895006633,2.354910536594046,0.5797547521364145,1.3232122938524618,2.1789573497177854
Alvord Lake (17120009),1998,11432.191977965538,26445.265945330844,10543.095221073616,11502.489098620043,19065.20558865042,2.3132279440637085,0.9222286715788564,1.0061490500500687,1.6676771720940997
Alvord Lake (17120009),1999,10832.440288245261,24634.419449900488,4697.48420774377,14741.630854275705,24379.591952121726,2.2741338788299013,0.43364967474976146,1.3608781089033533,2.250609401334716
Alvord Lake (17120009),2000,8929.50167762875,21141.792353525434,4699.961701951022,12826.792468118965,21120.78126354718,2.3676340647868814,0.5263408722712853,1.4364510956142347,2.3652810678631115
Alvord Lake (17120009),2001,7121.3423055945605,15704.110946076002,2771.126316389853,9685.212811131765,14370.323542934715,2.205217818800646,0.3891297732188555,1.3600262977841995,2.0179234372212833
Alvord Lake (17120009),2002,9264.706966997695,19485.5006367516,3508.5737553773156,12349.334871359299,19966.0311368213,2.103196647898518,0.3787031546572808,1.3329439253016333,2.1550634259608383
Alvord Lake (17120009),2003,3790.2130666520716,8715.331088060655,1980.2131490872418,6127.453847341805,8046.155608184191,2.29943038420238,0.5224543091020425,1.616651554830462,2.122876858553873
Alvord Lake (17120009),2004,8911.31723804862,20164.279025175725,5106.37727781698,12084.347042656509,19649.26167964149,2.2627719883072253,0.5730216017912928,1.3560674275021896,2.2049783611950327
Alvord Lake (17120009),2005,9697.84215712519,22869.582769985987,7607.046699646832,12048.60333697597,19692.127527745306,2.358213548895851,0.7844061159582588,1.242400437310029,2.030567956117653
Alvord Lake (17120009),2006,10254.024700131587,25924.393293247078,5283.0932626641525,15872.973019059817,26135.64458220829,2.528216388333295,0.5152214293570363,1.5479749155330318,2.548818180813715
Alvord Lake (17120009),2007,8395.823172453842,19550.79230220842,4012.194557910014,12723.399837262052,20778.82666589782,2.328633166829111,0.47787983089898406,1.515443998273655,2.474900464086931
Alvord Lake (17120009),2008,6281.55029736108,14165.75125059698,3068.0718147426696,10230.136880808812,15605.200382198698,2.2551361654380297,0.4884258932116784,1.6286006473762629,2.484291240771334
Alvord Lake (17120009),2009,6245.598701674866,14965.521693243123,4741.203744151859,9367.762158027172,14039.966266929569,2.3961708729748934,0.7591271822956577,1.4998981851835986,2.2479776459484193
Alvord Lake (17120009),2010,6510.412852857897,15249.189239305866,3848.289085297211,10286.879123876193,15517.502656238037,2.3422768392655593,0.5910975497672033,1.5800655590314105,2.3834898042489376
Alvord Lake (17120009),2011,11002.797520440174,28004.19474172177,7456.102953207788,15251.691694404124,25381.626153336874,2.5451885931462135,0.6776551999031517,1.3861648972518736,2.3068338853082397
Alvord Lake (17120009),2012,6055.856672028907,14574.16819459341,2707.1714320635315,10730.091296779388,16284.031671248847,2.406623700641613,0.447033603778562,1.7718535754553222,2.688972436626901
Alvord Lake (17120009),2013,4595.184537839195,10416.85246677143,2777.9135194132873,6722.3037672105775,8696.502655309214,2.2669062321640236,0.6045270862439732,1.462901807719701,1.8925252258527556
Alvord Lake (17120009),2014,5065.832528761201,12560.881445555066,3470.9743933192617,7956.156395282474,10265.32343945122,2.479529549040719,0.6851735373431411,1.5705525893545622,2.026384287512462
Alvord Lake (17120009),2015,7300.360909436291,17550.620666256793,6453.2995085048615,10165.013460780647,14613.63754873776,2.4040757551549587,0.8839699281392327,1.392398757661634,2.0017691905955615
Alvord Lake (17120009),2016,7560.682050418059,18153.976270962234,5530.97870711938,11398.90509949152,16415.50052430577,2.4011029891090887,0.7315449413473948,1.5076556616821668,2.1711666242330736
Alvord Lake (17120009),2017,7540.8160988003665,19176.239791224158,5497.505274341236,11971.993513778585,18080.457804823356,2.542992633685208,0.7290331977749476,1.5876257101248172,2.3976791859039888
Alvord Lake (17120009),2018,7599.896721509964,18426.193645125888,4734.829027932767,12432.923410159588,17531.678796277432,2.4245321114659744,0.6230122857501201,1.6359332061672265,2.306831189778879
Alvord Lake (17120009),2019,11365.140035747701,26941.05358520412,10214.48733332824,13268.61265249676,20315.386232862897,2.370499043607402,0.8987559591170703,1.1674834283398103,1.78751745855865
Alvord Lake (17120009),2020,7981.748864895996,20293.358744494406,4919.20122197223,13741.879181227758,19219.23855191018,2.5424702139834654,0.6163061886859214,1.7216626849367576,2.407898178360014
Alvord Lake (17120009),2021,5822.032448636,15480.844111798158,3619.798912190105,10456.01165641528,13033.162687231737,2.659010276630294,0.6217414526843046,1.7959384027247975,2.238593275151735
Alvord Lake (17120009),2022,7923.240132576997,20584.25452644811,4776.605073302792,14002.512768614357,19136.26347896622,2.597959191191795,0.6028600665103436,1.7672710323447063,2.415206804131309
Alvord Lake (17120009),2023,11566.34081863107,28947.44182621033,11745.982483483975,13588.26275678992,20652.572607068327,2.5027311818083184,1.0155314172104921,1.1748108559019752,1.7855753112342279
Alvord Lake (17120009),2024,11015.02765327897,29141.174110765707,7792.227394417538,16613.030267982034,25116.048664477417,2.645583381907436,0.7074178694501903,1.5082150304939672,2.280162107173724
Applegate (17100309),1985,1144.892830103,3126.3426025118974,964.656924537047,1334.7017801737734,2090.5943208328163,2.7306858077106106,0.8425739939783375,1.165787526203389,1.8260174802952835
Applegate (17100309),1986,1215.4224452123017,3506.4822092299096,1391.1510089350052,1296.6094149566331,2031.954463000128,2.8849905010742347,1.1445822926957783,1.0667973263651145,1.6718092306129826
Applegate (17100309),1987,1151.267020373534,3627.421391046428,1014.318935800784,1590.2807010444258,2500.4538214587833,3.1508080461381534,0.8810457677070289,1.3813308927484536,2.1719147488890105
Applegate (17100309),1988,1172.839291905646,3302.037965940078,847.374451485987,1497.1884733121115,2316.721154438437,2.8154223589959027,0.7224983485240855,1.2765504051961445,1.9753099767609217
Applegate (17100309),1989,1339.5018550542766,3644.057754786259,1538.4553137789972,1284.4696025611725,2045.455786848117,2.720457415595443,1.1485279456493616,0.9589158818366293,1.5270272147291915
Applegate (17100309),1990,1139.7570933169134,3212.9605822075773,1163.156036089376,1254.8206051927286,1959.9374335397856,2.8189871342298396,1.0205297627974108,1.100954416121209,1.7196097703906268
Applegate (17100309),1991,1214.5318928167524,3323.125326998628,1299.91135897825,1223.2764429893307,1925.06178347866,2.736136734368999,1.0702982496107902,1.0071999345791554,1.585023657974136
Applegate (17100309),1992,1126.696840201884,3162.177546442221,1211.8713673814732,1202.0263283160295,1856.6196745962416,2.806591297332133,1.0755966681901117,1.0668587018497788,1.6478431538545617
Applegate (17100309),1993,1292.726279235603,3418.6492074478156,1687.7324424934186,1054.7217450915682,1683.6904263843624,2.644526735752045,1.3055605580257756,0.8158894593797781,1.302433820236051
Applegate (17100309),1994,1373.21968866058,3914.7692042084673,1126.254197626724,1673.6659720444677,2625.8457127698625,2.850796006301716,0.8201558766793222,1.2187896706294234,1.9121818121695278
Applegate (17100309),1995,1319.2290422701717,3687.727689567101,1805.885031184833,1122.8719813861544,1759.0745484707245,2.795365756367174,1.3688942354370914,0.8511577181881019,1.3334110242476565
Applegate (17100309),1996,1277.9135349493447,3646.0275415502824,1983.7466255892089,993.0525267361592,1547.389931926117,2.853109730694579,1.5523324319965377,0.7770889810440288,1.210872167487806
Applegate (17100309),1997,1341.920618242225,3656.951186429257,1835.0276886592567,1078.1348715421698,1669.082480778031,2.7251620824035623,1.3674636664148958,0.8034267130900882,1.243801204101293
Applegate (17100309),1998,1186.4018725436,3155.833311831623,1671.8394950390548,899.3013343436457,1363.3026014548452,2.6600036504204416,1.4091679503629704,0.7580073457028337,1.1491069198432542
Applegate (17100309),1999,1233.618954125752,3476.4408137216105,1333.2768118800848,1300.5675786354961,2003.728983791615,2.8180831707350946,1.0807849599108657,1.054270100411346,1.624268966596439
Applegate (17100309),2000,1333.9318439828023,3553.5921377502336,1594.865853295992,1160.3856841927513,1791.4355948866591,2.6639982798072013,1.1956126997719037,0.8698987803815497,1.3429738580479942
Applegate (17100309),2001,1314.310879883545,3236.8267670153596,922.0046611473633,1393.7718944865437,2199.0379111061143,2.462755818701097,0.7015118532907966,1.0604583099928682,1.6731489823023915
Applegate (17100309),2002,1244.5607894186708,3233.734799461331,1121.4411996783922,1318.0731254481277,2094.7070734694444,2.598293974030626,0.9010738641398246,1.059066890628777,1.683089400918595
Applegate (17100309),2003,1312.2800394742405,3334.7000146931414,1606.406701262175,1037.3356494509162,1653.1882106257215,2.541149689382744,1.2241340666171947,0.7904834473185467,1.2597830957545193
Applegate (17100309),2004,1107.7156828361371,2839.439263909404,1085.2892809435498,1086.804239735186,1753.778355581262,2.5633285760109965,0.9797543699704891,0.9811220122410739,1.5832387161757788
Applegate (17100309),2005,1270.1984210432897,3171.223357255046,1690.471824937162,896.94445241663,1442.8712944444724,2.4966361985006493,1.330872245573,0.7061451483146358,1.1359416533200821
Applegate (17100309),2006,1220.4714265719917,3201.9612681856415,1410.9783210954367,1095.728198916558,1774.4257937029022,2.6235446389590407,1.156092875569019,0.8977909478751116,1.4538855683715872
Applegate (17100309),2007,1204.589165883942,3124.2997796280083,999.6995035684721,1283.6726276175737,2037.0463355178113,2.5936641870221036,0.829909094222079,1.0656518122306033,1.6910714401312101
Applegate (17100309),2008,1109.6970189378496,2941.746417955881,829.0378666110524,1262.0682188608398,1979.025376796582,2.6509455894290714,0.7470848821460915,1.1373088305390175,1.7833925323966473
Applegate (17100309),2009,1043.3457873484535,2718.543000576239,1078.2554938286498,972.6644087226341,1446.8941175055606,2.6056011664983205,1.0334593831723953,0.9322550783422932,1.386782919958569
Applegate (17100309),2010,1188.5387181022604,2987.5933186205725,1933.8127907132807,632.2705666805525,966.0498286612993,2.513669326137614,1.6270507315075098,0.5319730498053096,0.8128046768251613
Applegate (17100309),2011,1241.5001325973408,3119.481429080911,1551.9684132822476,932.0971522490207,1405.263645668869,2.5126710397965466,1.2500751087600583,0.7507829663287925,1.1319077692959394
Applegate (17100309),2012,1178.6546906027966,3247.3496730687552,1635.3921778030658,962.5251792726891,1484.0049419489774,2.7551323546746085,1.3875074615506608,0.8166303387639574,1.2590667595697738
Applegate (17100309),2013,1103.3121914246753,2977.5078416760575,1067.754723214933,1154.0590386882045,1786.060227480225,2.698699302716203,0.9677720698764073,1.045995002736262,1.6188167241893128
Applegate (17100309),2014,953.2650807348552,2650.9733803922736,1219.9508538979144,874.7250192836344,1363.3544267373213,2.780940405735501,1.2797603505600728,0.9176094215150777,1.4301944488371854
Applegate (17100309),2015,900.4478712392644,2447.917897131965,897.0786139913827,927.7341702692228,1464.0432092764127,2.718555926800022,0.9962582428639154,1.0303030301936358,1.6259055699265366
Applegate (17100309),2016,1112.367316278392,2876.3048369635767,1214.3022240162652,1015.071751562752,1576.7786100373967,2.5857509429409773,1.0916378126596826,0.9125328807383891,1.4174981473860353
Applegate (17100309),2017,1070.1983126584964,2621.98711232928,1450.43929344759,705.6977641890702,1093.6700683171882,2.4500011645654354,1.3552995517667477,0.6594084066868273,1.0219321553594916
Applegate (17100309),2018,1328.5755566580444,3298.868815684401,1564.2042548562222,1043.0780677205512,1591.429874034145,2.483011823567277,1.1773543830588666,0.7851100846265411,1.1978467209176238
Applegate (17100309),2019,1317.1077526463864,3122.7067189494546,1705.268816938188,858.6561748537736,1284.0651039389413,2.370881738927727,1.2947071441284075,0.6519255339045167,0.9749127217260285
Applegate (17100309),2020,1086.122365232,2790.0997364236136,751.4016430356407,1245.8945990270838,1819.8977842591885,2.5688631647205216,0.691820431186074,1.1471033457274917,1.675591850896516
Applegate (17100309),2021,1058.968439453,2753.804036846651,988.3176093169609,1090.3468661146917,1590.9806509256196,2.600459026209603,0.9332833467893216,1.0296311254355228,1.502387221046385
Applegate (17100309),2022,1384.8292564229996,3388.821818340777,1623.0992757064537,1074.1058117325754,1650.4680910399875,2.447104437332636,1.17205732632982,0.7756232811740129,1.191820640259385
Applegate (17100309),2023,1445.5739114311762,3493.767097757043,1683.5921637890763,1093.2615727519153,1610.2613073354494,2.4168719912066434,1.1646531183744542,0.7562820303456794,1.1139252684362753
Applegate (17100309),2024,1426.9492301587272,3685.227374518612,1821.9987047671168,1088.495633938904,1635.9273660347194,2.5825917955810413,1.2768490050374435,0.7628131477514618,1.146450995914372
Beaver-South Fork (17070303),1985,3794.6412385000003,7889.044844208465,2523.1482120625355,4629.457303717172,6510.313817041492,2.078996233996276,0.6649240477500111,1.2199986804410448,1.7156599024404693
Beaver-South Fork (17070303),1986,3483.0406244763763,6969.393591822672,2486.5208902180266,3759.268365976827,5498.590999560386,2.0009509917417105,0.7138937377716742,1.0793064943197377,1.5786755287664835
Beaver-South Fork (17070303),1987,3431.0013655327475,8447.972485926644,2580.1294542226324,4920.184505697352,7084.3080851950035,2.462246902841115,0.7520047879147386,1.4340374664739812,2.064793140673959
Beaver-South Fork (17070303),1988,3230.843025839036,6958.20209692182,2060.6366131528634,4384.114167072673,5955.241663236127,2.1536800275571437,0.6378015263114571,1.3569567236817819,1.843246984025037
Beaver-South Fork (17070303),1989,3855.9333657833267,8230.125370731723,3212.4384793410363,4609.314035836441,6215.291152349246,2.1344054966727324,0.8331156621759812,1.195382180806972,1.6118772195345288
Beaver-South Fork (17070303),1990,3630.237966276053,7976.594892273986,2217.078394718898,5197.980163499212,6953.4880682048815,2.197265018539951,0.6107253616195323,1.4318565922639417,1.9154358840387158
Beaver-South Fork (17070303),1991,5125.96220623716,9547.880608274216,4272.932861565017,4689.713433224084,6329.343000861544,1.8626513860473963,0.8335864935496022,0.9148942665862307,1.2347619327275057
Beaver-South Fork (17070303),1992,3756.1751140436945,8108.421163130968,3207.565200324734,4440.478002728739,5922.239725865441,2.158690933448489,0.8539445321205068,1.182180773768122,1.576667632912854
Beaver-South Fork (17070303),1993,6604.9035586508035,12292.532557087789,6785.7122912983905,5077.834965251338,6995.14804160326,1.8611221871646537,1.027374923954911,0.7687977455175132,1.0590840546704625
Beaver-South Fork (17070303),1994,4851.247816153084,10646.252684252637,3024.044299248035,7036.867861947599,9136.86156258175,2.1945390315464945,0.6233539109626489,1.4505273959654477,1.883404416521242
Beaver-South Fork (17070303),1995,7395.29827632876,15655.942617197245,7254.613343681341,7597.9566804907045,10784.494833997594,2.1170130036958166,0.9809764356499682,1.0274036822572288,1.458290718106279
Beaver-South Fork (17070303),1996,6866.030862401139,13410.772915191726,6013.829885272721,6841.883712717195,9556.352642614525,1.9532060347456417,0.8758815691034643,0.9964830991634227,1.3918307147359001
Beaver-South Fork (17070303),1997,5428.925323545123,11774.780126086212,4985.013856566357,6414.128713042756,8193.413443070876,2.1688970513223427,0.9182321655717878,1.1814730044682746,1.5092146151902721
Beaver-South Fork (17070303),1998,5886.230088220115,11705.886067927064,6094.236061603366,5458.455012802687,7449.519407435875,1.988689856238138,1.0353377238513874,0.9273261376116577,1.2655841337810274
Beaver-South Fork (17070303),1999,6832.359696224053,12981.143645491291,4556.893327994113,7819.635126539259,10831.476529116608,1.8999502694018588,0.6669574686637926,1.1444999201170323,1.5853200081229173
Beaver-South Fork (17070303),2000,6999.780022197007,15276.023334578129,5005.77003351822,9378.223900053765,13198.498612667916,2.182357629259251,0.7151324781128006,1.339788374822419,1.8855590562580749
Beaver-South Fork (17070303),2001,5996.652083257166,12909.011770646783,3700.712742595661,8336.237332715877,10981.097050403094,2.152703140255399,0.6171298069681519,1.3901485723994065,1.8312046285064043
Beaver-South Fork (17070303),2002,6370.041911134355,13744.656198694376,3478.6002834750625,9325.344544858604,12179.714467143716,2.1577026321710298,0.5460875033482481,1.4639377063687136,1.9120305073432076
Beaver-South Fork (17070303),2003,7954.869542821589,16739.385190945024,6851.410649643239,9095.341573224598,12473.294661736261,2.1042941183178185,0.8612851050242424,1.143367785513486,1.5680074443196952
Beaver-South Fork (17070303),2004,8817.801621501587,19206.83288257628,9720.800660183906,8830.65941224092,12334.04507085458,2.1781883633832013,1.1024063680997789,1.001458162849568,1.398766449993486
Beaver-South Fork (17070303),2005,9394.697714352844,21190.87373939561,8608.582667727465,11637.687823549006,16449.786794847405,2.2556206046971625,0.9163235400938571,1.2387506418401746,1.7509649905729354
Beaver-South Fork (17070303),2006,9151.467068948168,20710.87231827927,7759.697540511241,12290.769277804822,16796.515384734314,2.263120455140281,0.8479184246688338,1.3430381364217128,1.8353904634292517
Beaver-South Fork (17070303),2007,9472.65998814693,22209.290067921447,7208.016372677658,14132.266921545932,19051.73735610416,2.344567428337106,0.7609284384425279,1.4919005790590536,2.01123416019824
Beaver-South Fork (17070303),2008,10196.08000387308,21879.063129709466,7557.143154531909,13320.216205313776,17981.663539949033,2.1458308606247196,0.7411812335388949,1.3064056186548128,1.7635859598118615
Beaver-South Fork (17070303),2009,10285.778715399802,24859.790474005218,10329.895999734197,13615.139288645134,18357.477781870366,2.416908934350814,1.0042891535541536,1.32368580594298,1.78474360471956
Beaver-South Fork (17070303),2010,10888.170603721015,23934.56385909185,9819.860489749175,13427.099594157458,18253.127712634105,2.1982171964601886,0.9018834152353613,1.2331823299654001,1.6764182319476264
Beaver-South Fork (17070303),2011,11580.017805980915,25450.88833830188,9556.710098924059,15012.52971437108,20372.506663147877,2.1978280832311725,0.8252759416300858,1.2964168074609799,1.759281117221233
Beaver-South Fork (17070303),2012,11644.645272818942,25514.14696581525,8555.1683829578,16286.526328401453,21051.42002326701,2.191062618744656,0.7346869039392181,1.3986279484543545,1.807819777250361
Beaver-South Fork (17070303),2013,12230.546429106893,26838.819646903165,10992.728982942253,15271.735459654854,19435.515488691075,2.194408876371275,0.8987929563622099,1.2486552050781952,1.5890962518598042
Beaver-South Fork (17070303),2014,11412.325200977584,26623.139722547196,8219.14868012349,17788.119288207145,21848.179624756358,2.3328409639314036,0.720199305170469,1.5586761658950454,1.9144371755972074
Beaver-South Fork (17070303),2015,10919.795024516849,27200.12396421573,8461.00199379462,18346.009951537046,22290.030117998296,2.4909005986968342,0.7748315764900524,1.6800690773358884,2.041249864851243
Beaver-South Fork (17070303),2016,12687.37426710405,29317.168086381407,9525.34851108965,19135.074806257187,24472.5650409128,2.310735654925484,0.7507738252655688,1.5081981821779151,1.9288912367285882
Beaver-South Fork (17070303),2017,11856.433123865916,28557.52570396647,8131.344857175333,19926.012882902865,24295.192778063138,2.4086101954628143,0.685817123263461,1.6806077067810237,2.0491148159187214
Beaver-South Fork (17070303),2018,12113.550485913967,28103.972827549325,7335.634113884797,20136.02733571813,24559.438255492027,2.3200442232217173,0.6055725876913555,1.6622729528500302,2.027435167257572
Beaver-South Fork (17070303),2019,14027.854903137759,31431.904141020445,13931.150013059727,16815.90190120187,21538.53311703875,2.2406778768427196,0.9931062239561373,1.1987507724677475,1.5354117408372252
Beaver-South Fork (17070303),2020,12159.277089128002,28303.443081802157,7535.319608003902,20087.92890450252,24565.587487183122,2.327724162739014,0.61971773097773,1.6520660527149087,2.0203164470318717
Beaver-South Fork (17070303),2021,11197.463956922002,27852.658437713275,6308.245221564737,21282.39185259241,25567.848450629637,2.4874077331140176,0.5633637443115084,1.9006439256664138,2.2833606385331753
Beaver-South Fork (17070303),2022,12446.407753598001,29029.063387949707,8109.670859423691,20231.675384182923,24923.486621346154,2.332324632346871,0.6515671846826127,1.6255031800910074,2.002464254326015
Beaver-South Fork (17070303),2023,13361.566510596918,30409.737195861133,11701.745251414015,17975.233576456216,22741.878029889667,2.275911074629123,0.8757764474796786,1.345293874202568,1.702036809220934
Beaver-South Fork (17070303),2024,11920.435928788414,29046.457698573824,7346.934071260235,21025.29797218055,25765.198524948268,2.4366942511242615,0.6163309894998926,1.7638027751488068,2.1614308972312077
Brownlee Reservoir (17050201),1985,2427.442604111,5986.932713312878,2092.5954162125454,2211.972206563597,3896.0193323945086,2.466353974002803,0.8620576291561441,0.9112356365573824,1.6049892696932968
Brownlee Reservoir (17050201),1986,2499.8882525357844,6781.400139254007,2031.0598251808647,2644.9704366181336,4562.034968591707,2.712681309804641,0.8124602462212623,1.0580354677594823,1.8248955584171274
Brownlee Reservoir (17050201),1987,2350.2666027220375,6314.62522547005,1233.010428468305,2820.9199934639655,4971.002200977721,2.6867697554637258,0.5246257709828553,1.2002553200546804,2.1150801339815635
Brownlee Reservoir (17050201),1988,2414.770083176299,5950.646408411778,1619.3475709495315,2429.5905833383913,4227.1494528731,2.4642703874252567,0.6706011401381542,1.006137437375652,1.7505391019723353
Brownlee Reservoir (17050201),1989,2300.8295550819757,6216.7165168683105,2303.501933635051,2187.4033725522204,3790.5000096400972,2.7019456974277336,1.0011614847988948,0.9507020490591211,1.647449286831265
Brownlee Reservoir (17050201),1990,2167.4467037955974,6256.589782546523,1912.8943400345906,2451.7321711135264,4288.877737600518,2.8866175909147316,0.8825565752942212,1.131161456851554,1.9787696417586211
Brownlee Reservoir (17050201),1991,2590.707401452084,6882.1509024611,2156.731150594517,2682.873337488451,4538.245702959451,2.6564755628534793,0.8324873543749771,1.035575586801006,1.7517399689427595
Brownlee Reservoir (17050201),1992,2078.287278497333,5684.40239028182,1569.5971266393856,2268.743013188254,3931.517838095025,2.7351379422347337,0.7552358823917037,1.0916407162096602,1.8917104862122989
Brownlee Reservoir (17050201),1993,2467.891535254733,6031.191841395141,2577.6701256912643,1899.121847154362,3326.52116497083,2.4438642279198093,1.044482745237505,0.7695321370589883,1.347920326906697
Brownlee Reservoir (17050201),1994,2389.474732603252,6055.401264019857,1449.039414977787,2528.170666547319,4386.369490175742,2.534197654989514,0.6064259208127752,1.0580445283859363,1.835704487821447
Brownlee Reservoir (17050201),1995,2421.326801889111,6417.286751850209,2694.6175179430297,2029.3139717156728,3573.5996691488385,2.650318307649948,1.1128681662635125,0.8380999913487138,1.4758849017657296
Brownlee Reservoir (17050201),1996,2549.852080045953,7014.24175859475,2580.7211522588614,2460.7424767556176,4224.576046338901,2.7508426129833934,1.0121062207704035,0.9650530303354973,1.6567925956954987
Brownlee Reservoir (17050201),1997,2520.688361239967,6810.360295931589,2420.236887229707,2446.5188838343847,4216.427624239294,2.7017859092194416,0.9601491895805612,0.9705757052136754,1.6727286439189832
Brownlee Reservoir (17050201),1998,2469.6580457296177,6403.900460599478,2888.9402499407474,1987.0342482802191,3437.649880098348,2.593031238341969,1.1697733841881985,0.804578695304023,1.3919537913528244
Brownlee Reservoir (17050201),1999,2515.8802356674805,6428.679302999068,1674.1267036719419,2615.5524819498496,4526.701735581718,2.5552405920838654,0.6654238464685043,1.0396172460315565,1.7992516779642145
Brownlee Reservoir (17050201),2000,2497.7242933758525,6979.71431559313,1760.4064464950188,2888.7692163477705,4986.622986064291,2.7944294468784414,0.7048041495867841,1.1565604834805017,1.9964665432806894
Brownlee Reservoir (17050201),2001,2453.8487260731113,6461.49050152796,1739.9936147758506,2691.145208825858,4580.9920360565375,2.633206535053312,0.7090875636658982,1.0967037944235836,1.8668600013446994
Brownlee Reservoir (17050201),2002,2466.451245429429,6543.9246655161805,1274.084659638986,2989.0538672510443,5093.618230276694,2.653174141448245,0.51656592117926,1.2118844322546607,2.065160720170592
Brownlee Reservoir (17050201),2003,2549.478466185158,7399.773286568412,2048.691874953209,3020.0705418153793,5130.196573078556,2.902465498224372,0.803572927610843,1.18458366362842,2.0122533455852185
Brownlee Reservoir (17050201),2004,2472.0172324226646,6498.2788781364825,2482.1708504003395,2261.5086647978223,3861.8562468942227,2.628735266447936,1.0041074220051953,0.9148434060799259,1.5622286917108044
Brownlee Reservoir (17050201),2005,2477.4392929488895,6610.640797174301,2362.6497810890114,2395.35208622482,4056.619483518542,2.668336138846685,0.953666064719897,0.9668661076952723,1.6374243740559868
Brownlee Reservoir (17050201),2006,2514.426464259136,6565.282372449434,1927.7866718163198,2608.868660456826,4492.839251123839,2.611045686072137,0.7666904159729854,1.0375601345038805,1.7868246755220312
Brownlee Reservoir (17050201),2007,2399.3451710659047,6730.193603672743,1737.0464418756774,2767.469304326094,4745.804955959519,2.805012669637219,0.7239668818071715,1.1534269173520586,1.977958408481596
Brownlee Reservoir (17050201),2008,2554.781119913981,6774.053327061705,1693.9272569643667,2854.821621091083,4859.789510078383,2.6515200360059756,0.6630420288300083,1.1174427424871547,1.9022332176315797
Brownlee Reservoir (17050201),2009,2540.311150215226,6860.032915668202,2707.4270563914633,2363.1872477501774,3966.5452146581106,2.7004695527502567,1.0657856051067125,0.9302747214843969,1.5614406976570756
Brownlee Reservoir (17050201),2010,2558.177880281295,6403.7092195058385,2754.131889402396,2111.1703127091105,3529.9772054165037,2.5032306271062326,1.0765990553790397,0.8252632973579491,1.379879496506455
Brownlee Reservoir (17050201),2011,2625.093985459331,6758.466137354924,2508.0565245760085,2385.8762009901657,4089.902586283829,2.5745615870482244,0.9554158969044136,0.9088726781615372,1.558002345416288
Brownlee Reservoir (17050201),2012,2455.932838351142,6583.501929046151,1914.790009006109,2614.6739667665247,4462.356488815901,2.6806522663161125,0.7796589463300047,1.0646357774677413,1.8169700812387959
Brownlee Reservoir (17050201),2013,2593.7967896749487,6793.96795400757,2035.009862134161,2675.5991568351337,4507.173060312067,2.619313888062519,0.7845679623919906,1.031537693116829,1.737673929682402
Brownlee Reservoir (17050201),2014,2588.912904581008,7426.774049165318,2045.11293192116,3054.069561201248,5058.763194162778,2.8686843949148892,0.7899504569282305,1.1796725783231865,1.9540105753312285
Brownlee Reservoir (17050201),2015,2623.571756585051,7576.291866919675,2190.660043595575,3090.8727712834025,5066.790649639123,2.887777644313906,0.8349914722542328,1.178116345979654,1.931256744520785
Brownlee Reservoir (17050201),2016,2647.6641229318075,7404.481909657856,1898.6494588347166,3115.1393610226287,5200.242501134477,2.7966092245336376,0.7171035942173462,1.176561382556779,1.9640869308513922
Brownlee Reservoir (17050201),2017,2669.0251636934913,7486.825496746051,2193.6737205170675,3008.1982885791663,4998.18909244261,2.805078647660825,0.8219007262866658,1.1270775298410132,1.872664656906396
Brownlee Reservoir (17050201),2018,2548.2670419366773,7197.085332074972,1679.194706196352,3176.55066622703,5257.6030773603925,2.8243057786460257,0.658955548442116,1.246553290511052,2.0632072662858074
Brownlee Reservoir (17050201),2019,2652.9455822782825,7188.825693234891,2603.305096550186,2645.441903489749,4394.6236402608665,2.709752413037176,0.9812885397801993,0.9971715670164296,1.6565072686062694
Brownlee Reservoir (17050201),2020,2605.970283604,7207.2364915739345,2390.2645800413216,2750.1669773839944,4535.147618441016,2.7656633450196075,0.9172263379518042,1.0553332072461599,1.740291378982651
Brownlee Reservoir (17050201),2021,2601.2628599590003,7044.662239996288,1607.7931515091564,3109.337638273676,5110.388227319201,2.7081700770937553,0.6180817695350087,1.1953185070741692,1.9645797070272815
Brownlee Reservoir (17050201),2022,2642.624611106,7312.805848934907,2162.4395811741415,2992.981283592313,4867.002002581049,2.7672510950673117,0.8182923795101984,1.1325790545557965,1.8417303699234433
Brownlee Reservoir (17050201),2023,2694.9716184348954,7536.167088297807,2564.457566374077,2867.3733846236473,4757.229660403116,2.7963808734558904,0.951571270299086,1.0639716444542278,1.7652244008290807
Brownlee Reservoir (17050201),2024,2659.920557660038,7746.354833368478,2034.7499993378683,3234.308125305087,5397.985445123725,2.9122504471272754,0.7649664549109169,1.2159416250199382,2.0293784449985206
Bully (17050118),1985,2994.630024561999,6110.707785180754,2160.5106895355148,2425.2577395135545,3908.636708605758,2.0405551721116266,0.7214616402744161,0.8098689052141851,1.3052152274394708
Bully (17050118),1986,3120.6416378391245,6487.05664006795,2647.8634687565855,2456.7559837097883,3939.541439860739,2.0787573175367506,0.848499692066561,0.7872598871721006,1.2624139190133534
Bully (17050118),1987,2964.1221026448443,6521.604250347881,1508.3021808356516,3248.723554146208,5199.488859456866,2.2001807025860187,0.5088529178638811,1.0960154277205443,1.754141253093938
Bully (17050118),1988,2656.604834338092,5775.8031521917055,1525.2053562142355,2678.34873760245,4250.570642992419,2.1741295798066176,0.574118264222104,1.0081848466822412,1.60000109464962
Bully (17050118),1989,3114.1630702926773,6837.786087834124,3080.949013992564,2444.51334779047,3861.1174170850823,2.195705855310747,0.9893345160319457,0.784966391487241,1.2398571718732134
Bully (17050118),1990,2633.7093481515226,5616.85124018275,1609.785404128251,2681.361051977204,4104.731954374006,2.132676957738315,0.6112236360698208,1.0180930002238577,1.5585364259176606
Bully (17050118),1991,3035.440098958064,6048.420515825088,2241.8041027298177,2482.6735257605583,3931.2788175650844,1.9926008481937267,0.7385433510940745,0.8178957399333142,1.2951264691121802
Bully (17050118),1992,1628.6039320447985,3849.0379891088255,1232.5080285980848,1551.3945657710626,2580.924574062143,2.363397209950337,0.7567880712719425,0.9525916861954303,1.584746618425301
Bully (17050118),1993,3299.667159584591,6220.472963276772,3487.2373672406598,1794.674136178864,2849.868334380407,1.885181947884675,1.0568451903129776,0.5438955050256654,0.8636835767214742
Bully (17050118),1994,2712.126971430575,5987.383447644865,1436.5708089601053,3014.9015269172546,4697.063772364793,2.207633901626176,0.529684201400922,1.1116373085316777,1.7318745847238919
Bully (17050118),1995,3134.344220143743,6913.52363249301,3542.590118502367,2140.776246439688,3517.7310503175713,2.205732091600313,1.1302492227034024,0.6830061078427151,1.1223180363247551
Bully (17050118),1996,2272.525068125685,4933.9143798692,2004.9185662417983,1833.8824989471573,3036.2673977773784,2.1711154913413364,0.8822426622978461,0.8069800965758729,1.3360765257835447
Bully (17050118),1997,2709.601281786453,5829.900576677706,2322.044446365604,2213.002540610416,3622.6627711841884,2.1515713827954883,0.8569690537032331,0.8167262672504247,1.3369726370943218
Bully (17050118),1998,2970.005342458387,6436.433214287189,3643.1563556811016,1768.5663061860369,2908.6696038161513,2.167145332122368,1.2266497651029549,0.5954757996233525,0.979348273295877
Bully (17050118),1999,3152.6293515070333,6938.029937298468,2292.8242527247576,2930.5198422319227,4720.424786480718,2.200712219462755,0.7272736490982462,0.9295478521225665,1.4972977347382241
Bully (17050118),2000,2446.245988202306,6018.187516050671,1820.282283768349,2592.8183198205793,4200.787188982344,2.4601726666390196,0.7441125269278565,1.0599172496654705,1.7172382537331876
Bully (17050118),2001,2251.857152725231,4826.211476465825,1354.897696476546,2036.3578614005617,3385.3025984557894,2.143213867107455,0.6016801264844124,0.904301526824706,1.503338075578571
Bully (17050118),2002,2378.903183689647,4946.030182047254,1225.553482784388,2173.726892719627,3603.4415722907856,2.079122099612321,0.5151758554896593,0.9137517271082068,1.5147491486819973
Bully (17050118),2003,2262.560726106324,4996.8407057582535,1654.7188216899615,2103.460602221789,3348.079338603389,2.20848910179635,0.7313478054299973,0.9296813906257743,1.4797743547706455
Bully (17050118),2004,2495.2710377252038,5650.944266852739,2196.7408762892546,2207.6690724866207,3491.887262052987,2.264661506272434,0.880361629288936,0.8847411920827754,1.3994019925131425
Bully (17050118),2005,2563.4632657234934,6110.328111217591,2191.5000170433386,2443.581960405569,3885.288647594382,2.383622263256055,0.8548981552988337,0.9532346310864378,1.5156404616930705
Bully (17050118),2006,2531.363372098994,5939.743831694035,2631.7520238763436,2009.4994085943724,3198.5886839112577,2.3464603688125694,1.0396579380439197,0.7938407542525613,1.2635833792834743
Bully (17050118),2007,2305.301325828511,5020.055307214935,1330.4510856360528,2360.3932432539127,3538.736380489277,2.177613508034902,0.5771267602762936,1.02389792466961,1.5350428774066995
Bully (17050118),2008,2671.422300861261,5870.378892009814,1677.7288822135865,2653.8626514935154,4158.17316239038,2.1974731925076822,0.6280283284573502,0.9934268537916732,1.5565390620007151
Bully (17050118),2009,2521.2439931661656,5547.962378601534,2286.78539004274,2051.367672437468,3197.5212901646178,2.2004861067152928,0.9070067777022272,0.8136331422098386,1.2682315947331961
Bully (17050118),2010,2902.798723589224,6110.13950769592,2112.4542686043833,2426.3428559192016,3820.5970141200987,2.1049132542475815,0.7277301906735016,0.8358632778090452,1.3161770339336667
Bully (17050118),2011,3041.9277574371827,6526.016344659123,3091.8290760405,2134.3499307143784,3381.6310612481575,2.1453554670073025,1.0164045048345787,0.7016438590614537,1.111673692111996
Bully (17050118),2012,2542.2366289419815,5448.991649753732,1484.3611782681326,2440.6483190128915,3717.078600562494,2.1433849185083425,0.5838800217766859,0.9600397898556876,1.4621292755542799
Bully (17050118),2013,2370.7334651275632,5281.365048416992,1762.0930390210556,2247.502181780947,3317.4611301064915,2.227734634071492,0.7432691464226839,0.9480197647018133,1.3993395625889085
Bully (17050118),2014,2393.768186462777,5371.114172312684,1625.45876989758,2376.7774702652414,3507.00814640281,2.2437904399796835,0.6790376691819467,0.9929021046007623,1.4650575466060667
Bully (17050118),2015,2547.746322852053,6137.519524762137,2361.418035376481,2423.007373260837,3593.401910220025,2.408999463451896,0.9268654473939194,0.9510394938175879,1.4104237450914745
Bully (17050118),2016,2946.079285471964,6941.959810371526,2284.2830732830216,2959.4213504127606,4476.108165363891,2.3563384205593163,0.775363746843995,1.0045287528433435,1.5193440948575203
Bully (17050118),2017,2895.757927592581,6641.082847846272,2140.419015688442,2849.5225704081577,4314.323724095056,2.2933832916646475,0.7391567490131684,0.9840334177301686,1.489877203817867
Bully (17050118),2018,2400.881761749298,5555.070007356126,1472.7153068681744,2454.811341421769,3706.541849180201,2.313762425063642,0.6134060120458178,1.0224624054927125,1.5438252346419552
Bully (17050118),2019,3066.082446603969,6858.833844343346,3047.0662621059305,2360.4726213299614,3712.093503076818,2.2370024171855767,0.9937978887296064,0.7698659975515173,1.21069591823546
Bully (17050118),2020,2983.2742047009983,6264.893159110143,2176.666976464631,2503.2340766031148,3819.9884365841485,2.1000058087982723,0.729623503275251,0.8390895053021128,1.2804684298093245
Bully (17050118),2021,2848.2922277529988,6771.098266010179,1899.0795815081256,3001.3442904671633,4535.904771012823,2.37724844383396,0.6667432375807515,1.0537346769488278,1.5924997887562866
Bully (17050118),2022,2803.143551547999,6479.949803250147,1899.7270697639176,2848.519206047596,4353.205360134649,2.311672479160648,0.677713087050008,1.0161874173281418,1.5529726823054242
Bully (17050118),2023,3163.48137919028,7285.916539005637,3279.7543456799235,2535.2149388717635,3969.4356708308765,2.3031324245918365,1.0367547497685616,0.8014003039653337,1.2547681478203887
Bully (17050118),2024,2746.750497835245,6628.245817432507,2246.4028143616933,2672.9385041538267,4046.1973122124314,2.4131226417020133,0.8178401409709826,0.9731275215060157,1.4730851292832385
Burnt (17050202),1985,123.69137993800001,242.00908421970212,99.11519111081031,80.90891719341423,126.16108890727286,1.9565557789153016,0.8013104159763724,0.6541192865175376,1.0199667023725565
Burnt (17050202),1986,183.76789843399527,386.17308755413643,142.64180507144545,162.22724922072317,257.45503612555507,2.1014175535823516,0.7762063248640716,0.8827833947232685,1.4009793784414764
Burnt (17050202),1987,152.87699433113184,338.8143399235281,79.35526265299252,170.5273256771502,253.9115847425791,2.216254586937101,0.5190791655748339,1.1154544633955041,1.6608881267812354
Burnt (17050202),1988,154.04697802988318,308.81782873576606,89.03577067221852,131.30635300491974,199.275580456878,2.0046990384703247,0.5779780415747376,0.8523786359473274,1.293602659431729
Burnt (17050202),1989,219.90356677472624,441.41060389621697,237.4387679881709,142.5241401229095,227.712634345172,2.0072916977668083,1.0797404129029342,0.6481210933195739,1.0355113274649408
Burnt (17050202),1990,189.0126626718628,387.5379173793756,140.2921828963756,169.0818734133491,261.5628911450553,2.050327802916381,0.7422369534041809,0.8945531533349448,1.383837926240656
Burnt (17050202),1991,219.90356677472624,419.2536072495981,163.7152987548479,177.92815874566602,284.94529640152973,1.906533911198858,0.744486781892725,0.8091190213751254,1.295773872978757
Burnt (17050202),1992,146.7648445137787,291.32117135921,105.47047720332948,117.14888378018037,183.68609116926666,1.9849519980369679,0.7186358392075808,0.7982080733862809,1.2515673748560519
Burnt (17050202),1993,201.7379109617242,392.4263835814879,180.83266607240546,141.25352419662732,232.38420995465526,1.9452287461028737,0.8963742372979906,0.7001833394786536,1.1519114520757856
Burnt (17050202),1994,139.55795642242728,267.0468389386968,81.62540165934473,125.14976051762149,181.557366713468,1.9135192703049768,0.5848853318851504,0.8967583341418837,1.3009460110171929
Burnt (17050202),1995,218.3501614027281,456.85203541181386,207.11035557997008,177.4020911556418,284.9071911712407,2.0922908070087916,0.9485239408546753,0.8124660408582841,1.304817863842811
Burnt (17050202),1996,190.7179523776618,390.9533813720835,153.93683902146785,159.6202973172843,265.1934687122011,2.0499034123327484,0.8071439374340619,0.8369442694162447,1.3905008176003382
Burnt (17050202),1997,239.6699975425987,515.6861548571565,201.31963007994608,232.6034914546499,368.9472921536506,2.151650853859999,0.8399867824263808,0.9705156833963217,1.539397070707919
Burnt (17050202),1998,222.86996871362112,488.8553998839302,242.456969439839,178.9741862222862,276.0179533697011,2.193455684969784,1.0878853299045705,0.8030430804800838,1.238470822079995
Burnt (17050202),1999,192.08357936168625,397.98271694360665,99.73059345475743,199.97285010716666,314.90967033130323,2.0719247229052304,0.5192041599087885,1.0410720727492546,1.639440869322515
Burnt (17050202),2000,152.8566515438356,319.03532258752,97.43861452408811,149.4096200325311,227.74852369671743,2.087153678726427,0.6374509289583978,0.9774492540789698,1.4899484019601505
Burnt (17050202),2001,143.76110617447316,299.2307169176841,91.65425346228189,119.04826546329689,177.9373284509882,2.081444174160207,0.6375455497055462,0.8280978675749479,1.2377292661830082
Burnt (17050202),2002,124.53356094813847,243.41465017759577,63.140752143726836,107.8953375439345,157.9205461106553,1.9546108560965736,0.5070179609657317,0.866395666537369,1.2680962859194294
Burnt (17050202),2003,101.51328801638905,209.21625342555188,69.05003941040383,70.08310700757406,108.553560266557,2.060974060772955,0.6802069045311179,0.6903835781209188,1.0693532087053599
Burnt (17050202),2004,109.15039580836519,195.80647472915678,93.51910709827325,63.35061927958662,110.87132171343185,1.7939144725863683,0.8567912778114363,0.5803975222482105,1.0157665567066572
Burnt (17050202),2005,90.89567744218517,163.6949336168029,74.48065988481873,57.497740359836044,79.12754203678146,1.8009099906969965,0.8194081608797368,0.6325684782580324,0.8705314076910983
Burnt (17050202),2006,113.89763390639301,225.86383640567666,100.08777388248419,93.68153086109247,124.90870781478996,1.9830423921826443,0.8787520025634731,0.8225063826882024,1.0966751769176033
Burnt (17050202),2007,39.362943569234076,82.6505238948728,24.117552842449655,36.22254145085613,48.29672193447483,2.0997038432733506,0.6126968833016807,0.9202193272752988,1.2269591030337315
Burnt (17050202),2008,108.37765397598959,207.45647987797517,85.70916017351053,78.5125967169952,105.15193897009159,1.9141997659769965,0.7908379359503286,0.7244352856575876,0.970236345892737
Burnt (17050202),2009,154.6174498567789,330.74442564386504,284.74736538262636,33.42537559698531,44.56716746264708,2.1391144786712712,1.841625027746777,0.21618113368152825,0.288241511575371
Burnt (17050202),2010,166.5990057264435,289.47033586660405,228.9451409006761,34.769026667301794,46.358702223069066,1.7375273916215082,1.3742287350538294,0.20869888458033617,0.27826517944044826
Burnt (17050202),2011,228.63942444099663,426.1909430733477,310.0348768806705,73.65649793990018,107.88586610536754,1.8640308604491427,1.3559992010943809,0.3221513442836198,0.47186029430024606
Burnt (17050202),2012,134.85101908890644,214.32422997520177,126.66017909697247,79.84804635984767,96.7000968490467,1.58934082532887,0.9392600808857529,0.5921204518833065,0.7170883653856033
Burnt (17050202),2013,134.85101908890644,207.51547694761334,112.1516389352576,88.70199545334826,107.11723631019774,1.5388498978328051,0.8316706814155903,0.6577777168659555,0.794337610749356
Burnt (17050202),2014,113.15062815001727,158.41915721391985,99.36990177946298,59.04925543445685,72.0535968947011,1.4000731573834897,0.8782090157530231,0.5218641416304665,0.6367936093043254
Burnt (17050202),2015,144.89861478755432,281.28697214799456,131.17622600445682,133.6512378755097,162.008031407437,1.9412675032153237,0.90529661858247,0.9223776091404658,1.118078538190085
Burnt (17050202),2016,113.15062815001727,241.36670246428278,85.19576777173411,156.17093469254868,186.22542612949678,2.1331450510754055,0.7529411826046598,1.3802038684707456,1.6458187565922793
Burnt (17050202),2017,234.95118099338518,391.64075187598553,189.7301914745145,179.96566587689122,238.33925978276346,1.6669026740793944,0.8075302736182295,0.7659704672093476,1.0144203522410626
Burnt (17050202),2018,140.6822670800513,243.07359188927364,113.13346768501769,111.00020082997455,136.8219590986223,1.7278196956476357,0.8041771719575876,0.7890134494833879,0.9725600954437819
Burnt (17050202),2019,341.5768869555646,642.2372981094783,457.7649336055123,143.98672729393053,188.37640440692422,1.8802129846479523,1.340151957251904,0.4215353344814037,0.5514904889669245
Burnt (17050202),2020,255.89032324600004,376.2294123213479,269.9962688856627,91.82807703338456,117.05181182443792,1.4702760446304957,1.0551249670590392,0.35885716922990357,0.4574296141394539
Burnt (17050202),2021,38.551597506,78.31184494415473,29.07003787813869,32.65967256957507,44.259133598921736,2.031351487625555,0.7540553377486979,0.8471678135903983,1.1480492758317846
Burnt (17050202),2022,81.782621746,137.48960174248197,71.38381870520054,48.64139874692027,70.07030188000674,1.6811591363443492,0.8728482553042136,0.5947644830706265,0.8567871802597706
Burnt (17050202),2023,111.12012048854118,210.00392265870042,106.54841063936325,83.58346554235621,133.3975435223728,1.8898820639809892,0.958857947335925,0.7521901989925887,1.2004805514598853
Burnt (17050202),2024,244.9987766920331,369.28689789702145,195.17326870104748,131.82731297068148,190.37726588132531,1.5073009868992948,0.7966295641809796,0.5380733518371411,0.777053944724925
Chetco (17100312),1985,203.02389621999998,427.30882374365035,383.49250608774526,28.588927389795433,56.11894364174005,2.1047218169855806,1.8889032928034568,0.1408155784716889,0.27641545988718813
Chetco (17100312),1986,60.22450596533451,126.73773129756019,126.60629764237623,0.13143365518396216,0.2628673103679243,2.1044212694830735,2.1022388745746023,0.0021823949084715773,0.004364789816943155
Chetco (17100312),1987,214.5171286527118,464.2277247437814,456.4528223736426,6.397300976449045,9.493119775851705,2.1640590085248324,2.1278152716308627,0.029821865585408926,0.04425343484445198
Chetco (17100312),1988,34.91741068069148,72.30121359914284,72.30121359914284,0.0,0.0,2.0706350267582625,2.0706350267582625,0.0,0.0
Chetco (17100312),1989,166.9946293531354,311.30127323956117,310.613484451938,0.687788787623123,1.375577575246246,1.8641394303841206,1.8600208021965714,0.004118628187549012,0.008237256375098024
Chetco (17100312),1990,37.552439934180015,70.34795608673187,70.34795608673187,0.0,0.0,1.8733258400794768,1.8733258400794768,0.0,0.0
Chetco (17100312),1991,127.28591048943181,216.2849591914375,216.2849591914375,0.0,0.0,1.6992058143732651,1.6992058143732651,0.0,0.0
Chetco (17100312),1992,34.126086670824485,78.76763085251115,78.76763085251115,0.0,0.0,2.3081354628291497,2.3081354628291497,0.0,0.0
Chetco (17100312),1993,50.13843954413609,96.06961145387686,96.06961145387686,0.0,0.0,1.9160869849032351,1.9160869849032351,0.0,0.0
Chetco (17100312),1994,135.56977734181498,249.73384061066932,249.73384061066932,0.0,0.0,1.8421055600099574,1.8421055600099574,0.0,0.0
Chetco (17100312),1995,31.76458602656829,56.09614395445908,56.09614395445908,0.0,0.0,1.7659963806088825,1.7659963806088825,0.0,0.0
Chetco (17100312),1996,47.55528690586023,91.99016757803832,91.99016757803832,0.0,0.0,1.9343836103889092,1.9343836103889092,0.0,0.0
Chetco (17100312),1997,147.80942015909199,332.82619620282316,332.82619620282316,0.0,0.0,2.2517252002246657,2.2517252002246657,0.0,0.0
Chetco (17100312),1998,196.73637943598007,354.87694288241505,354.87694288241505,0.0,0.0,1.8038196285801602,1.8038196285801602,0.0,0.0
Chetco (17100312),1999,69.50877954401493,139.43281670340576,139.43281670340576,0.0,0.0,2.0059741750337157,2.0059741750337157,0.0,0.0
Chetco (17100312),2000,97.7982962640148,218.82729970932184,218.82729970932184,0.0,0.0,2.2375369313037825,2.2375369313037825,0.0,0.0
Chetco (17100312),2001,143.21039522719045,338.3482516688619,338.3482516688619,0.0,0.0,2.3625956141808193,2.3625956141808193,0.0,0.0
Chetco (17100312),2002,75.76447613408119,163.0400614528644,163.0400614528644,0.0,0.0,2.1519328024433335,2.1519328024433335,0.0,0.0
Chetco (17100312),2003,47.94668119543647,93.37938295049204,93.37938295049204,0.0,0.0,1.947567185513141,1.947567185513141,0.0,0.0
Chetco (17100312),2004,94.84145367467009,196.1537262760012,196.1537262760012,0.0,0.0,2.068227749322122,2.068227749322122,0.0,0.0
Chetco (17100312),2005,128.73930328117314,231.1479648927998,231.1479648927998,0.0,0.0,1.7954731694326556,1.7954731694326556,0.0,0.0
Chetco (17100312),2006,118.94792173470682,248.99849266081353,248.99849266081353,0.0,0.0,2.0933404218374023,2.0933404218374023,0.0,0.0
Chetco (17100312),2007,79.92996684006754,174.5990669352628,174.5990669352628,0.0,0.0,2.184400592641548,2.184400592641548,0.0,0.0
Chetco (17100312),2008,69.68980737645371,157.62791100926867,157.62791100926867,0.0,0.0,2.261850289781786,2.261850289781786,0.0,0.0
Chetco (17100312),2009,103.18045504585449,229.03684325940205,229.03684325940205,0.0,0.0,2.2197696565460547,2.2197696565460547,0.0,0.0
Chetco (17100312),2010,88.27700010212153,168.12654727940526,168.12654727940526,0.0,0.0,1.904533990562789,1.904533990562789,0.0,0.0
Chetco (17100312),2011,220.57621470694684,454.97931113593114,454.97931113593114,0.0,0.0,2.0626852797361113,2.0626852797361113,0.0,0.0
Chetco (17100312),2012,196.78505127552512,338.4902826087826,338.4902826087826,0.0,0.0,1.7201016053544198,1.7201016053544198,0.0,0.0
Chetco (17100312),2013,134.23497600001474,284.3649128858852,284.3649128858852,0.0,0.0,2.1184114703894608,2.1184114703894608,0.0,0.0
Chetco (17100312),2014,165.89622916603375,363.134615416606,363.134615416606,0.0,0.0,2.1889262778430627,2.1889262778430627,0.0,0.0
Chetco (17100312),2015,142.77271461754884,284.4971445068952,284.4971445068952,0.0,0.0,1.99265766760119,1.99265766760119,0.0,0.0
Chetco (17100312),2016,157.45104835178216,359.6875362445369,359.6875362445369,0.0,0.0,2.2844404023332476,2.2844404023332476,0.0,0.0
Chetco (17100312),2017,205.89985288083423,456.7724275263393,456.7724275263393,0.0,0.0,2.2184203686182284,2.2184203686182284,0.0,0.0
Chetco (17100312),2018,178.36376314524202,354.13129071942177,354.13129071942177,0.0,0.0,1.9854441534239882,1.9854441534239882,0.0,0.0
Chetco (17100312),2019,168.56695304778003,321.4138435086152,321.4138435086152,0.0,0.0,1.9067429154842168,1.9067429154842168,0.0,0.0
Chetco (17100312),2020,223.79549855599998,502.5001391208254,502.5001391208254,0.0,0.0,2.24535409498009,2.24535409498009,0.0,0.0
Chetco (17100312),2021,212.682990835,463.5457642750685,463.5457642750685,0.0,0.0,2.17951497886678,2.17951497886678,0.0,0.0
Chetco (17100312),2022,182.11617719400004,373.21125880531235,373.21125880531235,0.0,0.0,2.0493031676573543,2.0493031676573543,0.0,0.0
Chetco (17100312),2023,129.77854213796152,258.3314181641971,258.3314181641971,0.0,0.0,1.9905557105856297,1.9905557105856297,0.0,0.0
Chetco (17100312),2024,231.7836905866932,528.3801879843321,528.3801879843321,0.0,0.0,2.279626261221792,2.279626261221792,0.0,0.0
Clackamas (17090011),1985,1262.2318001750004,2506.2960955580147,1724.7687039226605,673.8378663372607,1000.672330297727,1.985606839576164,1.3664437100091538,0.5338463713589194,0.7927801614243835
Clackamas (17090011),1986,1310.2929189548488,2843.184867029255,2377.4401921883614,378.5403298800691,545.4509207626639,2.16988493633707,1.8144341298010824,0.288897485748462,0.41628166715404463
Clackamas (17090011),1987,760.8014863569483,1676.0880238367467,1266.6619985817474,311.85251471443803,446.3807797213725,2.203055664181983,1.664904737038674,0.40989998088427093,0.5867243791265968
Clackamas (17090011),1988,792.3077090687112,1294.3487179444496,1220.664264083586,54.62534556992084,83.83816302665987,1.6336439783803745,1.540644184212685,0.06894460945499088,0.10581515497962822
Clackamas (17090011),1989,1044.4253738152488,1905.8309622935967,1794.306428186304,95.92956921764025,145.75989449098955,1.8247650910008668,1.7179843320272528,0.09184913697300645,0.139559894029129
Clackamas (17090011),1990,1035.1483118999226,2075.195436595836,1783.8123882114717,238.66388284254097,369.2920726622328,2.0047324743127866,1.723243295385801,0.23056008506113934,0.3567528135020865
Clackamas (17090011),1991,1120.186640503438,2286.8539913188943,2153.390092644725,113.81680347686466,172.42073061439635,2.0414937195565277,1.922349378918625,0.10160521413263128,0.153921430929498
Clackamas (17090011),1992,1265.2149438509132,2552.0296386058603,1963.4191956910793,463.56151120760353,684.2781661852498,2.0170720010927874,1.5518463524585424,0.36638953204004154,0.540839459343188
Clackamas (17090011),1993,1328.8365414074658,2238.0944070471946,2227.3060078711464,9.62106082369417,16.749950608217155,1.6842511003472773,1.6761324199529066,0.007240213919391333,0.012604974416549446
Clackamas (17090011),1994,1111.5619172961426,2312.039575645663,2025.0466194700527,206.31719304758946,291.9478011853771,2.0799917122652634,1.8218028055476636,0.1856101669526902,0.2626464586835933
Clackamas (17090011),1995,1164.559082278123,2590.0136864064602,2435.9815008904425,116.64488150449122,172.89523538070077,2.2240294424048006,2.0917629152186503,0.10016227023562364,0.14846411660152206
Clackamas (17090011),1996,902.3414767900831,1594.913774959614,1525.9126514599718,57.51780204632112,83.46232815623584,1.7675279436707618,1.6910589734699224,0.06374283298040374,0.09249528067039321
Clackamas (17090011),1997,1021.902693640793,1657.192208109646,1634.164704767886,19.57881894353609,34.65595402690544,1.6216731968926215,1.5991392477357613,0.019159181265861504,0.033913164377162595
Clackamas (17090011),1998,861.4905644428337,1698.4928121118867,1681.7016934869505,14.271474607144299,21.421726641763783,1.9715744805752824,1.9520837057276255,0.01656602544030686,0.02486588655282396
Clackamas (17090011),1999,1324.7451030300022,2595.6138431578815,2389.964221271187,164.470880063612,254.44660162478368,1.9593307702901526,1.804093644735715,0.1241528499991648,0.19207212092560655
Clackamas (17090011),2000,1360.2767294271416,2742.8882467577923,2354.325073173044,305.6023717980806,463.30147186157876,2.01641929720647,1.7307692047077285,0.2246619126732985,0.3405935438274318
Clackamas (17090011),2001,1401.6789268295927,2858.838659099941,2524.947909468934,271.2521798778362,416.200310416307,2.039581679069861,1.8013739531491875,0.19351948201958905,0.29692984780594195
Clackamas (17090011),2002,1622.6352757841596,3376.2073569263034,2977.140828698185,342.9839769186172,536.141388873941,2.0806939226035914,1.8347566290024373,0.21137465827178306,0.3304139857398599
Clackamas (17090011),2003,1249.536641291898,2534.0877100650578,1805.8386124745095,601.2104122586258,912.5483629766386,2.028021929348995,1.4452066092335236,0.48114668461185206,0.7303094065598216
Clackamas (17090011),2004,1317.7587220356227,2782.3191045202016,2442.691468281686,283.8682523201385,435.6979085610285,2.1114025337067646,1.8536712582014336,0.21541747178241386,0.33063557180481357
Clackamas (17090011),2005,1270.8625113236776,2739.716514502062,2459.6539513130188,220.26827124898526,326.2676375011162,2.155793006789135,1.9354209675688248,0.17332187336265273,0.25672929572947223
Clackamas (17090011),2006,1298.1720202965987,2734.2700413786456,2167.4203994000363,456.71948664357177,654.1140977077756,2.1062463206947997,1.6695941412331756,0.351817385911016,0.5038732059240711
Clackamas (17090011),2007,1315.967852638268,2696.2950955134315,1956.4852373729145,588.8954328620366,841.6603931681765,2.0489065064225294,1.4867272277590442,0.44749986231153904,0.6395751928748151
Clackamas (17090011),2008,1290.8430362119366,2518.8846963474284,2128.1675620102583,315.1658347473858,460.2827307726636,1.951348557249269,1.6486648665321118,0.24415504124518547,0.35657529061270954
Clackamas (17090011),2009,1320.883915842568,2672.0086178732745,2114.3937946229507,458.3361320117121,650.9131825020223,2.022894355685184,1.600741571051849,0.34699198507489415,0.49278606143585035
Clackamas (17090011),2010,1316.9739840563384,2670.1730099469983,2658.3622875642914,7.867382328040617,10.456747835683467,2.0275062698829833,2.0185381941839258,0.0059738327584943855,0.007939980563227391
Clackamas (17090011),2011,1650.2341610646656,3055.6903572541023,2993.499592775139,52.17355734760445,91.1117343543745,1.8516707685185065,1.8139847443491606,0.031615850997742126,0.05521139757256802
Clackamas (17090011),2012,1545.183995111798,2963.9471314079588,2666.6520779815596,257.1417343008247,408.25114215862664,1.9181839449440516,1.7257828753194022,0.16641496101065933,0.2642087566594868
Clackamas (17090011),2013,1223.6853335549733,2475.249567319105,2162.097957991508,244.12435425116686,369.8901896433162,2.0227827362514565,1.7668741290788519,0.19949928920203056,0.3022755764905138
Clackamas (17090011),2014,1447.5170898822903,3365.431923326182,2830.530129367524,414.0212127508975,592.5136744535212,2.324968697675171,1.9554381424247627,0.28602164053521817,0.4093310390564739
Clackamas (17090011),2015,1494.6383468654778,3162.533175573534,2384.020116810152,632.5156235977711,950.5453033272245,2.115918665010789,1.5950481411171242,0.4231897468202048,0.6359701029487748
Clackamas (17090011),2016,1341.7298320146429,3030.6700888790597,2438.006249198647,468.3207021868596,678.1740920742401,2.2587781955540396,1.8170619680848237,0.34904247562541235,0.5054475766227421
Clackamas (17090011),2017,1573.732550260985,3149.3013135944097,2595.6675307463665,469.70314020098414,691.8040216624213,2.0011667885195203,1.6493701743132312,0.2984643992545553,0.4395944034757963
Clackamas (17090011),2018,1955.369112397946,3883.8787756003353,2865.965322672477,827.8572550853919,1222.080591203379,1.9862637447706137,1.4656901883644011,0.4233764611685811,0.6249871614800612
Clackamas (17090011),2019,2117.273515172701,4295.189567591497,3726.6005954256525,446.2749806884459,655.753475030584,2.028641805988466,1.760094087381848,0.21077814344267387,0.3097159957517797
Clackamas (17090011),2020,1984.0946926509996,4030.7511553568133,3766.7636112999844,199.46746329294496,310.0868059851445,2.031531645282123,1.898479757670797,0.10053323766842569,0.1562862937609241
Clackamas (17090011),2021,1938.9037586179995,3881.839724426921,3069.4043385356445,648.6628075944658,947.3528109327643,2.0020796324588055,1.583061730058967,0.3345513178316885,0.488602287102694
Clackamas (17090011),2022,2565.6824720219993,4761.778833647907,4315.713442519602,342.2199749343891,506.36678982133174,1.8559501752744865,1.6820917980230083,0.13338360403759844,0.19736144099790612
Clackamas (17090011),2023,2175.7712584281558,3799.764548603296,3015.821519122546,678.0549353075276,1026.957053097579,1.7463989074606874,1.386093095696681,0.3116388879028466,0.4719967915374912
Clackamas (17090011),2024,2221.0540956701097,4374.23005604478,4154.86542791997,193.76568992209485,298.9996776238536,1.9694387743964608,1.8706727747062883,0.08724041899737439,0.13462061919461848
Coast Fork Willamette (17090002),1985,236.365274628,510.14569333547263,290.4385781238392,184.18158259113883,309.5344376561509,2.1582937431835445,1.228770083003697,0.7792243716045443,1.3095596979857007
Coast Fork Willamette (17090002),1986,297.302661690735,661.7076886186019,441.34799417841595,199.0138844574243,318.39914757275153,2.2257038832263607,1.4845073759801117,0.6693982600951139,1.0709596266714956
Coast Fork Willamette (17090002),1987,206.92290626626297,454.71032380112877,307.904154226698,122.76992338838583,184.360897492107,2.1974866485589537,1.4880138684621749,0.593312386741798,0.8909641799389587
Coast Fork Willamette (17090002),1988,160.22802498904989,297.9470357033899,261.2073272489427,34.2284818046169,59.59154443333023,1.8595188683362465,1.6302224736702198,0.21362356433561544,0.3719171127360695
Coast Fork Willamette (17090002),1989,268.3051731177255,557.673813917647,381.5910981545832,169.94816942405077,270.61287750883537,2.07850563385505,1.422227882230026,0.633413688782966,1.008601043223633
Coast Fork Willamette (17090002),1990,350.8660103610598,812.5227647493659,546.7617932712184,232.1119396178709,356.80943311442905,2.31576368401498,1.5583207752400166,0.6615401115058576,1.0169392947104028
Coast Fork Willamette (17090002),1991,277.01482175730575,606.1902439618136,503.1841052333298,85.6973607697843,140.911622690051,2.188295341441695,1.816451921385536,0.30936020038979806,0.5086790006258382
Coast Fork Willamette (17090002),1992,311.9531114826008,763.0097248288083,450.1337374844759,271.83044592257636,426.48384117396796,2.4459115705001238,1.4429531904495274,0.8713823838161581,1.3671408473762094
Coast Fork Willamette (17090002),1993,642.8178143372354,1078.3084633632159,1075.9354044160855,2.373058947130282,3.656289909342753,1.6774713446219354,1.673779693746365,0.003691650875570363,0.005687910054441317
Coast Fork Willamette (17090002),1994,206.03542704734014,408.42701361262783,366.59632537045536,31.065733586725532,48.20757159959492,1.9823144954522058,1.7792878177509912,0.15077860167993173,0.2339770994262963
Coast Fork Willamette (17090002),1995,362.3078454389767,730.0393336266087,680.6036315713217,45.98047582304773,83.89369271133127,2.0149697082658644,1.8785230299020819,0.12690996455607306,0.23155361874564054
Coast Fork Willamette (17090002),1996,321.80650529936577,772.684123745866,680.9499566679702,87.10994182738744,142.9040078373678,2.401082983164259,2.1160229686298773,0.2706904316503857,0.44406811386373
Coast Fork Willamette (17090002),1997,354.2015483803579,890.2828686355801,770.5148614849921,109.65387118584255,175.2137877248638,2.5134923116698333,2.1753571236723612,0.3095804399705537,0.49467256291243306
Coast Fork Willamette (17090002),1998,368.86128851053695,688.3962534593501,639.8564003778579,40.35993918738723,70.59304216451048,1.8662740572183552,1.7346802722551886,0.10941766036322433,0.19138099975078818
Coast Fork Willamette (17090002),1999,359.9684946702382,817.4985196196402,587.5244940686082,213.11799767693068,341.76911176729345,2.2710279697353473,1.6321553212784097,0.5920462508036013,0.949441734006147
Coast Fork Willamette (17090002),2000,340.98405379443426,801.1684587396527,524.9392548707161,247.9061594218714,398.88843036382184,2.3495774943852514,1.5394832955654318,0.7270315331851975,1.1698154970152823
Coast Fork Willamette (17090002),2001,361.30439079365874,835.1809548715116,555.3474701828317,234.45136165927403,374.3486844911834,2.311571561687675,1.537062610733649,0.6489026085297962,1.0361033356635134
Coast Fork Willamette (17090002),2002,360.75124362999844,866.9430275143358,590.5531089728917,226.04933854419156,355.049291483081,2.403160190914016,1.6370092117508752,0.6266072329220775,0.9841942273308818
Coast Fork Willamette (17090002),2003,349.32304377473616,785.5025283472343,511.3125698596469,236.80583427724676,376.5537255232976,2.2486421733281703,1.4637241343556224,0.6778992640117751,1.0779527209379332
Coast Fork Willamette (17090002),2004,373.1371331971502,904.6999507157664,653.2468323207169,211.90075379290286,332.7079947481694,2.424577642444823,1.750688350750576,0.5678897513556853,0.8916507234148157
Coast Fork Willamette (17090002),2005,348.12912047268276,809.0087980758694,633.3926230152886,149.58909417829494,237.87570397478692,2.323875684336356,1.819418674758609,0.4296942869220072,0.6832973456854285
Coast Fork Willamette (17090002),2006,352.1814150921878,858.686986638733,630.0557459279,190.62753793572904,297.40226570116783,2.4381950603894333,1.7890090701207932,0.5412765403473375,0.8444575805435932
Coast Fork Willamette (17090002),2007,355.83374122902836,811.2878908076499,451.1769969688636,312.9472019334773,488.7528629135387,2.2799633559355845,1.2679432687033145,0.8794759059457837,1.3735427709171584
Coast Fork Willamette (17090002),2008,294.9797837584061,699.9857338753695,419.79101513764635,245.94700515957265,382.7130130618957,2.372995616705282,1.4231179160449279,0.8337757999070465,1.297421159462727
Coast Fork Willamette (17090002),2009,354.7626534122477,818.4527666677017,520.7564193715496,256.72835176490264,396.94066327656975,2.3070431985878415,1.4679009032171455,0.7236622832070616,1.1188907836229018
Coast Fork Willamette (17090002),2010,255.56594949098616,572.4960873570153,570.6910439735744,1.8050433834407467,2.842242062079971,2.2401109713452154,2.2330480453684336,0.007062925976781625,0.011121364437402165
Coast Fork Willamette (17090002),2011,349.06606846807233,763.5845300781359,684.6908937307674,76.60194194107264,120.8892415926488,2.1875071771634484,1.9614936987018927,0.2194482616922679,0.3463219502347764
Coast Fork Willamette (17090002),2012,362.5856233709781,767.8596266725967,633.3344195045341,132.04840486082102,218.95800680204226,2.1177332392105463,1.746716854398114,0.36418544020901844,0.6038794499527528
Coast Fork Willamette (17090002),2013,359.1417924035786,837.5266353712535,660.7072841331985,167.5984607544756,263.8983492928022,2.332022207067729,1.8396836517169841,0.4666637642832168,0.7348026736923214
Coast Fork Willamette (17090002),2014,377.4860162568195,948.6321362955726,654.6372104271051,259.89899268762844,400.79861583075797,2.513025901468569,1.734202545881138,0.6884996569271808,1.061757518344939
Coast Fork Willamette (17090002),2015,320.4765702059612,788.5531602086588,517.4495883914095,242.55923358848625,360.871714126024,2.460564152012355,1.614625331452029,0.7568704115642536,1.126047105078858
Coast Fork Willamette (17090002),2016,286.37556166402914,679.2141283845428,471.48944638110305,191.05924841848528,278.195827843395,2.371760091670759,1.6464025199686778,0.6671632429398172,0.9714370396234074
Coast Fork Willamette (17090002),2017,832.9438559921797,1747.941569349962,1477.056706678707,255.47570380407836,396.97988758615895,2.0985106700473377,1.7732968387398427,0.30671419443962733,0.476598614336722
Coast Fork Willamette (17090002),2018,1107.821926709676,1986.3702074607688,1611.8234457525111,357.61611170716213,583.971972037892,1.7930410651470448,1.4549481346156072,0.32281010430016666,0.5271352353282424
Coast Fork Willamette (17090002),2019,1590.1623933942963,3031.260178306737,2721.564919980769,301.74328930277557,457.515498020393,1.9062582481505752,1.7115012474741191,0.18975627304245735,0.2877162105712983
Coast Fork Willamette (17090002),2020,1676.559117015,3635.0228145508922,3026.554299935301,586.1267865132552,935.2722855754139,2.1681447302751864,1.8052177637039581,0.3496010254364393,0.5578522558993344
Coast Fork Willamette (17090002),2021,1486.2218037869998,2893.897406736219,1735.9534504025848,1123.7112879534589,1606.1306096381934,1.947150418169321,1.16803120905591,0.7560858581741715,1.08068028980981
Coast Fork Willamette (17090002),2022,1828.0703626109998,3590.8511579300443,3307.2691950631147,269.1495263413219,471.0239716276822,1.9642849812418033,1.809158587495178,0.14723149165708288,0.2576618390962409
Coast Fork Willamette (17090002),2023,1849.4777215130866,3240.12759954898,2405.101946425716,798.0567083753951,1291.3964491517497,1.7519149119018211,1.300422231881801,0.4315038235348369,0.6982492593072374
Coast Fork Willamette (17090002),2024,2017.7153792924114,4282.060074326622,3659.0830353228503,597.6578880673293,929.1391788417039,2.1222319650595565,1.8134782897903305,0.2962052498588382,0.4604907056651082
Coos (17100304),1985,636.029042323,1320.7754534050505,605.8392366600169,714.9362167450338,1429.8724334900676,2.0765961387252343,0.9525339195947415,1.1240622191304932,2.2481244382609864
Coos (17100304),1986,18.779251554737105,43.558276789569476,36.08819302645384,7.470083763115635,14.94016752623127,2.3194894994940207,1.9217056079825778,0.39778389151144267,0.7955677830228853
Coos (17100304),1987,18.779251554737105,46.83506614835788,23.994003327466498,22.841062820891388,45.682125641782775,2.4939793799473144,1.2776868799871826,1.216292499960132,2.432584999920264
Coos (17100304),1988,18.779251554737105,41.32817586591753,37.69264188866179,3.6355339772557445,7.271067954511489,2.20073604879596,2.0071429246685684,0.19359312412739227,0.38718624825478454
Coos (17100304),1989,18.779251554737105,40.78379948227054,34.148848455935806,6.6349510263347335,13.269902052669467,2.171747865637528,1.8184350082536538,0.35331285738387447,0.7066257147677489
Coos (17100304),1990,474.0197659762258,1002.1091932368305,725.2226525354586,276.886540701372,553.773081402744,2.1140662587624894,1.529941796924628,0.5841244618378616,1.1682489236757232
Coos (17100304),1991,71.30475072218351,182.12428994692323,125.61622108401914,56.50806886290404,113.01613772580808,2.55416768311151,1.7616809512937386,0.7924867318177707,1.5849734636355415
Coos (17100304),1992,52.525499167446405,149.67289114408078,90.31853399917728,59.35435714490352,118.70871428980703,2.849528200901766,1.7195178614343138,1.1300103394674528,2.2600206789349055
Coos (17100304),1993,52.525499167446405,106.62067047509368,104.79395307349449,1.8267174015991818,3.6534348031983637,2.02988400234326,1.9951062766566219,0.034777725686637964,0.06955545137327593
Coos (17100304),1994,25.12952734455132,59.052810525195866,42.269185929281115,16.783624595914755,33.56724919182951,2.349937176116443,1.6820525650851956,0.6678846110312474,1.3357692220624948
Coos (17100304),1995,71.30475072218351,172.6496237650839,144.93697129230827,27.71265247277561,55.42530494555122,2.4212920179436392,2.032641160993739,0.3886508569498998,0.7773017138997996
Coos (17100304),1996,18.779251554737105,49.37352888233643,36.76958020464883,12.603948677687605,25.20789735537521,2.629153176761289,1.9579896513699786,0.6711635253913105,1.342327050782621
Coos (17100304),1998,18.779251554737105,40.91013682800394,35.52514669772252,5.38499013028142,10.76998026056284,2.178475361957877,1.8917232454219524,0.2867521165359247,0.5735042330718494
Coos (17100304),1999,18.779251554737105,43.66424577920499,32.22393801813786,11.440307761067126,22.880615522134253,2.32513237558664,1.7159330298235078,0.6091993457631322,1.2183986915262643
Coos (17100304),2000,71.30475072218351,152.93039559832712,143.7300057138791,9.200389884448006,18.40077976889601,2.1447434294269145,2.0157143003539524,0.12902912907296213,0.25805825814592426
Coos (17100304),2001,52.525499167446405,117.7373625975855,117.7373625975855,0.0,0.0,2.2415277239393716,2.2415277239393716,0.0,0.0
Coos (17100304),2002,18.779251554737105,43.90883957208132,29.4333969894407,14.475442582640618,28.950885165281235,2.3381570582883655,1.5673359986498538,0.7708210596385114,1.5416421192770229
Coos (17100304),2004,71.30475072218351,163.3359961184816,136.42606029767327,26.909935820808336,53.81987164161667,2.290674807277131,1.9132814983003645,0.37739330897676676,0.7547866179535335
Coos (17100304),2005,52.525499167446405,115.2672620727028,115.2672620727028,0.0,0.0,2.1945010309229334,2.1945010309229334,0.0,0.0
Coos (17100304),2006,52.525499167446405,116.0775782922577,99.68892220174396,16.388656090513734,32.77731218102747,2.2099281326620654,1.8979147991329879,0.31201333352907745,0.6240266670581549
Coos (17100304),2007,52.525499167446405,109.81117907880557,100.78541982919631,9.02575924960925,18.0515184992185,2.0906260924572604,1.9187903290152801,0.17183576344198023,0.34367152688396047
Coos (17100304),2008,52.525499167446405,107.27090950845201,94.14099460774025,13.129914900711764,26.25982980142353,2.0422634950404244,1.7922912889914195,0.24997220604900522,0.49994441209801044
Coos (17100304),2009,52.525499167446405,118.68806634211516,95.02665637991495,23.661409962200214,47.32281992440043,2.259627575622816,1.809152847400437,0.450474728222379,0.900949456444758
Coos (17100304),2010,18.779251554737105,42.20445553866387,41.1653009371862,1.0391546014776687,2.0783092029553374,2.247398167900771,2.192062916735474,0.055335251165296834,0.11067050233059367
Coos (17100304),2011,77.65502651199773,141.90152888787526,133.91445035859525,7.98707852928001,15.97415705856002,1.8273321800482731,1.7244788441081198,0.10285333594015325,0.2057066718803065
Coos (17100304),2012,18.779251554737105,38.82323255909656,38.43422847064979,0.3890040884467689,0.7780081768935379,2.067347170143387,2.04663260187037,0.020714568273017347,0.041429136546034695
Coos (17100304),2013,52.525499167446405,122.49063818132794,122.49063818132794,0.0,0.0,2.3320223533876216,2.3320223533876216,0.0,0.0
Coos (17100304),2014,71.30475072218351,163.55353894084647,151.11106001348372,12.442478927362732,24.884957854725464,2.2937256954740826,2.1192285013692893,0.17449719410479295,0.3489943882095859
Coos (17100304),2015,52.525499167446405,111.67928687095136,80.41322490905547,31.266061961895872,62.532123923791744,2.1261918238021535,1.5309369008127955,0.5952549229893576,1.1905098459787151
Coos (17100304),2016,52.525499167446405,111.05100830056327,78.49048344826781,32.56052485229545,65.1210497045909,2.1142304225713873,1.494331033352914,0.6198993892184732,1.2397987784369464
Coos (17100304),2018,71.30475072218351,143.58879496342243,117.0818516402845,26.506943323137918,53.013886646275836,2.013733916872817,1.6419923000145815,0.37174161685823526,0.7434832337164705
Coos (17100304),2019,52.525499167446405,100.8385544061639,98.19120123936248,2.6473531668014125,5.294706333602825,1.9198019248651015,1.8694006300889796,0.050401294776121916,0.10080258955224383
Coos (17100304),2020,116.849274651,254.81104862828784,223.876151430749,30.93489719753887,61.86979439507774,2.1806814752538743,1.9159395905486953,0.2647418847051793,0.5294837694103586
Coos (17100304),2021,139.11602097899998,293.2718602773257,200.3726377498932,92.89922252743253,185.79844505486506,2.108109894270165,1.440327550628695,0.66778234364147,1.33556468728294
Coos (17100304),2022,75.20683656,162.21036226740014,82.39194879017923,79.8184134772209,159.6368269544418,2.156856606220749,1.0955380196645679,1.0613185865561807,2.1226371731123614
Coos (17100304),2023,185.42938858934426,405.6542726047023,272.2238791475841,133.43039345711816,266.8607869142363,2.187648223891158,1.4680730019040118,0.7195752219871461,1.4391504439742921
Coos (17100304),2024,56.42758500911233,129.6091725685534,108.24177773444109,21.367394834112307,42.734789668224614,2.2969115645764955,1.9182422518518458,0.37866931272464965,0.7573386254492993
Coquille (17100305),1985,182.07164407700006,358.7191804313428,239.3198775791648,81.37817610029238,127.6389185960954,1.9702089375303087,1.314426959740935,0.44695689168312597,0.7010367772705756
Coquille (17100305),1986,153.88855298556632,315.33988377834464,284.807010996939,21.244082805774486,33.01349592056304,2.0491445117943328,1.8507355191237125,0.13804849284512433,0.21452860060136816
Coquille (17100305),1987,149.15776749478707,354.5834381000258,193.41756015227077,109.30997530581956,170.1596449725226,2.3772374986265343,1.2967313965665954,0.7328480248917634,1.1408031095562592
Coquille (17100305),1988,160.2442397344969,309.84444377473534,287.50451603044655,16.190037669301667,25.046018739418145,1.9335761727729235,1.7941644361557259,0.10103350795090281,0.15629902691613765
Coquille (17100305),1989,141.24771464988098,285.3443420428471,252.35937568974697,23.619505629632652,36.97629649443666,2.0201696200901154,1.7866439560830065,0.1672204445089941,0.26178332574153135
Coquille (17100305),1990,173.6714012374993,336.88942234965157,289.8048737964901,33.47190243635538,52.575297203920066,1.9398094329241242,1.6686965829231482,0.1927312280424446,0.3027285829980852
Coquille (17100305),1991,145.72818060604513,313.76343252598224,262.18632074119523,36.15860870079449,56.61366519196207,2.1530731476995233,1.7991463260628888,0.2481236542611069,0.38848810817867035
Coquille (17100305),1992,144.30812335153297,346.97343653918415,239.2814636067962,75.72411978838764,117.95353846849217,2.4043929647256292,1.658128856848268,0.5247391347743088,0.8173728250984088
Coquille (17100305),1993,138.49489939099976,245.79788946356064,242.274015895602,2.71800923112161,4.181552663264015,1.774779364037244,1.7493352965412272,0.019625338139335424,0.03019282790666988
Coquille (17100305),1994,143.27121342743285,298.5362755554328,248.20421542924774,37.329190826702984,58.26128536448161,2.0837142955213537,1.7324081334382195,0.26054913568251653,0.40665032403031237
Coquille (17100305),1995,149.35650921394236,342.88477163560214,294.45122422745067,36.60188088979149,56.87054418146953,2.2957470915743254,1.9714656279604839,0.24506384812035176,0.3807704430210444
Coquille (17100305),1996,150.03442501190287,337.29287623659576,274.70906643680416,46.17676947361403,72.00718090229466,2.248103235039804,1.8309735676662895,0.30777449555294145,0.4799377269355485
Coquille (17100305),1997,149.19294490301925,317.78216873782895,298.241974515209,14.56735712360061,22.581747788999824,2.1300080170975826,1.9990353746893121,0.09764105891917284,0.1513593541817863
Coquille (17100305),1998,149.025045600976,281.82631428802335,261.1244548626905,15.96821813910782,24.93632184982531,1.8911338906255473,1.7522185872156537,0.10715123806681286,0.16732973809378252
Coquille (17100305),1999,163.3976993257403,358.20635780105215,269.90049347424747,64.0002704004149,99.80113989636082,2.192236238816022,1.6518010632217612,0.3916840363390162,0.6107866898260482
Coquille (17100305),2000,154.86568431343875,374.73856835544314,273.96836449296234,72.25844031296435,112.13856510231058,2.419765037146609,1.7690708287477488,0.46658780887002477,0.7241020862655986
Coquille (17100305),2001,156.91708877359122,390.709619096408,325.3178956732268,46.370761407862815,72.25130747644828,2.4899112145787115,2.073183349345805,0.2955112267904049,0.4604425690097814
Coquille (17100305),2002,141.18716384164784,340.98264608739333,234.259313037078,79.45992307864545,123.55749376484845,2.4151108132594215,1.6592111255936668,0.5627984932664686,0.8751326282283536
Coquille (17100305),2003,130.64405533780857,325.32831205384247,219.5877550228581,77.86914659141226,120.99129454754221,2.4901884070624987,1.6808093904852102,0.596040488716189,0.9261140450263348
Coquille (17100305),2004,148.17054754761753,351.63125372277534,280.51052203461614,55.27772330099802,85.77828902863062,2.373152151643171,1.8931597856481468,0.37306822587824634,0.5789159212026538
Coquille (17100305),2005,126.64586357116191,292.47981805887366,280.7258970031336,10.30264896359093,15.862318945169603,2.3094304844352864,2.2166211282960266,0.08135006286882716,0.12524940410909366
Coquille (17100305),2006,144.17274801347895,367.0766918721356,262.3106118932588,77.84454282715356,121.16571027252017,2.5460893055726244,1.8194188257321344,0.5399393706491309,0.8404203425545596
Coquille (17100305),2007,148.95021162000444,350.19827189106513,288.2405465744468,45.11364365166115,70.120944202085,2.3511095961681234,1.9351469423205254,0.3028773384139473,0.47076767088438
Coquille (17100305),2008,143.81700832670566,345.905253863727,260.04674650224786,58.4999507784802,90.89388361663758,2.4051762575810387,1.8081779723265128,0.406766567175332,0.6320106687948627
Coquille (17100305),2009,132.62587885863215,335.19580140865526,241.2556348247864,67.83833854770026,105.56154726782054,2.527378550048632,1.819069075364577,0.5115015193981118,0.7959347615734945
Coquille (17100305),2010,148.43830974364832,326.2647392454543,309.5452982657313,12.900733942405825,20.16129736554274,2.1979820425664416,2.0853464230380507,0.08690973350939715,0.1358227360602605
Coquille (17100305),2011,170.14605901954585,354.67747416114145,295.95627964838326,41.65125289656502,64.92489006393279,2.0845471015017587,1.739424829195631,0.24479704752832537,0.38158327285426236
Coquille (17100305),2012,173.62540335438277,356.14640191266363,332.7873377198706,16.171546535257352,25.375844146124173,2.0512344105876115,1.9166972763808423,0.09314044041268538,0.14615283049525954
Coquille (17100305),2013,139.9530931683472,358.9690509102548,278.6973042503733,54.90372002277773,85.33923961736714,2.564924024068957,1.9913622338816979,0.39230086866844005,0.6097703000727109
Coquille (17100305),2014,140.41808643397786,367.8545638863218,267.1604769137203,70.42729255257782,109.5630017286332,2.619709278400405,1.9026073043612832,0.5015542822234051,0.7802627461395282
Coquille (17100305),2015,140.38471624574436,326.8995323557672,228.3011971907,67.75597161646891,105.62073996847987,2.328597735550695,1.6262539348732044,0.4826449305055519,0.7523663742966868
Coquille (17100305),2016,137.51814774174574,317.0235506097369,216.17719823714074,68.6937408073867,107.15451015598948,2.3053215580324427,1.5719903284555137,0.49952491315103476,0.7792026864499506
Coquille (17100305),2017,151.51207733465463,330.4783266468718,295.27521922392253,27.251558500633884,42.49259488337357,2.1812012115504342,1.9488559883693553,0.17986393546992022,0.2804568165844456
Coquille (17100305),2018,136.99323757088075,324.3975718535244,232.8976934897706,63.3240972720567,98.53222785151904,2.3679823734779615,1.700067080824107,0.4622425047754098,0.7192488446777392
Coquille (17100305),2019,139.78140414581443,312.9774175809487,279.07702406738787,25.637673052703963,39.817482335510526,2.239049031546879,1.9965246863328525,0.18341261635889533,0.2848553609747295
Coquille (17100305),2020,158.20456647900002,361.78507810865926,342.2091538985062,15.890047094251504,24.789696585213715,2.2868181757363013,2.1630801279300043,0.100439876344282,0.15669393834156034
Coquille (17100305),2021,150.65507946300002,314.1198194393717,300.87880961473246,10.428008326322988,16.439855818166766,2.0850264097236604,1.9971368418986928,0.06921776792055687,0.10912247948602553
Coquille (17100305),2022,167.83998193200006,325.94493296557994,316.16358854894366,7.197225013517355,11.520841939169383,1.9419981414061145,1.8837203442802832,0.04288146918672389,0.06864182065890011
Coquille (17100305),2023,149.68801096965257,306.8988041926168,275.40468035982974,23.636201661673958,37.09842945163227,2.0502564113490482,1.8398579724308362,0.1579031046545599,0.24783834865140622
Coquille (17100305),2024,164.6246616589383,373.21658873019726,342.78630835581345,22.479284041223732,34.58351390957497,2.2670758133639177,2.0822293871496735,0.13654870306002673,0.21007492778465647
Donner und Blitzen (17120003),1985,53.950462226,137.84852547065688,27.662485987141356,55.09301974175777,110.18603948351554,2.555094428907866,0.5127386281003937,1.0211779004037365,2.042355800807473
Donner und Blitzen (17120003),1986,53.95046222834853,162.89537858436387,32.364427569255966,65.26547550755394,130.5309510151079,3.0193509352134837,0.5998915714988985,1.2097296818572927,2.4194593637145854
Donner und Blitzen (17120003),1987,53.95046222834853,106.64865569321105,39.384732722133535,33.63196148553877,67.26392297107753,1.9767885443096724,0.7300165947686476,0.6233859747705126,1.2467719495410252
Donner und Blitzen (17120003),1988,53.95046222834853,133.23057180558135,33.02872849762028,50.10092165398053,100.20184330796106,2.4694982452916725,0.6122047362230972,0.9286467545342876,1.8572935090685752
Donner und Blitzen (17120003),1989,53.95046222834853,102.76888720533633,49.22661566618871,26.771135769573814,53.54227153914763,1.9048750086766806,0.9124410363313319,0.4962169861726744,0.9924339723453488
Donner und Blitzen (17120003),1990,53.95046222834853,99.16312060999302,25.789312612526274,36.68690399873337,73.37380799746674,1.838040241254639,0.47801838107283456,0.6800109300909022,1.3600218601818044
Donner und Blitzen (17120003),1991,53.95046222834853,126.43538726744103,40.282632850020676,43.07637720871017,86.15275441742034,2.343545950214398,0.7466596426833573,0.7984431537655201,1.5968863075310402
Donner und Blitzen (17120003),1992,53.95046222834853,116.67525043172103,35.22487557505384,40.72518742833359,81.45037485666718,2.16263671547217,0.6529114695248108,0.7548626229736795,1.509725245947359
Donner und Blitzen (17120003),1993,53.95046222834853,85.60546580577484,46.68801839296466,19.45872370640509,38.91744741281018,1.5867420272220214,0.8653868097617932,0.3606776087301141,0.7213552174602282
Donner und Blitzen (17120003),1994,53.95046222834853,140.38347378375755,29.631905483715624,55.37578415002097,110.75156830004194,2.602081019984151,0.5492428472307953,1.026419086376678,2.052838172753356
Donner und Blitzen (17120003),1995,53.95046222834853,133.28838120047925,47.858504534240275,42.714938333119484,85.42987666623897,2.4705697726245286,0.8870823818279131,0.7917436953983078,1.5834873907966156
Donner und Blitzen (17120003),1996,53.95046222834853,132.52208715025836,43.14011647227625,44.69098533899105,89.3819706779821,2.456366112107636,0.7996245943117808,0.8283707588979276,1.656741517795855
Donner und Blitzen (17120003),1997,53.95046222834853,130.66021600112413,29.034824085480167,50.81269595782197,101.62539191564395,2.421855357755732,0.5381756316116172,0.9418398630720572,1.8836797261441145
Donner und Blitzen (17120003),1998,312.9358398168781,603.1982541299549,537.1173710916889,33.04044151913298,66.08088303826597,1.927546088945679,1.7163817714391423,0.10558215875326836,0.21116431750653672
Donner und Blitzen (17120003),1999,312.9358398168781,605.2222059621593,277.10265877377697,282.19315552888787,369.8136819888635,1.9340137144927838,0.8854935214065931,0.9017604237789444,1.1817556026988434
Donner und Blitzen (17120003),2000,312.9358398168781,736.5038188788141,233.99391189417844,450.10716262737253,572.6930396205373,2.353529782046687,0.7477376577611103,1.4383368900499331,1.830065357664569
Donner und Blitzen (17120003),2001,312.9358398168781,778.38940239875,161.63334293774153,557.9163733198445,704.8284160219521,2.4873769743160232,0.5165063325195515,1.782845881910882,2.252309663330347
Donner und Blitzen (17120003),2002,312.9358398168781,768.9729473916499,170.28483250738708,550.62079545546,687.3740224183788,2.457286285398415,0.544152541322954,1.7595325475588508,2.196533394259386
Donner und Blitzen (17120003),2003,312.9358398168781,806.0136430487423,235.5652645404894,522.081609160992,654.0451149459702,2.575651429124898,0.7527589830501231,1.6683343444026755,2.0900294300860534
Donner und Blitzen (17120003),2004,444.3211586621113,1062.5952637164737,329.07495604228916,678.0845549800711,843.399508077589,2.3915027295032227,0.7406240950423377,1.5261135819456384,1.898175433772131
Donner und Blitzen (17120003),2005,444.3211586621113,985.9198801173759,354.3753742888705,586.4132834191905,727.0648695361307,2.2189352473919186,0.7975658313367853,1.3197959898757257,1.636349868472131
Donner und Blitzen (17120003),2006,444.3211586621113,1035.1107129943125,368.599253063425,615.4379542028947,766.1051861323408,2.329645331568541,0.8295784386530424,1.38511961945731,1.724214953974167
Donner und Blitzen (17120003),2007,312.9358398168781,850.2516898765897,183.71557740036513,603.560067094118,761.9332927783441,2.717016019558945,0.5870710670528204,1.9287022779088059,2.43479076485521
Donner und Blitzen (17120003),2008,497.9907986358039,1085.1532775385683,371.6083879513269,664.7718062409632,822.2505465686564,2.1790629074096097,0.7462153697805481,1.334907809666442,1.6511360226356184
Donner und Blitzen (17120003),2009,497.9907986358039,1013.7871471693786,423.60189611364603,546.7093721329318,678.9911616222263,2.0357547768885436,0.8506219337266093,1.097830268411761,1.3634612596904496
Donner und Blitzen (17120003),2010,497.9907986358039,1124.7879316674107,420.58045141751427,659.1865299858055,812.589641377258,2.2586520368421565,0.8445546635995131,1.3236921882725166,1.6317362561783595
Donner und Blitzen (17120003),2011,497.9907986358039,1154.3859200885202,496.89945104181993,612.1768067873707,757.5218474928254,2.318086846686415,0.99780849847633,1.2292934095657349,1.5211563136668005
Donner und Blitzen (17120003),2012,693.7475256749066,1500.2901477528635,574.4531054618492,903.3682791176095,1081.289898045874,2.162588106232622,0.8280434656729005,1.3021571186704777,1.558621628226998
Donner und Blitzen (17120003),2013,1032.9548264740731,2157.96550001554,1002.8752645932051,1120.883099693568,1346.8565820043586,2.089118947613247,0.9708800800287243,1.085123057626472,1.303887205408362
Donner und Blitzen (17120003),2014,1089.143316776263,2680.325872038968,1318.2025926459914,1330.3319125156654,1591.2774933291566,2.4609487390258424,1.2103114184712782,1.2214479876287472,1.4610359066786107
Donner und Blitzen (17120003),2015,1117.782628005492,2720.0048899764115,1423.7915719211167,1255.9471509180225,1510.7452563695447,2.433393418208542,1.2737642688736805,1.123605895682118,1.3515554979282807
Donner und Blitzen (17120003),2016,1249.167946850725,2919.3507920275633,1423.7073842279458,1447.6426406342246,1742.639032529411,2.3370362643290146,1.1397245565075953,1.1588855159819573,1.3950398238465653
Donner und Blitzen (17120003),2017,1140.7266883999991,2468.879151777689,1146.743896685486,1272.5109931771633,1537.9387959031658,2.1643038397221837,1.0052748904243898,1.1155266253672094,1.3482097083748452
Donner und Blitzen (17120003),2018,1126.1682218531316,2744.2853696364336,810.6812541674651,1885.1360583553778,2257.7219980410487,2.4368343169199527,0.7198580446831233,1.6739382463246475,2.004782193486088
Donner und Blitzen (17120003),2019,1263.7264133975925,2774.9834224919396,1446.9456218448306,1287.1559819098147,1548.5642003907692,2.1958735633539983,1.1449832863385707,1.0185400639440862,1.225395136141355
Donner und Blitzen (17120003),2020,1126.1682216259999,2500.340522432903,835.5110644285736,1626.1114976787999,1944.9577293019656,2.2202193903347998,0.7419060921664389,1.443933034561182,1.727057904807303
Donner und Blitzen (17120003),2021,1126.1682216259999,2488.6574365529927,801.5535850124049,1638.0916693557322,1967.5296433942717,2.2098451978690936,0.7117529775925435,1.4545710293535008,1.7471010152936883
Donner und Blitzen (17120003),2022,994.7829028259999,2523.9111041727,766.6471957788646,1694.1432922750253,2045.0914394802262,2.5371476500075754,0.7706678448141371,1.7030281556531257,2.0558168356839346
Donner und Blitzen (17120003),2023,1126.1682218531316,2452.8776649581655,1040.7920066037213,1371.559113901426,1646.9737588453402,2.1780739478884494,0.9241887547591051,1.217898966856389,1.462458029702892
Donner und Blitzen (17120003),2024,1126.1682218531316,2594.5711912193756,746.1212426153618,1802.0055455260388,2158.2548560948485,2.3038930959621275,0.6625308973712691,1.6001211102909685,1.9164586730598723
Goose Lake (18020001),1985,18414.910172690004,41057.34509172749,10866.729587226504,22589.36899168943,35644.029939945445,2.229570750370374,0.5901049467698337,1.226689067709399,1.9356070491620896
Goose Lake (18020001),1986,18316.932107664514,42963.674904559055,17463.08663410479,18823.98118919748,29933.0102740884,2.3455715537964674,0.9533849080980957,1.0276819872756309,1.6341716013438337
Goose Lake (18020001),1987,16220.694939935185,34785.39577877913,13545.555862951493,15581.249748493596,24862.65673057934,2.1445071193058345,0.8350786395472165,0.9605784342896875,1.532773831370673
Goose Lake (18020001),1988,14752.263101525385,29209.693443315307,10847.966867337407,13684.702445141776,21253.94943544841,1.9800144047251316,0.7353425567779989,0.927634109489735,1.4407246731690102
Goose Lake (18020001),1989,15499.818427917591,29637.150191090626,12228.736573556915,12631.426715535672,19904.56560487946,1.9120966048034147,0.7889599888170982,0.8149403023189292,1.2841805662076808
Goose Lake (18020001),1990,13293.494926810967,29445.125612962554,9569.731281524859,14670.284795910393,22750.181559891127,2.2150025839763323,0.7198807638030658,1.103568691053746,1.711377006960559
Goose Lake (18020001),1991,15978.936223084234,31322.971382708303,13049.078232732825,13629.59250944735,21067.127535049673,1.960266374770121,0.816642487994993,0.8529724581888708,1.3184311671896343
Goose Lake (18020001),1992,8247.42776253587,18770.12971201796,5172.337378332168,10525.037640579934,15733.554804990574,2.2758768251698673,0.627145520671018,1.2761600275409697,1.9076923445708258
Goose Lake (18020001),1993,19404.659472509215,36194.61380392625,20576.528245497902,11198.935744068136,18253.191446488294,1.8652537476992854,1.060391102180839,0.577126115505082,0.9406602302064503
Goose Lake (18020001),1994,11073.54832466897,25743.671922727,6765.345694726461,14029.254877416472,21269.955287407105,2.324789775412533,0.6109465093185208,1.2669159393256957,1.9207894943685944
Goose Lake (18020001),1995,18512.52973012099,33956.59480895818,19652.75429433865,10182.966741894394,16614.681923427546,1.8342493059556726,1.0615920450008756,0.5500580898636506,0.8974830650180925
Goose Lake (18020001),1996,17040.28012713032,37512.72798888513,16800.953543179436,14942.966889935757,23926.83757617216,2.201414983146905,0.9859552435661051,0.8769202606091333,1.4041340516508032
Goose Lake (18020001),1997,16050.65833257471,37119.73492015202,12308.060502751125,18287.81779194276,28943.475539549145,2.3126612099653103,0.7668258988338187,1.139381165121916,1.8032578439981208
Goose Lake (18020001),1998,16827.970970739803,32769.94651974056,18395.09137203139,10172.69977055117,16645.13900503907,1.9473498365739041,1.093125927303801,0.6045113690913355,0.9891352340684068
Goose Lake (18020001),1999,16574.031906917346,35663.72910996444,11296.010377072866,17769.903313860043,28564.71611911894,2.151783543694025,0.6815487287893031,1.0721533187373429,1.7234621170963933
Goose Lake (18020001),2000,15459.758140849446,36560.14682468605,12392.183754895032,17891.28070870708,27962.48970458246,2.364858912513183,0.8015768191192502,1.1572807637548224,1.8087275007683945
Goose Lake (18020001),2001,13487.550413648252,31309.079804716202,7538.187312697003,18246.64065795855,27406.960722285527,2.321331809298305,0.5588996579444848,1.3528505991343323,2.0320191496412883
Goose Lake (18020001),2002,15776.153680268402,36505.36281245214,8658.543756451896,20859.96819821975,32197.82421246494,2.3139583673116877,0.54883743730776,1.3222467669232831,2.0409172517592484
Goose Lake (18020001),2003,14756.552567120314,36566.17254767999,12999.284131644483,17552.03380859233,26817.825845971412,2.4779617313297546,0.8809160589858045,1.1894399947926009,1.8173503414154686
Goose Lake (18020001),2004,14758.167692182564,34985.505767320356,10798.320514504181,18129.674815352933,27676.563053046342,2.370586003427259,0.73168436215995,1.2284502516498892,1.875338702629506
Goose Lake (18020001),2005,17829.872809504508,41261.82889649954,16965.462677566004,18389.447949036214,28642.554426808354,2.314196480106366,0.9515189961715421,1.0313841352381052,1.6064362731482844
Goose Lake (18020001),2006,14608.14779548958,35203.722072971614,10244.150185218312,18611.44208428344,29181.92776010373,2.40986896941453,0.7012627698346057,1.2740453029938483,1.9976473519191773
Goose Lake (18020001),2007,14089.628492013806,35491.7021981538,10258.212473322057,19450.66505996751,29049.2354416042,2.5189948917582163,0.72806834325948,1.38049523952973,2.0617460182196927
Goose Lake (18020001),2008,17864.969015828137,39992.906277729824,9351.311929999534,23066.993812564157,35244.421890803016,2.238621642293172,0.5234440609280873,1.2911857721178857,1.9728230068340393
Goose Lake (18020001),2009,15792.447488199105,37616.86297903604,11074.692534395857,19908.688696086967,29979.91954356091,2.381952702843889,0.7012651169282921,1.2606461861572578,1.89837069687668
Goose Lake (18020001),2010,18438.980847771345,42115.31208059557,13218.734984419993,21612.31897152348,33347.605690681085,2.2840368688644688,0.7168907595029957,1.1720994316307718,1.8085384417930936
Goose Lake (18020001),2011,19468.038618119128,44922.636263819164,12921.94098360039,23689.261039597794,37329.12372070311,2.307507045009103,0.6637515590077878,1.216828336140135,1.9174568354287351
Goose Lake (18020001),2012,13750.673748307056,32980.35535186328,8294.032591629591,18769.154017613804,27809.431741432745,2.3984537743776904,0.6031728149066681,1.3649625001047392,2.0224050290522357
Goose Lake (18020001),2013,14370.777866763416,32131.453120941693,10946.597056329623,16220.009805263267,23891.34637472581,2.235888232275511,0.7617261332559316,1.1286800168818096,1.6624950017480589
Goose Lake (18020001),2014,11982.765517341748,28992.111973934214,7994.8086109259375,16248.538582469284,23389.097406524044,2.4194842110509573,0.6671922770545462,1.3559923674509031,1.9518947752649234
Goose Lake (18020001),2015,13807.201650773382,35678.842308273255,11853.068069224004,18617.70171667562,27007.38468960078,2.584074833605025,0.858469975960703,1.348405143024241,1.9560360870146354
Goose Lake (18020001),2016,17076.508917313055,40225.12385996999,14909.894250207248,18740.915261486432,28535.980525762672,2.3555824000529557,0.8731230910488279,1.0974676002122374,1.6710664143319955
Goose Lake (18020001),2017,16704.734229690188,39868.98194643686,14519.684358868208,18785.093362270465,28557.2543905664,2.3866875939621752,0.8691957716430844,1.1245370985240069,1.7095306035944058
Goose Lake (18020001),2018,16157.707703058613,37246.82184522585,12245.512021345803,18882.68318271853,28525.675884724933,2.3052045828366556,0.7578743375229989,1.1686486430958325,1.7654531452704207
Goose Lake (18020001),2019,18905.67955908539,42120.94557744219,15581.106600072651,19791.55286686939,31000.00643017005,2.2279519467048394,0.8241495129216305,1.0468575226304564,1.6397192353380685
Goose Lake (18020001),2020,16037.837901287006,37475.83113176679,8474.820388941835,22152.475362560846,33089.06454769333,2.3367134249909975,0.5284266146786374,1.3812632038626074,2.063187366735886
Goose Lake (18020001),2021,11648.258562829007,25815.96730329878,7596.386395596627,14803.688107797487,20825.24451372,2.216294149383036,0.6521478171713675,1.2708928144021316,1.787841882234299
Goose Lake (18020001),2022,13545.240438000008,32014.334012649655,9845.475524956444,17805.07680535017,25597.55138006139,2.363511682143064,0.7268586755636917,1.3144895350398917,1.889781986316733
Goose Lake (18020001),2023,18641.50460554184,40309.51346933148,16913.168058021838,17250.86254329391,27146.428820733592,2.1623530032735703,0.9072855660478075,0.9254007607393177,1.4562359313348219
Goose Lake (18020001),2024,13721.61435446948,35335.60915778865,9117.08954613618,19828.652629235068,29621.640598812803,2.5751787103883252,0.6644327198400318,1.445067039271248,2.1587576966965463
Guano (17120008),1985,1185.70563364,2106.2082086211767,703.8073942419561,1402.4008143792207,1816.799436799699,1.7763331377243472,0.5935768324565823,1.182756305267765,1.532251669600576
Guano (17120008),1986,1315.580845796641,2998.467615643763,1052.5353570617372,1943.128749418992,2506.160444264656,2.2791967709350933,0.8000537256411495,1.4770120404438876,1.9049839865577152
Guano (17120008),1987,1185.7056337918261,1958.8284846241063,934.1502024817328,1024.6782821423733,1240.1171742597865,1.6520360777572363,0.7878432689017156,0.8641928088555204,1.0458895858443003
Guano (17120008),1988,438.5904374909314,807.1004033820493,256.20864153958917,550.8917618424603,790.8970252276736,1.8402143193072638,0.584163765642717,1.256050553664547,1.8032701071920354
Guano (17120008),1989,1544.007281865614,2673.193737091212,1450.1988255232827,1222.9949115679292,1605.977787732283,1.73133492858998,0.9392435142993736,0.7920914142906065,1.04013614870507
Guano (17120008),1990,1742.8815571196205,3567.913155487637,1297.0062483659672,2250.442588975393,2860.7523897656984,2.0471346092985008,0.7441734884781667,1.2912194634124163,1.6413923126787404
Guano (17120008),1991,2530.3177132814562,4644.113822539657,2382.4123140931183,2125.663453188062,2638.4814436550328,1.8353876266853908,0.9415467083789545,0.8400776874898385,1.042747094487713
Guano (17120008),1992,1779.887273687395,3553.984448503462,1172.5389575568017,2183.4895461748597,2735.721744289027,1.9967469294505753,0.658771471031225,1.2267572101076498,1.5370196667687994
Guano (17120008),1993,2271.2706087635993,3581.9320694081775,2595.818845701366,832.9850573547113,1000.1159852719688,1.5770608995631994,1.1428928088469563,0.36674848612960276,0.44033325725832256
Guano (17120008),1994,2340.894096531809,5312.598250180259,1490.839027810847,3250.9072543231805,3929.4278073858495,2.2694739834882873,0.6368673533841727,1.3887459749416333,1.6786012717138976
Guano (17120008),1995,2404.2195767640915,4746.7722171040095,2372.81493179089,2097.188970667438,2532.028553674437,1.974350538935727,0.9869376968407063,0.8722951060443926,1.053160276268263
Guano (17120008),1996,2404.2195767640915,4795.493556957131,2481.003572210708,2019.3436573596264,2416.3675266661567,1.9946154682807815,1.0319371808584816,0.8399164855306267,1.0050527622432954
Guano (17120008),1997,2404.2195767640915,5507.081110895296,2272.6177157514217,2795.8499252203974,3356.4854023229013,2.290589912884511,0.9452621290149394,1.1628929205307497,1.3960810546433085
Guano (17120008),1998,3179.263032678401,6795.606255509974,3775.6879769413067,2446.5870336701423,3068.6030190829247,2.137478461410898,1.1875984900061702,0.769545334413237,0.9651931870820233
Guano (17120008),1999,2602.892449674381,4977.996006758142,1792.892063797489,2731.7822507289507,3229.2750187662505,1.9124862448238626,0.6888075855849434,1.0495179126862093,1.2406486557561105
Guano (17120008),2000,2602.892449674381,6142.296164238099,1920.1749050629664,3672.5020112486545,4338.914885044687,2.359796373840376,0.7377081236311466,1.4109311399739473,1.6669589577500525
Guano (17120008),2001,2602.892449674381,6090.249317131163,1498.8140944474649,4020.7267668396858,4745.186912644011,2.339800600632979,0.575826363718933,1.5447149064275298,1.823043788550552
Guano (17120008),2002,2695.289613314083,6131.446176514863,1438.5379030534616,4171.675809667206,4920.796352960992,2.2748747096516055,0.5337229424056806,1.547765326983835,1.8257022654090458
Guano (17120008),2003,2695.289613314083,6456.3503952157935,1947.088906502619,3999.896808654817,4717.615249525818,2.3954199071309348,0.7224043371385649,1.4840322868816354,1.7503184912752725
Guano (17120008),2004,2695.289613314083,6552.102151545465,2198.8093690329983,3906.8772018452255,4613.539859093998,2.4309454980940286,0.8157970698849609,1.4495203715942773,1.7117046852049662
Guano (17120008),2005,2568.3473477730686,5394.733354435143,2407.986789125682,2711.3961028022086,3199.610924564627,2.1004687543967693,0.9375627448575327,1.0556968103061188,1.2457859048305546
Guano (17120008),2006,2695.289613314083,6078.869570819978,2628.2785288815626,3031.265632589022,3582.4839123599336,2.2553678613206625,0.9751377053873908,1.1246530308339773,1.3291647378683626
Guano (17120008),2007,2695.289613314083,6626.496577378674,1589.798226152714,4488.124253307554,5300.116253931777,2.4585471426318617,0.5898431909875261,1.6651732827289871,1.9664366410757774
Guano (17120008),2008,2695.289613314083,5626.45663125122,1280.1735890691214,3836.469020474089,4531.438990935285,2.0875146787409693,0.47496698786852865,1.423397694081873,1.6812438145982773
Guano (17120008),2009,2695.289613314083,6485.554690162147,2417.569435548361,3566.0438837988677,4211.996275776962,2.4062552158124553,0.8969609141838224,1.323065197217942,1.5627249312915066
Guano (17120008),2010,2824.461505827125,6684.7866512569,2202.7898533150574,3909.172933054565,4616.744270401466,2.36674730296928,0.7798972826397167,1.3840418518678976,1.6345573345137456
Guano (17120008),2011,3142.59055208116,7225.526084198637,3205.71671646615,3424.421364868982,4154.054946489256,2.2992260571182523,1.0200873016509215,1.0896810475679632,1.3218568813357694
Guano (17120008),2012,2824.461505827125,6253.115007896075,1854.5180750610677,3801.0640549011705,4491.076808136378,2.213914048747105,0.656591733056027,1.3457659263754256,1.5900647960224883
Guano (17120008),2013,2824.461505827125,6991.945156175694,2245.917897934445,4159.120407265227,4912.017365528084,2.475496706806117,0.7951667577344952,1.4725357023576273,1.7390987115222276
Guano (17120008),2014,3208.8915665277345,8317.332488102476,2609.0302705132103,4988.197398328199,5888.763557682602,2.591964332750098,0.8130627714966324,1.5544923519263099,1.8351394665712228
Guano (17120008),2015,3208.8915665277345,8671.312111048863,3329.9099609929963,4719.166749772318,5568.125007835751,2.702276450067736,1.0377134571101176,1.4706532308534241,1.7352175641948808
Guano (17120008),2016,3208.8915665277345,8846.589596989541,2874.6654970944674,5304.357177748265,6260.027539589155,2.7568988897191766,0.8958437633357224,1.6530185167609088,1.9508379793471744
Guano (17120008),2017,3312.9387332416914,7767.686226387243,2558.0910612985945,4662.673883828537,5501.944531168331,2.344651335820692,0.7721516355346292,1.4074132542940623,1.660744424870396
Guano (17120008),2018,3312.9387332416914,8581.759282993899,2226.02020492791,5704.893986282365,6732.584320171634,2.5903766939259687,0.6719171056778832,1.7220040712012081,2.0322091237660285
Guano (17120008),2019,3312.9387332416914,7990.361400676867,3167.2851216377117,4349.208496401392,5130.844991569899,2.4118651276289507,0.9560349214603621,1.3127947259518793,1.5487292113456614
Guano (17120008),2020,3312.93873314,8869.973601534331,1897.4335414712004,6325.437788476549,7462.647488922215,2.677373267669028,0.5727342683674729,1.9093132405987194,2.252576364987325
Guano (17120008),2021,3312.93873314,8603.902493735703,2139.571981825696,5863.554069091377,6916.88863168196,2.5970605516090943,0.6458229850202548,1.7698951116834891,2.087840792976615
Guano (17120008),2022,3312.93873314,8946.922220508257,2226.713149901834,6103.066044308608,7201.315043956222,2.7005999631114137,0.6721262689308346,1.8421910382037547,2.1736939992037896
Guano (17120008),2023,3312.9387332416914,8552.491774393297,3609.4066192544724,4491.631776490602,5299.7607747242755,2.5815423897153487,1.0894878867025377,1.3557847392171862,1.59971590224323
Guano (17120008),2024,3312.9387332416914,8810.319830551569,2547.264167139358,5677.403340552684,6692.608456963274,2.6593669669015347,0.7688835720323977,1.7137061073862292,2.0201425368390664
Harney-Malheur Lakes (17120001),1985,30236.34321200303,61802.275496469745,19792.014708093957,36637.5738547052,51048.53037252168,2.043973210091618,0.6545769959456291,1.211706508218264,1.688316937487889
Harney-Malheur Lakes (17120001),1986,31267.93135801694,63818.70049903726,21943.4055406289,36545.444407084404,51459.98996097907,2.0410272674682224,0.7017862899012257,1.1687835689748736,1.6457753271799027
Harney-Malheur Lakes (17120001),1987,20924.004443563055,44343.92254376739,14363.183530609484,25901.837144669513,35824.733733597,2.1192847030487565,0.6864452533142189,1.2379005756060146,1.7121356397254026
Harney-Malheur Lakes (17120001),1988,19002.944452927244,36582.97224129342,11601.815826380735,22045.25060112158,30552.8695046113,1.9251212532833626,0.6105272714510078,1.1600965658627547,1.60779660122118
Harney-Malheur Lakes (17120001),1989,28417.752068671936,52624.60288245873,25591.19155545832,23095.534780709695,33754.36173468259,1.8518214514395988,0.9005353939895321,0.8127150495542005,1.1877914077480392
Harney-Malheur Lakes (17120001),1990,16480.195450651125,30239.160946793032,8824.947142165476,19768.79611103824,26828.30024747541,1.8348787814648337,0.535488014604633,1.1995486443249181,1.6279115334409118
Harney-Malheur Lakes (17120001),1991,27107.88115495464,44896.650873020226,19493.536162766984,22389.087562247176,30357.976965901616,1.6562213260557344,0.7191095479332237,0.8259253991216134,1.1198948671926334
Harney-Malheur Lakes (17120001),1992,15920.482238003082,33410.1721226761,11194.037370168959,20488.218093051815,26250.997885598346,2.0985653338392067,0.7031217523956759,1.2869093904797237,1.648882081155541
Harney-Malheur Lakes (17120001),1993,31012.200976639826,47230.38703861841,27860.937932848556,16822.031947672018,23771.267409704964,1.5229614652050998,0.8983863465168118,0.5424327012566228,0.7665133934740991
Harney-Malheur Lakes (17120001),1994,19327.499856618084,41224.6986232403,11164.50083707974,26731.395475544887,35353.90347992241,2.1329555777554035,0.5776484760007288,1.383075704247985,1.8292021079910445
Harney-Malheur Lakes (17120001),1995,29492.7935721771,56713.02676175654,26455.786007053997,25045.21409242017,35275.1006217755,1.9229452314499789,0.8970254358004203,0.8491977550762542,1.1960583026985043
Harney-Malheur Lakes (17120001),1996,26544.09921126895,54271.30441508085,23604.08134259513,25820.67610680568,36469.86167964956,2.0445713370465657,0.8892402471346373,0.9727463682717042,1.3739348014554873
Harney-Malheur Lakes (17120001),1997,26294.45700674588,53490.16959243318,20773.738654667228,28055.866916953608,39584.36726517736,2.0342754968741206,0.7900425039900119,1.066987879223208,1.5054263054385164
Harney-Malheur Lakes (17120001),1998,29262.057009588807,56566.18059668666,30845.08146341143,21807.278620494813,30720.40001090701,1.9330896860104754,1.0540981945768162,0.7452407947038324,1.049837337164654
Harney-Malheur Lakes (17120001),1999,32114.751978650344,59719.62508605319,20530.960886599758,34107.46863042643,47251.520949281716,1.8595698676344867,0.6392999983387259,1.0620498845234998,1.471333827541131
Harney-Malheur Lakes (17120001),2000,29279.520137448486,65373.382019521254,21472.054956427535,38414.30523627848,52068.6786041338,2.232734065061017,0.7333472289036865,1.3119854784486926,1.7783310095146674
Harney-Malheur Lakes (17120001),2001,29791.828136411725,62761.264693425896,18193.240648312072,40926.23238837107,53444.56082432072,2.106660403854799,0.6106788937224098,1.3737402149668962,1.7939335773423217
Harney-Malheur Lakes (17120001),2002,29766.82578308615,62995.5868707155,15169.604065710564,43103.09217117564,55459.871295540666,2.116301796159613,0.5096144337408696,1.4480244714459043,1.8631436116058298
Harney-Malheur Lakes (17120001),2003,26600.074474932742,59614.23219009385,20471.21891177484,36057.9661629963,45458.23981772718,2.241130273761934,0.7695925412188757,1.355558842400101,1.7089515993861564
Harney-Malheur Lakes (17120001),2004,29390.238692423954,66641.09718940798,23462.89693487203,38637.98130222848,50081.79803245948,2.2674568208452945,0.7983227758174064,1.3146535387679024,1.704028284920642
Harney-Malheur Lakes (17120001),2005,32589.608895942052,69307.71274228721,30295.61103753362,34545.71162732171,45374.66614247196,2.126681328505209,0.9296095308865744,1.060022283103349,1.392304715510773
Harney-Malheur Lakes (17120001),2006,35626.67257207559,80439.48190619012,30814.685205146743,43673.96576700795,59510.20271074417,2.2578443648773163,0.8649330117149219,1.2258783269375504,1.6703834069923396
Harney-Malheur Lakes (17120001),2007,28845.734379207363,71012.53781423625,18549.267175038985,48004.613533768614,61134.91764173554,2.461803775931031,0.6430506130018899,1.664184135605554,2.119374630510462
Harney-Malheur Lakes (17120001),2008,36124.838747116126,73304.82442023813,21547.735481321168,46374.90787688859,59553.98209277753,2.0292083497837097,0.5964797692845436,1.2837402043930435,1.648560496274375
Harney-Malheur Lakes (17120001),2009,33511.48221965241,75183.65357581349,29235.422942220404,41782.996874254655,52568.00622446771,2.243519193899544,0.8724001746802962,1.246826284805496,1.568656554189651
Harney-Malheur Lakes (17120001),2010,37729.35800974775,76010.91629505108,29688.927600060313,41178.897217860154,53108.54352406426,2.0146358248505822,0.7868919368410637,1.0914285158846642,1.4076185317105885
Harney-Malheur Lakes (17120001),2011,44355.44729209039,91288.23994717098,41248.19210783156,44167.11859479102,59414.205335698454,2.058106625461757,0.9299464806701897,0.9957541021724077,1.3395018867568356
Harney-Malheur Lakes (17120001),2012,38052.91576231631,84079.39164862888,25056.573600314972,54033.557528593046,68604.94459972004,2.209538742676125,0.6584665878646919,1.4199584038735427,1.802882728572913
Harney-Malheur Lakes (17120001),2013,42187.221308042885,91724.29113961996,30336.747366906086,56708.78237190215,71723.64217489233,2.1742197825703435,0.7190980213034904,1.3442170546816925,1.7001271937580398
Harney-Malheur Lakes (17120001),2014,40453.566799950146,98481.85330886599,28720.240655706668,65425.886780300716,80754.81492971536,2.434441783486626,0.7099557079288756,1.6173082364737574,1.9962347283012603
Harney-Malheur Lakes (17120001),2015,38345.80783880672,95366.02332931032,32071.661165916517,59954.73621316559,72855.51083904931,2.4869999800290556,0.836379854109094,1.5635277907091112,1.8999602549856331
Harney-Malheur Lakes (17120001),2016,41374.650961980085,97709.02574595323,29636.926441497213,63215.017558277745,77612.06263116928,2.361567372151123,0.7163063796896104,1.5278682983058194,1.8758360693480751
Harney-Malheur Lakes (17120001),2017,46631.68426640284,102471.6916112151,36153.1902372608,60248.36150663175,75988.30803011703,2.1974692362772714,0.7752923962754746,1.2920048343619328,1.6295424286200408
Harney-Malheur Lakes (17120001),2018,43417.160235369694,100558.0439363261,27456.2613657233,67687.07953101324,82987.84806715672,2.3160898453788485,0.6323827080555149,1.558993705808334,1.9114066331669213
Harney-Malheur Lakes (17120001),2019,51543.961850392356,115724.39727511369,49890.948205706896,59582.673525399776,75300.54574253979,2.24515914416914,0.9679300235111268,1.1559583583881268,1.4608994543551292
Harney-Malheur Lakes (17120001),2020,45876.65237230506,105281.43694711362,29191.075151557914,69728.19023783825,85614.91238894615,2.294880543870507,0.6362947957636956,1.5199058046339045,1.866197901585129
Harney-Malheur Lakes (17120001),2021,44188.47906515004,99551.33597157513,27530.493016295848,66382.61084828699,81027.71983879762,2.252879892625404,0.6230242271001407,1.5022605949033605,1.8336842895029952
Harney-Malheur Lakes (17120001),2022,41579.855362125025,99767.0959736437,27565.758492883073,66705.16512095193,81132.66078304162,2.3994094040192664,0.6629594608448938,1.6042664059315965,1.9512492305816227
Harney-Malheur Lakes (17120001),2023,53343.7834766063,110916.40104609658,51691.45154306761,53226.72448688463,68231.36208690141,2.0792751060625183,0.9690248455236904,0.997805573918974,1.2790874145030227
Harney-Malheur Lakes (17120001),2024,43183.27440760789,105255.5512708028,31438.550589121187,66379.96606732937,82834.59684818862,2.4374147795577823,0.7280260939078406,1.5371684287015244,1.918210186339994
Illinois (17100311),1985,224.407843485,636.9247265221469,233.68597421479737,307.35877155362357,549.0631934144751,2.8382462779859146,1.0413449484907042,1.3696436219893902,2.4467201541962855
Illinois (17100311),1986,506.10218010808336,1465.6616720896138,744.164457809044,536.8092754316955,879.9856662373365,2.8959797639611167,1.4703838218008072,1.0606737068728973,1.738750989077752
Illinois (17100311),1987,372.67790618267674,1126.4939186481126,387.50586221652907,589.7683377194842,925.2732614973919,3.0227011045187515,1.039787590806588,1.5825148953970873,2.482769292590819
Illinois (17100311),1988,454.5751204944921,1388.1015134629777,622.7817778522734,531.4530389641097,793.4361497748147,3.0536240345775734,1.3700304961142706,1.1691203829765011,1.7454456128432756
Illinois (17100311),1989,545.2438217240605,1446.7918261424352,672.0462213359963,572.934948748133,833.2228437094439,2.6534767905625793,1.2325609104766868,1.0507866864708586,1.5281655848475164
Illinois (17100311),1990,652.0871445927836,1789.4005600936266,760.180907484424,771.2478443674155,1198.751551827982,2.7441126158238776,1.1657658240742392,1.182737385275469,1.8383302933790855
Illinois (17100311),1991,549.911557192999,1480.0126426402608,811.2200112347273,501.5423740437874,772.8295823516036,2.691364862733427,1.475182691877884,0.9120418865242438,1.4053706859635402
Illinois (17100311),1992,242.76155539919176,682.1556307868207,289.6849879097307,294.9799472175241,437.5531793924194,2.809982122849308,1.1932902120081537,1.2151015704791708,1.8023989781780585
Illinois (17100311),1993,786.4434433482799,2047.8360705351238,1286.4881192413518,603.770535915837,1038.8949717029748,2.6039203300067832,1.6358304339904388,0.7677227663635751,1.3210040473856373
Illinois (17100311),1994,428.07726366686927,971.340497312312,530.6768312600117,322.1314137195246,494.8076080964581,2.269077523510362,1.2396753490579813,0.752507645372654,1.1558838791343018
Illinois (17100311),1995,404.1070090351209,1018.9119564610426,660.7383039263126,249.10806179597847,392.13660456193054,2.52139144751258,1.6350577672580975,0.6164408342997301,0.9703781320156464
Illinois (17100311),1996,587.1298810148224,1657.4731712653484,990.1192853637779,490.4580894943836,744.0865848318983,2.823009396831405,1.686371818876617,0.8353485410189875,1.267328761305394
Illinois (17100311),1997,413.00224118188873,1138.7284929457905,753.0880559584009,271.0187495790992,462.24754477142415,2.7571968851478643,1.8234478675062111,0.6562161716205818,1.1192373761667977
Illinois (17100311),1998,206.84123336518695,574.305138663866,331.17365600444845,149.2259407243455,216.54660507691443,2.7765505422698094,1.6011007603099492,0.7214516095099897,1.0469218421966777
Illinois (17100311),1999,237.4303681880172,609.823749044829,271.88476231694204,191.25797075969479,302.7539619368986,2.5684319731245147,1.145113678557079,0.8055328904188058,1.2751273741746156
Illinois (17100311),2000,486.2089574233179,1109.3644620850205,671.2038070015258,334.97184079153055,568.6391781524355,2.2816619174688553,1.3804842480866557,0.6889462558788016,1.1695366148043829
Illinois (17100311),2001,275.25545367267955,589.768012864179,350.0995312558328,190.04261248235807,360.0357018648518,2.142620627475387,1.2719077009538717,0.6904226962505438,1.3080056982013109
Illinois (17100311),2002,324.8058436607606,720.5307788116278,381.8106494236882,250.74201689654646,457.2717549253951,2.2183430282251235,1.1755042493092136,0.7719750792366618,1.4078310592311474
Illinois (17100311),2003,528.2492305105444,1201.733835055956,727.0449819367637,279.3103563777893,427.67284123957984,2.274937218355244,1.3763294671230972,0.5287473038206612,0.8096042862688904
Illinois (17100311),2004,363.1026695763999,854.0840708510611,549.8555520058163,184.73015997432205,311.1228940607266,2.352183397184731,1.5143252806355973,0.508754618052879,0.8568455154121738
Illinois (17100311),2005,502.66212194193344,1181.2830470223846,976.5421074649316,117.75480377056054,189.175122893798,2.3500538342907884,1.942740590224421,0.23426233772228286,0.37634648531494314
Illinois (17100311),2006,527.8496652382053,1270.5203957601389,812.0913939554855,288.72511498802857,490.5328212702236,2.4069739538184325,1.5384899289251404,0.546983609164049,0.9293040302466774
Illinois (17100311),2007,551.1871782132049,1393.2079972239926,759.202094427626,381.14584458745594,593.5947105291632,2.5276495032783317,1.3773943307040404,0.6914998382636992,1.0769385319401508
Illinois (17100311),2008,470.01709981659724,1208.696796742474,543.5156937770204,380.1521146275417,587.059694033361,2.571601750689736,1.156374297848105,0.8088048600271751,1.2490177362960502
Illinois (17100311),2009,370.7107468918865,895.2216573031542,502.63391381453806,251.2887578768003,423.8286958962319,2.4148791606633275,1.3558655043823842,0.6778566847161994,1.1432867793817605
Illinois (17100311),2010,354.06368399087955,822.7350501556201,721.1166724545903,61.17563101635761,98.17511722949557,2.323692282930698,2.0366863506768627,0.172781433912701,0.2772809572642432
Illinois (17100311),2011,362.6077561097303,921.1729071811845,514.1607109341744,254.14675915090015,416.42819911109405,2.54041148226963,1.4179528768231366,0.7008861638193743,1.1484260667195352
Illinois (17100311),2012,323.337863769727,786.9261066044401,557.150845088122,151.19442332788302,239.00102244672613,2.433757981294974,1.723122799762513,0.4676050666171279,0.7391680629675236
Illinois (17100311),2013,267.6375674533564,692.9424044369313,311.2533029320008,264.40882692900766,466.37770149703164,2.589107392622288,1.162965669930645,0.9879361460535191,1.7425718890465984
Illinois (17100311),2014,373.5348626232677,861.2042086011649,573.0342452190366,196.67798276045812,336.39557940643977,2.3055524256908275,1.5340850414730258,0.5265317978065669,0.9005734486039523
Illinois (17100311),2015,372.6707931394656,867.5123054987844,562.4113894764913,175.5187556023509,276.60361141837313,2.327824775831394,1.509137286393191,0.4709753456227143,0.7422197191472931
Illinois (17100311),2016,521.2558030984325,1075.2427531185435,705.0672517087753,242.6798475584602,414.6191231871155,2.0627928681601606,1.3526319467672812,0.46556766584838044,0.7954235151389193
Illinois (17100311),2017,584.6582367855982,983.5569010796837,888.7051430912259,78.87312967721445,144.595255734962,1.6822766518901655,1.5200421155053796,0.13490467544056556,0.24731586187844465
Illinois (17100311),2018,495.95762417491574,973.9538657378223,612.2407312333897,285.69354319489764,501.7355796231911,1.9637844409753957,1.2344617793746486,0.5760442611809481,1.011650099054103
Illinois (17100311),2019,565.0220348528956,1020.7655688263299,836.8612769433569,136.0091080720591,246.164853895167,1.8065942668803845,1.4811126386623756,0.2407146972727697,0.4356730157599189
Illinois (17100311),2020,469.1965764049999,1044.1316358628944,609.382214207129,339.3117125418056,596.4222317825429,2.2253607301721305,1.2987780492266934,0.7231760196155382,1.2711564017630952
Illinois (17100311),2021,202.494430287,433.0468407011119,214.02228051564882,156.9539736999609,303.2810889453584,2.1385617376603627,1.0569292212744328,0.7751026706142309,1.4977255844297108
Illinois (17100311),2022,618.795945773,1254.5903151062948,928.6433863631177,275.12320096362214,494.1705050511101,2.0274701598748526,1.5007263585139625,0.44461054220376023,0.7986001014175881
Illinois (17100311),2023,622.39488457301,1187.9266586037402,863.8269303144041,252.67960734252242,459.5888611238439,1.9086382103199797,1.3879081459787816,0.40597956957160986,0.7384200489358808
Illinois (17100311),2024,688.4226925703739,1539.0896570706384,1055.075002818678,371.6755464513952,653.7999995241076,2.2356753687536313,1.5325976528741798,0.5398943853283871,0.9497072170631171
Imnaha (17060102),1994,3.2934085202444168,6.321133703301095,2.3838551887203465,1.9686392572903744,2.624852343053832,1.9193287636336045,0.7238261436645069,0.5977513099845487,0.7970017466460649
Imnaha (17060102),1997,3.2934085202444168,7.028057633696259,4.482493744762051,1.2727819444671036,1.6970425926228048,2.133976878512077,1.3610500237697167,0.38646342737118,0.51528456982824
Imnaha (17060102),1998,3.2934085202444168,6.190223780692531,4.228598620950219,0.9808125798711563,1.307750106494875,1.879579694605615,1.2839581227039512,0.297810785950832,0.39708104793444265
Imnaha (17060102),1999,3.2934085202444168,5.819356604058103,2.9449791967037253,1.4371887036771889,1.9162516049029183,1.766970774590158,0.8942040377320597,0.4363833684290491,0.5818444912387322
Imnaha (17060102),2001,3.2934085202444168,5.270920281146629,2.4962591915948087,1.3873305447759101,1.8497740597012136,1.600445328524095,0.7579561345792448,0.42124459697242506,0.5616594626299001
Imnaha (17060102),2003,3.2934085202444168,5.282478024448697,2.725804625906865,1.2783366992709162,1.7044489323612213,1.603954684630701,0.827654574023077,0.3881500553038121,0.5175334070717493
Imnaha (17060102),2004,3.2934085202444168,5.158271606161665,4.351641870952617,0.403314867604524,0.537753156806032,1.5662410461544714,1.3213185804929126,0.12246123283077935,0.16328164377437246
Imnaha (17060102),2005,3.2934085202444168,4.767460602712971,3.2983458893743096,0.7345573566693301,0.9794098088924403,1.4475764465318013,1.0014991669267699,0.2230386398025155,0.29738485307002077
Imnaha (17060102),2006,3.2934085202444168,5.25207150322403,3.1973850703162965,1.0273432164538674,1.369790955271823,1.5947221460501515,0.9708437476438562,0.31193919920314783,0.4159189322708637
Imnaha (17060102),2022,3.29340852,5.254530385297624,4.202124347199442,0.526203019049091,0.7016040253987879,1.595468753234908,1.2759195592290027,0.15977459700295274,0.21303279600393696
Imnaha (17060102),2023,3.2934085202444168,5.062855018735597,3.2201529479586393,0.9213510353884792,1.2284680471846388,1.5372690595820353,0.9777569129868101,0.2797560732976127,0.3730080977301502
Imnaha (17060102),2024,3.2934085202444168,5.478597298950613,2.7114720932286804,1.3835626028609662,1.844750137147955,1.6635037121189038,0.8233026897700051,0.4201005111744493,0.5601340148992658
Jordan (17050108),1985,3408.361296651,8024.9601018140465,2834.58747867656,2847.133986916555,4977.262072097271,2.354492204127315,0.8316569846811074,0.8353380815919081,1.4603094093891533
Jordan (17050108),1986,3558.8429491315746,9082.167093968148,2950.4307300190785,3351.520238778424,5846.614089109937,2.5519999684685075,0.8290421275091782,0.9417443496899065,1.6428412752905046
Jordan (17050108),1987,3273.2280273174406,7829.70132284766,2280.9444044832567,3141.006908572483,5363.700403465595,2.3920427350319544,0.6968486110491344,0.9596052833345318,1.6386577283041877
Jordan (17050108),1988,2157.4786602126997,4947.254747592348,1387.2758985883477,2059.222459143652,3417.9121940403074,2.293072389927886,0.6430079352217464,0.9544578572752321,1.5842159911344593
Jordan (17050108),1989,2183.624950264045,5012.488874163384,1765.5314754634453,1821.4656249775524,2993.5442556907806,2.2954898338001093,0.808532378808896,0.8341476519387178,1.3709058670211658
Jordan (17050108),1990,2410.736763780501,5709.489381537445,1946.1351683018538,2175.172683807843,3588.54669399373,2.368358697356846,0.8072781721924454,0.9022854409026193,1.4885684525614467
Jordan (17050108),1991,3288.5149999471723,7941.010871086859,3024.9596742407766,2787.2978828002556,4828.703823980553,2.4147710657285812,0.9198558237652468,0.8475855767253705,1.4683538995741614
Jordan (17050108),1992,2414.7682955991936,5610.102373204846,1668.688828987208,2227.2945564790193,3788.9702147335106,2.3232466582524727,0.6910347597441618,0.9223636737893914,1.5690823097349498
Jordan (17050108),1993,3641.6086594411904,7731.904083798509,3426.0018224733526,2378.6702987636236,4214.297611019251,2.12321114289776,0.9407935181588339,0.6531921799440782,1.1572626290014207
Jordan (17050108),1994,2294.5275645161337,5358.385151840526,1434.4386755149972,2232.0861255625528,3555.1408547237947,2.3352890741892196,0.6251564364263758,0.9727867993746466,1.5493999329981887
Jordan (17050108),1995,3700.5721852476895,9815.752306570017,3279.276038115054,3664.927149460311,6446.972807977749,2.6524958344821536,0.8861537821604641,0.9903676961283238,1.7421556681635801
Jordan (17050108),1996,3195.5522139299733,7623.682521133793,2928.8942535199553,2601.0031495633075,4472.773862646238,2.3857167746785115,0.9165534021795642,0.8139448131140146,1.3996873038558504
Jordan (17050108),1997,3464.095435815134,8827.056500469927,3220.1459160194677,3121.490475592696,5396.273109875141,2.5481562687931083,0.9295777139181899,0.9010982905724074,1.557772645084574
Jordan (17050108),1998,3573.158553537511,8404.487952758625,4343.739981275887,2271.7518483784197,3948.49048741792,2.3521172729483233,1.215658335949151,0.6357825476648193,1.1050420596390333
Jordan (17050108),1999,3286.3135835969683,8165.2252991860405,2246.8953101826746,3295.2859998949943,5633.572527122923,2.4846153878745065,0.6837129972616248,1.002730237413377,1.7142528805655879
Jordan (17050108),2000,3275.9131488356134,8360.75095711442,2555.0731313715123,3209.8897894095476,5488.792561344851,2.552189443754379,0.7799575310107609,0.9798458150670041,1.6755000245643814
Jordan (17050108),2001,3224.1636824009597,8061.370238311621,1949.4827298369546,3336.7122049354816,5716.256970854151,2.500298071811449,0.6046475681362493,1.0349078190877423,1.7729425469482951
Jordan (17050108),2002,3179.057341546499,8044.689347090771,1928.7072255574942,3436.9588032022584,5871.457781549143,2.5305266570552996,0.6066915498350987,1.0811251367772747,1.8469178598373082
Jordan (17050108),2003,3142.5057220482777,7870.9918825274835,2661.027136508852,2890.7181530785483,4943.180970017447,2.504686571389022,0.8467851364084075,0.9198768144786018,1.5730061954495007
Jordan (17050108),2004,3455.368660917317,9099.464427157327,3217.330648198274,3259.102493313613,5669.979843854607,2.63342795519296,0.931110675566569,0.9431996447083595,1.6409189294288975
Jordan (17050108),2005,3568.01309435414,9353.923303487378,3480.203252612453,3262.4290821216136,5716.445130376066,2.621605654499586,0.9753897086642891,0.9143545709750706,1.6021368137413807
Jordan (17050108),2006,3729.887251433836,9445.08498991793,3292.6101536560027,3450.8343116243063,5974.955106656342,2.532270911483201,0.8827639903566158,0.9251846179258484,1.6019130616775243
Jordan (17050108),2007,3376.0671291548674,8356.241575076254,2792.831647876399,3291.0440776582022,5417.850983949902,2.475140823745432,0.8272441100943185,0.974815947597005,1.604781770232796
Jordan (17050108),2008,3519.4735375797345,8265.946932544677,2520.727818961032,3315.1777415692136,5555.4107983043905,2.348631647399454,0.7162229782510261,0.9419527398546629,1.5784777862329733
Jordan (17050108),2009,3505.797259843749,8294.070628922545,3740.8049947815803,2659.204710918722,4436.34140995386,2.36581582281578,1.06703403463448,0.7585163983604805,1.2654301093702107
Jordan (17050108),2010,3385.400412159451,7519.550584542945,2857.7151527748033,2632.4960618062546,4392.924320358358,2.2211702218546243,0.8441291442249065,0.777602570245763,1.2976084910311203
Jordan (17050108),2011,3741.7083506806825,8487.209449478072,4064.930452913987,2622.434358855586,4291.105017863768,2.2682712424484124,1.0863835638537955,0.7008655173187187,1.1468304356439594
Jordan (17050108),2012,3382.0520072553486,7903.1319437941165,2226.5328731541904,3503.52663771054,5584.902006999004,2.3367860478904285,0.6583378577200232,1.0359174342069837,1.651335341685459
Jordan (17050108),2013,2109.517929933444,5064.2872074909665,1478.0872434761327,2395.910613832073,3419.619893841158,2.4006845998463477,0.7006753640263047,1.1357621472824668,1.6210432939761967
Jordan (17050108),2014,3245.260268090565,8273.72396617532,2226.2340577004607,3555.644168997713,5869.909658721324,2.549479327599011,0.6859955361947978,1.0956422213524866,1.8087639122316193
Jordan (17050108),2015,3182.9684597759124,7859.710552254149,3385.8789944061564,2654.5393061558952,4284.048750546476,2.4693020529670875,1.0637488360926233,0.8339822840540432,1.3459287469182406
Jordan (17050108),2016,2372.570439522483,5814.775814717276,2051.8063527710196,2315.787477876399,3639.9382192155736,2.450833795218148,0.8648031344367495,0.9760669016606679,1.534174985315997
Jordan (17050108),2017,3510.5738667404694,9085.941056332824,3537.3297437287683,3129.059381836301,5324.837374515012,2.5881640441791998,1.0076215108993396,0.8913241824880327,1.516799696187298
Jordan (17050108),2018,3226.9305669285745,8084.09875707571,2392.093971540284,3315.7986862689627,5458.16362030548,2.5051976140813705,0.741290809308334,1.0275395201406436,1.6914412960241088
Jordan (17050108),2019,3532.514653965378,8668.447695589279,4304.800829414235,2595.278274649534,4256.585302692425,2.453902826944717,1.2186222142297236,0.7346829465339199,1.2049731479285588
Jordan (17050108),2020,3512.5588069779997,8818.461873074135,3381.82498716547,3182.316033043249,5275.480421822118,2.5105520953999414,0.9627810302982498,0.9059822789931103,1.5018909893670458
Jordan (17050108),2021,3337.668861007999,8558.543372911083,3010.3949061305348,3283.0810257552266,5328.697930847784,2.5642278276600345,0.9019453491325005,0.9836449217924254,1.5965328355667017
Jordan (17050108),2022,3485.1500808979995,8602.090554881339,3199.3170145854097,3197.640783691881,5268.0719565053805,2.468212373989038,0.917985435439572,0.9175044716777196,1.5115767855678643
Jordan (17050108),2023,3734.679903553554,9391.194542613544,4409.823220274997,2957.532096672527,4960.0532980798525,2.5145915540653987,1.1807767557479405,0.7919104643636072,1.3281066721033719
Jordan (17050108),2024,3650.362227800981,10316.184402258848,4029.381064170519,3715.55142474018,6181.055897989054,2.826071430306639,1.103830472900182,1.0178582816912582,1.6932719309098787
Lake Abert (17120006),1985,4875.869511266,10733.237603213222,3359.0006145930524,4370.81164091671,7827.456728699448,2.20129713857465,0.688902893490458,0.8964168607912245,1.6053458179333189
Lake Abert (17120006),1986,6551.6184365187055,16798.220466701634,6377.044915627575,5757.015224322683,10777.930706359582,2.563980278990057,0.9733541379763422,0.8787165003738762,1.6450791221728394
Lake Abert (17120006),1987,6276.157067192122,13549.9756592869,5301.536893737901,4704.076925445435,8439.381437080667,2.1589605732013646,0.844710678362571,0.7495154877553094,1.344673395953799
Lake Abert (17120006),1988,4122.676908114374,8436.798205103945,3207.5077602386586,2995.9172912512677,5396.915171307102,2.0464369129917483,0.7780157969511381,0.7266922337170335,1.309080311553092
Lake Abert (17120006),1989,4964.2388545063495,10186.325924465196,3974.3998413483264,3609.0695912205592,6324.841451259609,2.05194113800919,0.8006060864175614,0.7270136866892256,1.2740808080816166
Lake Abert (17120006),1990,5984.094333196157,13306.415130739171,3785.7030829985206,5386.483125055958,9931.26969088381,2.223630576296764,0.6326275744013119,0.9001333911424138,1.6596111521489723
Lake Abert (17120006),1991,6636.032268542973,12562.420917670132,5122.278922564028,4292.45683574381,7775.076780210841,1.893062060174155,0.7718887906626607,0.6468408624369566,1.1716454148463566
Lake Abert (17120006),1992,1196.5120486369528,2992.9132035189705,730.8669847936204,1732.5272533821603,2449.8595742484354,2.5013648687687255,0.6108312788209799,1.4479814518841054,2.047500965025196
Lake Abert (17120006),1993,6201.256444570747,12676.784616583283,7522.615875726,3088.36517022122,5396.913637263508,2.0442284124021217,1.213079307873506,0.4980224891239759,0.8702935744559559
Lake Abert (17120006),1994,1341.9886600924626,3105.438192706926,768.4166044644123,1980.9901477293924,2708.394216577263,2.314056955215227,0.5725954527897938,1.476160124626465,2.0181945623822597
Lake Abert (17120006),1995,4024.2225353880985,7964.025415142037,4106.990473300043,2510.281924207974,4181.889776650069,1.9790221204489082,1.0205674356187069,0.6237930189330051,1.0391795532864996
Lake Abert (17120006),1996,2830.7992886647157,6290.384278115298,3175.816642955971,2144.162103649809,3361.2276102919377,2.2221230248656956,1.1218798364379976,0.757440526509814,1.1873775805127549
Lake Abert (17120006),1997,4995.336196482358,11870.377788226315,4730.804154550343,4221.366128848918,7175.2886098625195,2.376292069507806,0.9470441965210881,0.8450614658972387,1.4363975371498021
Lake Abert (17120006),1998,3493.2794578023713,7208.736067355268,4142.868503276361,1968.5923255240814,3160.543377912743,2.0636013105834645,1.1859539304887583,0.5635370285440966,0.9047496531814969
Lake Abert (17120006),1999,6509.724181637774,13940.966252750211,5500.7541815628565,5012.909830217477,8593.011067287029,2.1415602049736644,0.8450057219135402,0.7700648584094518,1.3200269055216904
Lake Abert (17120006),2000,5900.961245254636,13501.868722943993,4901.931106812341,5224.073748026153,8684.139544390397,2.2880795453116662,0.8307004406704613,0.8852919941182779,1.4716482931274804
Lake Abert (17120006),2001,2967.37697442379,6819.800551826898,2121.132936824908,3471.695994507383,4675.2103731147,2.29825890360667,0.7148174819401882,1.1699544831783708,1.5755363788999337
Lake Abert (17120006),2002,7177.631899777612,16737.78392172818,5070.359749581838,7173.421047958104,11757.74823412262,2.331936794118235,0.7064112259280021,0.9994133368946326,1.638109671587772
Lake Abert (17120006),2003,5944.075174690424,15259.844141692249,4877.049420905097,6591.053498645081,10565.053242373364,2.567236061661519,0.820489189247022,1.1088442364776034,1.7774090891984062
Lake Abert (17120006),2004,5833.934450415588,14580.33069849575,5109.9417956191455,5898.049929919476,9532.792213093542,2.4992277205749374,0.8758997618245663,1.0109900925436899,1.6340245668023339
Lake Abert (17120006),2005,7656.614284696569,17156.20283886256,8083.010623003486,5721.870349879735,9266.714008171777,2.240703553939371,1.055689933233174,0.7473107743348328,1.2102887338458916
Lake Abert (17120006),2006,7494.150392040815,19027.447629287093,7286.858774929106,7455.8076212116885,11977.688911490279,2.5389732836820635,0.972339544008636,0.9948836400628084,1.5982717566238356
Lake Abert (17120006),2007,6519.696526349174,15602.507716010876,5065.736992522737,6756.240165106252,10703.667154986235,2.3931340443460476,0.7769896914756231,1.036281387914467,1.6417431565606864
Lake Abert (17120006),2008,7108.004828235842,16704.123576812366,4706.854421211254,7668.406035712827,12291.925055553707,2.3500439265962365,0.6621906617893312,1.0788408591466971,1.7293073587577288
Lake Abert (17120006),2009,7316.169853833969,18318.44699670763,5998.656612306591,7904.352039171144,12752.470039697098,2.503830195673768,0.8199176252261356,1.0803948236697845,1.7430527577232626
Lake Abert (17120006),2010,5928.9672545383655,13166.690042334376,3916.418458264468,6279.491650547431,9839.99702604493,2.2207392075332932,0.6605566011967128,1.0591206496781973,1.659647726762674
Lake Abert (17120006),2011,6541.634294046803,14398.079441088794,5603.954667316287,5821.998395894931,9294.414658347792,2.200991188729662,0.8566597298806738,0.8899914202163861,1.4208092718980254
Lake Abert (17120006),2012,5016.540672250256,11739.840753978453,3199.6460630536576,5755.567935803932,8911.033869146186,2.3402263673290116,0.6378192208732559,1.1473181046137464,1.776330433926092
Lake Abert (17120006),2013,7109.8490811150305,16089.123316817173,6091.119039642064,6077.56076351382,10238.736850486157,2.2629345761434827,0.8567156588205386,0.8548086878041977,1.4400779445068652
Lake Abert (17120006),2014,4536.631384629403,10694.556013462317,3949.6773903749695,4142.507722309625,6829.542805504667,2.3573782189350068,0.870618980364352,0.913124159997854,1.5054215840951712
Lake Abert (17120006),2015,6638.871071702023,17443.868332166814,7031.494034873378,6430.065500909665,10867.567287859283,2.62753533601831,1.0591400192790152,0.9685480304501792,1.636960135313057
Lake Abert (17120006),2016,7598.5628311818145,19334.549285706158,6419.340898673337,7835.3991300533335,13312.350573506239,2.5445008109117695,0.8448098727736555,1.0311685649159372,1.7519563724441496
Lake Abert (17120006),2017,7134.56405475634,17350.509994317705,6679.703058414236,6520.99674770101,10916.200233894644,2.431894907825628,0.9362454394058084,0.9140007290780032,1.5300444638403985
Lake Abert (17120006),2018,7021.670865925573,17255.629603834273,5857.888567154587,6960.078510671634,11567.278911570887,2.4574819773412573,0.8342584947382634,0.9912282480295636,1.6473684301700928
Lake Abert (17120006),2019,8087.269984123746,17550.6947469896,7544.989535633598,6342.207555543298,10291.863748890904,2.170163081168758,0.9329464146053356,0.7842210743543607,1.2726004905357473
Lake Abert (17120006),2020,7015.042210503,16793.35051572613,3996.6588209291776,8185.68065989984,13103.421876458811,2.393905840022308,0.5697269811071607,1.166875467640686,1.8679034969797075
Lake Abert (17120006),2021,5711.035448495001,12306.38152330466,3270.419039547508,6218.072465971055,9334.4845140009,2.154842433441329,0.5726490527053801,1.0887819769372418,1.6344644676405864
Lake Abert (17120006),2022,6981.607630544001,17899.043729755238,5455.678381193178,7894.766060909618,12764.09185403574,2.563742432537785,0.7814358339653752,1.1307948654075917,1.8282453740588072
Lake Abert (17120006),2023,8106.300883343958,18582.05949821756,8092.3247578837145,6565.447004889306,10898.700611577564,2.2922982708917425,0.998275893572004,0.8099189876333546,1.344472746375743
Lake Abert (17120006),2024,4746.712239154582,12442.76665246692,3795.2249115589816,5818.695094678427,8953.33739459515,2.6213442116480716,0.7995481336014029,1.225836916483223,1.8862187011761626
Little Deschutes (17070302),1985,107.611334273,264.2360195212021,85.0889344762297,179.1470850449724,233.1227618266841,2.455466436749681,0.7907060631770157,1.664760373572665,2.1663402224460224
Little Deschutes (17070302),1986,107.61133427503627,261.74534742409037,91.49931488769255,170.24603253639788,221.69471229916078,2.432321364542454,0.850275814384346,1.5820455501581085,2.0601427702080786
Little Deschutes (17070302),1987,30.81639210062692,70.86135755596767,36.864897029819616,33.99646052614805,67.9929210522961,2.2994696239773664,1.1962755701394923,1.103194053837874,2.206388107675748
Little Deschutes (17070302),1988,30.81639210062692,70.54643354952415,34.919188866275,35.627244683249145,71.25448936649829,2.2892502574332503,1.1331368303028768,1.156113427130373,2.312226854260746
Little Deschutes (17070302),1989,30.81639210062692,58.456800648562115,51.62345596219026,6.833344686371855,13.66668937274371,1.8969385013560003,1.6751946754058873,0.22174382595011305,0.4434876519002261
Little Deschutes (17070302),1990,21.78857904799245,42.774008516201796,28.90080898958086,13.873199526620937,27.746399053241873,1.9631389647753508,1.3264200903566363,0.6367188744187144,1.2734377488374289
Little Deschutes (17070302),1991,107.61133427503627,233.27490196218295,163.83614963313636,69.43875232904657,105.24687991778531,2.1677540152598795,1.5224804221309907,0.6452735931288884,0.9780278316110474
Little Deschutes (17070302),1992,107.61133427503627,228.51472590553212,106.4217356194486,122.0929902860835,166.21140465030845,2.123519120406846,0.9889454148710092,1.134573705535837,1.5445529578278472
Little Deschutes (17070302),1993,107.61133427503627,209.93034238706008,124.1193971647832,85.81094522227684,107.19050611664947,1.95081999309212,1.1534044996371398,0.79741549345498,0.9960893695703908
Little Deschutes (17070302),1994,107.61133427503627,206.79809008213846,92.91274155031786,113.8853485318206,159.31815306759188,1.921712907616197,0.8634103663546137,1.0583025412615832,1.480496028981499
Little Deschutes (17070302),1995,107.61133427503627,194.36918624391134,121.4782794895979,72.89090675431348,96.26987481694384,1.8062148151340338,1.1288613816377377,0.6773534334962962,0.8946072034651519
Little Deschutes (17070302),1996,252.46291807733905,451.2433629890786,219.03724250174997,232.20612048732866,309.756497167333,1.7873649184821887,0.8676016429258355,0.9197632755563534,1.2269385917200035
Little Deschutes (17070302),1997,119.07635655541294,268.4313624219912,146.72203886770325,121.70932355428796,163.1015887960623,2.254279272452168,1.2321676872891656,1.022111585163002,1.3697227015856999
Little Deschutes (17070302),1998,119.07635655541294,245.73295493041164,138.35130616282578,107.38164876758584,143.4768252735705,2.0636586643970607,1.1618705019618494,0.9017881624352111,1.204914471890166
Little Deschutes (17070302),1999,119.07635655541294,253.75427028228702,106.30704723342947,147.44722304885752,188.41353798112505,2.131021452308216,0.8927636880118919,1.2382577642963237,1.582291761618064
Little Deschutes (17070302),2000,119.07635655541294,250.03423426074102,77.4019592237371,172.63227503700384,234.6179446999989,2.0997806910928283,0.6500195459685366,1.4497611451242909,1.9703151111347443
Little Deschutes (17070302),2001,119.07635655541294,255.30704255846487,80.87289866561896,174.4341438928459,241.53596010004247,2.144061591602831,0.679168400890602,1.464893190712229,2.0284124160923764
Little Deschutes (17070302),2002,119.07635655541294,210.0905286104191,67.50252003616603,142.58800857425305,199.24854079616404,1.764334538676048,0.5668843252249938,1.197450213451054,1.6732838202304456
Little Deschutes (17070302),2003,263.9279403577157,461.3700486601815,175.34251406330517,286.0275345968763,389.38022147769067,1.7480909676893697,0.664357528140651,1.0837334395487186,1.4753277767785506
Little Deschutes (17070302),2004,42.28141438100361,91.75564846414214,52.08506736668344,39.670581097458694,74.19570272406798,2.1701177646830696,1.2318667227481506,0.9382510419349188,1.754806545861507
Little Deschutes (17070302),2005,42.28141438100361,84.87205516205219,42.024154816764586,42.8479003452876,80.67132044544218,2.007313530178023,0.9939155402437387,1.0133979899342844,1.907961728018412
Little Deschutes (17070302),2006,263.9279403577157,530.0698611628361,185.722247446321,344.34761371651507,465.33743686957007,2.008388579262976,0.7036854347235904,1.3047031445393853,1.7631230563875626
Little Deschutes (17070302),2007,263.9279403577157,588.9928732672946,172.72660651699613,416.2662667502984,574.0323076479515,2.231642744868167,0.6544460820741088,1.5771966627940581,2.1749584635485526
Little Deschutes (17070302),2008,263.9279403577157,503.66645092972595,154.25381325927455,349.4126376704514,488.05621745569914,1.9083483554150416,0.5844542758535003,1.323894079561541,1.8492025391256808
Little Deschutes (17070302),2009,263.9279403577157,522.0251583648309,202.8862065940304,319.1389517708006,448.1317696645428,1.9779079003810742,0.7687181823911777,1.2091897179898967,1.6979322805200756
Little Deschutes (17070302),2010,187.1329981833064,402.79698667870923,161.3379293058596,241.45905737284966,350.804626619671,2.152463705434511,0.8621564922922936,1.290307213142217,1.8746272972981486
Little Deschutes (17070302),2011,263.9279403577157,471.1194582199879,167.55241579508106,303.56704242490684,428.40935426018046,1.7850306321545737,0.6348415236673626,1.150189108487211,1.6232057647232583
Little Deschutes (17070302),2012,187.1329981833064,397.74318022010016,136.90281210089532,260.84036811920487,372.17423876486026,2.125457210013224,0.731580284770471,1.3938769252427534,1.9888220804344536
Little Deschutes (17070302),2013,187.1329981833064,406.8307009341736,132.97292696311564,273.857773971058,384.7745270173007,2.174019039312682,0.710579792201383,1.4634392471112991,2.0561554122079224
Little Deschutes (17070302),2014,187.1329981833064,431.5289928210862,136.43153286681078,295.0974599542755,424.3792950643084,2.3060015978495754,0.7290618661128332,1.5769397317367424,2.2677950932448967
Little Deschutes (17070302),2015,187.1329981833064,481.67317201449725,133.17510058013363,348.4980714343637,491.59929231934103,2.573961710070362,0.7116601661545644,1.8623015439157977,2.627004841966964
Little Deschutes (17070302),2016,187.1329981833064,431.60074351444837,137.02256639793765,294.5781771165108,410.4664801406761,2.3063850187003,0.732220226941039,1.5741647917592616,2.1934478906740065
Little Deschutes (17070302),2017,187.1329981833064,455.3760809952347,124.07068882699157,331.3053921682431,476.1610767799046,2.4334354999708303,0.6630080746392891,1.770427425331541,2.5445062143101045
Little Deschutes (17070302),2018,263.9279403577157,570.49315214304,168.747142831255,401.7460093117851,562.0970097656952,2.1615489113044264,0.6393682404467784,1.5221806708576482,2.129736658437356
Little Deschutes (17070302),2019,299.49859703934277,617.9402585851697,246.51666507457313,371.42359351059656,524.5179209828983,2.0632492595749814,0.8230978959884415,1.2401513635865398,1.751320126932002
Little Deschutes (17070302),2020,263.927940353,605.8550965474275,173.87380748827914,431.98128905914825,592.329401221477,2.295532241630441,0.6587927267409631,1.6367395148894779,2.244284558994567
Little Deschutes (17070302),2021,277.710017983,641.2365553655629,180.07679774717008,461.15975761839275,651.750621009747,2.3090148494564433,0.6484346479650348,1.6605802014914082,2.3468747211331924
Little Deschutes (17070302),2022,299.49859703299995,651.402004653147,212.49238949092637,438.9096151622206,633.6953532547691,2.1749751454808077,0.7094937725785511,1.4654813729022569,2.1158541626989527
Little Deschutes (17070302),2023,222.70365486493338,501.307143255373,161.5362494896649,339.7708937657081,500.5660917366034,2.2510054608641634,0.7253417084135164,1.5256637524506471,2.247677937931417
Little Deschutes (17070302),2024,222.70365486493338,528.0144162904098,115.88420585818116,412.1302104322286,604.144096539818,2.370928382880124,0.5203516122286511,1.8505767706514729,2.7127713593484706
Lost (18010204),1985,74890.84265044595,164779.9083386171,56294.88407079434,84135.18220860782,120612.65086520597,2.200267783175169,0.7516924910773336,1.1234375156026746,1.6105126687940634
Lost (18010204),1986,73619.69204304434,164920.69004746206,69223.59370751606,74362.55814044093,106324.38801541177,2.240170876442072,0.9402863797235399,1.0100905895797858,1.4442384240516175
Lost (18010204),1987,68334.54990780736,153348.4696115471,51690.69526355917,77691.78695369953,109811.87837643511,2.24408399292064,0.7564357317535124,1.136932738395385,1.6069744883750068
Lost (18010204),1988,68901.99718318254,148603.97837011385,49775.33406984514,75779.23373672288,107049.35178298266,2.1567441358054684,0.7224077110205189,1.0998118608268574,1.5536465728037132
Lost (18010204),1989,72806.29293613447,156924.12405681852,72013.35037660226,65861.84481975097,94065.64778264664,2.1553648418066285,0.9891088733191267,0.9046174741725258,1.2919988642350029
Lost (18010204),1990,71317.35008051213,160994.0522633858,57938.38321179687,79853.21477420094,112763.27689486835,2.257431776161553,0.8124023557575909,1.1196884724972596,1.581147880110054
Lost (18010204),1991,70766.31044120889,153188.01093198295,55886.77920204637,74415.3373417616,104015.5226388138,2.16470252549408,0.7897370776236228,1.0515644644718936,1.469845212931196
Lost (18010204),1992,66171.27326108608,154823.07114785188,44113.328428743946,84237.3729468453,115658.72529936582,2.3397323871490325,0.666653764613081,1.2730202819957448,1.7478691220436626
Lost (18010204),1993,74417.9495508274,148555.70270963223,83615.70291441554,50487.98535533614,72323.91040324712,1.9962348278377222,1.1235958988268828,0.6784382754439221,0.9718611012501756
Lost (18010204),1994,70266.50881078004,170895.06307739264,45877.95775486622,96546.38053256735,135438.55415801218,2.4320983918184154,0.6529135790481707,1.3740028096821504,1.9274979851743206
Lost (18010204),1995,74685.45785100188,167479.65962815023,86369.80564028963,63420.56422385045,90613.42443475148,2.2424667993904994,1.156447427993253,0.8491688482431884,1.2132673085505619
Lost (18010204),1996,72697.1685610588,172357.30606681434,79866.83995944924,72261.52537046606,103586.62789449318,2.370894348134761,1.0986238053049973,0.9940074256093365,1.4249059481249278
Lost (18010204),1997,74557.69949561707,174074.95201711333,68663.39101419803,83226.6385831935,118926.70328362033,2.3347682827492076,0.9209429942005448,1.1162715473548919,1.5950962018431312
Lost (18010204),1998,74606.6804599929,157795.57119817293,91332.94987102758,51517.88835046046,73843.99642968077,2.115032731992268,1.2241926501475155,0.6905264787660191,0.989777268930748
Lost (18010204),1999,74284.8359702758,161952.5978420903,52742.45068061625,85180.43499428596,121348.4038854873,2.180156901832478,0.7100029230961824,1.1466732595111322,1.6335555204570074
Lost (18010204),2000,73446.99618818559,176533.49218096293,65822.45448487533,86379.86341026626,121947.34865895682,2.403549516560889,0.8961898770676109,1.176084358697858,1.6603449424467114
Lost (18010204),2001,69453.1314160733,162338.79875097878,37989.194848875464,100078.56594803442,139307.06354028886,2.3373863127704744,0.5469759832899882,1.4409510976329223,2.005770808313036
Lost (18010204),2002,73924.35865810719,178014.3227265717,41554.90746481289,107538.23816169324,151039.97412688658,2.4080604276848754,0.5621273991296997,1.454706406842796,2.0431692187609154
Lost (18010204),2003,71566.86946309908,171229.812114542,62673.82120324309,85168.31139834184,119226.50591376732,2.3925849125317766,0.8757379171874861,1.1900522132277402,1.6659455249085926
Lost (18010204),2004,72189.225469364,172198.53568518837,55140.15676459426,91286.5160871335,127679.59411904504,2.385377243841836,0.7638280699935602,1.2645448887088295,1.7686793740879005
Lost (18010204),2005,73495.69023385007,174777.56186971825,65572.74786321167,84597.51283708963,118728.85224389509,2.3780654527307314,0.8921985446299093,1.1510540627336863,1.6154532580906613
Lost (18010204),2006,72230.25338864884,171540.581730123,55288.56635551466,90651.80088100155,128191.61696899532,2.37491319332795,0.7654488771903353,1.255039220106733,1.7747634952799562
Lost (18010204),2007,73558.01028960488,185113.23736201914,56843.658731979645,100093.97445537726,141317.39265067605,2.5165612369504116,0.7727731963953451,1.3607488030371917,1.9211693205715603
Lost (18010204),2008,73211.32585425663,167974.30142841773,46226.225399271956,94446.65687176542,132197.1615296767,2.2943758970136368,0.6314081169803631,1.290055271772873,1.8056927666198048
Lost (18010204),2009,71198.42810028096,173917.4649270064,59366.1693235563,87874.84604793819,120573.38557813724,2.442714952667896,0.8338129212619798,1.2342245242292285,1.6934838141133266
Lost (18010204),2010,70554.80142361655,156752.24658815857,53027.886368804015,80533.98801070813,110610.43541665793,2.221709131416951,0.7515843755327215,1.1414388019771435,1.5677237152514145
Lost (18010204),2011,73833.28361639776,165968.4324700582,60196.14714660215,83665.33023668313,117140.6851315053,2.247880960196087,0.8152982530121833,1.1331655066483017,1.5865566231635042
Lost (18010204),2012,70217.07002836412,172467.4023093612,55166.018994287,91069.85203848626,125418.67814940258,2.4562033454214647,0.7856496856391578,1.2969759632764324,1.7861565300110047
Lost (18010204),2013,70746.15547717272,164145.18355273327,57593.70062209492,82794.2236701165,114051.84449437328,2.3201993443403026,0.8140894757267533,1.170299970530996,1.6121278071594118
Lost (18010204),2014,69552.77620935834,174905.60073914158,61894.15603117888,87979.11809245608,120075.37322542115,2.514717747752648,0.88988764222543,1.2649260444706514,1.7263922415402446
Lost (18010204),2015,69264.02270544472,176188.20874628882,65121.8459126835,87111.92247336877,119780.3945662886,2.5437189736373624,0.9401972823557126,1.2576792261088392,1.729330608989779
Lost (18010204),2016,72830.21725750314,173794.9353090151,65903.6827372372,84081.8744152197,117210.98580603217,2.3863025795259496,0.9048947705898495,1.1544916050151888,1.6093730077944648
Lost (18010204),2017,72399.1807410348,176823.36181102268,68171.30864815367,84848.74690542517,119621.99487977756,2.44233926407957,0.9416033158164616,1.1719572795847142,1.652256194827044
Lost (18010204),2018,70375.16016574306,172129.41163571773,61904.13819765624,86401.82362883004,119822.46297547349,2.445883053485485,0.8796305124118168,1.2277318222131504,1.7026243733339337
Lost (18010204),2019,72241.98182404123,168693.19785499648,75309.76703262888,73782.89324167151,103089.87747372189,2.335113096230944,1.0424654076636466,1.0213298608194812,1.427007881993277
Lost (18010204),2020,68786.79968017996,160394.8966347454,37122.57607337833,97524.41028593102,134162.55062474954,2.331768557055885,0.5396758716203907,1.4177779855926549,1.9504112889177887
Lost (18010204),2021,65381.84876604893,157676.42734119852,42266.7310934757,91700.41293073581,125330.08330122623,2.411623872940646,0.646459711543423,1.402536249148608,1.9168941482472552
Lost (18010204),2022,64171.033207428976,151603.06152524517,40128.83240798962,88986.52382472606,121468.0097005688,2.3624843476525843,0.6253418466596229,1.386708603196126,1.892879132987166
Lost (18010204),2023,70520.70768858553,159403.62700090458,62129.23090696214,77294.64244781839,107118.8017531822,2.26038042194386,0.8810069119175666,1.0960559668395002,1.5189694667587748
Lost (18010204),2024,63386.226811107015,157553.74370829592,57061.98618601999,79724.56858354683,109777.1038034446,2.4856148036356718,0.9002268956009408,1.2577585477856033,1.731876297520972
Lower Columbia (17080006),1985,23.478188912,44.755133417136044,40.494502969497006,4.260630447639036,8.521260895278072,1.9062430064297304,1.7247711534001564,0.18147185302957392,0.36294370605914783
Lower Columbia (17080006),1986,21.743918739896188,44.732815972718655,44.61296046910653,0.11985550361212516,0.23971100722425032,2.0572563992635775,2.0517442602123857,0.005512139051191901,0.011024278102383801
Lower Columbia (17080006),1987,21.743918739896188,39.520483923141384,39.520483923141384,0.0,0.0,1.8175419249810012,1.8175419249810012,0.0,0.0
Lower Columbia (17080006),1988,21.743918739896188,37.669533732358154,37.669533732358154,0.0,0.0,1.732416966001686,1.732416966001686,0.0,0.0
Lower Columbia (17080006),1989,15.47267444872623,22.67971945820883,22.67971945820883,0.0,0.0,1.465791808220712,1.465791808220712,0.0,0.0
Lower Columbia (17080006),1990,21.743918739896188,45.50253729530258,45.50253729530258,0.0,0.0,2.092655782962139,2.092655782962139,0.0,0.0
Lower Columbia (17080006),1991,21.743918739896188,37.31824186344895,37.31824186344895,0.0,0.0,1.7162610985561066,1.7162610985561066,0.0,0.0
Lower Columbia (17080006),1992,25.973159081423155,48.38149861775389,48.38149861775389,0.0,0.0,1.8627498667406195,1.8627498667406195,0.0,0.0
Lower Columbia (17080006),1993,24.23888890912329,35.490850099120564,35.490850099120564,0.0,0.0,1.464211096151447,1.464211096151447,0.0,0.0
Lower Columbia (17080006),1994,24.23888890912329,44.62998484047942,44.62998484047942,0.0,0.0,1.8412553895439125,1.8412553895439125,0.0,0.0
Lower Columbia (17080006),1995,21.743918739896188,40.751047599339294,40.751047599339294,0.0,0.0,1.874135388694607,1.874135388694607,0.0,0.0
Lower Columbia (17080006),1996,25.973159081423155,44.07583649752232,44.07583649752232,0.0,0.0,1.6969763423597857,1.6969763423597857,0.0,0.0
Lower Columbia (17080006),1998,24.23888890912329,45.81349493590207,45.81349493590207,0.0,0.0,1.8900823015306738,1.8900823015306738,0.0,0.0
Lower Columbia (17080006),1999,24.23888890912329,35.71446648454433,35.71446648454433,0.0,0.0,1.4734366174309972,1.4734366174309972,0.0,0.0
Lower Columbia (17080006),2000,24.23888890912329,39.37883261576293,39.37883261576293,0.0,0.0,1.6246137668852103,1.6246137668852103,0.0,0.0
Lower Columbia (17080006),2001,21.743918739896188,41.656654479221395,41.656654479221395,0.0,0.0,1.9157841315323219,1.9157841315323219,0.0,0.0
Lower Columbia (17080006),2002,25.973159081423155,44.20733074520122,44.20733074520122,0.0,0.0,1.7020390398648015,1.7020390398648015,0.0,0.0
Lower Columbia (17080006),2003,24.23888890912329,36.97937231320844,36.97937231320844,0.0,0.0,1.5256215931287902,1.5256215931287902,0.0,0.0
Lower Columbia (17080006),2004,24.23888890912329,49.456683481887815,49.456683481887815,0.0,0.0,2.0403857481797685,2.0403857481797685,0.0,0.0
Lower Columbia (17080006),2005,21.743918739896188,41.23990490141353,41.23990490141353,0.0,0.0,1.8966178725523706,1.8966178725523706,0.0,0.0
Lower Columbia (17080006),2006,21.743918739896188,43.55964247441084,43.55964247441084,0.0,0.0,2.003302302380606,2.003302302380606,0.0,0.0
Lower Columbia (17080006),2007,21.743918739896188,42.79101148453391,42.79101148453391,0.0,0.0,1.9679530629416897,1.9679530629416897,0.0,0.0
Lower Columbia (17080006),2008,25.973159081423155,48.8795338683949,48.8795338683949,0.0,0.0,1.88192486386283,1.88192486386283,0.0,0.0
Lower Columbia (17080006),2009,24.23888890912329,46.62413551311408,46.62413551311408,0.0,0.0,1.9235261025337345,1.9235261025337345,0.0,0.0
Lower Columbia (17080006),2010,21.743918739896188,39.32749410453589,39.32749410453589,0.0,0.0,1.8086663482777368,1.8086663482777368,0.0,0.0
Lower Columbia (17080006),2011,21.743918739896188,38.46146939750771,38.46146939750771,0.0,0.0,1.7688379844309214,1.7688379844309214,0.0,0.0
Lower Columbia (17080006),2012,21.743918739896188,30.892183144884388,30.892183144884388,0.0,0.0,1.4207274923357205,1.4207274923357205,0.0,0.0
Lower Columbia (17080006),2013,21.743918739896188,41.46568861822532,41.46568861822532,0.0,0.0,1.9070016363767597,1.9070016363767597,0.0,0.0
Lower Columbia (17080006),2014,21.743918739896188,41.95992911222336,41.95992911222336,0.0,0.0,1.9297316925322399,1.9297316925322399,0.0,0.0
Lower Columbia (17080006),2015,21.743918739896188,47.21683221625473,47.21683221625473,0.0,0.0,2.1714959838228385,2.1714959838228385,0.0,0.0
Lower Columbia (17080006),2016,21.743918739896188,45.64655343459118,45.64655343459118,0.0,0.0,2.0992790665115,2.0992790665115,0.0,0.0
Lower Columbia (17080006),2017,24.23888890912329,46.258444748884784,46.258444748884784,0.0,0.0,1.9084391583425073,1.9084391583425073,0.0,0.0
Lower Columbia (17080006),2018,21.743918739896188,45.29207461240429,45.29207461240429,0.0,0.0,2.0829766314984184,2.0829766314984184,0.0,0.0
Lower Columbia (17080006),2019,24.23888890912329,46.240745931433224,46.240745931433224,0.0,0.0,1.9077089756382621,1.9077089756382621,0.0,0.0
Lower Columbia (17080006),2020,21.743918739999998,43.51744449303741,43.51744449303741,0.0,0.0,2.0013616226859305,2.0013616226859305,0.0,0.0
Lower Columbia (17080006),2021,24.238888909000003,39.71753909685105,39.71753909685105,0.0,0.0,1.638587447055123,1.638587447055123,0.0,0.0
Lower Columbia (17080006),2022,29.005577936999998,44.6474045121366,44.6474045121366,0.0,0.0,1.5392696056293238,1.5392696056293238,0.0,0.0
Lower Columbia (17080006),2023,24.23888890912329,47.313041956936644,47.313041956936644,0.0,0.0,1.9519476381249663,1.9519476381249663,0.0,0.0
Lower Columbia (17080006),2024,27.271307765297642,49.00545492950587,49.00545492950587,0.0,0.0,1.796960210022074,1.796960210022074,0.0,0.0
Lower Columbia-Clatskanie (17080003),1985,96.209210739,228.07156677435458,148.25951207082431,79.81205470353022,157.92474053484648,2.37057933458238,1.5410116238561435,0.8295677107262359,1.6414721555430978
Lower Columbia-Clatskanie (17080003),1986,92.05607352354636,195.30253312014074,160.0985891842882,35.20394393585254,70.40788787170509,2.1215605407087637,1.7391420582731862,0.38241848243557747,0.7648369648711549
Lower Columbia-Clatskanie (17080003),1987,92.05607352354636,209.3817917486025,154.6910641868256,54.69072756177691,109.38145512355382,2.274502743103053,1.6804004153757253,0.5941023277273276,1.1882046554546553
Lower Columbia-Clatskanie (17080003),1988,87.86615391677147,192.1939350397823,156.54144292322457,35.65249211655773,71.30498423311546,2.1873488991202703,1.7815897924871467,0.4057591066331237,0.8115182132662474
Lower Columbia-Clatskanie (17080003),1989,50.48421501077011,95.7788056404039,89.5988350636664,6.17997057673752,12.35994115347504,1.8972030291046582,1.7747891107062224,0.1224139183984362,0.2448278367968724
Lower Columbia-Clatskanie (17080003),1990,92.05607352354636,210.61742959827785,168.04027258176615,42.577157016511705,85.15431403302341,2.287925408250283,1.8254121227404332,0.4625132855098496,0.9250265710196992
Lower Columbia-Clatskanie (17080003),1991,31.82980009981401,68.21122610453804,64.71474685175522,3.49647925278282,6.99295850556564,2.142998884398794,2.033149647463019,0.10984923693577488,0.21969847387154975
Lower Columbia-Clatskanie (17080003),1992,50.48421501077011,109.21529656570682,87.7893945572292,21.425902008477596,42.85180401695519,2.16335534864526,1.738947402440556,0.42440794620470335,0.8488158924094067
Lower Columbia-Clatskanie (17080003),1993,92.01929113867564,184.15039522904402,174.01295067587347,10.137444553170573,20.274889106341146,2.0012151033800536,1.8910485890793387,0.11016651430071506,0.22033302860143011
Lower Columbia-Clatskanie (17080003),1994,46.29429540399521,79.30408175512704,70.75150535914253,8.55257639598452,17.10515279196904,1.7130422023505532,1.5282985677115772,0.18474363463897608,0.36948726927795217
Lower Columbia-Clatskanie (17080003),1995,92.05607352354636,212.90005224343025,195.8469272881398,17.053124955290485,34.10624991058097,2.3127214109232463,2.1274742642379323,0.18524714668531447,0.37049429337062895
Lower Columbia-Clatskanie (17080003),1996,92.05607352354636,206.84871157870612,200.180872337504,6.66783924120211,13.33567848240422,2.246986034287002,2.1745536679478428,0.07243236633915948,0.14486473267831895
Lower Columbia-Clatskanie (17080003),1997,87.86615391677147,187.75242071025465,187.75242071025465,0.0,0.0,2.1368002619996025,2.1368002619996025,0.0,0.0
Lower Columbia-Clatskanie (17080003),1998,82.87714092728754,177.55712009516225,162.82441266000987,14.732707435152392,27.928020966186462,2.1424136753334966,1.96464804212858,0.17776563320491676,0.3369809896155706
Lower Columbia-Clatskanie (17080003),1999,92.05607352354636,199.3289162690706,169.5138640707023,29.815052198368242,59.630104396736485,2.165298916622657,1.8414196650190993,0.3238792516035573,0.6477585032071146
Lower Columbia-Clatskanie (17080003),2000,92.05607352354636,203.1695279326443,165.87014651712798,37.29938141551631,74.59876283103262,2.207019267236909,1.8018381641565588,0.40518110308034994,0.8103622061606999
Lower Columbia-Clatskanie (17080003),2001,92.05607352354636,197.47872235564319,166.75641271409674,30.72230964154645,61.4446192830929,2.1452003631800736,1.8114656244972616,0.3337347386828117,0.6674694773656235
Lower Columbia-Clatskanie (17080003),2002,92.05607352354636,196.42726269677806,162.54953454341796,33.877728153360096,67.75545630672019,2.1337784154625643,1.7657665412140415,0.3680118742485226,0.7360237484970452
Lower Columbia-Clatskanie (17080003),2003,92.05607352354636,202.41982290841068,151.3336709587132,51.08615194969747,102.17230389939493,2.1988752633104123,1.6439292397150163,0.554946023595396,1.109892047190792
Lower Columbia-Clatskanie (17080003),2004,92.05607352354636,208.73458393143707,164.93567040663532,43.79891352480172,87.59782704960344,2.2674721606287753,1.7916870022101,0.47578515841867525,0.9515703168373505
Lower Columbia-Clatskanie (17080003),2005,87.86615391677147,191.15707945247496,176.0767564557363,15.080322996738687,30.160645993477374,2.1755485011161713,2.0039201513533826,0.1716283497627888,0.3432566995255776
Lower Columbia-Clatskanie (17080003),2006,92.05607352354636,212.41953875202086,175.44484956134346,36.974689190677424,73.94937838135485,2.3075016196262985,1.9058476301019691,0.4016539895243298,0.8033079790486596
Lower Columbia-Clatskanie (17080003),2007,92.05607352354636,189.56457566095276,132.92372151099298,56.6408541499598,113.2817082999196,2.0592294283816637,1.443942984131225,0.6152864442504388,1.2305728885008775
Lower Columbia-Clatskanie (17080003),2008,92.05607352354636,189.66630000371072,132.57655508993042,57.089744913780336,114.17948982756067,2.0603344542519224,1.4401717346332354,0.6201627196186872,1.2403254392373744
Lower Columbia-Clatskanie (17080003),2009,92.05607352354636,201.9857320434927,164.1810841065027,37.80464793698998,75.60929587397996,2.1941597584197226,1.7834899732553553,0.41066978516436725,0.8213395703287345
Lower Columbia-Clatskanie (17080003),2010,92.05607352354636,202.5407022692309,194.4340242890296,8.106677980201336,16.213355960402673,2.200188369075121,2.1121259776444488,0.08806239143067282,0.17612478286134564
Lower Columbia-Clatskanie (17080003),2011,92.05607352354636,184.99285773312874,159.16408218360525,25.828775549523478,51.657551099046955,2.009567111134832,1.7289905607683105,0.2805765503665211,0.5611531007330423
Lower Columbia-Clatskanie (17080003),2012,64.25950840120217,123.0232511038029,102.60355851008325,20.41969259371966,40.83938518743932,1.9144754475199406,1.5967062472604248,0.31776920025951594,0.6355384005190319
Lower Columbia-Clatskanie (17080003),2013,92.05607352354636,203.53581460208608,184.784887109137,18.750927492949074,37.50185498589815,2.210998218928218,2.0073079378284824,0.20369028109973547,0.40738056219947094
Lower Columbia-Clatskanie (17080003),2014,92.05607352354636,217.12446733501127,182.93917668802584,34.18529064698546,68.37058129397091,2.3586109968015805,1.9872580883132402,0.3713529084883405,0.742705816976681
Lower Columbia-Clatskanie (17080003),2015,92.05607352354636,218.072862323005,164.47796714671387,53.59489517629116,107.18979035258232,2.368913358739179,1.786714997187483,0.5821983615516961,1.1643967231033923
Lower Columbia-Clatskanie (17080003),2016,92.05607352354636,212.14170724760928,158.82307094037432,53.31863630723496,106.63727261446992,2.3044835514665643,1.7252861746243187,0.5791973768422457,1.1583947536844914
Lower Columbia-Clatskanie (17080003),2017,92.05607352354636,193.28444984309834,147.5880746473215,45.69637519577686,91.39275039155372,2.0996382144591417,1.6032410355800262,0.4963971788791156,0.9927943577582312
Lower Columbia-Clatskanie (17080003),2018,92.05607352354636,199.45722459814664,150.58878230259967,48.86844229554697,97.73688459109394,2.1666927228558026,1.6358375557271803,0.5308551671286226,1.0617103342572451
Lower Columbia-Clatskanie (17080003),2019,92.05607352354636,199.5040842594941,164.94845007595086,34.55563418354326,69.11126836708652,2.1672017567473634,1.791825827046163,0.37537592970120026,0.7507518594024005
Lower Columbia-Clatskanie (17080003),2020,92.056073517,201.36058075884048,166.28207399703504,35.07850676180544,70.15701352361089,2.187368774985338,1.806312909558626,0.3810558654267118,0.7621117308534237
Lower Columbia-Clatskanie (17080003),2021,98.665027888,215.2441042941445,160.67662552597494,54.567478768169536,109.13495753633907,2.1815643181946873,1.628506361021533,0.5530579571731539,1.1061159143463077
Lower Columbia-Clatskanie (17080003),2022,105.860962782,224.0659655365091,203.24213855498414,20.823826981525006,41.64765396305001,2.116606156302671,1.91989694041912,0.1967092158835511,0.3934184317671022
Lower Columbia-Clatskanie (17080003),2023,98.66502789433548,216.08995296867658,152.74336539900588,63.34658756967071,126.69317513934142,2.190137251064241,1.548100361990321,0.6420368890739202,1.2840737781478404
Lower Columbia-Clatskanie (17080003),2024,113.32377902551998,252.19501878924086,222.88484969081333,29.310169098427536,58.62033819685507,2.2254377762362454,1.9667968329984893,0.25864094323775616,0.5172818864755123
Lower Columbia-Sandy (17080001),1985,454.2129631589999,938.5265309675713,644.6821462223321,284.87314590311456,412.1586533006931,2.066269805335861,1.4193389412284505,0.6271796910459225,0.9074127925239653
Lower Columbia-Sandy (17080001),1986,429.3006353846462,966.2381293417748,778.109721682732,178.53381464233752,265.455454242859,2.250726063976219,1.8125054042502375,0.415871303061022,0.6183439584360627
Lower Columbia-Sandy (17080001),1987,309.92172619470824,724.3148228686894,526.2337569497455,183.78659875590984,261.8250019817981,2.337089534709286,1.6979569758176272,0.5930097286578933,0.8448100918788334
Lower Columbia-Sandy (17080001),1988,318.6576614537517,603.6326926685047,518.4254901018381,85.20720256666655,121.59635070249023,1.894298382517041,1.6269042072822708,0.26739417523477016,0.3815892897341748
Lower Columbia-Sandy (17080001),1989,223.92781236625405,428.08972639375855,386.45708372579503,38.310076846773676,62.94325863918034,1.9117309362786046,1.7258110086553686,0.17108226281474184,0.28108727528776545
Lower Columbia-Sandy (17080001),1990,169.45525949214198,352.7067218406408,298.5714657447716,43.98018774989008,66.18759423782575,2.081415017142012,1.7619486502784947,0.2595386409468721,0.39059038023481957
Lower Columbia-Sandy (17080001),1991,199.70615443952397,399.04157906746985,368.0877232067807,25.56078154873061,37.64895694452167,1.9981436235021472,1.8431466182893572,0.12799195708548408,0.18852176614277913
Lower Columbia-Sandy (17080001),1992,158.6858919972438,328.48511755310864,274.1290210580331,40.23144519564708,64.6115097832452,2.070033532400058,1.7274945970798363,0.25352880895263114,0.4071660622758287
Lower Columbia-Sandy (17080001),1993,263.58098562993433,491.4188682220823,484.98969779484196,6.429170427240387,8.878417805797705,1.864394228011692,1.8400025959223165,0.024391632089375722,0.033683832635268064
Lower Columbia-Sandy (17080001),1994,237.29349482581725,524.456971824952,431.3140536821734,92.67126412695265,127.17082969026448,2.210161606873901,1.8176396027997939,0.390534364184644,0.5359221068559543
Lower Columbia-Sandy (17080001),1995,88.92377953901737,209.5386015451096,191.74145065198928,15.190539552151474,21.282311305736258,2.356384339839825,2.1562449509679045,0.17082651716896796,0.239332059614022
Lower Columbia-Sandy (17080001),1996,119.64549871863088,245.08656250513278,205.61308601076556,39.473476494367205,53.20857542359686,2.0484394743633474,1.718519193892148,0.3299202804711992,0.4447185727289828
Lower Columbia-Sandy (17080001),1997,306.77528093755444,553.299854765415,492.3471307122439,60.9527240531712,81.63336906320659,1.8035998633085495,1.6049113514216404,0.19868851188690922,0.2661015216536415
Lower Columbia-Sandy (17080001),1998,65.89018166244531,144.15254838817907,137.11246610602745,7.040082282151615,12.342159799227872,2.187769782251793,2.0809240868154397,0.10684569543635318,0.1873140957852662
Lower Columbia-Sandy (17080001),1999,350.9653255405708,713.5163902539565,614.8537440884265,98.66264616552978,148.30769465331457,2.0330110649961504,1.751893134005202,0.281117930990948,0.4225707893646905
Lower Columbia-Sandy (17080001),2000,228.9923842622418,481.55222506830216,425.3340885290731,56.21813653922907,101.74410617174797,2.1029180800913845,1.8574158695250798,0.2455022105663048,0.44431218313020726
Lower Columbia-Sandy (17080001),2001,466.2922365890374,957.5562957908144,834.7853181638318,122.77097762698251,181.52768299889743,2.053554017530745,1.7902620988724773,0.2632919186582676,0.389300247258642
Lower Columbia-Sandy (17080001),2002,429.171908619212,908.3905016661464,743.6880486989393,164.7024529672076,254.6990517867897,2.116612209286342,1.7328441907850627,0.38376801850128045,0.593466269976152
Lower Columbia-Sandy (17080001),2003,390.8246326275283,807.4544560989468,533.5663544610704,273.88810163787673,409.11616463367744,2.066027544554705,1.3652321525229472,0.7007953920317587,1.0468024031217646
Lower Columbia-Sandy (17080001),2004,480.02036396945465,980.4917321457473,909.8141737435454,70.67755840220201,113.9675118893856,2.0426044512731116,1.8953657845262581,0.14723866674685382,0.2374222438126349
Lower Columbia-Sandy (17080001),2005,253.56965030946608,508.79484091041525,504.8005294674201,3.9943114429950075,7.988622885990015,2.006528937076904,1.9907766124666035,0.015752324610300156,0.03150464922060031
Lower Columbia-Sandy (17080001),2006,271.1144569688959,562.8983174007496,509.42044720904084,52.244656057707374,100.06049392672976,2.0762386620545623,1.8789866571648188,0.19270332036812493,0.369071037544152
Lower Columbia-Sandy (17080001),2007,360.43970086961724,718.7761524754264,604.1365077531807,114.63964472224556,192.82399332876898,1.9941647680354477,1.676109780070305,0.3180549879651422,0.5349687974536403
Lower Columbia-Sandy (17080001),2008,513.5224301705533,975.1068787915463,816.9992605153592,156.26673849593266,224.89496915937704,1.898859371084705,1.5909709343056617,0.3043036278747019,0.4379457564973042
Lower Columbia-Sandy (17080001),2009,324.3950110803946,659.6094653015513,540.6872722860097,118.92219301554161,184.81688079551492,2.033352680439591,1.6667558187324019,0.3665968617071894,0.5697278764552636
Lower Columbia-Sandy (17080001),2010,356.3129530266644,694.4421142817325,581.6955092675644,112.74660501416807,153.68109398798416,1.9489667955735657,1.6325410129674227,0.3164257826061428,0.43130931020765767
Lower Columbia-Sandy (17080001),2011,365.6371304482171,694.5054388464814,601.5898452738365,92.9155935726448,130.20362695959253,1.8994390367168685,1.6453193485474966,0.2541196881693717,0.3561006695353454
Lower Columbia-Sandy (17080001),2012,318.04742180051056,673.9926109197926,527.8474717527371,146.14513916705528,209.62014049790992,2.1191575995309972,1.6596502143124423,0.45950738521855444,0.6590845456668732
Lower Columbia-Sandy (17080001),2013,302.98097686555,628.5887202565009,582.8198798184326,45.76884043806804,70.9013290075803,2.0746804857502377,1.9236187230232051,0.15106176272703184,0.23401247742046616
Lower Columbia-Sandy (17080001),2014,255.9233234981622,594.0602726561475,535.5402267493319,53.52912560398659,95.20157643019229,2.321243193219212,2.092580775480503,0.2091607942265996,0.3719925762486276
Lower Columbia-Sandy (17080001),2015,449.9147016759411,980.0590182164086,808.6419130940105,165.76272164716374,289.0386721024363,2.178321834262516,1.7973227149097453,0.36843144051460053,0.6424299339980702
Lower Columbia-Sandy (17080001),2016,397.8969808841942,917.7163781055464,854.0195303063873,62.86045240587147,106.63981060544344,2.3064170430904647,2.146333275534315,0.15798172749686348,0.26800859450723097
Lower Columbia-Sandy (17080001),2017,458.0886278406285,975.1434642579667,796.7055858017967,178.43787845616995,297.9127469264906,2.1287222711785465,1.739195294057758,0.38952697712078865,0.650338665534688
Lower Columbia-Sandy (17080001),2018,421.5000512128376,911.9123629073854,693.8690308267949,211.9212731556336,391.94303786423234,2.1634928875653037,1.6461896714608555,0.5027787601587346,0.929876607930279
Lower Columbia-Sandy (17080001),2019,643.0815940064974,1374.6958521214406,1265.8107502049793,108.79024237996359,201.03473891893526,2.1376694107459575,1.9683517021825852,0.1691702007861609,0.31261155783740885
Lower Columbia-Sandy (17080001),2020,725.4845970590001,1582.883615498043,1552.1949763598489,30.688639138193935,55.04373802549435,2.1818293895071004,2.139528506397244,0.04230088310985627,0.07587168390429372
Lower Columbia-Sandy (17080001),2021,800.46041735,1726.9427060140504,1485.461010352903,236.45557105586244,412.23802505306276,2.1574367308895273,1.8557582338308025,0.29539945502698434,0.515001136992902
Lower Columbia-Sandy (17080001),2022,903.885558713,1835.4457146889847,1640.3025354245713,194.5962743661715,345.132051690957,2.0306173685332345,1.8147236888706582,0.21528861977090105,0.38183158073946244
Lower Columbia-Sandy (17080001),2023,1118.8608283394242,2258.7018655762836,1553.7801338411632,689.2142480305531,1065.9857126866252,2.0187514017525965,1.388716178532438,0.615996405069844,0.9527420083771505
Lower Columbia-Sandy (17080001),2024,1000.6646136679562,2147.977103243979,2089.1691336698473,58.685142980981865,94.96037510677512,2.146550476458367,2.087781565505705,0.058646165937526556,0.09489730506077951
Lower Crooked (17070305),1985,5363.167572614002,11032.370983732477,3042.719077094893,6370.21536889089,9154.131365140653,2.057062516574568,0.5673361937508649,1.187771085397217,1.7068516396699012
Lower Crooked (17070305),1986,5325.530131448539,12025.167077241249,3268.1485823648777,6994.433219495277,10087.721700796204,2.25802254055981,0.6136757283684628,1.3133778322258405,1.8942192517559477
Lower Crooked (17070305),1987,5230.107946126822,11453.988082473385,3755.010283736116,6245.759250929819,9097.559961400722,2.1900098813363273,0.7179603791001875,1.1941931821034673,1.7394593104216822
Lower Crooked (17070305),1988,5049.332782729205,10900.67965541485,2844.3168484507078,6464.771181009767,9353.296008705272,2.1588356570000014,0.5633054842769407,1.2803218680935318,1.852382564424629
Lower Crooked (17070305),1989,5231.761405953982,11321.05916385212,4105.93630160133,5791.871240667788,8545.582531815078,2.163909682687028,0.7848095474936201,1.1070595142347996,1.6334044824922287
Lower Crooked (17070305),1990,5084.479021502685,10993.471452285661,3357.911547978708,6213.731498984676,8929.27298009039,2.162162810740954,0.6604239163497028,1.2220979716321552,1.756182480511327
Lower Crooked (17070305),1991,5215.5945220576095,11294.607243021574,3459.980786369637,6453.394364011307,9283.355820486295,2.165545499224454,0.6633914449708096,1.237326701053703,1.779922841245701
Lower Crooked (17070305),1992,4749.4131059464235,10950.534844073016,3558.967845120718,6106.930799891864,8841.49327668591,2.3056606363347467,0.7493489754902077,1.28582851473707,1.8615970182960218
Lower Crooked (17070305),1993,5410.591742907298,11480.206026633783,4677.274318958912,5537.392351813272,8111.354792003055,2.1218023040979013,0.8644663174024013,1.0234356268096176,1.4991622316794029
Lower Crooked (17070305),1994,4711.677509399356,11186.706736394148,2317.73856883115,7355.9650588775075,10541.51126118895,2.3742513603865536,0.49191366858353075,1.5612199782780223,2.2373159538528737
Lower Crooked (17070305),1995,5106.534836923203,11610.091301700966,4324.944217719188,6009.9060396255845,8695.400283636123,2.273575266294726,0.8469430554839922,1.1769049329048897,1.7027985828596224
Lower Crooked (17070305),1996,5181.76115429937,11196.92599534418,3630.428251997572,6184.079899987927,8980.57725025052,2.1608340604533565,0.7006166714159261,1.193432062158427,1.7331129287576728
Lower Crooked (17070305),1997,5529.990691386255,12702.510540683144,4788.927854684383,6420.74938932919,9199.679047162383,2.2970220475179293,0.8659920281861989,1.1610777933732181,1.663597564728669
Lower Crooked (17070305),1998,5740.489463872139,13056.293258689886,5705.79674140977,5995.1586598622125,8550.90381274411,2.274421604788211,0.9939564870416177,1.0443636727482628,1.4895774770704413
Lower Crooked (17070305),1999,5543.437633961733,12533.034368372346,3684.6537145190655,7202.659209950767,10165.344762209183,2.260877671210554,0.6646875021999212,1.2993127524018409,1.8337619061377097
Lower Crooked (17070305),2000,5716.898860346704,13199.806341469197,2867.4517598584002,8548.985392653223,12011.275469112152,2.308910243808072,0.501574687589366,1.4953886016683469,2.1010124129402077
Lower Crooked (17070305),2001,5691.272240857244,13192.109899672501,3143.058589405118,8204.34236991572,11356.184757341241,2.3179544645514003,0.5522593993731878,1.4415656153324246,1.9953683951043475
Lower Crooked (17070305),2002,5603.461564178465,12708.6336273785,2373.2209539176706,8537.719071844067,11840.61269584803,2.2679969304370053,0.4235276581692077,1.5236508672466997,2.1130889469363225
Lower Crooked (17070305),2003,5563.9297671282,12843.953366497439,3592.3306983751536,7563.327506618899,10574.275113045622,2.308431972376746,0.6456463055300787,1.3593499240955875,1.9005047791074996
Lower Crooked (17070305),2004,5614.217004752041,13047.348952115295,4739.673239662787,6762.13596380968,9518.736484815914,2.323983725793219,0.8442269395092825,1.2044664390574866,1.6954699963964648
Lower Crooked (17070305),2005,5339.557470210701,12585.247542885563,4421.730079835562,6674.575285316677,9367.080178181253,2.356983254342414,0.8281079667190245,1.2500240558424585,1.7542802433422682
Lower Crooked (17070305),2006,4898.228102694031,11713.106311602542,3743.379868299114,6524.270150207825,9334.982078443698,2.3912945795971243,0.7642314301859995,1.3319653583750968,1.9057875384181164
Lower Crooked (17070305),2007,4912.505790168192,11712.734886750917,3230.4830520128603,6925.352550225898,9835.162046176374,2.384268922429077,0.6576039174301425,1.409739315541609,2.0020662501528865
Lower Crooked (17070305),2008,5121.490153675238,11670.903970811503,2481.043919261498,7498.351790582473,10507.095274047078,2.2788101940284577,0.4844378969431531,1.464095715424069,2.051569945225233
Lower Crooked (17070305),2009,5097.631039524276,12408.975087537576,3670.6562466174923,7165.576171598697,10025.485961057266,2.434263090310987,0.7200709934001123,1.405667871221101,1.9666950949029196
Lower Crooked (17070305),2010,5122.326941749344,11691.713587183915,4175.448705482903,6214.829591822307,8670.887433217238,2.282500457339226,0.8151468566855928,1.2132824910429982,1.6927633733304834
Lower Crooked (17070305),2011,5453.86519989826,12299.416261149492,3649.562992072474,7135.90738118787,10030.794885689396,2.2551742315484686,0.6691700029807403,1.3084128631050485,1.8392084362254715
Lower Crooked (17070305),2012,5062.418852958326,11964.298475923104,3712.889830033592,6865.775068469219,9548.90940353166,2.3633560998082026,0.7334220928526864,1.35622422164003,1.8862345611627063
Lower Crooked (17070305),2013,5494.052162722579,12308.813088544508,3865.632697103046,7028.500232727982,9815.59656549372,2.240388828497193,0.7036032026291194,1.2792925921629776,1.7865859796696213
Lower Crooked (17070305),2014,5567.909296510761,13839.046094652798,3774.0069948998926,8318.290588037862,11569.64145390801,2.4855013538610096,0.6778140220899338,1.493970204085523,2.0779148577650774
Lower Crooked (17070305),2015,5423.479860396583,14066.815955037355,3765.415856019972,8558.894960261863,11847.843236288674,2.5936882439181295,0.694280416438134,1.5781186951132162,2.184546368984271
Lower Crooked (17070305),2016,5665.546782910464,13942.18209469968,4745.8357937760775,7494.845528627124,10500.604426594497,2.4608714090500197,0.8376659792292953,1.3228812356178137,1.8534141238174018
Lower Crooked (17070305),2017,5837.927385400086,14231.114432397231,4210.5299804031165,8199.551588362872,11402.66404637127,2.4376998021570873,0.7212371279117169,1.4045312740389524,1.953204158531996
Lower Crooked (17070305),2018,5493.246515767508,13684.126861491224,2773.1491801300435,8942.57347033406,12386.175356454814,2.4910818806716706,0.5048288242972805,1.6279213839513296,2.254800566641644
Lower Crooked (17070305),2019,5739.4375768868185,13073.813452900968,4984.381386026674,6452.973561251638,9190.505367197122,2.277891043810682,0.868444219360305,1.1243215863586158,1.6012902386477785
Lower Crooked (17070305),2020,5659.206519479003,13324.169702632887,3007.1687259400787,8338.756293553302,11658.280174964166,2.3544236558201335,0.5313763891791891,1.4734850662988324,2.060055616425436
Lower Crooked (17070305),2021,5530.888670466002,12719.621099938791,3283.819444267889,7733.551732652365,10690.218851939755,2.299742746199067,0.5937236563453036,1.398247586133528,1.9328211954479744
Lower Crooked (17070305),2022,5429.847386024001,12458.817099014788,3033.591857728547,7745.903806220858,10692.38415130694,2.294505943405113,0.5586882359781922,1.4265417157318645,1.9691868649620419
Lower Crooked (17070305),2023,5674.008735190767,13334.957001879757,3659.311361647777,7957.582090893721,11022.610419904951,2.3501826705297484,0.6449252252560634,1.402462079682748,1.9426495330438291
Lower Crooked (17070305),2024,5475.005858724365,12982.10001868405,2790.677918563822,8452.407645375273,11827.63887765501,2.3711572834204753,0.5097123164017999,1.5438170959956965,2.1602970266794856
Lower Deschutes (17070306),1985,1254.9067895320002,2580.042299401327,865.9666475770497,1000.1533196150485,1430.4343520086275,2.0559632961771745,0.6900645169829703,0.7969941098079816,1.1398729881301286
Lower Deschutes (17070306),1986,1706.3344513628156,3657.234333763528,1128.0238581934495,1359.8236387499012,1964.3602172826265,2.143327957096903,0.6610801635590955,0.7969267910308186,1.1512164076120779
Lower Deschutes (17070306),1987,1395.8411582036913,3002.488629473252,879.4591111378253,1164.2794167986372,1645.421256087894,2.1510245716906327,0.6300567267049223,0.8341059510646247,1.1788026498698374
Lower Deschutes (17070306),1988,2015.4327460055288,4185.499772998537,1416.443729717433,1535.2540662215579,2233.266411240551,2.0767251009957817,0.7027988071171031,0.7617490929748674,1.1080828252228987
Lower Deschutes (17070306),1989,1527.5991047214607,3105.2481661376364,1238.5990890129258,1062.811319188226,1518.430270449338,2.0327638033696287,0.8108142281470958,0.6957396845175664,0.9939978792578603
Lower Deschutes (17070306),1990,1500.8508843179734,3027.915476413874,1265.5198065593802,1001.4555466534879,1460.434495048557,2.0174658975464035,0.8432015597168843,0.6672585245592709,0.9730710161204438
Lower Deschutes (17070306),1991,1837.361475626088,3890.2623038215916,1578.3417346724193,1312.7767557750617,1997.6664628108126,2.1173091715640604,0.8590262480248169,0.714490193241767,1.087247386707126
Lower Deschutes (17070306),1992,1681.3333790951135,4042.717073204103,1287.0511406737264,1530.610089935619,2257.56195121682,2.4044708345586265,0.7654943134278414,0.9103549057947014,1.3427211874136646
Lower Deschutes (17070306),1993,2283.122450525629,4436.817542325462,2013.8305494561462,1454.1479016755209,2216.799054033697,1.9433112496020528,0.8820510476748693,0.6369119191748744,0.9709505740803945
Lower Deschutes (17070306),1994,2332.203593054873,4850.159365888425,1587.826648797246,2038.2238846206537,2859.6668541280023,2.0796466399124993,0.6808267740971132,0.8739476650710646,1.2261651867117755
Lower Deschutes (17070306),1995,2941.8022168343496,6616.853899170758,3443.4599430009644,1925.5403201944118,2820.292852780986,2.2492517890244517,1.1705273465686774,0.6545444520966032,0.9586956038859339
Lower Deschutes (17070306),1996,2618.220206573064,5689.579578894526,2486.130231916385,1944.2670078819792,2756.3432003771713,2.173071449303916,0.9495497077270025,0.7425910941336716,1.0527545366342175
Lower Deschutes (17070306),1997,2682.4427997621315,5570.068987949728,2608.349600137321,1794.9757024589173,2595.049082862566,2.0764912446385284,0.9723784605467148,0.6691571214931736,0.9674201004743456
Lower Deschutes (17070306),1998,2979.8617512342835,6146.800222827561,3071.1734905392627,1932.1184556257388,2724.16920438458,2.062780335457343,1.0306429448504304,0.6483919781934311,0.9141931511608572
Lower Deschutes (17070306),1999,2217.2788179338677,4931.675970978005,1761.7809016198198,2081.3193949176593,3000.124316135375,2.224201995296875,0.7945689497279843,0.9386818554723309,1.353065880515193
Lower Deschutes (17070306),2000,2786.5798347457253,6241.26904882232,1922.822891372739,2892.147658119549,4067.9378478996273,2.2397596404740487,0.6900297157817464,1.0378843706745824,1.459831797092878
Lower Deschutes (17070306),2001,1833.314381908217,4128.554087626532,1214.5827215602342,1960.1417885617939,2740.3111931581984,2.2519618720981724,0.6625065147288203,1.069179300563588,1.4947306475095274
Lower Deschutes (17070306),2002,2429.29063416732,5501.7341403371665,1663.6373830900386,2493.6530582610385,3347.14251375836,2.264749249413287,0.6848243514758694,1.026494328504164,1.3778271182054957
Lower Deschutes (17070306),2003,2188.045573271454,4982.499153323811,2020.9384368642861,1878.1076199073614,2527.9853634961732,2.2771459672452035,0.9236272139627705,0.8583494068175695,1.1553622988375232
Lower Deschutes (17070306),2004,2518.540856787062,5423.583491454044,2195.9456319402198,2028.5449221341107,2701.942017669878,2.15346258006431,0.871911855637561,0.8054445162831125,1.0728204032857278
Lower Deschutes (17070306),2005,2614.8493865481773,5521.865112331444,2300.5199316411067,2033.1777399502573,2719.2585350525974,2.111733524973985,0.8797906080082065,0.7775506116756591,1.0399293164040506
Lower Deschutes (17070306),2006,2230.723460435328,5070.088278610262,2096.140728407956,1833.993719274689,2416.1468933299934,2.2728448274896564,0.9396685719165261,0.8221519842342014,1.083122554715267
Lower Deschutes (17070306),2007,2472.0197124121796,5441.073714632685,1961.6607677570676,2193.231233637393,2874.46597371099,2.2010640478765935,0.7935457625630714,0.8872223884886634,1.1628005874217346
Lower Deschutes (17070306),2008,2371.246830085709,4928.166009560552,1721.3841205570616,2005.5387904805427,2622.9100926826095,2.078301569888624,0.7259405046815991,0.8457739468683032,1.1061311962145266
Lower Deschutes (17070306),2009,2100.6932341842544,4613.961147143231,1810.072829558927,1737.3038716643807,2253.724590690142,2.196399299079446,0.8616550004083858,0.8270145509080074,1.0728480265541072
Lower Deschutes (17070306),2010,2315.7640861616374,5021.170278604372,2410.4774239224275,1639.315689074213,2156.000559311839,2.1682563904542307,1.0408993896773728,0.7078940807789135,0.9310104479966241
Lower Deschutes (17070306),2011,2439.971170095962,5146.409832152499,2332.6266600771523,1873.7543051999446,2466.6628359176375,2.1092092788744283,0.9560058285382987,0.7679411659303547,1.0109393365580732
Lower Deschutes (17070306),2012,1999.1991281801254,4274.676919908385,1796.103766337294,1660.3689854608328,2115.025474883393,2.13819466988245,0.8984116394509888,0.8305170615856909,1.057936373155937
Lower Deschutes (17070306),2013,2117.4494376697917,4653.007293613832,2180.1203339904264,1705.6771318177603,2149.1110727480327,2.1974585134530384,1.0295973519866441,0.8055338188829774,1.0149527230804076
Lower Deschutes (17070306),2014,2285.1468336342427,5441.934817761402,2094.1571407690362,2281.019349318406,2934.0934326566166,2.3814376991725643,0.9164212600896805,0.9981937771984339,1.2839846391797523
Lower Deschutes (17070306),2015,2174.566139434611,4903.2208151215755,1587.2521645063707,2260.8241168120044,2932.0001206559714,2.2548041773502536,0.7299167110727924,1.0396667527435244,1.3483149891307944
Lower Deschutes (17070306),2016,2269.3158288046347,5049.86354932711,1795.8339638027892,2231.490427976635,2954.3969834471854,2.2252801858730846,0.7913547955767564,0.9833318040847914,1.3018888538769053
Lower Deschutes (17070306),2017,2608.123999393411,5555.064149760949,2409.3813728990585,2083.497250786201,2732.2286898724024,2.129907991741546,0.9237986282321794,0.7988490007648311,1.0475838919115255
Lower Deschutes (17070306),2018,2861.190128521116,6280.243652280456,2092.656766395595,2810.9854764230668,3737.3431376150174,2.194975996064467,0.7313938159982543,0.9824532275581424,1.3062197790912848
Lower Deschutes (17070306),2019,2507.3717957009067,5425.950002442485,2016.6721812340575,2145.868603493499,2784.478630990665,2.1639989776329616,0.804297226558824,0.8558238579427134,1.1105168510569037
Lower Deschutes (17070306),2020,2502.7850908340006,5676.639340552895,1716.3387018851531,2657.5563084707173,3403.325244642944,2.2681289581524853,0.6857715063794069,1.0618395954984463,1.3598152143014635
Lower Deschutes (17070306),2021,2392.9576062100014,5408.783293149864,1516.8840655440429,2593.0253133034416,3341.782592022646,2.2602921502300948,0.633895085148,1.0836068748456895,1.3965072274370152
Lower Deschutes (17070306),2022,3171.5533681899997,6821.657587132715,2941.826806625892,2673.6213949676994,3601.8768332020836,2.150888474888198,0.9275665470843985,0.8430006008360285,1.135682239916924
Lower Deschutes (17070306),2023,2622.0455157913602,5786.947078434796,2054.994354418642,2473.0384158815045,3302.754439463407,2.2070353255054904,0.78373710221366,0.9431714289426117,1.2596098807486191
Lower Deschutes (17070306),2024,2853.4406524799897,6322.796313099616,2075.936028435406,2890.712947848255,3842.61456852674,2.2158499450844826,0.7275203101319676,1.0130622290447397,1.3466600628918064
Lower Grande Ronde (17060106),1985,1474.6407562020001,2423.9329678988206,1623.9054543560276,770.0863008224086,1413.3038976030582,1.6437447274560366,1.1012210584349134,0.5222195965923243,0.9584055585463963
Lower Grande Ronde (17060106),1986,1170.496394430921,2146.225553391877,1375.1940444314682,731.5562638892144,1342.7251010617633,1.8336028744756123,1.174881059843049,0.6249965974862202,1.1471415951815702
Lower Grande Ronde (17060106),1987,1328.0805924744254,2595.943592955407,1333.502901837613,1163.7618299138003,2092.50077550709,1.9546581793795745,1.004082816505198,0.8762735006506848,1.5755826772593886
Lower Grande Ronde (17060106),1988,1200.1505832814396,2110.3933979760695,1310.3591420391579,744.4529144440819,1341.7071847422503,1.7584405051954841,1.0918289423785366,0.6202995897469852,1.1179490335902418
Lower Grande Ronde (17060106),1989,1199.5721141426254,2130.9717447160965,1588.0769640406702,508.2405464583486,923.6230583571122,1.7764432163706754,1.323869524239251,0.4236848626825618,0.7699604279458069
Lower Grande Ronde (17060106),1990,1152.20161784203,2081.717303193214,1334.9413616207523,731.270195144865,1369.875960004531,1.8067300643893238,1.158600492265388,0.6346720780643135,1.1889203580274306
Lower Grande Ronde (17060106),1991,1288.8278006924634,2036.3731674285218,1228.132021060774,778.9889775837268,1485.2086598129,1.5800195854980907,0.9529062147797567,0.6044166467895792,1.1523716814728273
Lower Grande Ronde (17060106),1992,790.9123915071802,1456.3040552146008,971.9075405985304,439.672868284405,760.9129625502441,1.8412962938150905,1.2288434863770965,0.5559059043777966,0.9620698458146943
Lower Grande Ronde (17060106),1993,1423.7372675271822,2326.424084883498,1894.2869160288346,431.80154786309646,814.9280669598604,1.6340262616881183,1.3305031477604898,0.30328738153568946,0.5723865530156895
Lower Grande Ronde (17060106),1994,720.1762750955011,1405.8962646716843,759.9687110289713,570.4421415619406,970.1832051113979,1.9521557614283411,1.0552537445477406,0.7920868283064385,1.3471468564869677
Lower Grande Ronde (17060106),1995,1407.8543925289448,2475.697074903748,1701.656695861382,734.3927976020123,1383.367200717716,1.7584894347323983,1.2086879899594425,0.5216397388104989,0.9826067298286137
Lower Grande Ronde (17060106),1996,911.9493727836559,1624.8393386853677,1103.1241376908579,487.16634688962824,895.3961874229599,1.7817209893194723,1.2096330899638164,0.5342032808275202,0.981848569827765
Lower Grande Ronde (17060106),1997,1327.2940277052678,2700.7542099915117,1695.8535336468242,922.9114820329848,1699.249599178863,2.034782161011296,1.2776773633034058,0.6953331083909028,1.2802360017521226
Lower Grande Ronde (17060106),1998,1577.9640610828694,2993.44963978357,2073.2055547988543,863.6218140237727,1577.5914910683414,1.897032837192332,1.3138483986613283,0.5473013203045428,0.9997638919518406
Lower Grande Ronde (17060106),1999,1243.0190337799763,2390.3542112306563,1184.0621772670422,1104.082619187144,1971.595786834731,1.9230230159563002,0.9525696269238546,0.888226639482477,1.586134832416185
Lower Grande Ronde (17060106),2000,1100.486574725984,2220.6248490713424,1228.1051275615634,891.1843220443061,1569.8422798011966,2.0178572824700454,1.115965569927426,0.8098093538907614,1.4264983470535113
Lower Grande Ronde (17060106),2001,852.0835674347941,1802.0089316684296,764.6820769616843,934.6163486071248,1616.0593275835747,2.114826527042876,0.8974261518312895,1.0968599610725935,1.8965972227920522
Lower Grande Ronde (17060106),2002,868.1269573401698,1813.1034015457092,835.4460267632059,870.4151716777753,1533.9346615001864,2.088523327395369,0.9623546644869845,1.0026358061090699,1.7669473900453068
Lower Grande Ronde (17060106),2003,689.8317447277199,1475.4061128700423,709.9235324162509,687.3725411386426,1273.9661938941547,2.138791269242607,1.0291256351162288,0.9964350675249833,1.8467781508039989
Lower Grande Ronde (17060106),2004,830.9445912673564,1534.2696080412122,1194.3984431023723,296.98166784662436,528.9347335699923,1.8464162642916355,1.4373984206103037,0.3574024922572371,0.6365463342907873
Lower Grande Ronde (17060106),2005,445.8839349694256,932.1772712789825,459.84676580685965,417.0262587723046,757.850052208054,2.090627623403616,1.0313149448597907,0.9352798476601321,1.6996576749508143
Lower Grande Ronde (17060106),2006,785.2742313389813,1524.13233932791,961.2264097765294,501.56450316741365,861.3306345659846,1.9408918292519188,1.2240646278912397,0.6387125454405775,1.096853303205071
Lower Grande Ronde (17060106),2007,619.4191361027237,1196.8071262421367,556.8110903652592,607.2102255250176,1030.5987032404378,1.9321442565889018,0.8989245858121477,0.9802897426538637,1.663814763174389
Lower Grande Ronde (17060106),2008,806.6924714730703,1518.722813745319,894.0897450530603,549.4131588802854,930.2112943638144,1.8826540068881976,1.10834026183534,0.6810689058211031,1.1531176095708333
Lower Grande Ronde (17060106),2009,890.8525482069792,1776.9940232544511,1246.6703269952009,470.4651183120432,819.8016622511074,1.994711725112097,1.3994126519639831,0.5281066089544777,0.9202439437380786
Lower Grande Ronde (17060106),2010,1201.8898608578181,2228.5808553788834,1527.2606023948347,630.5230929564516,1116.9402116030922,1.8542305147563944,1.270715938401204,0.5246097113311463,0.9293199385224072
Lower Grande Ronde (17060106),2011,948.8950976651402,1761.6972194581858,1085.8961246081826,618.3745657886834,1120.8875154018308,1.8565774275713236,1.1443795286540615,0.6516785336021458,1.1812554603347585
Lower Grande Ronde (17060106),2012,808.8885754638552,1673.134159776425,875.8810604222047,700.0735695459891,1220.4212925754543,2.0684358891049612,1.0828204118471234,0.8654759020975585,1.508763171584673
Lower Grande Ronde (17060106),2013,808.8885754638553,1589.1453928109863,967.9471315820049,553.2860018518093,982.4826795638387,1.9646035820195562,1.1966384010640005,0.684007684908306,1.2146081788835208
Lower Grande Ronde (17060106),2014,899.2722563376622,1693.1462674975915,988.8279356460573,650.6732204579929,1202.2889131928762,1.8827960671143429,1.099586836664033,0.72355531472515,1.336957639602123
Lower Grande Ronde (17060106),2015,709.8030778120927,1387.6711101674082,770.4244847636805,553.7974158020019,1043.2618585636715,1.955008584134047,1.0854059510962506,0.7802127563450908,1.469790553429885
Lower Grande Ronde (17060106),2016,806.9927561274959,1582.8582338387937,861.6192428647475,628.301976272348,1093.3052476303078,1.961428057216315,1.0676914214191797,0.7785720150542259,1.3547894195193713
Lower Grande Ronde (17060106),2017,659.4317891512413,1162.5088156723582,894.9427790888856,242.06473677675876,459.52922576309294,1.7628947145066063,1.357142306167514,0.3670807819081967,0.696856344087621
Lower Grande Ronde (17060106),2018,1389.350045454872,2620.8248262178763,1603.54423044413,938.1462800308288,1719.0331815981715,1.8863675391177752,1.1541686241634885,0.6752411194715732,1.2372930689582706
Lower Grande Ronde (17060106),2019,1217.2046397846514,2391.870340594452,1404.0492764035168,921.9579152761481,1639.914570638156,1.9650519414858814,1.1535030598075293,0.7574387125563878,1.3472792635166841
Lower Grande Ronde (17060106),2020,1413.029824563,2841.088403718472,1633.6951204412217,1113.0504249848004,2008.2166189365028,2.0106358367893047,1.1561646414267766,0.7877048351254918,1.4212131860398438
Lower Grande Ronde (17060106),2021,535.4427788139999,1159.7868739689002,433.3939068728228,616.4853052819738,978.9078290372214,2.1660332716370103,0.8094121800144279,1.151356091957169,1.8282211802454258
Lower Grande Ronde (17060106),2022,1444.164735283,2484.1868683358202,1657.123677503528,760.9311552857577,1394.0080745709076,1.720154777113441,1.1474616690309891,0.5269005236695832,0.9652694325746268
Lower Grande Ronde (17060106),2023,782.0199274044793,1518.61806946792,931.8058449696629,543.2077864780548,940.5576802892492,1.9419173556205997,1.1915372132041728,0.6946214123736707,1.2027285332880915
Lower Grande Ronde (17060106),2024,780.6405498582703,1627.0960688457951,678.8309296270261,825.3795987855403,1370.700623751596,2.084308929559454,0.8695819474792484,1.0573106904777014,1.7558665431874558
Lower John Day (17070204),1985,1468.3456641989999,2996.9827959268578,1012.4918509897402,1346.4667748828829,2140.0504313527135,2.041060813539261,0.6895459806748342,0.9169957781142744,1.4574568397150112
Lower John Day (17070204),1986,1691.610555015777,3531.3291090328325,1335.8344185441995,1511.7042451932489,2458.0503281468236,2.0875544306354232,0.7896820072346621,0.8936479148293975,1.4530828746950555
Lower John Day (17070204),1987,1351.2352121358335,3032.828494888227,924.8948646107121,1524.148239884294,2499.1253494227385,2.244485984119951,0.6844810261780957,1.1279666383731557,1.849511711193856
Lower John Day (17070204),1988,1626.5573525276952,3229.478507650191,1216.6406069027657,1384.3297791602863,2268.389181514316,1.9854685742445735,0.747985064905389,0.8510795988896527,1.3945952646484947
Lower John Day (17070204),1989,1643.5548293886363,3229.155144437986,1432.8156400521752,1236.7183516409618,1993.9165775598362,1.9647383139868573,0.871778424687632,0.7524655274816672,1.2131731426943184
Lower John Day (17070204),1990,1510.7375080531435,3160.5356154717856,1203.5377294794826,1333.0163223410455,2124.882081905627,2.092048154377727,0.7966557545992599,0.8823613071332798,1.4065197101274853
Lower John Day (17070204),1991,1536.140583626767,3117.7095759701388,1192.451909864126,1310.995011030164,2075.9085220900038,2.0295730802250858,0.776264830559189,0.8534342657199752,1.3513792580031094
Lower John Day (17070204),1992,1242.4915964295787,2746.7337894664915,959.045659426791,1262.4237786922195,2005.033889521362,2.2106658888957478,0.771872954459171,1.0160421062966685,1.613720282119431
Lower John Day (17070204),1993,1651.2222103064576,3144.568503520224,1566.7453671673748,1059.7473970046053,1682.4886876476899,1.9043884486852982,0.9488398093171213,0.6417957500752864,1.0189353541552892
Lower John Day (17070204),1994,1411.8953506462906,3030.627938702496,1027.1543055443856,1282.0771334280805,1910.6187221568393,2.1464961530719937,0.7275003101853186,0.908053938162778,1.3532297002623175
Lower John Day (17070204),1995,1575.294344215942,3291.346744537018,1639.1335374991334,1059.9940087070422,1600.6183850507257,2.089353495505116,1.0405252475625217,0.6728863165154219,1.0160757517652284
Lower John Day (17070204),1996,1557.5896754705802,2970.28337996422,1458.68995491968,1046.4293580193705,1722.474643129801,1.9069742350897616,0.9365046378334394,0.6718260749277388,1.1058590527761463
Lower John Day (17070204),1997,1411.38395809297,2832.27631421705,1406.402969011148,886.2315292995529,1325.3997495242124,2.006736932198066,0.9964708476008525,0.627916680091085,0.9390780885132508
Lower John Day (17070204),1998,1446.8679015673454,2942.9680628568017,1344.2169145097173,981.4491696456807,1481.3210884036098,2.0340267827275587,0.9290529654114038,0.6783267280879675,1.023812254594177
Lower John Day (17070204),1999,1239.771005722704,2571.0414815252902,860.5247226365307,1070.417832458161,1597.6148288970635,2.073803524729588,0.6940997318572569,0.8633996338978572,1.2886370317764935
Lower John Day (17070204),2000,1292.7284380529572,2775.9617145148027,957.7503886918026,1161.614865096131,1743.1766025219963,2.1473664791468634,0.740875160241944,0.898576089844281,1.3484476330910469
Lower John Day (17070204),2001,1277.5660117865755,2619.5861346314027,821.9863056565691,1153.1229001636357,1799.0060372498012,2.050450708975983,0.6434002611787442,0.9025935955756087,1.4081511410389143
Lower John Day (17070204),2002,1199.0681415404824,2680.6405940629616,731.4594484051374,1250.794829024009,1772.2849701031382,2.235603216527006,0.61002325311171,1.043139072494305,1.478051921074498
Lower John Day (17070204),2003,1361.1555377072332,3007.154944420348,1012.7342852393966,1238.5499502881232,1812.4278319240384,2.209266216178116,0.7440253940010951,0.9099253656010319,1.3315361703460726
Lower John Day (17070204),2004,1360.1724971954131,2919.807668967996,1217.4456303748777,1068.5977662130128,1560.6251731126392,2.146645131399472,0.8950670836862024,0.7856340048165888,1.1473729812435896
Lower John Day (17070204),2005,1315.4488377801244,2634.1165392637618,905.5476834268804,1014.7060384148213,1497.7299489091201,2.0024469698942795,0.6883944532233047,0.7713762856236815,1.1385695177902948
Lower John Day (17070204),2006,1251.0407306998159,2694.8697695894975,1270.0449019086525,848.1205166452478,1239.42811357387,2.1541023433202073,1.0151906894335934,0.6779319776190023,0.9907176346533099
Lower John Day (17070204),2007,1230.8733915355094,2571.297090720731,976.1142596138635,994.5062671573239,1455.8572555680787,2.0890020926628763,0.7930257216756997,0.8079679632335552,1.1827839204094768
Lower John Day (17070204),2008,1310.4429345530523,2672.9269936728483,899.8907965202253,1176.3233476808166,1604.7452898951524,2.039712621736171,0.6867073512263604,0.8976532412546607,1.2245823511898872
Lower John Day (17070204),2009,1113.7495671155934,2356.265000220786,864.2099175450725,906.1136718135014,1341.694393815324,2.115614739427535,0.7759463555018182,0.8135703919150955,1.2046643459445427
Lower John Day (17070204),2010,1642.9500452806203,3310.241749113965,1545.418488631265,1179.4349578471797,1654.899033315529,2.0148158239032563,0.9406363224922663,0.7178763354583486,1.0072728857881177
Lower John Day (17070204),2011,1843.2273717366368,3686.509007330811,1624.717403223446,1444.9261842687956,2191.4363459090423,2.0000294395896945,0.8814525153739894,0.7839109848436262,1.1889126537028
Lower John Day (17070204),2012,1559.975281378198,3160.285815624763,1359.9353644364298,1291.1219257764544,1798.2741527610665,2.025856341026591,0.8717672521291248,0.8276553745363078,1.1527581072774036
Lower John Day (17070204),2013,1582.7625386188222,3184.9748278184775,1430.5195995323952,1254.3365285249704,1733.472982277151,2.0122884830202046,0.9038118887882702,0.7924982414731343,1.0952198703096956
Lower John Day (17070204),2014,1602.2007405396007,3601.2276748152926,1284.5708348266508,1567.3345358478161,2225.844359399629,2.24767570236077,0.8017539889502384,0.9782385541277168,1.3892418740550532
Lower John Day (17070204),2015,1716.5172229488069,3672.8318619160227,1065.3959237406252,1726.9869040645879,2464.383645003612,2.139699976680957,0.6206730171401253,1.006099374346967,1.435688271609675
Lower John Day (17070204),2016,1781.5083912355326,3806.6476791636237,1252.8479195749758,1655.3221656062144,2366.235359730512,2.1367554022709894,0.7032512031594115,0.9291688850582376,1.3282201595971448
Lower John Day (17070204),2017,2246.944699934438,4894.728035191124,2048.999162642247,1896.5073128236181,2905.4443297766356,2.178392746084914,0.9119045798955502,0.8440382679996329,1.2930644576439336
Lower John Day (17070204),2018,1989.6855556888322,4298.772666975131,1406.2694887182918,1963.5102894994277,2974.2426078322787,2.160528659759451,0.7067797646203644,0.9868445211784519,1.4948304767697784
Lower John Day (17070204),2019,1886.5746776973942,3924.617664744811,1739.7981497318544,1420.2709711806037,2242.7492584057995,2.080287470801258,0.9221994603761544,0.7528305070404505,1.1887943185705876
Lower John Day (17070204),2020,2439.197993687,5434.771694126598,1361.827310043937,3044.7088275759165,5276.806435714392,2.2280978043572435,0.5583094580958761,1.2482417726876076,2.163336657939018
Lower John Day (17070204),2021,1448.776329797999,3405.4206782871884,771.5906610906294,1586.5717685459433,2339.035134623858,2.350549638509073,0.5325809410471327,1.0951116027462686,1.6144901642270664
Lower John Day (17070204),2022,2196.6641101359996,4730.64536881156,2042.2853378378068,1873.3034265083206,3096.0197089245225,2.1535588199320452,0.9297212661754487,0.8527946616255049,1.4094188067436684
Lower John Day (17070204),2023,1559.6609983765668,3418.6314158360865,1146.346810818311,1382.3004472355099,2091.2057312074026,2.1919067152377987,0.734997420600714,0.8862826272339506,1.3408078636217193
Lower John Day (17070204),2024,2006.8838904058262,4176.698792233947,1432.181606024288,1841.0611193162376,3013.2757768872657,2.0811860677148326,0.713634512126497,0.9173730120201142,1.5014699112851666
Lower Malheur (17050117),1985,4448.917343986999,9526.395489959386,3242.1753511059947,3663.900181126294,5845.42730417939,2.141283991898597,0.7287560321811789,0.8235487193481562,1.3138988325058152
Lower Malheur (17050117),1986,5164.279960201676,12035.316679446049,4075.279475209555,4632.222823862059,7360.653913974059,2.330492686724142,0.789128301837921,0.8969736070778707,1.4253011011600174
Lower Malheur (17050117),1987,4579.20085353584,11509.282608707901,2457.359201201933,5267.6080558294225,8296.874964281298,2.513382351381461,0.5366349456596728,1.1503334805159349,1.811860896617987
Lower Malheur (17050117),1988,3849.8637770870773,9076.73392207739,2082.18789269943,4068.069624938672,6430.97853199044,2.357676647183896,0.5408471606428827,1.0566788490414318,1.6704431388625163
Lower Malheur (17050117),1989,3958.0962460358155,9774.644958972456,3679.6287927245567,3597.5924124674193,5717.787857168879,2.4695319040718466,0.9296461136865596,0.9089198919987217,1.4445802986462144
Lower Malheur (17050117),1990,4205.246945000932,9818.851481694552,2579.2685606110103,4102.964822994555,6490.3512935461185,2.334904848659815,0.6133453265276526,0.9756774992422343,1.5433936171719114
Lower Malheur (17050117),1991,4855.581579748316,10500.073335342631,3335.6311330390713,4107.218076247203,6429.783757823424,2.1624749091100415,0.6869684049695177,0.8458756193856589,1.324204660599422
Lower Malheur (17050117),1992,3457.5303132838735,8349.88172015115,2273.263229662407,3499.428064839995,5564.4141687293695,2.414984385840611,0.6574817929805278,1.012117826240062,1.6093609208141495
Lower Malheur (17050117),1993,5266.650668031413,11219.77502118473,5376.216224661454,3404.6588715621397,5283.01444758244,2.1303435007164615,1.0208036498974775,0.6464561798693864,1.0031070561885478
Lower Malheur (17050117),1994,4812.412000822084,11262.743909133773,2828.9881128860584,4836.059125064007,7681.373321231268,2.3403532173076216,0.5878524349957556,1.004913778005267,1.5961587079242365
Lower Malheur (17050117),1995,4473.864557928036,10511.968602462386,4788.629138896187,3316.9053841557147,5239.600078910303,2.3496394373035634,1.0703563053580518,0.7413960215397893,1.1711575107085714
Lower Malheur (17050117),1996,5050.8635125604505,11136.566243005951,4659.282386861922,3778.990932967201,5933.634757174496,2.204883623426295,0.9224724396680394,0.7481871017836126,1.1747763016004642
Lower Malheur (17050117),1997,5177.9167466708595,12377.499340506454,4011.442179785579,4894.353957022577,7569.274148885955,2.3904400062949187,0.774721258769704,0.9452361241940401,1.4618377465710737
Lower Malheur (17050117),1998,5160.296674469861,12413.049918219443,6069.059082655087,3735.443103468585,5768.558470777689,2.405491525251247,1.1761066205129742,0.7238814624650128,1.1178734159446981
Lower Malheur (17050117),1999,5373.536053782225,12953.793729202605,3607.272328668255,5449.8684196246095,8483.01240782393,2.4106647093369604,0.6713032708004694,1.014205239357919,1.5786648350210777
Lower Malheur (17050117),2000,5368.18987212983,14365.465018991415,4102.343720681548,5998.326148273271,9344.714771212248,2.676035192714209,0.7641949741717952,1.117383380832883,1.740757125549423
Lower Malheur (17050117),2001,5107.569138110573,12477.894969285093,2995.6212601380644,5422.679417254775,8452.068066415977,2.4430202767457794,0.5865062575043724,1.0616947652833477,1.6548122674150672
Lower Malheur (17050117),2002,5287.917670883223,13138.910752608173,2562.226032204773,6178.431210798561,9646.234965850048,2.484704106676008,0.4845434803785085,1.168405333694728,1.8242029407842255
Lower Malheur (17050117),2003,4798.429760031642,12511.365929254804,3265.59871300727,5366.316193437853,8417.173598697636,2.607387531952182,0.6805556976592558,1.1183483893286095,1.7541516745349068
Lower Malheur (17050117),2004,5209.356565824969,12389.30747220213,4261.651424749858,4768.411425085171,7438.554943854742,2.378279796295749,0.8180763537492601,0.9153551623567989,1.4279220187487303
Lower Malheur (17050117),2005,4722.304927736461,11672.744045294332,3864.1839957574994,4544.1254348271505,7084.46330476983,2.4718319176583585,0.8182834558313277,0.9622685329228163,1.5002130131748228
Lower Malheur (17050117),2006,4831.224494347845,11882.574300697479,4451.0566330843585,4437.715091834688,6880.04268163516,2.4595367726337622,0.9213102471830374,0.9185487234191803,1.4240784483694084
Lower Malheur (17050117),2007,5104.30915347843,13082.185070846284,3119.7354273619644,5714.719678626822,9008.364794698164,2.5629687931286798,0.6111964094565002,1.119587295125417,1.7648548557367925
Lower Malheur (17050117),2008,5156.458027556231,12283.928917701893,3108.623683269913,5320.853789094082,8357.609635163362,2.3822416185793216,0.6028602708792268,1.0318815281069516,1.6208043564982209
Lower Malheur (17050117),2009,5381.852769700922,12753.013168998243,4798.533117327723,4648.346590474407,7269.94294885991,2.369632488052427,0.8916135990086523,0.8637074980281787,1.350825312388453
Lower Malheur (17050117),2010,5678.3336269064175,13239.646789749779,4574.711122389661,5080.355542840343,7936.747444441424,2.331607767288376,0.8056432437700891,0.8946912732931729,1.3977247491823408
Lower Malheur (17050117),2011,5523.670435764166,12668.27585601948,5492.8253803741745,4141.4332662564975,6538.76181811469,2.293452515558507,0.9944158407441765,0.749761108020116,1.1837711706654512
Lower Malheur (17050117),2012,4994.430157126704,12149.769446070371,2924.8512064111255,5322.046896543331,8299.659819395143,2.432663800240253,0.5856226064624342,1.0655964202340762,1.6617831380727401
Lower Malheur (17050117),2013,5482.087256082715,13340.889839750958,3722.9963580351196,5565.214237603371,8708.959831377611,2.4335420464073088,0.6791202299642759,1.0151633816897792,1.5886211628088338
Lower Malheur (17050117),2014,5146.7889993773215,13551.443190457578,3552.278754320939,5851.693559986589,9211.600963022478,2.6329898490295762,0.6901931971080818,1.136960065915768,1.7897762982195178
Lower Malheur (17050117),2015,5237.922736616083,13756.6386120839,4237.660972566212,5584.955533963105,8725.031944537826,2.626353862747365,0.809034647063908,1.0662538977371818,1.6657427730930146
Lower Malheur (17050117),2016,5485.651449342295,14665.506268207848,3955.3454948217495,6174.568476151267,9618.976157334468,2.6734302030739077,0.7210347816203266,1.1255852715344448,1.7534792806582233
Lower Malheur (17050117),2017,5403.506472511732,13499.64927067189,4461.039809078287,5211.046800228245,8162.546364634461,2.4983127788124584,0.825582393908866,0.9643824480894857,1.510601755759577
Lower Malheur (17050117),2018,5602.263072862711,14317.104437540265,3290.549300091246,6379.327780831709,9944.458237164588,2.555593025770627,0.587360724995337,1.1387055013059078,1.7750787686739335
Lower Malheur (17050117),2019,5888.735006288512,14034.756755525652,6014.281039682737,4725.361851003698,7335.884702794306,2.3833228597547857,1.0213196948512977,0.8024409055523026,1.2457488229578
Lower Malheur (17050117),2020,5863.671728218998,14733.322235873622,4491.62572030731,6043.788171124923,9373.743284482945,2.512644451934325,0.7660090688043297,1.0307173476371658,1.5986132442189218
Lower Malheur (17050117),2021,5616.092095915998,14541.62897897856,3624.02608315369,6439.109182890366,9897.25255054667,2.589278938205658,0.6452932076717668,1.1465462234091324,1.7623023948884164
Lower Malheur (17050117),2022,5327.135104438998,12956.540611883953,3341.0726563435983,5583.905211042905,8649.595741308305,2.432177963928026,0.6271800115524662,1.0482004119606325,1.6236861975024373
Lower Malheur (17050117),2023,5642.085891870998,14943.788108426801,5457.515653654037,5573.268583056225,8658.5227789159,2.6486282546597715,0.9672868790454101,0.9878028604786177,1.5346315077179031
Lower Malheur (17050117),2024,5666.6996768907065,15297.04065649869,4519.1673267438255,6381.445988182218,9872.879141003079,2.699462037644478,0.7974954708069995,1.1261309672376514,1.7422626403275856
Lower Owyhee (17050110),1985,2359.5584898329994,4821.038785186913,1741.4895825153378,1550.2557189226484,2085.4310773106904,2.043195286728462,0.7380573908293301,0.6570109304780869,0.8838225821892168
Lower Owyhee (17050110),1986,3127.2972478783613,7258.257408193105,2320.7051156420857,3262.041848746444,5385.805526126589,2.320936205574092,0.7420801195717841,1.0430865984867594,1.7221917519290684
Lower Owyhee (17050110),1987,2289.2689804560905,5115.527812946951,1403.1279222367614,1856.1999453550936,2497.7130168564167,2.234568264637817,0.6129152730480874,0.8108264957948643,1.0910526627407489
Lower Owyhee (17050110),1988,2252.620436851553,4845.042726096046,1264.181102072842,1790.430812011602,2391.317832714512,2.15084736284639,0.561204666969889,0.7948213479382504,1.0615715784132784
Lower Owyhee (17050110),1989,3007.421235460411,7220.216871647814,2371.7179943949654,3105.880422634573,5001.6817550666665,2.4007999898765293,0.7886218154045438,1.0327387417543086,1.6631131336348866
Lower Owyhee (17050110),1990,1776.6078622714865,3654.5339800702545,1035.869524336299,1309.332227866978,1728.193431274212,2.057029048266026,0.5830603062917247,0.7369843709871507,0.9727489492614457
Lower Owyhee (17050110),1991,2414.9060798676596,4856.321686325916,1742.492819542456,1576.8330453050978,2131.33697075653,2.010977456560981,0.7215571794154193,0.6529583317755822,0.8825755123666467
Lower Owyhee (17050110),1992,1320.5989532975311,3052.858994731942,833.602552501682,1129.9098299001103,1522.2503158060488,2.3117230156126984,0.6312306627384334,0.8556040628979216,1.152696897120049
Lower Owyhee (17050110),1993,3201.9535689033037,6504.745939184069,3603.4149759845213,1800.2483741677338,2839.9817059389857,2.03149289932146,1.1253801463519415,0.5622343783030976,0.8869528070363942
Lower Owyhee (17050110),1994,2413.5638356868253,5456.998675838483,1382.5981074503372,2054.385888279557,2750.2076728706634,2.2609713466665324,0.5728450546893833,0.8511835725674696,1.1394799806850933
Lower Owyhee (17050110),1995,2402.144493608295,5462.578697343125,2502.2870678509926,1485.8610725666006,1992.5453596248997,2.2740425115467175,1.0416888220126477,0.6185560762561239,0.8294860550340456
Lower Owyhee (17050110),1996,2354.8131032246956,5039.49053955464,2166.058657007675,1436.7159412734813,1899.5832459538533,2.1400808975682746,0.9198431306677632,0.610118883450255,0.8066811091515298
Lower Owyhee (17050110),1997,2385.7625644631166,5578.135218240818,2046.8989602644808,1787.052414202814,2378.381853290479,2.338093195580048,0.8579642378306441,0.7490487279923288,0.9969063513349666
Lower Owyhee (17050110),1998,2408.2746779799854,5395.351237587818,2796.0585678746706,1315.9353278395415,1744.1657389802053,2.240338814720809,1.1610214538401205,0.5464224408751093,0.7242387070411661
Lower Owyhee (17050110),1999,2448.819896876449,5770.810833721639,1665.0759927162253,2082.5845324216443,2798.549459537798,2.356568092689258,0.6799503690900605,0.8504441404931615,1.1428155509139077
Lower Owyhee (17050110),2000,2452.939612304564,6211.759817257252,1837.1666832890444,2216.421100204052,2961.054910167468,2.5323737225724994,0.7489653125064119,0.9035775235093129,1.2071454573582119
Lower Owyhee (17050110),2001,2441.711083549288,5856.181539346997,1541.2501639146715,2187.856748225948,2927.956301476462,2.3983924956569433,0.6312172534656719,0.8960342453971518,1.1991411765311581
Lower Owyhee (17050110),2002,2431.3798174890508,5757.437568611686,1133.135457979009,2333.5378494634397,3093.2182437085185,2.367971275897791,0.4660462548172451,0.959758665708324,1.2722069260667654
Lower Owyhee (17050110),2003,2169.58308949589,4911.310509820665,1512.0010547811735,1719.457723347148,2271.0291960808418,2.263711647458418,0.6969085729426902,0.7925290954155942,1.0467583413035004
Lower Owyhee (17050110),2004,2383.0925396124258,5679.235364185179,1951.3174054840943,1873.6344401326678,2462.9028185534626,2.3831367308584754,0.818817302747902,0.7862197581456012,1.03349021391927
Lower Owyhee (17050110),2005,2304.111099356843,5384.064116742982,1958.5363755343756,1726.1444556708148,2273.355892457459,2.3367207068469313,0.8500182027164708,0.7491585176394667,0.9866520295362629
Lower Owyhee (17050110),2006,3308.9127510650915,7429.474787035755,2962.211110440965,3015.424692534543,5052.170703602427,2.2452918363121888,0.8952218850398735,0.9113037784281017,1.5268370862834646
Lower Owyhee (17050110),2007,2439.6173870295884,5516.487188417425,1445.6892191699085,2064.3089622028465,2770.7339019479773,2.2612099822481384,0.5925885045974936,0.8461609485068856,1.1357247725314614
Lower Owyhee (17050110),2008,2415.044157125373,5438.3036205397475,1541.9494228033627,1967.9209992554331,2619.5269554699585,2.2518443832567265,0.638476699589106,0.8148592204615626,1.0846704180299465
Lower Owyhee (17050110),2009,2412.435294566021,5301.627076298253,1938.4216202524317,1688.7013809909256,2241.8061109125824,2.1976245697615595,0.803512377977018,0.6999986216395951,0.9292709802257583
Lower Owyhee (17050110),2010,2424.014725584733,5131.8406254221245,1833.1362934890083,1663.6825471677564,2227.107985220176,2.1170831064915236,0.7562397514094351,0.686333515059994,0.9187683398593802
Lower Owyhee (17050110),2011,3313.369237100424,7624.381929059851,3617.442730768743,2542.737704419215,4076.0201025105735,2.3010963715387347,1.0917716897542085,0.7674175506755173,1.2301738233308268
Lower Owyhee (17050110),2012,2375.1789614920963,5111.0895134482935,1493.7339672225366,1818.6375748851394,2403.9428321025252,2.151875541301312,0.6288932292849914,0.7656844407811125,1.0121101908853047
Lower Owyhee (17050110),2013,2426.6257331752367,5297.546225543751,1679.0582264620139,1816.4572908431394,2424.6821113375663,2.1830915880925397,0.6919312704497567,0.7485527191151589,0.9991990434243326
Lower Owyhee (17050110),2014,2392.0857223289386,5424.548192214996,1645.6885844419344,1903.4712139209182,2541.0424589158374,2.2677064377666394,0.6879722449242702,0.7957370407560878,1.0622706515893061
Lower Owyhee (17050110),2015,2297.3187034839184,5498.574979317452,2043.1070900432198,1737.2684888397234,2275.955516899234,2.393475041568582,0.8893442111209112,0.7562157075573056,0.990700817195156
Lower Owyhee (17050110),2016,2303.60424618598,5746.026828041619,1970.8239693611347,1897.5949605678375,2471.1418851105245,2.494363707461979,0.8555393022148569,0.8237504179416398,1.0727284815531715
Lower Owyhee (17050110),2017,3051.976527782645,7264.699541401853,3021.1883314310385,2674.0577678289933,4230.126845145032,2.380326151027079,0.9899120468092278,0.8761724552881076,1.3860286298526516
Lower Owyhee (17050110),2018,2440.4722858802056,5983.097101654955,1562.1780884996217,2220.0746188207677,2942.4129205819763,2.4516144421189483,0.6401130213761844,0.9096905675452295,1.2056735647463972
Lower Owyhee (17050110),2019,2432.682981162903,5666.599694840465,2665.68246819056,1506.7666827236603,1984.8462765423649,2.3293621646218954,1.0957788124600911,0.6193847264074565,0.81590831683031
Lower Owyhee (17050110),2020,2439.281283247,5747.375760155373,1999.3729560341883,1881.7016898329482,2476.89048992652,2.3561758947721154,0.8196565807174002,0.7714164425220199,1.0154181508044275
Lower Owyhee (17050110),2021,2423.986650008,6248.735884610953,1782.0829013406185,2239.6005011421685,2947.723786104457,2.5778755359854517,0.7351867640585962,0.9239326879687134,1.2160643649150165
Lower Owyhee (17050110),2022,2265.224202078,5756.068963938496,1655.1965444867806,2057.3412677435663,2662.892836313308,2.5410592729223778,0.7306987727609429,0.9082285390807089,1.1755537636718287
Lower Owyhee (17050110),2023,2439.2812832533314,6357.054733260549,2529.47962867826,1928.920676303988,2562.5860026961614,2.606117948308931,1.0369774269348013,0.790774188096642,1.050549610776489
Lower Owyhee (17050110),2024,2399.6922386395418,6500.4029937212235,1828.3127494597065,2352.100506086209,3114.3022423055418,2.708848613606593,0.761894679667853,0.9801675682460372,1.29779235526933
Lower Rogue (17100310),1985,54.056008544,141.48952687863016,52.15813737950857,45.629651389853116,60.023059157033316,2.61746160491043,0.9648906529429263,0.8441180290385651,1.110386444980974
Lower Rogue (17100310),1986,51.06955479674333,144.981193440516,65.05492304157697,42.262028111577166,53.215303268072745,2.838896755954515,1.2738494255627517,0.8275386045517708,1.042016196927298
Lower Rogue (17100310),1987,51.06955479674333,133.00513482159872,41.07270645898327,48.88864182221103,61.92845130378402,2.6043918994586646,0.8042503331476554,0.9572952420828352,1.2126295510164335
Lower Rogue (17100310),1988,55.10162479299903,146.49197275684602,56.66834305159215,49.556910215716634,63.24184365079578,2.6585780965112056,1.0284332497358986,0.8993729386726381,1.147731013166621
Lower Rogue (17100310),1989,57.70781767490354,141.85706305304865,73.4993269746771,37.48911209014033,47.807312860759836,2.4581948992110414,1.2736459276407728,0.649636628113974,0.8284373727331347
Lower Rogue (17100310),1990,53.03870528914817,146.83950405469128,64.88559689665524,46.54843107523132,58.153091871716015,2.76853485118414,1.2233631372206775,0.8776313603709937,1.0964274402002467
Lower Rogue (17100310),1991,60.59058203774125,169.63733146241918,78.53371672170951,51.581549671473084,66.19324710840348,2.799731010287273,1.296137354693039,0.8513129918333425,1.0924675895533136
Lower Rogue (17100310),1992,44.38049182531073,139.00457394370846,55.84719526872399,43.14353103318099,51.248026061213324,3.1321098128171823,1.2583726085900127,0.9721282766085912,1.1547421840869723
Lower Rogue (17100310),1993,55.59679411277556,148.43636475177863,93.07841958025611,30.260878403992514,38.47382375772842,2.669872734940116,1.6741688269192425,0.5442917867280207,0.6920151489254223
Lower Rogue (17100310),1994,46.06315046145805,105.9643812026753,48.664755279067776,30.978807638929833,37.17632104254524,2.3004154110418,1.056479089935165,0.6725290677816407,0.807072913383365
Lower Rogue (17100310),1995,49.232406680553275,143.03021230276036,68.29168721342788,40.71390977863,48.94801847963177,2.905204558266234,1.3871287596509676,0.8269737866524394,0.9942235567973191
Lower Rogue (17100310),1996,50.73226284721342,145.11237382329375,82.35218413796326,32.61227869223319,40.44271381053483,2.8603568159440846,1.623270469641325,0.6428311465319251,0.7971793793691628
Lower Rogue (17100310),1997,54.53856145580831,144.29906946883523,88.58178547129312,28.911907981711312,36.93507781567172,2.6458173009524346,1.6242046564258843,0.5301186391785957,0.6772286769169663
Lower Rogue (17100310),1998,42.51091571351407,124.60539184823173,60.707978955937655,31.94870644614704,37.58671346605534,2.9311387382939884,1.4280562518355444,0.7515412432292221,0.8841661685049672
Lower Rogue (17100310),1999,43.71102144020446,113.83227811318919,54.7933044335824,29.519486839803392,35.46607088674518,2.604200825389285,1.2535352098449177,0.6753328077721835,0.8113759349060703
Lower Rogue (17100310),2000,49.38689616059601,117.7510894099563,66.11402165541553,26.198083864903836,33.034445334284214,2.384257739685726,1.3386956216164376,0.5304662957500521,0.668890898242785
Lower Rogue (17100310),2001,55.599595853982564,117.45813526681013,54.53137044689061,35.803828267661416,46.26865794883217,2.1125717455803534,0.9807871731676367,0.643958426634801,0.8321761559264639
Lower Rogue (17100310),2002,47.517320048799355,124.34795764733931,52.17319328917608,36.087382179081615,44.96040435812896,2.616897533775819,1.0979826563365787,0.7594574387196201,0.9461898169331837
Lower Rogue (17100310),2003,55.58697944366297,136.56363787512734,73.01406686267359,34.84144148100617,43.626035562756535,2.4567558669658185,1.3135102427479957,0.6267914146390656,0.784824719734434
Lower Rogue (17100310),2004,6.171044040168081,13.778263786817423,6.779702506679637,3.4992806400688927,5.840807047650035,2.2327281570400435,1.0986313600340112,0.5670483985030161,0.9464860418482687
Lower Rogue (17100310),2005,47.517320048799355,118.80412128922245,84.0018027334519,17.401159277885274,21.96270212306998,2.500227731008671,1.7678144021418651,0.3662066644334029,0.46220414157437156
Lower Rogue (17100310),2006,3.8062986085948967,8.25742776572426,5.125592869356248,1.5659174481840064,3.1318348963680127,2.1694114453023716,1.3466081872247988,0.41140162903878635,0.8228032580775727
Lower Rogue (17100310),2007,53.434300228316516,111.7588989059702,50.338933175171455,31.863004707658533,39.931046799903314,2.0915198370417816,0.942071533829038,0.5963024606201042,0.7472924063622826
Lower Rogue (17100310),2008,2.3647454315731835,5.801374538919292,2.7093446493237607,1.5460149447977658,2.0613532597303545,2.4532765605386277,1.1457236001599238,0.6537764801893519,0.8717019735858026
Lower Rogue (17100310),2011,57.92725092208721,124.68751640077059,82.43033705057348,24.578399062933556,37.06604524807311,2.152484615029922,1.4229975657129526,0.4242976953280896,0.6398723339715766
Lower Rogue (17100310),2012,10.076082239950686,24.550001813953273,12.62214468990948,9.47915621572184,18.95831243144368,2.4364630249458368,1.2526837702717335,0.9407581230468631,1.8815162460937263
Lower Rogue (17100310),2013,44.87566114508726,117.46299422584292,63.42751813480364,27.01773804551964,31.993400517606375,2.61752119586771,1.413405764201144,0.6020577158332829,0.7129343546420115
Lower Rogue (17100310),2014,7.371149766858466,17.35042116376681,9.813447036120575,3.7684870638231183,6.553534957958818,2.3538283324232934,1.3313319287369465,0.5112482018431735,0.8890790670709559
Lower Rogue (17100310),2015,2.3647454315731835,6.755027689505868,2.5522528547163996,2.101387417394734,2.8018498898596444,2.8565559739815125,1.0792928577595238,0.8886315581109944,1.1848420774813255
Lower Rogue (17100310),2016,57.28225449012989,136.98886847770427,58.77738597669288,43.11435057843019,54.86343118214661,2.3914713151052456,1.0261011285235049,0.7526650436892124,0.9577736014492926
Lower Rogue (17100310),2017,61.951366875885256,136.15596761732974,95.20813430875948,22.304138307821333,29.74807647123969,2.1977879501853064,1.536820559577024,0.36002657298112467,0.4801843441297695
Lower Rogue (17100310),2018,68.21153401874079,153.72719623984852,87.71157617890452,38.85224208998255,49.620979225537326,2.2536833169242714,1.2858760243510459,0.5695846406167626,0.7274573125991303
Lower Rogue (17100310),2019,30.852283600439026,67.87970967439395,41.136198987885074,21.358587749924023,30.683242304588113,2.20015187703733,1.3333275267604408,0.6922854731446878,0.9945209470378229
Lower Rogue (17100310),2020,48.681959751,108.55001530082455,38.184660672084036,35.18267731437025,43.60112966611341,2.229779077424975,0.7843698336589596,0.7227046218830077,0.8956321785138852
Lower Rogue (17100310),2021,9.951851918,25.467940152131078,8.533947191918784,15.086621014248479,20.11549468566464,2.559115666307996,0.857523530518311,1.5159611636665513,2.021281551555402
Lower Rogue (17100310),2022,101.973624914,228.90415975684803,113.92000221628375,66.99175328540223,86.19519103250319,2.2447388719376757,1.1171516390866638,0.656951769066757,0.8452694616396775
Lower Rogue (17100310),2023,109.88637077869022,280.5639109611175,142.19132693770084,83.87293648036919,113.03184490520884,2.553218465337887,1.2939851041588442,0.763269692920228,1.02862478853591
Lower Rogue (17100310),2024,125.72576233376387,340.85060009192955,161.98419797231458,106.2928264721275,147.96579031174446,2.7110640950983007,1.2883930466239333,0.8454339389086558,1.176893164655785
Lower Willamette (17090012),1985,1585.5250524890002,3212.315198255453,1960.3909601423488,1129.2383104173746,1682.793048889595,2.0260261376587354,1.2364301384357654,0.7122172611808724,1.061347498891866
Lower Willamette (17090012),1986,1334.6697701927055,2559.26247706597,2055.019547653512,483.6954962879987,737.425791963753,1.9175248696135916,1.5397213554606837,0.3624083702878508,0.5525155423706646
Lower Willamette (17090012),1987,1116.9464953412958,2285.8058747438754,1442.7832290758708,753.3323035451299,1154.1907074196965,2.0464775029760234,1.291720986720149,0.6744569293938656,1.0333446698062474
Lower Willamette (17090012),1988,1165.8858271393058,1848.6829771012574,1624.9990005769441,219.9038056659875,377.25912921443046,1.585646668025211,1.3937891367666324,0.18861521475525433,0.32358153811689977
Lower Willamette (17090012),1989,1214.653266038753,2038.1755671646665,1722.632005885983,302.75233395201013,508.72457593635,1.6779896157621985,1.418208845314234,0.24925000608556463,0.41882287740880236
Lower Willamette (17090012),1990,1341.398946447259,2636.5285944217767,2175.9867400740277,429.58016659007234,657.2589873014921,1.9655066834551442,1.6221771649942047,0.3202478783271972,0.4899802471459106
Lower Willamette (17090012),1991,1350.2653174456173,2704.4669162818113,2293.654271077165,372.7185239914456,555.3848361793067,2.002915191066318,1.6986693218309248,0.2760335462785498,0.41131533855136226
Lower Willamette (17090012),1992,1284.7079365913446,2666.4624012850595,1752.7562969246294,804.3758618940473,1236.9913286507892,2.0755397591454594,1.3643227748519524,0.6261157411607965,0.9628580110844807
Lower Willamette (17090012),1993,1467.4181612806753,2668.717922877337,2453.670005251877,192.82946122212044,291.17036723669156,1.8186485579190588,1.6721000666302641,0.13140730182447133,0.19842358157989223
Lower Willamette (17090012),1994,798.7819312887847,1217.184276970615,1041.0660293220476,116.98528316965096,165.4377111427476,1.5238004632963646,1.3033169486474896,0.14645459365975208,0.20711248547626032
Lower Willamette (17090012),1995,1257.988758938009,2636.881618999,2342.351600534669,249.69625495285166,362.4105608600098,2.0961090472899366,1.8619813443421203,0.19848846277739765,0.2880872808163691
Lower Willamette (17090012),1996,1215.278836370059,2468.1223836718577,2232.7532429196385,198.17634631705775,300.6795335706368,2.0309103637844483,1.83723535381287,0.16307068006630865,0.24741608639276777
Lower Willamette (17090012),1997,1137.076406647398,1925.7828013755104,1882.1712709878127,36.31852969042274,56.567845303124685,1.6936265585296648,1.6552724689251819,0.031940271980056084,0.049748499724756055
Lower Willamette (17090012),1998,982.5649398872694,1843.4285869940686,1618.1896148531548,173.21160887773968,266.41273846457113,1.8761391864903778,1.6469034759563184,0.17628515108386872,0.27114008209486584
Lower Willamette (17090012),1999,1311.032718300006,2361.3601213052575,1949.0139937192994,359.61741432618174,529.7962376566464,1.8011450731505718,1.4866249838879328,0.274300869312012,0.40410603813429175
Lower Willamette (17090012),2000,1580.8122376097235,3325.1167601961733,2578.8639457730415,664.4215334643527,965.8144067097375,2.1034229626308663,1.6313537334910995,0.4203038904031988,0.6109608615948614
Lower Willamette (17090012),2001,1626.9378526177231,3172.5596309417897,2573.348021514732,551.7289881886327,819.4591939825478,1.950018942541155,1.5817125512042431,0.3391211208841859,0.5036819277786475
Lower Willamette (17090012),2002,1653.692092093224,3266.7330195290074,2531.3958899122376,660.1916420187357,978.2792675752065,1.9754179361128923,1.5307540635983974,0.3992228330626368,0.5915728038203969
Lower Willamette (17090012),2003,1633.5458500268164,3200.324458816136,2272.923247367944,842.0895491101058,1224.1435781441091,1.9591274152259635,1.391404622851958,0.5154979574624624,0.7493781568016676
Lower Willamette (17090012),2004,1653.9582398064022,3351.1843550681706,2579.169657855179,719.0297526490497,1073.5980342658338,2.026160198252908,1.5593922481120648,0.4347327129209822,0.6491083078321855
Lower Willamette (17090012),2005,1618.9453678330515,3193.1598190720238,2848.403102437375,315.90114539207497,455.90068121677024,1.9723703359712803,1.7594189149507529,0.19512773665420638,0.2816034995838004
Lower Willamette (17090012),2006,1529.569427609545,3160.1898534952024,2487.3026923604903,602.8568609178426,889.1145240419626,2.0660649961041897,1.626145663912568,0.39413500952356545,0.5812841888658145
Lower Willamette (17090012),2007,1579.5459366345415,3167.354943769087,2172.196264281619,918.1664106121027,1345.104874866426,2.005231294835027,1.375202970614332,0.5812850321836118,0.8515769270581474
Lower Willamette (17090012),2008,1498.3242555304096,2802.219431822201,1925.6684491021902,783.857557535924,1142.910035385108,1.870235645908442,1.2852147604194661,0.523156155713729,0.7627921867823702
Lower Willamette (17090012),2009,1525.8645384202553,3146.062018599014,2242.5086604228427,794.0398793981385,1155.4087646810367,2.0618226188388697,1.4696643142021881,0.5203868753776905,0.7572158180419111
Lower Willamette (17090012),2010,1462.3984950012746,2963.3917709511034,2886.7903319616894,76.60143898941385,120.27807840117386,2.026391425511225,1.9740107377224656,0.05238068778875972,0.08224712950150365
Lower Willamette (17090012),2011,1524.1592641445081,2725.856491082525,2398.2521115867326,298.79260402987717,427.063369183305,1.7884328463617052,1.5734918049609743,0.19603765240214957,0.28019602624861545
Lower Willamette (17090012),2012,1403.6014247907158,2643.0592231661,2273.994674317398,326.75237478225694,483.5602154017569,1.8830553862968569,1.6201142533440094,0.23279569898625416,0.34451391033167283
Lower Willamette (17090012),2013,1581.1065745559026,3132.3847992284773,2660.5422127650477,426.6426569601579,645.7344636989952,1.9811345102453286,1.6827089682505016,0.26983801334201163,0.4084066653636979
Lower Willamette (17090012),2014,1622.451613973121,3575.4473593810703,2883.9899205571146,621.6914355036839,912.8335380223397,2.2037312722228917,1.7775506497199571,0.3831802626034944,0.5626260470023868
Lower Willamette (17090012),2015,1858.6990398508958,3985.8940223182503,2635.2812595389314,1227.440988887185,1898.7544370201363,2.144453694148353,1.4178095555213355,0.6603764044477314,1.0215502328835624
Lower Willamette (17090012),2016,1684.9279110801594,3515.661814007136,2565.976027202707,844.9712976540828,1234.5244023859707,2.0865354481268845,1.5228995913289445,0.5014881005279305,0.7326867780322733
Lower Willamette (17090012),2017,1711.8289486919973,3482.526705453601,2614.820469910368,762.4242223556392,1129.157614790418,2.0343894219773464,1.5275010227560082,0.4453857512680838,0.6596205863051933
Lower Willamette (17090012),2018,1736.2367837266554,3404.2154183438565,2193.6126591218895,1029.6828152741505,1513.0962959516166,1.9606861519412433,1.2634294352487587,0.5930543719181212,0.8714803822459686
Lower Willamette (17090012),2019,1805.9038346156676,3629.0388513243556,2916.504706521449,642.3088002843625,982.384983284413,2.0095415834236197,1.6149833953601076,0.355671652040685,0.5439852136387341
Lower Willamette (17090012),2020,1735.266289484999,3495.6646981185354,3022.283705897651,426.96976872166226,646.9446430727729,2.0144831483794894,1.7416829475749336,0.24605432106237737,0.37282153580288613
Lower Willamette (17090012),2021,1724.6058287739993,3476.4471983580825,2395.3439889782817,979.4344401135736,1503.2534571483588,2.0157923279370134,1.388922586838931,0.5679178533275869,0.8716504560447896
Lower Willamette (17090012),2022,2102.4020119019997,4028.3032829433914,3607.5884822929747,372.1443335397282,560.4420387221751,1.9160480536731739,1.7159365629741117,0.17700912167747448,0.2665722519049317
Lower Willamette (17090012),2023,2221.8884517979113,4327.257240451354,3103.054878685445,1112.12039215525,1701.4372997751707,1.9475582750114286,1.3965844577726259,0.5005293543226,0.765761799787203
Lower Willamette (17090012),2024,2001.6528260112168,4096.332424142577,3631.996819456427,421.3025971583888,633.2172223464281,2.0464749785333765,1.814498884251606,0.21047735735369122,0.31634717775123294
Mckenzie (17090004),1985,1056.536269488,2290.65307594397,1299.6419225486366,863.2586424036771,1590.1834034037097,2.1680780320528195,1.2300968363144278,0.8170648441837347,1.5050911637650797
Mckenzie (17090004),1986,1021.1415622999634,2291.0407721491947,1564.270993807771,649.8084874621699,1180.5782957215733,2.243607406390334,1.5318845609265894,0.6363549496492698,1.1561357791200892
Mckenzie (17090004),1987,789.6159996783733,1745.9335852412103,1193.7698108806128,504.2027416256695,875.8691079311652,2.2111172847971226,1.5118358941141765,0.6385416985357966,1.1092342458713154
Mckenzie (17090004),1988,597.0610497154795,1004.67376453921,913.5136207374234,65.85813876786045,103.89190375688803,1.682698553218255,1.5300171082550849,0.11030386055034767,0.1740054954286436
Mckenzie (17090004),1989,858.8797926223255,1654.939262010175,1411.3934673891438,212.38666255141607,384.3070367794256,1.9268578399747032,1.6432956969215538,0.24728333857169776,0.44745148282748876
Mckenzie (17090004),1990,1053.5812501842645,2452.4194234792653,1720.1302522561364,640.3562922148365,1158.0059886309114,2.3276984314691944,1.632650782229939,0.6077901368336256,1.0991140820210912
Mckenzie (17090004),1991,1212.6112925366442,2732.7539781426212,2138.74823219081,532.789575541786,967.1992583955664,2.2536108602666998,1.763754176919129,0.4393737538327316,0.7976168986289878
Mckenzie (17090004),1992,923.6593349806919,2247.9905389108276,1296.5563913990582,846.5387976996026,1555.179227786539,2.4337874947778437,1.4037170873460194,0.9165054318617356,1.6837151630357834
Mckenzie (17090004),1993,1123.7327378940402,1958.9130135040818,1939.250243365805,11.368073434187355,17.206349065648183,1.7432196708758636,1.72572194256804,0.010116349778588796,0.015311780537687439
Mckenzie (17090004),1994,896.9636264696645,1930.2657913049154,1561.7769535985758,300.63924269451513,539.9383239038655,2.1520000748549832,1.7411820362722317,0.3351743970686896,0.6019623404674663
Mckenzie (17090004),1995,1273.9468204097986,2606.442760048849,2400.693284887299,166.11599909006844,304.24927593022767,2.045958840896057,1.884453296186298,0.13039476721377807,0.238824157379158
Mckenzie (17090004),1996,762.6308370237982,1593.1609896724021,1354.70740303774,213.71899542194512,361.5585972719106,2.089033005654198,1.7763606417025408,0.2802391210090498,0.47409385998986037
Mckenzie (17090004),1997,1229.4550975192449,2969.7845872540242,2571.5153888022915,359.58308256362216,650.8467886168885,2.4155291179371745,2.0915895131030102,0.29247353830910733,0.5293782505193938
Mckenzie (17090004),1998,621.1496416767844,1278.6053153083988,1102.6739432188895,141.7222353728675,242.48945067042612,2.0584497350055977,1.7752146491499814,0.2281611802758034,0.39038813580545484
Mckenzie (17090004),1999,1211.1374926720753,2634.4564981616363,2108.7924787438105,439.418755164945,809.2228867616707,2.1751919283328927,1.7411668712288657,0.3628149221897807,0.6681511320207919
Mckenzie (17090004),2000,1140.6860700230718,2622.669460527254,1844.3966213404167,647.009598885353,1197.7781802750267,2.299203549030986,1.6169186858774487,0.5672109232229569,1.0500506771778146
Mckenzie (17090004),2001,1105.3782818884429,2419.687417733326,1694.8974004993688,608.099957223327,1135.8481271445137,2.189012989833218,1.533318890256993,0.5501283743194602,1.0275650840579351
Mckenzie (17090004),2002,1192.4191047682518,2715.952348609745,1845.6511435963025,736.7596564991051,1367.460798188221,2.2776826853487844,1.5478208427019517,0.6178697184177498,1.1467954452591471
Mckenzie (17090004),2003,1166.4270685456215,2531.8574235013452,1787.8303067129143,625.5116847536643,1178.5615756705274,2.1706092834918795,1.532740755872632,0.5362630048817314,1.0104031425985647
Mckenzie (17090004),2004,1206.935961182626,2763.6786433450716,2102.7784826149514,570.1732410337847,1067.4934783037165,2.2898303905346054,1.7422452808138444,0.4724138308672946,0.8844657153621676
Mckenzie (17090004),2005,1258.435296741475,2830.3274599617575,2265.8723613319257,503.5366262335009,929.965168416559,2.2490846110963796,1.8005473679886874,0.40012913459860167,0.7389852865892756
Mckenzie (17090004),2006,1255.2671941529245,2809.950957221117,2145.1129976227458,559.1533125225815,1063.3595475796556,2.2385281558459904,1.7088895556378372,0.44544565103520256,0.8471180897045816
Mckenzie (17090004),2007,1251.1171311739777,2741.888136214788,1700.99871877152,896.9264775056043,1672.130340593473,2.191551908206992,1.359583908163258,0.7169004845005832,1.3365098270410862
Mckenzie (17090004),2008,1103.8447539209267,2302.0969689066674,1586.6764252602206,606.7095171880709,1097.6250173848314,2.0855260313821056,1.437409037479451,0.5496330122809391,0.9943653883265718
Mckenzie (17090004),2009,1081.5378603394734,2359.3584440012223,1722.262507463252,526.0855536287424,961.6284632008653,2.1814848379516425,1.5924199888135842,0.48642361300566456,0.8891306522538464
Mckenzie (17090004),2010,929.5691152729404,2040.619645427592,1920.4194823512942,92.89639604641154,161.1784449253931,2.1952317605005893,2.065924363017827,0.09993489942825313,0.17339049058021666
Mckenzie (17090004),2011,1285.2144821274414,2823.5416291878237,2292.935402985948,456.2664593941918,856.5692646315654,2.1969419645147155,1.7840877416743746,0.35501191881912564,0.6664796238629905
Mckenzie (17090004),2012,1179.536121810636,2547.317958477421,2139.4807022893133,342.57058008480305,624.5337921212326,2.1595930055683117,1.8138322877345405,0.2904282232229932,0.5294740708428224
Mckenzie (17090004),2013,1281.3783485019176,2771.694117105195,2293.479295582188,401.1751826925906,757.4519005037392,2.1630567742506592,1.7898533233869105,0.3130809749997819,0.5911227557335348
Mckenzie (17090004),2014,1158.7318963120324,2695.1748110177864,2025.2057286713814,577.8169709117122,1057.269410811882,2.325969294187798,1.7477776654954686,0.4986632134238869,0.9124366164225898
Mckenzie (17090004),2015,1164.8659748126722,2813.766874132549,1764.0590241416517,883.546705771366,1599.8174864719372,2.41552842556419,1.514387974483793,0.7584964492704437,1.3733918931997406
Mckenzie (17090004),2016,980.78908745237,2283.717666088174,1562.139018265178,622.5148778457069,1116.3640900081857,2.3284493020004957,1.5927369484940768,0.6347082015999062,1.138230537319676
Mckenzie (17090004),2017,1357.45645645897,3091.7139471540777,2359.3166525878246,617.4562038987099,1141.7495402242246,2.2775787263328153,1.7380422343286681,0.4548626226357139,0.8410947804562118
Mckenzie (17090004),2018,1307.353856029597,2685.485612911494,1848.4845800923881,737.4263730999255,1363.416351011266,2.054138288976522,1.413912975103919,0.5640602731225899,1.0428824183468808
Mckenzie (17090004),2019,1420.0298142033523,3052.6769624749586,2533.60803175545,444.1567283157709,821.3048661961238,2.149727373285845,1.7841935474973276,0.312779861291114,0.5783715651469489
Mckenzie (17090004),2020,1482.958688192,3274.59789682849,2651.8855028484027,553.0053980611368,1004.9353591768729,2.2081518001157727,1.7882396347005054,0.372906812889948,0.6776556671326255
Mckenzie (17090004),2021,1296.806995316,2824.3295223675777,1880.7669168095942,821.5071408185598,1505.1773507642854,2.177910462057122,1.4503059619533418,0.6334845075526283,1.1606795430630066
Mckenzie (17090004),2022,1527.198134704,3425.709140989011,2922.223205054596,439.0371308117835,807.9504138777705,2.243133397784681,1.9134538856812957,0.2874788286045656,0.5290409905027592
Mckenzie (17090004),2023,1593.8420307051153,3340.8287281937173,2158.2909469467545,1007.2927968486374,1854.5645481115962,2.0960852228973628,1.3541435759426717,0.6319903587954769,1.163581153203205
Mckenzie (17090004),2024,1461.3716248134417,3276.527621197656,2777.8859017825707,416.64452603876,781.8093005369491,2.242090626069147,1.9008757626159567,0.28510511560804985,0.5349832221059818
Middle Columbia-Hood (17070105),1985,4808.1234954950005,11802.77626208545,3748.4193053522927,5910.544756061897,7780.9889366481575,2.454757302541029,0.7796012953628159,1.2292830584738135,1.6183005581987653
Middle Columbia-Hood (17070105),1986,5270.197675207836,12796.626490387245,4041.1310170116662,6309.593724679318,8324.901901267927,2.428111292786109,0.7667892678906583,1.1972214542086397,1.5796185293827
Middle Columbia-Hood (17070105),1987,5438.800955212183,12769.81989978108,3462.138392504411,6892.3760510705615,8993.7376173888,2.347910873175702,0.6365628051136031,1.2672602119158947,1.653625071307271
Middle Columbia-Hood (17070105),1988,6359.051137104926,14867.567763897965,5064.295475454452,7278.581242571609,9514.6556341128,2.338016701445602,0.7963916889902641,1.144601778730988,1.4962382640068719
Middle Columbia-Hood (17070105),1989,6422.323761678792,14188.294755734509,5390.331197321941,6591.651619769953,8794.184853100915,2.20921511936136,0.839311656862486,1.0263655126048798,1.36931509208158
Middle Columbia-Hood (17070105),1990,5464.835116565833,11048.78951460239,5102.968135077763,4357.2006982721105,5672.631729776296,2.0217974154626606,0.9337826350165397,0.797316040709793,1.038024315240648
Middle Columbia-Hood (17070105),1991,5171.106244193198,12303.278229432617,4417.914887566264,5623.160761201726,7190.097885519236,2.3792352445375426,0.8543461841510765,1.0874193055917492,1.3904370836691333
Middle Columbia-Hood (17070105),1992,5346.362810391507,13240.810098823777,4126.193354401527,6620.85008921166,8573.78482425089,2.4766014893505086,0.7717757849096237,1.238383986276237,1.6036668532083858
Middle Columbia-Hood (17070105),1993,5222.793850521325,10654.498472286592,4348.36121657928,4581.388742399067,5866.436612558924,2.039999811829274,0.8325737796725863,0.877191187996395,1.1232372520262028
Middle Columbia-Hood (17070105),1994,6314.217643438578,15206.049533616106,4748.154158853074,7901.243037377154,10132.744345225981,2.408223851678201,0.7519782223197706,1.251341572868926,1.6047505672781848
Middle Columbia-Hood (17070105),1995,6030.288860655261,14279.94202267099,6512.480909508118,5748.664055171929,7424.940696338475,2.368036150944734,1.0799616834276264,0.953298289353799,1.2312744659352304
Middle Columbia-Hood (17070105),1996,5344.920155964667,12938.776081921163,4939.296306915727,5801.97200499763,7495.756952595463,2.420761340556627,0.9241104006771207,1.08551144557752,1.4024076569657582
Middle Columbia-Hood (17070105),1997,5457.5239769577565,12647.404946496219,4819.778510535628,5665.822941632108,7280.466337037682,2.317425447857838,0.8831438085998784,1.0381673017935995,1.334023701549747
Middle Columbia-Hood (17070105),1998,6606.908100939298,15615.629856235724,6230.903155241151,7062.207962371517,9005.186340723003,2.363530658768459,0.9430891212722196,1.0689126978120809,1.3629955499824107
Middle Columbia-Hood (17070105),1999,5585.550817474639,13439.104569318073,3947.739529113311,7014.222470157531,8935.205281400435,2.4060482141301534,0.7067771215620554,1.255779904143604,1.5996999353127817
Middle Columbia-Hood (17070105),2000,6136.435910030684,14554.672474846151,3982.693167767051,7961.711715498963,10043.408670405215,2.3718446160343545,0.649023835033769,1.2974488501517083,1.6366843584218247
Middle Columbia-Hood (17070105),2001,5768.657121939561,13867.636056716621,4061.603061685271,7234.6153525837735,9483.12466362917,2.403962614448818,0.70408120570003,1.2541246948217513,1.6439050654549419
Middle Columbia-Hood (17070105),2002,5900.507070282346,14594.86010502659,3622.0472652465296,8172.786306181719,10600.693907017549,2.4734925204196405,0.613853559042208,1.3850989768902424,1.7965733759404332
Middle Columbia-Hood (17070105),2003,6821.143363796104,17419.877325959136,5779.985311534065,9055.622135791582,11329.889783929395,2.55380606987633,0.8473631183610524,1.3275812650200547,1.6609956981792688
Middle Columbia-Hood (17070105),2004,7192.749437114706,17581.306655586566,6403.579176400507,8673.991883443065,10918.305692096465,2.4443096216958056,0.8902825313722084,1.2059354992522224,1.5179599661511671
Middle Columbia-Hood (17070105),2005,7926.912773871005,18630.19824133165,7028.000928650101,9189.807317282648,11670.110915705578,2.350246403964634,0.8866000079900044,1.1593173256017708,1.4722138679478154
Middle Columbia-Hood (17070105),2006,7431.678353597154,17706.714376098087,5776.062129773022,9404.919243447022,11773.34345157758,2.3825996677490098,0.7772217600048899,1.2655175312982647,1.5842105768583126
Middle Columbia-Hood (17070105),2007,7644.584157488836,18081.776348591255,5478.966212796107,10068.789891479024,12807.521695524472,2.365305420946654,0.7167121323962099,1.3171141404225855,1.6753719275858696
Middle Columbia-Hood (17070105),2008,8002.810421376105,17980.913184585097,5214.870822145491,10299.922287898646,13088.334321794735,2.2468248325059323,0.6516299334314082,1.2870381460476412,1.635467246210758
Middle Columbia-Hood (17070105),2009,8215.9529029661,19936.544978327205,6724.600895467938,10644.961534907696,13363.31755321387,2.426565148776567,0.8184809449236548,1.295645393861092,1.6265085390630079
Middle Columbia-Hood (17070105),2010,9006.449400318425,19798.819444320623,8665.56724233532,9086.382428938461,11332.098101837333,2.1982935299254147,0.9621513270289342,1.0088750877362627,1.2582203705532042
Middle Columbia-Hood (17070105),2011,9237.329673836279,20879.649368801358,8405.171553582239,10232.125603192528,12726.125623261465,2.2603555471166814,0.909913562724622,1.1076930200048938,1.377684468630238
Middle Columbia-Hood (17070105),2012,8594.243432994084,20353.259567043748,7573.295446526712,10434.274153713084,12898.710519714858,2.368243316090597,0.8812056006526578,1.2141003725418056,1.5008546849156648
Middle Columbia-Hood (17070105),2013,8761.90955963241,20546.69286233505,8232.437406580348,10076.290056215574,12516.01728135015,2.345001705678077,0.9395711460557149,1.150010735403928,1.4284577118912007
Middle Columbia-Hood (17070105),2014,9101.477901541199,23316.60502413108,7566.400610173387,12958.190645154196,15956.229007532458,2.561848226888818,0.831337579679464,1.4237457680317964,1.7531470361347041
Middle Columbia-Hood (17070105),2015,9002.541724390521,22540.234749798175,5788.777735772371,13848.537542848508,17138.989789754596,2.503763430357682,0.643015929611176,1.5382919587396928,1.9037945409705856
Middle Columbia-Hood (17070105),2016,8768.957159276993,21236.866670897558,6122.134138440731,12437.42544366896,15200.237427436166,2.421823517341548,0.6981598868873371,1.418347155512211,1.7334144928915853
Middle Columbia-Hood (17070105),2017,9051.783677788755,21896.802735225403,8509.05123493124,10956.610789793871,13453.080913223845,2.419059437860377,0.940041381657267,1.2104366586531643,1.486235353396147
Middle Columbia-Hood (17070105),2018,8799.737784395216,21553.1582498354,6100.734466440566,12733.52042874633,15642.733413022917,2.4492955106067056,0.6932859382763817,1.447034075416086,1.777636311023102
Middle Columbia-Hood (17070105),2019,8871.533914034611,20417.216780134437,7135.785995592024,11000.807431109022,13449.114866298596,2.301430280037002,0.8043463582214723,1.2400118781833136,1.5159852846893063
Middle Columbia-Hood (17070105),2020,8121.733561925991,19577.305280191413,5871.960074097514,11280.763822470626,13662.78164093367,2.4104835662140145,0.7229934384482609,1.3889600953365306,1.6822494282481328
Middle Columbia-Hood (17070105),2021,8408.385949157993,20966.289597444727,4823.805369763737,13422.162551479625,16306.21719682158,2.493497530229838,0.5736898138276809,1.596282881475452,1.939280296529974
Middle Columbia-Hood (17070105),2022,9134.967248539,21964.161526074226,8954.525963824608,10609.637311133982,13112.283028939471,2.4044050655558795,0.9802471886537687,1.1614313464375947,1.435394640417193
Middle Columbia-Hood (17070105),2023,8769.177660154039,20424.60915125595,6406.722545301576,11516.271419055056,14197.519480598283,2.329136202139298,0.730595592151458,1.3132669750076384,1.6190251846658208
Middle Columbia-Hood (17070105),2024,9875.853902884613,24515.413697435255,7019.649938204523,14623.252580911978,18805.30180978619,2.482358886483184,0.7107891638771784,1.4807076658597298,1.904169704686842
Middle Columbia-Lake Wallula (17070101),1985,22052.444441252002,60582.01529406439,11947.069042376615,35830.73332471137,42089.54391060809,2.7471791372360403,0.5417571314692011,1.6247964446828065,1.9086112663262877
Middle Columbia-Lake Wallula (17070101),1986,21559.28318421585,58340.17685793048,14188.520859504159,32382.59432751649,38479.83364907622,2.706035092142718,0.6581165402517636,1.502025556732085,1.7848382675936267
Middle Columbia-Lake Wallula (17070101),1987,20434.300766423778,57416.29891862135,9067.087137381113,36372.106900889456,42484.896042696964,2.8098000305918873,0.44371898216745054,1.7799535847418657,2.0790971283199076
Middle Columbia-Lake Wallula (17070101),1988,20908.272806545967,54381.47198361409,12808.038049196559,30663.568464905118,35725.44028959501,2.600954774542081,0.6125823097729343,1.4665758739911294,1.7086748685625568
Middle Columbia-Lake Wallula (17070101),1989,22507.48399281806,54429.53859477011,14550.648869926727,29590.793335756305,34656.98124056352,2.4182862292443748,0.6464804717652898,1.314709069445455,1.5397981067818267
Middle Columbia-Lake Wallula (17070101),1990,22996.650759531163,61666.05534068232,13914.436874735293,35463.33707521103,41612.721884594495,2.6815233220482892,0.6050636251441238,1.5421087812325427,1.809512277232272
Middle Columbia-Lake Wallula (17070101),1991,22850.457199865643,55761.460371066016,11737.434158166601,33030.30312994744,38470.13344877989,2.4402776663652,0.5136629895630979,1.4454985666606992,1.6835607757120101
Middle Columbia-Lake Wallula (17070101),1992,22061.501872806384,57618.49626015825,15622.99800058379,31264.925387519812,36514.20738304307,2.6117213865290103,0.7081565929036376,1.4171712138083319,1.655109774192277
Middle Columbia-Lake Wallula (17070101),1993,22729.066310529757,54806.718740971104,13859.974996481027,30326.009107551523,35245.27655732154,2.411305330020558,0.6097907765819698,1.3342391056997494,1.5506697932854971
Middle Columbia-Lake Wallula (17070101),1994,22767.888957928393,61361.213257372234,12791.761916830068,35826.916201303145,41594.63144012778,2.6950769731334536,0.5618334638080547,1.5735721597863488,1.8268989064813321
Middle Columbia-Lake Wallula (17070101),1995,22896.279658261337,55967.468486540456,17365.292226528727,28409.73955822265,33146.99401421299,2.4443913737027803,0.758432919483627,1.2408015617494421,1.4477021817058842
Middle Columbia-Lake Wallula (17070101),1996,23423.140984784746,60104.29425992208,17494.689352425856,31693.329063350524,37014.95722007439,2.5660219651567973,0.7468976668752535,1.3530776715188602,1.5802729977212984
Middle Columbia-Lake Wallula (17070101),1997,23973.323549173823,61557.91043122372,17964.770757088336,32259.32056243117,37724.938077336454,2.567767055951036,0.7493650482061526,1.3456340542962764,1.5736215297789422
Middle Columbia-Lake Wallula (17070101),1998,22560.83910186222,57603.391317740956,13918.936310091864,32570.152187075593,37833.024751052166,2.5532468476753705,0.6169511801953751,1.44365872386312,1.676933405722899
Middle Columbia-Lake Wallula (17070101),1999,23210.899549575133,61108.24415403968,12076.657379897873,36258.64015737432,42252.105205544576,2.632739158752606,0.5203011349949568,1.5621385151373,1.8203562130498292
Middle Columbia-Lake Wallula (17070101),2000,24282.51511692226,68668.50144638015,15126.616347965311,39920.075256121476,46663.6377588579,2.8278990506434694,0.6229427336966307,1.6439843675131307,1.921697053792358
Middle Columbia-Lake Wallula (17070101),2001,22950.59264458043,61986.178475961446,11492.031301139577,38215.94995305013,44750.26912139878,2.700853064489335,0.5007291741485079,1.665140005091523,1.9498524423492891
Middle Columbia-Lake Wallula (17070101),2002,23110.438610740734,64261.01823381541,10688.029080221902,40409.60271232589,46953.15881942601,2.7806057390857855,0.4624762541397448,1.7485433051688275,2.031686183472269
Middle Columbia-Lake Wallula (17070101),2003,23982.659980028347,70302.6681147537,12817.423975769803,43423.624011389766,50433.664566991254,2.9313957740008205,0.5344454696202824,1.8106258458215625,2.102922053224708
Middle Columbia-Lake Wallula (17070101),2004,24251.64717791433,66907.5969256382,15820.966257658716,38143.91839306617,44417.98411697932,2.758888764742137,0.6523666677810929,1.5728382535518395,1.831545040677906
Middle Columbia-Lake Wallula (17070101),2005,23900.296418652437,65584.62728407866,10627.24164539036,40636.36453687513,47299.96578825697,2.744092631122961,0.44464894741207367,1.7002452114008684,1.9790535213338527
Middle Columbia-Lake Wallula (17070101),2006,23552.74879278568,64590.87512032886,18954.104146715523,34047.55263506737,39695.346894603776,2.742392223030603,0.8047512548735397,1.4455872193353627,1.6853806425669795
Middle Columbia-Lake Wallula (17070101),2007,24088.162548119613,68085.8514021688,15174.01747997206,39163.49886013247,45594.55306752541,2.8265273976857883,0.6299366939948097,1.625840027519645,1.8928198851383393
Middle Columbia-Lake Wallula (17070101),2008,24480.598415097953,66176.21823420045,12215.994441941843,40191.43864985106,46952.17581596537,2.7032108084983535,0.4990071825371661,1.6417670012945327,1.9179341542161195
Middle Columbia-Lake Wallula (17070101),2009,24189.060028511027,63745.213241589445,14998.742512504137,36009.73396916401,42267.008792194785,2.6352910434078294,0.6200630572178292,1.4886785152759245,1.7473605316773675
Middle Columbia-Lake Wallula (17070101),2010,24574.851610941958,62970.08413012629,18255.087439780415,33536.95503515177,39327.1993474091,2.56237901766572,0.7428361207948183,1.3646859629548864,1.6003026170826868
Middle Columbia-Lake Wallula (17070101),2011,24668.06426150981,64482.36875337685,15917.986646888075,36245.37038043352,42614.47793012374,2.614001977203792,0.645287221491688,1.469323656537901,1.727516090373421
Middle Columbia-Lake Wallula (17070101),2012,25133.213801842478,65995.56923569938,17532.60962141678,36100.13446147201,42303.95360214897,2.6258308927790743,0.69758725484329,1.4363517036100477,1.6831891828751218
Middle Columbia-Lake Wallula (17070101),2013,25250.026642834146,67845.96871947245,17821.359336608624,37513.96337999144,43818.35198664016,2.686966223012951,0.7057956646420511,1.4856999523459016,1.7353784455936656
Middle Columbia-Lake Wallula (17070101),2014,25122.99258193071,72580.20326353067,12882.61701387758,44011.701642913,51879.46735602427,2.8889951317237883,0.5127819455371405,1.751849486058746,2.065019411474798
Middle Columbia-Lake Wallula (17070101),2015,24806.36086206806,72263.90214297902,12316.019533473776,44132.8213434307,52256.92249322011,2.9131198463487364,0.4964863488826556,1.7790929346236815,2.106593658932346
Middle Columbia-Lake Wallula (17070101),2016,25444.47136334005,71665.17951878316,16988.459512083522,40720.37745017601,48282.21277208433,2.816532459858337,0.6676680080907555,1.6003624861644885,1.897552206238739
Middle Columbia-Lake Wallula (17070101),2017,25410.76369642795,69019.76604298115,16543.695093717604,38966.091746300735,46549.961132261335,2.7161626020977643,0.6510506843225333,1.5334482745899638,1.8318993355876576
Middle Columbia-Lake Wallula (17070101),2018,25236.264252547306,71621.93423348128,14101.806020264215,42604.34584519539,50640.249642235394,2.8380561210144997,0.558791344041375,1.6882191999116898,2.006646036650367
Middle Columbia-Lake Wallula (17070101),2019,25464.524753859027,65489.8633679383,15603.782104581423,36582.01019202024,43832.03329523219,2.571807799319468,0.6127654945618707,1.4365871951518128,1.7212979122490655
Middle Columbia-Lake Wallula (17070101),2020,25291.054997161,71525.09300972281,9942.340029569506,45217.89672399872,54140.15575214029,2.8280786632962416,0.39311685616458325,1.7879007708090693,2.140683959535009
Middle Columbia-Lake Wallula (17070101),2021,25106.117246475,74991.37470853461,11403.80454855583,46525.57354562499,55802.42421379477,2.9869762007529737,0.4542241413357922,1.8531568656701531,2.2226624557658217
Middle Columbia-Lake Wallula (17070101),2022,25203.592732834986,68814.10779006332,19863.03215614459,35837.390696416805,43340.83075780061,2.7303293034255787,0.7881032028527913,1.4219159576296523,1.7196290710306796
Middle Columbia-Lake Wallula (17070101),2023,25189.907009046583,67831.67332667059,12393.251238146893,40342.008409487484,48488.97013873956,2.6928115813333426,0.49199273477651345,1.6015147810986061,1.9249364486071927
Middle Columbia-Lake Wallula (17070101),2024,25596.825089060305,71580.27953570872,14085.317852932372,42125.669503915706,51402.41027299517,2.7964514851609876,0.5502759738336542,1.6457380693639063,2.008155702675946
Middle Fork John Day (17070203),1985,124.02759709000001,192.70864896235327,102.09678984792748,90.61185911442578,176.65298950400214,1.5537562081648262,0.8231780042778822,0.730578203886944,1.4243038940423458
Middle Fork John Day (17070203),1986,108.97379420847085,157.32742522682318,107.6997734666976,49.62765176012559,99.25530352025118,1.4437179724682254,0.9883089255446497,0.45540904692357576,0.9108180938471515
Middle Fork John Day (17070203),1987,45.62297707352222,89.78724313105937,30.67371298120678,59.11353014985259,118.22706029970519,1.9680268340745424,0.672330368353112,1.2956964657214305,2.591392931442861
Middle Fork John Day (17070203),1988,60.67677995440839,103.97587702985794,53.66756990972739,50.30830712013055,96.50301625300277,1.7136024210247123,0.8844828276987076,0.8291195933260046,1.5904439280646347
Middle Fork John Day (17070203),1989,119.20797077540844,227.25010381891462,146.76375095226663,80.48635286664798,148.29888206885047,1.906333128067929,1.231157195258144,0.6751759328097849,1.2440349508863817
Middle Fork John Day (17070203),1990,101.57928478315765,188.99788200676957,96.03063753608076,92.96724447068881,174.52846786542585,1.8605947306109243,0.9453761930011455,0.9152185376097789,1.718150194087245
Middle Fork John Day (17070203),1991,196.99270955234135,364.35991355217794,226.89165959001923,137.46825396215877,262.102774266977,1.8496111575914276,1.151776936850212,0.6978342207412157,1.3305201743891735
Middle Fork John Day (17070203),1992,67.65255532443884,120.1348045629195,72.5447236879849,47.590080874934614,95.18016174986923,1.7757615213023883,1.07231313495972,0.7034483863426686,1.4068967726853372
Middle Fork John Day (17070203),1993,196.99270955234135,341.7306152174094,231.49310523799562,110.23750997941383,211.67598646321642,1.7347373717229415,1.1751353934064623,0.5596019783164793,1.074537158985438
Middle Fork John Day (17070203),1994,142.90052366718967,258.81699761660894,134.5723164004105,124.24468121619844,240.01197829319756,1.8111689934697839,0.9417202466929003,0.8694487467768836,1.679573819142728
Middle Fork John Day (17070203),1995,160.52920965944045,300.7969424743332,191.3336273244956,109.4633151498376,207.58445821950568,1.873783239277562,1.1918929130119442,0.6818903262656177,1.2931257723120422
Middle Fork John Day (17070203),1996,60.67677995440839,110.3414401336862,53.331428006944655,57.01001212674155,107.87668718880502,1.8185117967135878,0.8789429506149977,0.93956884609859,1.77789077254696
Middle Fork John Day (17070203),1997,119.62670483069121,237.32123734723757,130.7712426043099,106.54999474292767,194.75721332077168,1.9838483195129426,1.0931609525598123,0.8906873669531303,1.6280412772082402
Middle Fork John Day (17070203),1998,119.20797077540844,203.85498661716667,131.42581110232697,72.42917551483971,127.85123919862804,1.7100784896442527,1.1024918069441625,0.6075866827000902,1.0725057927502497
Middle Fork John Day (17070203),1999,101.99801883844042,138.70038246305924,64.31883269573983,74.38154976731943,143.29670982127186,1.3598340834713023,0.630589039161805,0.7292450443094973,1.4048969916586953
Middle Fork John Day (17070203),2000,41.80385337657575,66.34820238594683,37.02187129125066,29.326331094696172,53.13349129475118,1.587131257692244,0.8856090599532,0.7015221977390439,1.2710189851666605
Middle Fork John Day (17070203),2001,41.32123888403203,72.1625309636556,42.59646740664293,29.56606355701267,59.13212711402534,1.7463786883587782,1.0308613332284113,0.7155173551303668,1.4310347102607337
Middle Fork John Day (17070203),2002,82.22374371278127,143.24869736743022,68.76732342594599,74.48137394148424,148.96274788296847,1.7421816485006743,0.8363438627430978,0.9058377857575765,1.811675571515153
Middle Fork John Day (17070203),2003,82.22374371278127,132.22712119430156,104.38674143951053,27.84037975479103,55.68075950958206,1.608137932227811,1.2695449845259736,0.3385929477018374,0.6771858954036748
Middle Fork John Day (17070203),2004,108.97379420847085,180.4396172302132,140.91960342776954,39.52001380244364,79.04002760488729,1.6558074217827603,1.2931512979917466,0.3626561237910136,0.7253122475820272
Middle Fork John Day (17070203),2005,68.0712893797216,102.361952705465,72.11577233200296,30.246180373462046,60.49236074692409,1.5037463464877243,1.0594154009588395,0.44433094552888497,0.8886618910577699
Middle Fork John Day (17070203),2006,124.02759708935702,214.45866475803734,139.49599230565144,74.96267245238587,145.1408764957365,1.7291205327756878,1.1247173659677536,0.6044031668079339,1.1702304962916295
Middle Fork John Day (17070203),2007,45.62297707352222,87.61938468121008,40.13483458224733,47.48455009896274,94.96910019792548,1.9205100215185413,0.8797066118146859,1.0408034097038552,2.0816068194077104
Middle Fork John Day (17070203),2008,101.57928478315765,194.68646068604457,98.53521266150791,96.15124802453664,184.57959495869915,1.9165960963561004,0.970032550158746,0.9465635461973542,1.8170987849808464
Middle Fork John Day (17070203),2009,142.90052366718967,249.03811089273296,159.65847474463646,89.37963614809644,175.32957242303996,1.7427375666777403,1.1172700466548007,0.625467520022939,1.2269344290954203
Middle Fork John Day (17070203),2010,142.90052366718967,274.9977487784397,149.24328565288613,125.75446312555361,245.99953086439527,1.9243998672734037,1.0443858554393302,0.8800140118340739,1.7214739635056873
Middle Fork John Day (17070203),2011,124.02759708935702,245.03729317981964,115.95246893695824,129.0848242428614,254.1826456335498,1.9756675040900766,0.934892488914536,1.0407750151755408,2.049403935887117
Middle Fork John Day (17070203),2012,142.90052366718967,289.77495216164095,150.11745427252848,139.65749788911253,272.99118458281356,2.0278088891858554,1.0505031781559233,0.9773057110299327,1.9103581818818278
Middle Fork John Day (17070203),2013,108.97379420847085,205.59683665015217,109.55097040027523,96.04586624987698,192.09173249975396,1.8866631022944647,1.0052964677975718,0.8813666344968931,1.7627332689937862
Middle Fork John Day (17070203),2014,142.90052366718967,314.0640784002175,154.98361828734005,159.08046011287746,312.0673120316534,2.1977811581129107,1.0845559855910079,1.1132251725219027,2.183808036690245
Middle Fork John Day (17070203),2015,101.09667029061391,234.7542953876585,107.14709135304237,127.60720403461606,255.21440806923212,2.322077420678945,1.0598478767405082,1.2622295439384363,2.5244590878768727
Middle Fork John Day (17070203),2016,142.90052366718967,309.1863094088537,155.86663804312764,153.319671365726,300.08918994399073,2.1636471405027025,1.090735247451826,1.072911893050876,2.0999866357585084
Middle Fork John Day (17070203),2017,179.36402356009054,327.8722072493367,203.59882624362197,124.2733810057147,247.84255448527583,1.8279708535836505,1.135115181977462,0.6928556716061882,1.3817852073453494
Middle Fork John Day (17070203),2018,142.90052366718967,267.0194548827542,130.22156205366554,136.7978928290886,266.65252291139075,1.868568763993008,0.9112742116813162,0.9572945523116914,1.8660010199291863
Middle Fork John Day (17070203),2019,145.4754067785543,291.063782901833,168.01454064497304,123.04924225686,240.2913180640091,2.0007765528705233,1.1549343244025314,0.8458422284679921,1.651765912775797
Middle Fork John Day (17070203),2020,127.84672079,260.67903640533683,120.51446566034969,140.16457074498715,280.3291414899743,2.0389966578300127,0.9426480782272529,1.0963485796027599,2.1926971592055198
Middle Fork John Day (17070203),2021,82.22374371000001,165.90884325375038,50.50817815181447,115.40066510193594,230.80133020387188,2.017772917746296,0.6142772862538938,1.4034956314924028,2.8069912629848055
Middle Fork John Day (17070203),2022,196.99270955000003,374.3821339466338,250.61848632076195,123.76364762587187,241.1903311014718,1.9004872556037886,1.272222139049013,0.6282651165547758,1.2243617119254542
Middle Fork John Day (17070203),2023,127.8467207863035,251.20242050189984,134.7709847354545,116.43143576644533,232.86287153289067,1.9648718321198562,1.0541606691713663,0.9107111629484899,1.8214223258969797
Middle Fork John Day (17070203),2024,127.8467207863035,274.4163255699443,113.53448930578192,160.8818362641624,321.7636725283248,2.146447901691845,0.8880516340779319,1.258396267613913,2.516792535227826
Middle Fork Willamette (17090001),1985,400.9500587790001,883.3670214320662,527.4085509630667,323.93557295963535,523.5729935459691,2.2031846662453534,1.3153971159629367,0.8079200036685507,1.3058309434855517
Middle Fork Willamette (17090001),1986,268.6323297068853,625.8645039548102,438.886832192058,163.66815602829885,238.5450629411414,2.329818248748072,1.6337826227801537,0.6092645520622304,0.8879983403391051
Middle Fork Willamette (17090001),1987,196.33824827447606,497.41507378548954,315.45069417187136,153.9521418963563,217.4760911320374,2.5334598742579972,1.606669596699666,0.7841169168481883,1.1076603414939872
Middle Fork Willamette (17090001),1988,270.0687673419827,463.6668957478211,441.91340788832355,21.753487859497515,31.54627646944613,1.7168475285433096,1.6362995700600114,0.08054795848329808,0.11680831063852602
Middle Fork Willamette (17090001),1989,293.9573157699915,604.3816921279946,512.2710165336462,78.1351207551054,130.3499692678056,2.0560185431850124,1.7426714323873993,0.2658043075078378,0.4434316217862005
Middle Fork Willamette (17090001),1990,383.52723776600766,906.2516129405121,612.0953794780308,264.87866297571674,399.3645098175632,2.362939378749996,1.5959632568560203,0.6906384655196793,1.0412937348173898
Middle Fork Willamette (17090001),1991,308.1523464126807,684.4598617594314,568.1468622809609,104.81692082494519,147.2576734297649,2.2211736166460856,1.8437207079387057,0.3401464309623439,0.4778729584377591
Middle Fork Willamette (17090001),1992,354.01137988192306,833.4556191547514,531.4947842107342,267.5959631851962,399.21154468029476,2.3543187211460324,1.5013494322922867,0.7558965004866514,1.1276799768794092
Middle Fork Willamette (17090001),1993,411.8103041121264,734.19238778009,734.19238778009,0.0,0.0,1.782841226770728,1.782841226770728,0.0,0.0
Middle Fork Willamette (17090001),1994,232.80285997990518,450.49782760208933,420.4675615284727,30.030266073616637,38.38046590629555,1.9351043524163531,1.8061099488415484,0.12899440357480468,0.1648625189123898
Middle Fork Willamette (17090001),1995,273.4960294301313,570.2128166399872,547.4997694527666,19.858974439049913,27.602844512885756,2.084903454825682,2.0018563728093675,0.07261156397929788,0.10092594239996937
Middle Fork Willamette (17090001),1996,310.2229085347046,730.3659693484133,617.0160334306464,103.53864512101899,147.99272819431562,2.3543263545500133,1.9889441316408165,0.3337556391630444,0.477052867866332
Middle Fork Willamette (17090001),1997,388.5360819033919,954.5429073904492,803.6523906447145,141.589648316318,203.7991129630713,2.4567677285318195,2.0684112186124834,0.36441827390312687,0.5245307256012975
Middle Fork Willamette (17090001),1998,157.73569331509546,311.6845457994655,303.4654363497016,8.219109449763893,14.11198258617025,1.9759924925605725,1.9238856467539909,0.05210684580658141,0.08946600664429145
Middle Fork Willamette (17090001),1999,297.0718577896262,639.9759838175373,521.0225055962534,104.07287502913142,164.74712220738314,2.1542800741184354,1.7538601921869676,0.3503289601495388,0.5545699395196502
Middle Fork Willamette (17090001),2000,384.118050509747,868.4757427961218,621.4553938891399,222.4853454649942,328.56521396422045,2.2609605084780684,1.6178760489501405,0.5792108576250015,0.8553756157207278
Middle Fork Willamette (17090001),2001,289.24639653750756,684.6592081965856,534.5269053788162,129.41494706982104,185.99954765603,2.3670449014835127,1.8479984946312107,0.44742112129662903,0.6430487981270695
Middle Fork Willamette (17090001),2002,270.3683074474028,614.9530125565492,459.61276909868695,126.5675074069142,217.86442142827914,2.2745010994906703,1.6999506097366814,0.4681299690849917,0.8058060631631623
Middle Fork Willamette (17090001),2003,341.4125330691918,720.1827875442102,496.84427167689586,207.07227053133852,306.48202819009913,2.109421060410385,1.4552607873250036,0.6065163123035456,0.8976882759250858
Middle Fork Willamette (17090001),2004,297.26308560551456,728.5834368015175,545.4057573228683,157.0136397959422,237.64205748372243,2.450971789239886,1.8347577742856829,0.5281975711047703,0.7994334614392292
Middle Fork Willamette (17090001),2005,218.78723011206773,519.6628285336521,404.3068840120144,115.08813445481569,166.77143324597156,2.3751972556509315,1.8479455304814605,0.5260276589079946,0.7622539631794208
Middle Fork Willamette (17090001),2006,271.0903561501226,660.3809938033831,495.43847528553283,159.79517608232194,220.0153709789898,2.436018024328692,1.8275769094905472,0.5894535620951106,0.8115942378162326
Middle Fork Willamette (17090001),2007,332.2354128579683,744.4014905591692,462.9042899366199,243.9844475488309,367.1758634575351,2.240584422219323,1.3933020744375402,0.7343721894364555,1.1051677492745302
Middle Fork Willamette (17090001),2008,296.0379760909415,675.6458321326289,439.87636664658686,198.58437138152453,286.7635319183671,2.282294457806567,1.4858781716284226,0.6708070836172731,0.9686714377153918
Middle Fork Willamette (17090001),2009,348.66253601514893,778.7451260773639,525.7007121989666,222.6290182809934,308.6429631971739,2.2335210859692953,1.5077636909522323,0.6385229133746692,0.8852197506639021
Middle Fork Willamette (17090001),2010,162.29298468526133,418.0820364432845,392.0962168758293,25.98581956745522,29.742958990868534,2.5760943225862842,2.4159776076349258,0.16011671495135876,0.18326706510789587
Middle Fork Willamette (17090001),2011,379.2566565592819,823.537471996005,637.9513687563175,167.0526922998217,229.0601965177348,2.171451595516761,1.6821098792147338,0.44047398881635597,0.6039714598441865
Middle Fork Willamette (17090001),2012,390.75774010015766,798.3424325839943,690.8593304421655,101.44229496944793,139.2146033659149,2.0430623648794928,1.767999093927319,0.2596040578580647,0.3562683194201909
Middle Fork Willamette (17090001),2013,328.2781754202034,761.5210018343745,589.7002067327571,142.27960869346725,192.93257833095225,2.319743007160347,1.7963430129886877,0.4334117201405368,0.5877106453512916
Middle Fork Willamette (17090001),2014,324.5842814818762,754.7189742272138,590.5526885263513,153.44665012504615,209.35528115590532,2.3251864532120146,1.8194124676346226,0.4727482471563064,0.6449951310029629
Middle Fork Willamette (17090001),2015,178.6193534098838,493.24378758963485,306.91451488781985,179.26478872523398,227.76933047079123,2.761424101999585,1.7182601382703075,1.0036134679866917,1.2751660227328299
Middle Fork Willamette (17090001),2016,183.50667726413153,477.07623810084294,327.243209642361,147.74874936067093,202.84613525208948,2.59977590577895,1.7832768513994801,0.8051409984826209,1.1053883067160635
Middle Fork Willamette (17090001),2017,312.2434414768514,669.7888030365154,557.3058093699966,106.36052987875703,161.9378901616122,2.145085257414994,1.7848439241319125,0.3406333512585315,0.5186270347126496
Middle Fork Willamette (17090001),2018,452.2851142255436,837.3473732978812,627.1030187363287,203.6767142060754,302.20241103876396,1.8513706221167303,1.3865214640329897,0.45032813992747667,0.668167935520564
Middle Fork Willamette (17090001),2019,499.2241285278782,1047.552146872159,899.1920385427219,144.69177492018835,175.2619594699679,2.0983604097045574,1.8011790439582254,0.2898332966134034,0.35106868729839596
Middle Fork Willamette (17090001),2020,648.7640730890002,1416.7333361001047,1243.4275986997568,167.9238322834265,239.31441313248087,2.1837419716454476,1.916609828252894,0.258836515844474,0.36887741331454815
Middle Fork Willamette (17090001),2021,458.81299657799997,911.9363271111669,643.129676662595,262.31276961290246,443.15903187829,1.987599161123881,1.401725063281333,0.5717204429022932,0.965881601400869
Middle Fork Willamette (17090001),2022,759.857684261,1613.8730114181697,1436.3923987902026,171.31430672513142,233.42300413755677,2.1239148393790908,1.8903439795929244,0.22545577977768722,0.307193055979387
Middle Fork Willamette (17090001),2023,759.9501915732869,1496.8653206219485,1058.356890102671,411.08482201252866,642.7114826615057,1.969688720681895,1.3926661271202625,0.5409365331713125,0.8457284303474313
Middle Fork Willamette (17090001),2024,747.7549937252232,1576.2551941302343,1461.6853615624902,111.33905394927073,165.6894794150523,2.107983507107756,1.9547650952895064,0.1488977738478125,0.2215825782581641
Middle Owyhee (17050107),1985,71.395748095,152.12625433557025,37.28987302187132,114.83638131369892,155.85868279257562,2.1307466956316405,0.522298232273622,1.6084484633580185,2.18302471717487
Middle Owyhee (17050107),1986,71.39574810276355,181.26890047434514,51.38090820820491,129.88799226614026,175.73767565694072,2.5389313130165054,0.7196634193712732,1.8192678936452327,2.4614585647872547
Middle Owyhee (17050107),1987,71.39574810276355,185.9006809577942,46.61335852198362,139.28732243581058,189.11543480692808,2.603806051450261,0.6528870382433788,1.950919013206882,2.6488332965532426
Middle Owyhee (17050107),1988,70.18008385930635,154.81179829216248,28.136503976391353,126.67529431577114,172.59629177923827,2.205922104660372,0.40091864285597123,1.805003461804401,2.4593343622280504
Middle Owyhee (17050107),1989,70.18008385930635,151.50977502922896,42.34290563517185,109.1668693940571,148.84347179922685,2.15887138768555,0.6033464667847771,1.5555249209007727,2.120879081558538
Middle Owyhee (17050107),1990,71.39574810276355,134.61548484074152,33.14468033861049,101.470804502131,138.7426962328668,1.8854832173896767,0.46423885482513133,1.421244362564545,1.9432907409719602
Middle Owyhee (17050107),1991,71.39574810276355,224.31331888022464,48.20866302884311,176.1046558513815,238.9524076343017,3.1418302187597926,0.6752315692449069,2.4665986495148853,3.346871683316005
Middle Owyhee (17050107),1992,71.39574810276355,200.19610053064534,35.065431879788235,165.13066865085716,224.42941411686445,2.804033935501213,0.49114173899147,2.3128921965097438,3.143456299299949
Middle Owyhee (17050107),1993,71.39574810276355,159.91056772359977,68.16326478501806,91.74730293858173,124.72505701981733,2.2397771852384305,0.9547244282237535,1.2850527570146775,1.7469535698441618
Middle Owyhee (17050107),1994,71.39574810276355,192.07629921694695,32.20772789381555,159.8685713231314,217.32598409977354,2.6903044553925217,0.45111549006332036,2.2391889653292014,3.0439625590443447
Middle Owyhee (17050107),1995,71.39574810276355,184.32678216110864,64.12546908390271,120.20131307720595,162.99502999125713,2.581761338165372,0.8981692998244608,1.6835920383409115,2.282979509601189
Middle Owyhee (17050107),1996,71.39574810276355,159.05374607664794,58.13661440372183,100.9171316729261,138.05648741158933,2.227776167394643,0.8142867880597431,1.4134893793349,1.9336794008079805
Middle Owyhee (17050107),1997,71.39574810276355,190.93813379828256,61.423484607536835,129.51464919074576,176.38073328402712,2.6743628139235343,0.8603241262928834,1.8140386876306513,2.470465510497254
Middle Owyhee (17050107),1998,71.39574810276355,188.92101117515435,73.374442582721,115.54656859243335,157.01420280536448,2.6461101143338492,1.0277144582491022,1.618395656084747,2.199209434424105
Middle Owyhee (17050107),1999,71.39574810276355,185.47137878183156,40.42342349491019,145.04795528692136,197.02027678550905,2.5977930578565145,0.5661881074027922,2.031604950453722,2.7595519624211753
Middle Owyhee (17050107),2000,71.39574810276355,186.07442390060936,53.83702887049337,132.23739503011598,179.65722374842846,2.606239570916505,0.7540649170452417,1.8521746538712633,2.51635746557118
Middle Owyhee (17050107),2001,71.39574810276355,192.10375854323573,43.66424529852789,148.43951324470788,201.89160498753049,2.690689062697837,0.6115804716504926,2.079108591047345,2.827781910722997
Middle Owyhee (17050107),2002,71.39574810276355,196.68373110561038,34.737498708031346,161.946232397579,219.76230151030921,2.7548381567836984,0.4865485639009187,2.2682895928827795,3.0780866837335203
Middle Owyhee (17050107),2003,71.39574810276355,175.4016671404243,45.06481240885328,130.336854731571,177.20736213201866,2.4567522828944903,0.6311974257064887,1.8255548571880011,2.4820436348247945
Middle Owyhee (17050107),2004,71.39574810276355,174.3440707680654,50.801210078263274,123.54286068980213,167.9386589359934,2.4419391266427106,0.7115439144239023,1.7303952122188084,2.352222133652423
Middle Owyhee (17050107),2005,71.39574810276355,182.82102342616452,55.42947083432144,127.39155259184308,172.6739736382119,2.5606710243167545,0.7763693540200598,1.7843016702966947,2.418547017529299
Middle Owyhee (17050107),2006,71.39574810276355,171.06783519155405,48.058372881012495,123.00946231054155,167.23783227715936,2.3960507416397876,0.6731265398583628,1.7229242017814246,2.342406049677432
Middle Owyhee (17050107),2007,71.39574810276355,165.43829841772614,44.67837204088054,120.75992637684561,164.42432839606496,2.31720099325246,0.6257847732973212,1.691416219955139,2.3029988867040183
Middle Owyhee (17050107),2008,71.39574810276355,184.7728569670022,38.09392976678133,146.67892720022095,199.39966534571084,2.5880092565323247,0.5335602018197328,2.0544490547125926,2.7928787167928366
Middle Owyhee (17050107),2009,71.39574810276355,193.90482190710068,62.00998151203272,131.89484039506792,178.9320450429139,2.7159155420292476,0.8685388578431671,1.8473766841860797,2.5062002962048644
Middle Owyhee (17050107),2010,71.39574810276355,171.02297402671348,61.168355666155,109.85461836055852,149.09830719164356,2.3954223965907797,0.8567506790196002,1.5386717175711802,2.0883359465193747
Middle Owyhee (17050107),2011,71.39574810276355,179.08120076854462,77.34958528796486,101.73161548057976,137.90007344080522,2.508289436379095,1.0833920414508669,1.424897394928228,1.931488598485145
Middle Owyhee (17050107),2012,71.39574810276355,185.0058178446554,38.168412984456,146.8374048601994,198.6125418627716,2.5912722082324438,0.5346034462657111,2.0566687619667325,2.781853921845576
Middle Owyhee (17050107),2013,71.39574810276356,150.55534220629295,40.84959144787357,109.70575075841941,149.5960448665411,2.108743814681946,0.5721572017016567,1.5365866129802899,2.095307477571631
Middle Owyhee (17050107),2014,71.39574810276355,134.93634254311732,33.433731086289434,101.50261145682788,138.67013725907748,1.8899772903688403,0.46828742571849735,1.4216898646503429,1.9422744483254446
Middle Owyhee (17050107),2015,71.39574810276355,168.0562351203017,57.880416127896666,110.17581899240501,151.2569212621043,2.353868956991805,0.8106983632216644,1.5431705937701405,2.118570437057295
Middle Owyhee (17050107),2016,71.39574810276355,186.8378483863727,48.163075174454015,138.6747732119187,189.4057893080404,2.616932427368748,0.6745930458650065,1.942339381503742,2.6529001283860625
Middle Owyhee (17050107),2017,71.39574810276355,181.3868698260197,54.807297598815126,126.57957222720458,172.88640355899855,2.5405836432295703,0.7676549242110073,1.772928719018563,2.421522403689283
Middle Owyhee (17050107),2018,71.39574810276355,215.67132058085332,45.793533376887204,169.8777872039661,230.9166563177336,3.0207866198198046,0.6414042095472441,2.3793824102725605,3.2343194441406156
Middle Owyhee (17050107),2019,71.39574810276355,192.20323939326485,72.01962180871672,120.18361758454813,163.64384624560614,2.6920824348897767,1.0087382473400965,1.6833441875496802,2.292067113157288
Middle Owyhee (17050107),2020,71.395748095,197.83984133808454,59.24719250628878,138.59264883179574,188.69217544471368,2.7710311414460786,0.829842029632546,1.9411891118135323,2.6429049415329007
Middle Owyhee (17050107),2021,71.395748095,209.1457321289963,53.47720374480783,155.66852838418845,211.55743230047878,2.9293863809747407,0.7490250494140134,2.180361331560727,2.9631657058761824
Middle Owyhee (17050107),2022,71.395748095,194.24240372711662,46.224647754988744,148.01775597212787,200.74017950196546,2.720643860593147,0.6474425857052677,2.073201274887879,2.811654543276979
Middle Owyhee (17050107),2023,71.39574810276355,196.4002116670151,69.23756433845479,127.16264732856033,173.54260523234515,2.7508670598188316,0.9697715365177997,1.7810955233010324,2.4307134506463384
Middle Owyhee (17050107),2024,71.39574810276355,212.4308558258384,60.88724053281087,151.5436152930275,206.4428469786027,2.9753992565506255,0.8528132578031503,2.122585998747475,2.8915285918911997
Middle Rogue (17100308),1985,2366.2259310989994,5823.039185438291,1982.4401780728817,3403.238648560103,4921.653595685033,2.460897376242414,0.8378068011249173,1.4382560024517441,2.0799592849526247
Middle Rogue (17100308),1986,2516.5734290283913,6436.978273961724,2543.3064728323443,3383.2515672493723,4881.700073293774,2.557834474333991,1.0106227950655404,1.3443881780773597,1.9398202400867437
Middle Rogue (17100308),1987,2375.2760832222257,6467.852643469498,1842.2009048019308,4013.910556852342,5714.885647731798,2.7229898406990274,0.7755733818962461,1.6898711628532863,2.405987955715515
Middle Rogue (17100308),1988,2360.9273495171064,5900.948117288819,1777.7923916238797,3580.2536684376296,5052.742496164089,2.4994196108981384,0.7530059711441359,1.5164607539363373,2.1401516218606025
Middle Rogue (17100308),1989,2552.687403154348,6288.924844357156,3036.426336345787,2862.852277431179,4089.5440133810557,2.4636486381317004,1.189501829559579,1.121505231660391,1.602054371533161
Middle Rogue (17100308),1990,2481.0260506782133,6180.667024145441,2114.477317090912,3510.526667890311,4993.923852039901,2.4911737716159386,0.8522592161065372,1.4149495394982545,2.0128461975136305
Middle Rogue (17100308),1991,2645.1219468615595,6455.718628850392,2712.835953563961,3281.0270027689726,4712.912518457737,2.4406128558685585,1.0255995784174503,1.240406706640469,1.7817373312597604
Middle Rogue (17100308),1992,2373.948680480921,6034.006539695818,2093.9679390784936,3453.3357704339364,4853.745030284392,2.541759469911301,0.8820611651361779,1.454680043771776,2.0445871767123065
Middle Rogue (17100308),1993,2572.467157187123,6301.762677702273,3025.059124563896,2894.3743386574497,4124.904483810401,2.4496960670988575,1.1759369273626263,1.12513558455779,1.6034818840294927
Middle Rogue (17100308),1994,2579.955702169245,6514.409850230708,1850.7517649192127,4108.887090624294,5879.36775453643,2.5250084118705396,0.717357962139849,1.5926192403883186,2.278863838473279
Middle Rogue (17100308),1995,2414.72833936665,6300.70699057794,3243.0719206099097,2671.165741907927,3845.038697489387,2.609281917083281,1.3430380004818774,1.1061972058556853,1.5923276481270303
Middle Rogue (17100308),1996,2533.4459174823423,6524.559869666687,3315.823861035819,2757.537967134483,3983.9985583818366,2.5753697067867884,1.3088196744815372,1.0884534570506388,1.5725611235234132
Middle Rogue (17100308),1997,2575.7056712597787,6654.394249965694,3189.8659100317905,3005.8788406220865,4267.2997397030485,2.583522769785659,1.238443485847366,1.1670117724095044,1.6567497549577979
Middle Rogue (17100308),1998,2639.9951692524137,6431.785463116862,3623.4430652595183,2459.325826416394,3524.074308928916,2.436286830380147,1.3725188240725434,0.9315645176399391,1.3348790747699941
Middle Rogue (17100308),1999,2532.1321509801614,6620.936163826772,1795.0348547501735,4167.974602864325,5976.725310420363,2.614767227399201,0.7089025168198013,1.6460336010705232,2.360352838656875
Middle Rogue (17100308),2000,2598.275668039746,6648.910969794219,2783.4091820625517,3347.764631873669,4793.92798896293,2.5589705709750388,1.0712524526554486,1.2884562916295061,1.845042097700003
Middle Rogue (17100308),2001,2254.457972108079,5638.0635898161745,1486.900720663215,3545.577989183482,5077.953611182037,2.5008510513700917,0.6595380082747148,1.5726964232862206,2.2524055333947026
Middle Rogue (17100308),2002,2223.51762146917,5677.992569639736,1685.3349180532541,3395.282730299997,4929.665464513049,2.5536080824437324,0.7579588764129891,1.5269871025607584,2.2170570707039485
Middle Rogue (17100308),2003,2735.94505735415,6670.437658330886,2969.215315546489,3232.2937010690734,4598.600767230747,2.438074419806392,1.0852613094569699,1.1814176210815166,1.6808088871776963
Middle Rogue (17100308),2004,2205.061110234911,5586.26980060584,1942.4919491200276,3158.0632297787943,4463.188577511562,2.5333854806458036,0.880924315477628,1.432188529887209,2.0240657081091444
Middle Rogue (17100308),2005,2337.307793675256,5631.599122253317,2275.723819731931,2896.3640416948883,4065.256556413535,2.4094383878291072,0.9736517483448389,1.2391881161447524,1.7392902070553566
Middle Rogue (17100308),2006,2522.9904828748495,6123.234871494035,2476.272419315885,3167.347269794636,4437.941935446796,2.4269750175659985,0.9814830599338088,1.255394061647655,1.7590006643187708
Middle Rogue (17100308),2007,2314.6830915662467,5697.44726978013,1983.6567613037178,3188.464258740134,4539.297734508837,2.461437287263766,0.8569884873360623,1.3774949453588643,1.9610882159411673
Middle Rogue (17100308),2008,2187.4057855305246,5345.478102283574,1425.5085550575197,3368.661238107544,4735.809330320795,2.4437523835967654,0.6516891216468017,1.5400257512304798,2.165034655045585
Middle Rogue (17100308),2009,2122.91189718536,5259.143488525188,1818.3004795397503,2911.4024884940263,4032.734433140296,2.477325364042647,0.8565124544030888,1.3714193661800465,1.8996240204254609
Middle Rogue (17100308),2010,2382.4852618909586,5699.551327133835,3018.6012002416855,2316.6161489087945,3240.873361710808,2.39227138916702,1.2669967988997535,0.9723527721091192,1.3602910429500636
Middle Rogue (17100308),2011,2304.392299628053,5590.670240207974,2617.471791915605,2558.07781624287,3561.092879386048,2.4260930923568664,1.1358620632164436,1.110087816495379,1.5453501037826052
Middle Rogue (17100308),2012,2326.9792820630287,6032.217926858494,2713.1073615699584,2878.5600305065086,4044.0401474035716,2.59229550230912,1.1659353319057488,1.2370372408105264,1.7378926312649632
Middle Rogue (17100308),2013,2536.6742937366885,6236.342973076508,2001.7885734409756,3774.5201664744113,5259.4549857319125,2.458472098083181,0.7891389834255028,1.4879798229493209,2.073366296460705
Middle Rogue (17100308),2014,2103.477732045275,5674.903393302762,2320.041538909636,2889.94462069045,3984.8631461813625,2.6978671116165716,1.1029551221603804,1.3738888587522482,1.8944166061157965
Middle Rogue (17100308),2015,2055.3317720219356,5445.526574864465,1749.850220782405,3194.008447866431,4426.264889798837,2.6494635313827803,0.8513711725776453,1.55401112917372,2.1535525067296035
Middle Rogue (17100308),2016,2590.1957429351846,6240.360939032571,2346.961401822199,3409.1192451800002,4780.609080229893,2.409223687458097,0.906094224046035,1.3161627859510028,1.8456555236294818
Middle Rogue (17100308),2017,2209.0139175232503,5536.660601340149,2708.4679104346487,2444.439185911649,3449.893679324519,2.506394621337588,1.2260981648641611,1.1065748235087436,1.561734696172736
Middle Rogue (17100308),2018,2910.1734868045583,6947.2007213165,2589.375421632366,3836.103391024384,5405.924038516437,2.387211880259653,0.8897666868910842,1.3181700020353493,1.8575951100606973
Middle Rogue (17100308),2019,2986.1592449599484,6847.13034751059,3339.096659378506,3017.9967036697944,4277.687451371221,2.292955527762695,1.1181910894451617,1.0106616747795958,1.4325047997996487
Middle Rogue (17100308),2020,2635.0643917,6291.814173971838,1864.2836845028587,3806.942232797989,5367.367582389857,2.3877269161960406,0.7074907506530131,1.4447245557980302,2.0369018682413005
Middle Rogue (17100308),2021,2536.719088092,5799.597504974037,1839.33752226162,3426.629334273688,4808.547010160097,2.2862592599231077,0.7250852216534084,1.3508115070206832,1.8955772567536666
Middle Rogue (17100308),2022,3241.704131584002,7010.474768242686,3237.702701151012,3260.161316892385,4667.694596419286,2.162589330697845,0.9987656398392427,1.0056936674536563,1.43988914686625
Middle Rogue (17100308),2023,3172.0135449448117,6975.102460612934,3100.362800536801,3411.8879079783455,4865.156789552691,2.198951032768774,0.9774115893917921,1.0756221118336073,1.533775540557264
Middle Rogue (17100308),2024,3093.2322333735265,7572.92901299817,2879.2170361068115,4162.241452297353,6005.5521562315835,2.4482251708398297,0.9308117913172957,1.3455961719880143,1.9415135053347858
Middle Snake-Payette (17050115),1985,2674.4678734,5532.842079020779,1883.835965561307,2128.132407243545,3295.9815942275472,2.068763709614871,0.704377863087367,0.7957218063487489,1.2323878058170237
Middle Snake-Payette (17050115),1986,2631.652792583751,5855.6119062937705,2067.0878026867977,2250.423035373766,3416.707133378474,2.225070086295367,0.7854713237673483,0.8551367572939992,1.2983122785069068
Middle Snake-Payette (17050115),1987,2259.6815889856884,5404.604484944726,1209.3653258871982,2463.8621031487023,3733.3256315520143,2.3917548876303014,0.535192804057872,1.0903580907851116,1.6521467669379941
Middle Snake-Payette (17050115),1988,2104.1435843961635,4831.366151413917,1146.8029320996357,2132.858810452696,3220.640525216675,2.2961199925909037,0.5450212336287589,1.0136469898107134,1.5306182282902134
Middle Snake-Payette (17050115),1989,2170.002484865631,5065.642748317948,1978.4730163156487,1789.4441744725254,2701.148145685393,2.3343949067558873,0.9117376731659173,0.8246277075499893,1.24476730534834
Middle Snake-Payette (17050115),1990,2068.752638081038,4658.141671570062,1221.304586157263,1956.8869393829523,2977.2326783231983,2.2516668188473825,0.5903579595142594,0.9459260152040934,1.43914387032993
Middle Snake-Payette (17050115),1991,2577.666664963559,5618.00072023078,1725.4954129515604,2264.740030100954,3426.457454226258,2.1794907761319102,0.6694020745215147,0.8786008140168003,1.3292864825385398
Middle Snake-Payette (17050115),1992,2089.8490861809696,4826.439881518222,1301.2309498062236,2041.5691630454644,3083.286606262862,2.309468139796712,0.6226435001505866,0.9768978901611824,1.475363281803912
Middle Snake-Payette (17050115),1993,2851.6116072358823,5742.2976274891,2930.5815505887267,1750.8195187801025,2608.8810746446934,2.0137025718783668,1.0276930922684073,0.6139754496501025,0.9148795256775968
Middle Snake-Payette (17050115),1994,2439.2881655234196,5556.023582355409,1396.708189436079,2416.8939408448027,3676.321881578012,2.277723337850575,0.5725884334524187,0.9908193607482978,1.5071289786662623
Middle Snake-Payette (17050115),1995,2406.740663830229,5439.20726281597,2253.7904598506225,1928.779444253,2883.542276184728,2.2599889321517903,0.9364492376439958,0.8014072613803876,1.1981109221779171
Middle Snake-Payette (17050115),1996,2626.817759123978,5534.787908594545,2259.5852355426878,1938.396327160663,2888.2366834272248,2.1070315553372656,0.8601987053324327,0.7379256975204486,1.099519246584669
Middle Snake-Payette (17050115),1997,2576.5876716329153,5767.221834556314,2062.29864132413,2234.3482531316145,3322.7315907895713,2.2383177168977646,0.8003991729173904,0.8671733850669222,1.2895860782737452
Middle Snake-Payette (17050115),1998,2326.055076223777,5386.94919893943,2564.983406445845,1713.4424544611863,2539.516001275762,2.3159164432532897,1.1027182600551122,0.7366302165307566,1.091769505904618
Middle Snake-Payette (17050115),1999,2688.1367956013314,6161.394897136542,1702.172817940434,2709.0105190915947,4022.4237261269614,2.2920689554261497,0.6332165910327718,1.0077651269550045,1.4963612464622182
Middle Snake-Payette (17050115),2000,2747.9765829936487,6716.52631835747,2020.1875093698213,2756.583462827987,4169.039930723657,2.4441715988134365,0.735154557674224,1.0031320790313876,1.5171308069088056
Middle Snake-Payette (17050115),2001,2654.3802456483954,6012.113681724567,1562.5751685373987,2607.6613463486906,3927.657410396194,2.2649783095624136,0.5886779677098232,0.9823993192473851,1.4796890599360117
Middle Snake-Payette (17050115),2002,2713.431887799225,6279.516757797337,1238.737257376342,2975.2480945618468,4473.349021179299,2.3142341571324443,0.4565204908758705,1.0964889547955348,1.6485945496894283
Middle Snake-Payette (17050115),2003,2442.1151203817662,6006.681821581328,1617.1950127264154,2698.623577338947,4052.437823625331,2.4596227145272036,0.6622108021155062,1.105035366603472,1.659396721229026
Middle Snake-Payette (17050115),2004,2645.7057927122046,6008.314690072969,2181.574861456255,2274.934816125253,3429.5231496180068,2.2709685659771104,0.824571979040741,0.8598593322022924,1.2962602111938848
Middle Snake-Payette (17050115),2005,2726.9380671465815,5970.395038096369,2209.4374551389164,2203.6849693403483,3299.822556373543,2.189413507415547,0.8102264887338757,0.8081169850865899,1.210083425116588
Middle Snake-Payette (17050115),2006,2456.5843426759398,5775.374971728925,2371.0417656072927,1956.4131738049282,2927.547030479533,2.3509776853164546,0.9651782454269549,0.7963956864081537,1.191714438467265
Middle Snake-Payette (17050115),2007,2647.9985158516993,6319.563302806111,1604.0102683595364,2695.3619786809486,4078.641919861689,2.3865433703891235,0.6057443985551572,1.0178865141146105,1.5402734916374525
Middle Snake-Payette (17050115),2008,2715.8698598548253,6406.57332282332,1684.8938692545366,2732.629483936144,4124.664898195153,2.3589397332778597,0.6203882940637668,1.0061709967510057,1.518727004988241
Middle Snake-Payette (17050115),2009,2714.258195485907,6005.287943805369,2182.544821591209,2273.480577129059,3408.9993483337157,2.212496937024188,0.8041036129948902,0.837606599442195,1.255959861889055
Middle Snake-Payette (17050115),2010,2773.4316244656757,6107.586145500812,2225.649339474445,2269.602337834884,3405.259993879503,2.2021765713000003,0.8024893492383229,0.818337224474442,1.2278146552596385
Middle Snake-Payette (17050115),2011,2896.3290041165255,6392.602771063559,2734.047623371097,2183.5030060966646,3233.5276403704743,2.207139714437763,0.9439699769899139,0.7538863861782525,1.1164227668109152
Middle Snake-Payette (17050115),2012,2714.088580660768,6006.178753298825,1704.5609209669194,2532.5673636030588,3801.627773029257,2.212963422084245,0.6280417423044938,0.933118904684564,1.4007014362455767
Middle Snake-Payette (17050115),2013,2978.75109424264,6688.35876163148,1874.0784449652126,2914.932504588415,4319.498932993484,2.245356711595946,0.6291490580020097,0.9785753869205204,1.4501040188763186
Middle Snake-Payette (17050115),2014,2847.206893716942,6718.2154856325715,1951.8678166225734,2917.760784560616,4297.84538240656,2.3595810688917465,0.6855377531326743,1.0247800365331259,1.5094952853235943
Middle Snake-Payette (17050115),2015,2635.498553410608,6079.609487787982,2017.4160174735391,2563.7252513891112,3745.778050072785,2.3068157180053612,0.7654779452877308,0.9727667078668608,1.4212787349950773
Middle Snake-Payette (17050115),2016,2774.6645637051342,6380.250273555336,1956.130022811023,2746.494676965877,4004.3264119750334,2.2994672426404947,0.7049969385124214,0.9898474622454395,1.4431749568415853
Middle Snake-Payette (17050115),2017,2972.0757687342857,6749.057652599878,2553.1695069296575,2639.897556969385,3843.3573989425286,2.270822878608539,0.8590526304169468,0.8882335991365505,1.2931559280466443
Middle Snake-Payette (17050115),2018,2953.3620869172573,6897.124838956342,1756.917949711085,3104.6309816075486,4556.367439335541,2.3353468474147085,0.5948874191531895,1.0512192173659909,1.5427730516076048
Middle Snake-Payette (17050115),2019,3004.369368902167,6668.2188719718315,3019.5010875688567,2231.5743213587407,3267.486562475634,2.2195070090228217,1.0050365706771331,0.7427762859179279,1.0875781774028714
Middle Snake-Payette (17050115),2020,2976.310992659998,6730.458377907443,2282.6514415812862,2665.295466152625,3913.9271537159616,2.2613424452302535,0.7669398282674849,0.8955030145457309,1.3150262735877591
Middle Snake-Payette (17050115),2021,2819.7295641099986,6912.366757881673,1833.6287048571896,3063.2277808374038,4543.791097920964,2.451428975978215,0.6502853068591862,1.0863551667602072,1.6114279737160315
Middle Snake-Payette (17050115),2022,3187.602817207999,6920.876296436877,2127.5324232762796,2875.2908239647236,4276.442509966615,2.1711852741110413,0.6674396232149686,0.9020229272112302,1.3415857480363014
Middle Snake-Payette (17050115),2023,3268.6366861221622,7811.317211138814,2986.666702356932,2912.125398016959,4328.491917826363,2.3897783575347393,0.9137346818132446,0.8909296681338542,1.3242499345993664
Middle Snake-Payette (17050115),2024,3433.559499593606,8187.532210063099,2718.7618740241173,3455.246507678152,5143.73514731128,2.3845610396535055,0.7918202303894569,1.0063161882259832,1.498076601823877
Middle Snake-Succor (17050103),1985,207.067751721,388.6870786130787,146.59075843319357,126.7618165097299,178.87798375310712,1.8771009748383702,0.7079362054923345,0.6121755582710284,0.8638621043904733
Middle Snake-Succor (17050103),1986,207.0677517192411,401.6291693246895,158.73587551884071,127.4149828560733,178.05200045286597,1.9396026952050467,0.7665890714555467,0.6153299188220899,0.8598731525046112
Middle Snake-Succor (17050103),1987,65.58296069129558,143.1211874173478,36.261003905494746,53.43009175592654,82.2001411629639,2.182292258671137,0.5529028199287661,0.8146947193711854,1.2533764913402852
Middle Snake-Succor (17050103),1988,189.18879773095236,429.5122454640918,96.50848891299154,166.50187827555015,230.9982057996072,2.27028370926542,0.5101173540424809,0.8800831776114697,1.220993042770495
Middle Snake-Succor (17050103),1989,122.3844834345127,282.828757937007,97.13152597374295,100.26789804511623,150.94282244255902,2.3109854288705414,0.7936588303346276,0.8192860339094298,1.2333493446767518
Middle Snake-Succor (17050103),1990,58.829456863734215,113.22157472423146,35.19315619301588,46.77227643876744,68.47234658601599,1.924572837489982,0.5982233742958609,0.7950485850499243,1.163912608348866
Middle Snake-Succor (17050103),1991,77.22478611709052,163.78536020492737,52.839689931061045,63.47574003712489,94.37174163652375,2.1208910822568177,0.6842322599760126,0.8219607101388547,1.2220395339578476
Middle Snake-Succor (17050103),1992,179.91630441737806,384.60402830112474,102.61434176263138,159.25299944797416,214.6401556015542,2.1376830162590643,0.570344872828101,0.8851504590630751,1.1930000246315762
Middle Snake-Succor (17050103),1993,207.0677517192411,444.0453285547239,179.5887872691137,142.81072048709,190.4215860780437,2.1444446316140806,0.8672948142722603,0.6896811275602399,0.9196100527340076
Middle Snake-Succor (17050103),1994,173.69953720140614,362.52616621409425,96.66644591926463,132.92986014741484,182.3059480645194,2.0870876920860297,0.556515276187403,0.7652862079493137,1.0495476902343963
Middle Snake-Succor (17050103),1995,104.37623341895356,254.36342337708984,98.21421191389481,85.23416260507427,128.1922268289443,2.4369860364294413,0.9409633658619857,0.8166050815701948,1.2281744859904673
Middle Snake-Succor (17050103),1996,191.7077872169653,445.52446383606673,153.9890641899307,145.767699823068,196.56863133534512,2.3239768728426475,0.803248873848059,0.7603639994972943,1.0253554860183043
Middle Snake-Succor (17050103),1997,209.58674120525404,501.97637230394866,162.14169195333608,177.61930045142046,240.2355867553603,2.395076947221339,0.7736257122989774,0.8474739357556641,1.1462346586136907
Middle Snake-Succor (17050103),1998,207.0677517192411,455.9436629421439,221.8093353349767,124.36252387409363,168.91818134064138,2.2019057007020026,1.0711920784059288,0.6005885650543703,0.8157628599245819
Middle Snake-Succor (17050103),1999,209.58674120525404,463.62096398806153,119.29829959314557,180.696810671047,248.18668980878607,2.212072010480972,0.5692072833763538,0.8621576423772229,1.1841717103933118
Middle Snake-Succor (17050103),2000,191.7077872169653,497.1155390422124,140.3585940324764,178.37847250486803,242.29785362604122,2.5930899639439366,0.7321486313627185,0.9304706662906091,1.2638915567463131
Middle Snake-Succor (17050103),2001,189.18879773095236,483.03294490002617,99.63898853684894,191.69697818158866,262.1089068684614,2.5531794202051703,0.5266643148636461,1.0132575526707623,1.3854356601029285
Middle Snake-Succor (17050103),2002,162.03735042908932,392.71308971381814,65.99757505092087,163.35775733144868,215.62008676221893,2.4235960948131954,0.4072985325676668,1.0081487811227647,1.3306813903784391
Middle Snake-Succor (17050103),2003,189.18879773095236,463.41333089348154,117.9648126343429,172.7242591295693,235.81049857584458,2.449475531593087,0.6235295855207139,0.9129729730361865,1.2464295000763919
Middle Snake-Succor (17050103),2004,189.18879773095236,475.7684803534741,134.81610924648635,170.47618555349388,230.81828828780272,2.5147814567227713,0.7126009090570465,0.9010902738328624,1.2200420482403622
Middle Snake-Succor (17050103),2005,189.18879773095236,464.324278458157,148.8496296961286,157.73732438101416,215.22357319997815,2.454290550112159,0.7867782420596036,0.8337561540262775,1.137612669361376
Middle Snake-Succor (17050103),2006,193.98680992602695,447.8284302851391,168.36293090413585,141.27720280794358,188.94963589920647,2.3085509290858983,0.8679091685065482,0.7282825201456576,0.9740334199591132
Middle Snake-Succor (17050103),2007,178.49754939648074,413.24524503719914,104.11849313785605,156.50867760591606,209.60579423342847,2.3151311961112375,0.5833048884418401,0.8768113519490245,1.1742782740834707
Middle Snake-Succor (17050103),2008,193.98680992602695,447.76267770573764,116.60862871285043,167.24620538647454,228.80983037969497,2.3082119752187436,0.6011162756752216,0.8621524600061756,1.179512310486198
Middle Snake-Succor (17050103),2009,191.7077872169653,409.6038225765036,141.91175951729647,133.84603152960358,182.1602339653689,2.1366050306184716,0.7402503652952179,0.698177332661627,0.9501973634446526
Middle Snake-Succor (17050103),2010,191.7077872169653,456.5735376763821,139.94947216204483,158.3120327571686,213.88083101103916,2.3816118494949556,0.7300145403256728,0.8257986545846411,1.1156606318186726
Middle Snake-Succor (17050103),2011,192.40412448297974,413.7453135628186,186.63965818721513,113.55282768780178,157.77131253535669,2.1503973195721118,0.9700397987244055,0.5901787604238534,0.8199996385696674
Middle Snake-Succor (17050103),2012,192.16415770602845,438.5510273435249,119.23584652608777,161.41602310822037,218.91187332412116,2.282168707103109,0.6204895228614591,0.8399902720420611,1.139192011337573
Middle Snake-Succor (17050103),2013,194.6831471920414,420.4188330296544,124.28354287473174,150.13385655571724,203.24527648700683,2.159502962087111,0.6383888110876627,0.7711702770431414,1.0439798175571895
Middle Snake-Succor (17050103),2014,197.07284065078392,470.5661433780964,156.5028246085642,160.88626184975115,211.67020142793,2.387777746665492,0.7941369500320422,0.8163796762581003,1.074070890382165
Middle Snake-Succor (17050103),2015,211.8657639143157,424.16177091454404,175.30157779720022,137.75674330570524,186.17695229759107,2.002030734357282,0.8274181470305744,0.6502076633835839,0.8787495858598755
Middle Snake-Succor (17050103),2016,211.8657639143157,522.896603934182,151.61861013136192,198.237560988337,266.7584513426782,2.4680561610022833,0.7156352556927538,0.9356752942325769,1.259091825003697
Middle Snake-Succor (17050103),2017,211.8657639143157,484.02066985940735,169.67465966186842,168.05405865905416,226.14584720462764,2.2845629275674693,0.8008592635593993,0.793210075824331,1.0674015613777372
Middle Snake-Succor (17050103),2018,211.8657639143157,534.5485468228826,121.85936228871545,216.74441127486395,288.891141121445,2.5230529791451755,0.575172505634269,1.0230270680378606,1.3635574515865645
Middle Snake-Succor (17050103),2019,194.6831471920414,436.0711956911503,200.39760977460588,119.08159429739858,162.88152421155354,2.239902128051158,1.0293526310057417,0.6116687346333726,0.8366493276938977
Middle Snake-Succor (17050103),2020,194.683147192,487.45922085633964,161.6098193072656,164.2628863141817,223.58183331922058,2.5038593626987065,0.8301171500370451,0.843744765191117,1.1484395878330453
Middle Snake-Succor (17050103),2021,194.79381794300002,471.1119146320518,131.59794734570286,176.42327885053513,238.62992242861745,2.418515739395319,0.6755755841502663,0.9056923916454042,1.2250384788825517
Middle Snake-Succor (17050103),2022,191.57849119099998,419.2366131327188,135.6215761175434,147.36699233637756,198.7678915609822,2.188328191366473,0.7079165060462418,0.7692251432832069,1.037527179201002
Middle Snake-Succor (17050103),2023,212.56210118033013,466.5009611793229,196.01415976748407,144.30455251434378,196.24023342459813,2.1946572723401907,0.9221500854528749,0.6788818501183376,0.9232136506691515
Middle Snake-Succor (17050103),2024,109.97117062648445,256.3348366700412,65.67825673987728,99.82343469174,120.49597746345823,2.3309275986583695,0.5972315868397233,0.907723670877242,1.095705145057709
Middle Willamette (17090007),1985,38474.54478405097,71660.11890602334,39010.23746782094,28601.186163760216,37971.03817744883,1.8625332491452617,1.0139233014133548,0.7433794558010312,0.9869132536998627
Middle Willamette (17090007),1986,53907.59335251226,100454.00167448536,73795.30455823349,23588.953296172913,31574.577121531587,1.8634480863873308,1.3689222606483582,0.43758127249198736,0.5857166895776496
Middle Willamette (17090007),1987,33912.33892954521,72250.57788440732,38680.46800287384,29800.32241642297,39326.67988198334,2.1305100198046487,1.1406015988232097,0.8787457119467582,1.1596569603673381
Middle Willamette (17090007),1988,19313.319004949404,29483.783032423868,26130.230883876648,2558.0312107265763,3492.056400904711,1.526603636840881,1.3529642873490715,0.1324490736196628,0.18081078658773284
Middle Willamette (17090007),1989,48151.481000196145,72122.80237885151,61053.6453093717,9554.596372019201,12847.244598035622,1.4978314452790709,1.2679494802895677,0.19842788162591055,0.2668089190856516
Middle Willamette (17090007),1990,55851.51419931707,108271.48094919254,78766.63925741582,25431.16513687727,33763.67313052237,1.9385594553946122,1.4102865497311612,0.45533528502237514,0.6045256536829081
Middle Willamette (17090007),1991,55704.863680153285,97836.61760698202,89451.62888191536,7288.159594569515,9688.236719777318,1.7563388749812088,1.6058136215094174,0.13083524692595497,0.17392084065415414
Middle Willamette (17090007),1992,56282.67768064457,119392.21085344694,75435.54228483757,38469.91480428081,50831.253420077526,2.121295854665876,1.3402976793831474,0.6835125191193682,0.9031420592406929
Middle Willamette (17090007),1993,48922.577304515165,81323.85074335478,74537.98133970171,5654.624980947716,7500.029551891135,1.6622969439479884,1.5235906496860387,0.11558313753077434,0.15330405643201758
Middle Willamette (17090007),1994,36432.83321536106,65059.61148823953,48098.46658442375,14612.644613701637,19356.290599504893,1.7857412050185724,1.3201956131192165,0.4010844978023986,0.5312869983261077
Middle Willamette (17090007),1995,58949.42793631799,120637.99734569104,103271.81567444078,15049.55120935327,20052.40344680538,2.0464659551236717,1.7518713800921608,0.2552959670043114,0.3401628166513784
Middle Willamette (17090007),1996,59246.42371834462,113398.27217790058,98361.39636897002,13037.657921256528,17204.1850965021,1.914010417185549,1.6602081644045992,0.22005814196038379,0.29038352050227
Middle Willamette (17090007),1997,49046.46368390972,96254.42253665964,84421.62937781817,10353.409459926394,13813.643279561395,1.9625150379238667,1.7212582322324228,0.2110939032557194,0.2816440216482544
Middle Willamette (17090007),1998,27123.883432978342,51019.050736516554,44267.703380733685,5777.138590393424,7606.1645687403125,1.880964090653976,1.632056246301043,0.21299083535248273,0.2804231402754232
Middle Willamette (17090007),1999,61285.02304710573,113187.02469743627,92909.22594813292,18037.196625726658,24158.836764790438,1.8468953599060722,1.5160184548959013,0.2943165512373661,0.39420457990561814
Middle Willamette (17090007),2000,60666.84399012206,122117.21328678288,90229.144288152,28083.75743040735,37517.516791646885,2.012915214555521,1.4872892399486506,0.46291772545445126,0.618418798870691
Middle Willamette (17090007),2001,62944.62206062519,123664.716873734,88004.76614677999,31954.95809784423,42731.92704758738,1.9646589784052746,1.3981300270898138,0.5076678046786391,0.6788813030989378
Middle Willamette (17090007),2002,59465.566980860975,118139.43121890594,81512.38833471021,32381.500890538126,43166.85627625264,1.9866863668672188,1.3707493676289173,0.5445420355776668,0.7259134734248127
Middle Willamette (17090007),2003,59745.13745390856,121910.78294159626,76930.1060875328,40046.61288847659,53602.769594237,2.04051389178988,1.2876379462158218,0.6702907482532995,0.8971904974792266
Middle Willamette (17090007),2004,60634.10922535355,124290.60663828473,88119.53697245037,32025.558557970908,42876.93183815963,2.049846336100108,1.4532997696881156,0.5281772745921653,0.7071421083931925
Middle Willamette (17090007),2005,59943.45947374421,117134.8308940185,95172.09636136155,19419.718891658056,26090.578224024994,1.954088601531659,1.5876977604712288,0.3239672695261119,0.4352531277487064
Middle Willamette (17090007),2006,59915.1629951489,125330.0163800495,87705.68584460636,33467.41596661538,44795.706213058766,2.091791294804572,1.4638312150082533,0.5585800704460256,0.7476522465053747
Middle Willamette (17090007),2007,59971.14336414071,119660.35993338769,70926.2083790648,43460.09302980489,58368.21074907463,1.9952989591480375,1.182672272035997,0.7246834159208564,0.9732716015545478
Middle Willamette (17090007),2008,59162.428888880175,113844.05010604377,66152.87375758766,42236.02765284551,56550.2428576929,1.9242626147054829,1.1181568268915574,0.7138994873279103,0.9558472145203246
Middle Willamette (17090007),2009,60582.56664886583,124659.40361969665,82142.86026480494,37715.83208651401,50561.87988969776,2.057677819135951,1.3558828027360037,0.6225525621110358,0.8345945490020656
Middle Willamette (17090007),2010,55777.30087238005,112616.04588218259,101973.9797018024,9110.30957376105,12185.62943080567,2.0190300376823735,1.8282343911750332,0.1633336398727088,0.2184693278487375
Middle Willamette (17090007),2011,59049.043043143094,105773.3175635433,90142.00888736318,13357.739373919363,18051.86892479451,1.7912791149936498,1.5265617229648003,0.2262143243229154,0.3057097625037758
Middle Willamette (17090007),2012,46815.40701279268,85873.83922070224,68065.83684469711,15445.596403668147,20783.87529117772,1.8343072227746846,1.4539195787851975,0.32992549652398656,0.44395374551583755
Middle Willamette (17090007),2013,61393.2780275755,122348.42426149533,96903.72312169129,22102.382404984088,29804.412665193657,1.992863521744858,1.578409334620736,0.36001306845118364,0.4854670351989783
Middle Willamette (17090007),2014,59227.905754479725,126896.73331087659,94725.32441337952,28065.45287482407,37903.47682858956,2.1425159592322527,1.599336042811457,0.4738552295123373,0.6399597680477284
Middle Willamette (17090007),2015,60735.29804032773,132631.98344986766,82427.75864013542,44588.61606142884,59982.1085329739,2.183771015033155,1.3571639771225634,0.7341466577116715,0.9875988176290216
Middle Willamette (17090007),2016,56570.8029415755,120457.42120647006,77214.4479998428,38529.26247575999,51959.62368013332,2.129321398016475,1.3649169533546728,0.6810803536861898,0.9184883540330079
Middle Willamette (17090007),2017,58855.52677413456,117387.11395218497,90089.67282356202,24254.219407986326,33187.083001884945,1.9944960207844658,1.5306918102915366,0.4120975673374724,0.5638736890291463
Middle Willamette (17090007),2018,60992.47840767307,122593.287733599,74099.30823729819,43263.03218650238,58455.559707455235,2.0099738678298458,1.2148925600632132,0.709317498091039,0.9584060401143055
Middle Willamette (17090007),2019,63010.74749015513,127030.6830337191,90081.72663165555,32974.020809990914,44661.76520458931,2.016016125718339,1.4296247897349577,0.523307881963197,0.7087959908992877
Middle Willamette (17090007),2020,64158.57705101998,133252.180258514,100728.9699871261,28766.44972377454,38925.900703804626,2.076919195894099,1.5700000626108763,0.44836483360438273,0.6067139031598238
Middle Willamette (17090007),2021,60841.60833091099,124161.6435892741,67690.59352744886,49992.000786365075,67345.54944732846,2.040735723388051,1.1125707453242684,0.8216745440795046,1.1068995592792885
Middle Willamette (17090007),2022,64517.05845435404,125534.4271033771,98595.4887862942,23560.54238379873,31803.521639820603,1.9457555894646525,1.528208060757307,0.3651831461049618,0.49294748399482075
Middle Willamette (17090007),2023,63865.127868119875,128246.12353813807,74079.85434263213,47671.21833804036,63974.997541268014,2.0080774566515167,1.1599421596024273,0.746435808231378,1.0017203390459817
Middle Willamette (17090007),2024,65017.98888667929,139784.1243345312,106745.0078626332,28964.236384770415,38681.02982077161,2.149929992115917,1.6417765250887792,0.44548034906543427,0.5949281188655233
Molalla-Pudding (17090009),1985,50658.36961988799,95084.6963708975,54081.13162768392,38340.55330118406,61962.233414703776,1.8769790082933926,1.0675655776819983,0.7568453858438414,1.2231391156018965
Molalla-Pudding (17090009),1986,65521.546347712596,123554.30366188262,93189.02505878429,28417.183511161984,45218.774234341225,1.8857049405732773,1.4222653501528293,0.4337074610595488,0.6901359438980922
Molalla-Pudding (17090009),1987,45643.42723175678,97210.90322121399,59021.455253521955,35593.34723805411,56369.58161950945,2.1297897444821743,1.2930986745109558,0.7798132041515444,1.2349988823865063
Molalla-Pudding (17090009),1988,16968.211364549144,24986.924271415435,24138.333499150554,774.7556292765025,1248.801425807205,1.472572667477457,1.4225620473812342,0.045659239658881294,0.07359652699849466
Molalla-Pudding (17090009),1989,54583.381456460374,83328.83378719546,76634.40143142699,6335.545853886546,10424.191454278774,1.5266337768696965,1.403987796039278,0.11607096674544123,0.1909773849865615
Molalla-Pudding (17090009),1990,68981.74358728073,135245.21549341085,106948.32652690049,26686.32807438171,43492.819499680474,1.9605943320682921,1.5503859567072509,0.38686073570489304,0.6304975380138107
Molalla-Pudding (17090009),1991,68548.72649764961,124654.25476063105,115715.90010751926,8365.094969218524,13816.384143074165,1.8184765951108544,1.68808241990443,0.1220313694595821,0.2015556648386152
Molalla-Pudding (17090009),1992,64141.83485328341,135199.23934961707,87327.33195141422,44904.36405032906,70884.01161929738,2.107816835281821,1.3614723082238727,0.7000791940711127,1.1051135624890662
Molalla-Pudding (17090009),1993,58793.74494827375,82880.57562015248,80898.77677068941,1941.568655912832,3233.857123349449,1.4096835589069912,1.3759759110746133,0.03302338807675898,0.05500342130263296
Molalla-Pudding (17090009),1994,42178.35400021864,73697.1453848029,63610.146956737575,9521.425752961739,15663.14489351802,1.747274096671029,1.5081230281392166,0.2257419944105069,0.3713550531971168
Molalla-Pudding (17090009),1995,70050.25939525114,140335.7605519457,125205.55257426012,14294.542775832997,23496.282521932033,2.0033581854439126,1.7873674366828693,0.2040612397332829,0.33542034997125075
Molalla-Pudding (17090009),1996,68261.56654596825,122958.52781833541,115257.98374320162,7143.4350399837585,11678.747091402622,1.801284881669592,1.6884755152166828,0.10464797984343466,0.1710881786391175
Molalla-Pudding (17090009),1997,41313.78166793498,70951.81927679095,66520.4133157753,4127.453285798556,6946.458171555961,1.7173886391489321,1.6101264670090474,0.09990499826361846,0.16813900570490117
Molalla-Pudding (17090009),1998,25758.228670662513,46087.35094023203,43372.12557016201,2545.8217980918057,4286.329573130395,1.7892282706816516,1.6838163106906863,0.09883528214000928,0.16640622412100625
Molalla-Pudding (17090009),1999,75274.72612079413,136291.02577171443,123658.91585076043,11856.518439496442,20065.82691631418,1.810581489901495,1.6427680607209874,0.15750995122147857,0.2665679166220325
Molalla-Pudding (17090009),2000,76230.6955641804,149953.5479142622,120104.63115344118,27931.597061050565,45804.93729894687,1.9671019240276093,1.575541588129972,0.36640879181712704,0.6008726138459884
Molalla-Pudding (17090009),2001,78541.31170531042,153366.47137212715,114241.2600594309,36732.29104349787,58945.980942056725,1.952685383554112,1.4545372056946013,0.4676811507976672,0.7505092500011201
Molalla-Pudding (17090009),2002,74969.83832959249,149398.38975017768,109353.1479030454,37346.98446839347,60068.93896399431,1.9927799376246802,1.4586285676953497,0.49816013080091803,0.8012414099108919
Molalla-Pudding (17090009),2003,72479.67313106245,146670.9067787952,91927.40296738101,51267.919008721845,81353.17513279508,2.0236143520346093,1.268319778445357,0.7073420283782995,1.1224274561184484
Molalla-Pudding (17090009),2004,75924.55647694957,154972.4433603543,111169.41075579774,40869.92997217738,65588.44041562427,2.0411372887954027,1.4642088925412213,0.5382965916249421,0.8638633330118523
Molalla-Pudding (17090009),2005,74356.4752526808,141601.77324134027,117011.33490570424,23041.1568656053,36917.42512766444,1.9043637122408523,1.573653599206689,0.3098742481714743,0.4964924036838802
Molalla-Pudding (17090009),2006,77106.07992856223,157239.3563051806,112897.79644479307,41541.771119477016,66357.02415772482,2.0392601523882528,1.4641879933384163,0.5387612903932468,0.8605939274724345
Molalla-Pudding (17090009),2007,73765.48229726289,144393.87474028126,87741.67114145869,53087.13541984848,84513.0227320288,1.9574721162724518,1.189467870458354,0.7196744841430841,1.145698775362914
Molalla-Pudding (17090009),2008,75114.51635090496,141444.72968330007,89140.10114890781,48690.329633664274,77263.794041799,1.8830545220117894,1.1867226932871529,0.6482146461038575,1.0286133465980594
Molalla-Pudding (17090009),2009,76258.80731786111,153655.7264518013,105861.41783353985,44632.21861988617,71401.88289796807,2.014924332757202,1.3881861198312409,0.585272969636814,0.9363099871251793
Molalla-Pudding (17090009),2010,68513.588524953,135267.17346522782,128607.99982722735,6045.705309405763,10054.538377406501,1.9743116128848344,1.877116680005568,0.08824096707770439,0.14675247047882461
Molalla-Pudding (17090009),2011,74250.72035742119,129676.14431070925,120085.52685512594,8930.026265326815,14651.567419851648,1.7464631142497518,1.6172978023252762,0.12026854719173481,0.19732559292789753
Molalla-Pudding (17090009),2012,55003.61288631855,105691.71587623835,85325.25580427145,18720.097833892025,30922.790125387153,1.9215413375605335,1.5512663864575889,0.3403430584202299,0.5621956177551166
Molalla-Pudding (17090009),2013,78981.17925852897,153350.75705825022,132109.21024997812,19879.163723004425,32036.439669844858,1.9416113876482832,1.6726669757303225,0.2516949469434229,0.40562118685237697
Molalla-Pudding (17090009),2014,74640.27874814766,158932.41240237013,126233.95162147666,30568.200967865872,48843.59035520436,2.129311613889362,1.691230977947137,0.4095402841542105,0.6543864944558035
Molalla-Pudding (17090009),2015,77478.53862198998,166699.18859750064,109146.993770629,53462.88286561256,85032.2051052474,2.151553082471125,1.4087384159779552,0.6900347349922616,1.097493662343207
Molalla-Pudding (17090009),2016,66529.60075185305,137470.56277146374,97842.99425853197,36941.92881184658,58594.04774879744,2.0663067449361594,1.470668591917061,0.5552705621913361,0.8807214696409466
Molalla-Pudding (17090009),2017,71719.3468105138,141564.7282553897,111129.59811609093,28521.578146404292,46468.94226586212,1.973870852859424,1.549506556573933,0.3976831833362867,0.6479275722997792
Molalla-Pudding (17090009),2018,74971.83587754954,149843.43454430773,90655.6555348886,55113.179882065844,88066.92388046179,1.9986630017843625,1.209196153112153,0.7351184513085879,1.1746667645207498
Molalla-Pudding (17090009),2019,77482.68386395369,157768.32963360264,114877.04731737653,40089.26339600927,64373.51639227578,2.0361753331959536,1.4826157483016584,0.5173964219721551,0.83081164954617
Molalla-Pudding (17090009),2020,77433.7675528109,159680.96867118974,122914.08086696934,34194.98897689637,54742.731488253834,2.0621619445584267,1.5873447044035438,0.4416030635933466,0.7069620040238715
Molalla-Pudding (17090009),2021,72738.3798504449,147266.77880586404,83199.55289468169,59976.86316717841,95149.8846945987,2.0246090043338145,1.1438191648720482,0.8245559399383786,1.3081111359674686
Molalla-Pudding (17090009),2022,76931.51547006598,147635.214469095,118614.8936047692,27071.130341467044,43670.64231878786,1.9190472664813134,1.5418244770041245,0.351886092143868,0.5676560776419397
Molalla-Pudding (17090009),2023,74321.98486690217,146521.84694650405,88327.33654575348,54284.56036628382,87279.06825701773,1.9714469037512836,1.1884415722202855,0.7303970751520977,1.1743371549255506
Molalla-Pudding (17090009),2024,77353.53043971307,165899.5791436129,129570.31305073106,33792.68837962398,53985.49792010447,2.1446930502145585,1.6750407164895225,0.43686032411876724,0.6979060634107591
Necanicum (17100201),1986,5.700065840670828,9.327753786497132,7.350718591061818,0.988517597717657,1.3180234636235428,1.6364291303342855,1.2895848568297814,0.17342213675225207,0.23122951566966943
Necanicum (17100201),1988,1.879855486141678,3.45755193339565,2.7116480292434693,0.37295195207609044,0.4972692694347872,1.839264751404974,1.4424768548613327,0.1983939482718207,0.26452526436242757
Necanicum (17100201),1990,1.879855486141678,3.476575267180997,3.476575267180997,0.0,0.0,1.849384323853807,1.849384323853807,0.0,0.0
Necanicum (17100201),1991,5.700065840670828,9.665419851294075,8.280339624532473,0.6925401133808003,0.9233868178410672,1.695668106555866,1.4526743823643233,0.1214968620957713,0.1619958161276951
Necanicum (17100201),1992,5.700065840670828,10.299022632518565,6.7430216328930355,1.7780004998127645,2.370667333083686,1.806825205251751,1.1829725868744463,0.3119263091886524,0.4159017455848698
Necanicum (17100201),1993,10.104386365104045,12.95813078255098,12.95813078255098,0.0,0.0,1.2824262962966726,1.2824262962966726,0.0,0.0
Necanicum (17100201),1994,10.104386365104045,15.415983289250867,15.207450228114226,0.10426653056832069,0.13902204075776092,1.525672389417992,1.5050345145781285,0.010318937419931791,0.013758583226575721
Necanicum (17100201),1995,10.104386365104045,18.53563106965003,17.279852883213266,0.6278890932183802,0.8371854576245069,1.8344143226414689,1.710133822959306,0.06214024984108125,0.082853666454775
Necanicum (17100201),1996,10.104386365104045,17.661484722032558,14.254686369295563,1.7033991763684984,2.2711989018246643,1.7479027507328198,1.4107424097048353,0.16858017051399227,0.224773560685323
Necanicum (17100201),1997,1.879855486141678,2.922990874883373,2.922990874883373,0.0,0.0,1.5549019041259842,1.5549019041259842,0.0,0.0
Necanicum (17100201),1998,1.879855486141678,4.329905180110163,2.9405696265263317,0.6946677767919158,0.926223702389221,2.3033181071791353,1.564253022747894,0.3695325422156207,0.4927100562874942
Necanicum (17100201),1999,1.879855486141678,3.2510079370469045,2.1476486564356176,0.5516796403056434,0.7355728537408579,1.7293924777800114,1.1424541260049588,0.2934691758875263,0.39129223451670175
Necanicum (17100201),2000,4.016373775264466,6.476610395582096,4.977913907822809,0.7493482438796433,0.9991309918395244,1.6125517090738477,1.2394050420506564,0.18657333351159555,0.2487644446821274
Necanicum (17100201),2001,1.879855486141678,4.539380980700537,2.612122754052118,0.9636291133242096,1.284838817765613,2.4147499710296456,1.3895338090128335,0.5126080810084059,0.6834774413445412
Necanicum (17100201),2002,1.879855486141678,3.899403467024398,2.1343187180060967,0.8825423745091507,1.176723166012201,2.074310230637864,1.135363188149475,0.4694735212441945,0.6259646949922594
Necanicum (17100201),2003,1.879855486141678,3.457355491096761,1.929434359965901,0.76396056556543,1.0186140874205734,1.8391602527877466,1.0263737687230317,0.4063932420323575,0.5418576560431433
Necanicum (17100201),2004,1.879855486141678,4.6244380879047515,2.965434235730247,0.8295019260872527,1.1060025681163368,2.4599965912253237,1.5774798954448739,0.44125834789022506,0.5883444638536333
Necanicum (17100201),2005,1.879855486141678,4.203076062881035,3.566185903861594,0.31844507950972056,0.4245934393462941,2.235850624617782,1.8970532203946358,0.1693987021115731,0.22586493614876416
Necanicum (17100201),2006,1.879855486141678,4.76019278530172,2.4430544502466187,1.1585691675275505,1.544758890036734,2.532212087787561,1.299596946816844,0.6163075704853587,0.8217434273138116
Necanicum (17100201),2007,1.879855486141678,4.4111175502639695,2.9423056383356245,0.7344059559641722,0.979207941285563,2.346519497260716,1.565176504271921,0.39067149649439736,0.5208953286591965
Necanicum (17100201),2008,10.104386365104045,20.705264862327898,13.72915662112575,3.488054120601076,4.650738827468101,2.0491362972653606,1.3587323490063694,0.3452019741294957,0.4602692988393276
Necanicum (17100201),2009,10.104386365104045,22.346136889507225,13.088296710133012,4.628920089687106,6.171893452916141,2.21152834838943,1.2953084172764846,0.45810996555647265,0.6108132874086302
Necanicum (17100201),2010,6.284176010574894,13.685940640386676,8.167084030107453,2.7594283051396102,3.679237740186147,2.177841711841971,1.2996268749258513,0.4391074184580597,0.5854765579440796
Necanicum (17100201),2011,1.879855486141678,4.162236964368977,2.362701264427987,0.8997678499704949,1.1996904666273267,2.214126029927858,1.2568526048123672,0.47863671255774526,0.6381822834103271
Necanicum (17100201),2012,8.420694299697683,14.78187837904612,9.394858508401715,2.6935099353222025,3.5913465804296036,1.7554227541043514,1.1156869224832215,0.31986791581056495,0.4264905544140866
Necanicum (17100201),2013,6.284176010574894,14.340039980699686,8.648713308749384,2.8456633359751513,3.794217781300202,2.281928443214915,1.3762684708696082,0.4528299861726537,0.6037733148968716
Necanicum (17100201),2014,1.879855486141678,4.8833023595848255,3.2586749476956083,0.8123137059446085,1.083084941259478,2.5977009379628386,1.7334709884449135,0.43211497475896254,0.5761532996786167
Necanicum (17100201),2016,4.016373775264466,8.920192175599773,8.369423134705542,0.2753845204471158,0.3671793605961544,2.2209566825020928,2.083825760005228,0.06856546124843238,0.09142061499790985
Necanicum (17100201),2017,5.700065840670828,12.55284794622521,7.661268663380508,2.4457896414223512,3.261052855229802,2.2022285877223995,1.3440666963381724,0.4290809456921135,0.5721079275894848
Necanicum (17100201),2018,1.879855486141678,4.789289152809124,3.464713048708566,0.6622880520502785,0.883050736067038,2.5476900687929644,1.8430741481196191,0.3523079603366725,0.46974394711556333
Necanicum (17100201),2019,1.879855486141678,4.148892376464092,2.6414110383456597,0.7537406690592164,1.0049875587456218,2.2070272991992135,1.405113881262778,0.40095670896821783,0.534608945290957
Necanicum (17100201),2020,1.879855486,4.438081252678619,3.510323873318912,0.46387868967985313,0.6185049195731375,2.3608629949114177,1.8673370902506234,0.2467629523303969,0.32901726977386253
Necanicum (17100201),2021,1.879855486,4.373037232147128,2.762624065727655,0.8052065832097368,1.0736087776129826,2.3262624519356954,1.4695938524540684,0.42833429974081355,0.5711123996544182
Necanicum (17100201),2022,1.879855486,3.4654357855965126,3.4192436532309225,0.023096066182795277,0.030794754910393702,1.843458612326816,1.8188864403116796,0.01228608600756839,0.016381448010091188
Necanicum (17100201),2023,1.879855486141678,4.577330117211497,3.2173467319625937,0.6799916926244517,0.9066555901659356,2.434937233715911,1.7114862050199713,0.36172551434797,0.4823006857972933
Necanicum (17100201),2024,1.879855486141678,3.8961120109901373,3.8961120109901373,0.0,0.0,2.0725593215607963,2.0725593215607963,0.0,0.0
North Fork John Day (17070202),1985,499.953048759,892.1279762847776,357.91856652721873,309.5933525298279,611.1162405673791,1.7844235143664933,0.7159043582505518,0.6192448536883828,1.22234726257658
North Fork John Day (17070202),1986,391.4949129123957,686.291373922567,424.41123975423346,152.56225490511304,297.5790171234074,1.7530020219602125,1.08407855570068,0.38969153844216536,0.7601095373364309
North Fork John Day (17070202),1987,640.0340317692468,1171.4121394758354,577.7851827319034,350.85368616764913,692.5867285281417,1.8302341458901794,0.9027413450730599,0.5481797353771704,1.0821092225574684
North Fork John Day (17070202),1988,424.2429690611221,744.0586163113277,364.5013516506531,209.00142834772367,412.7874884506946,1.753850200412228,0.8591806540891386,0.4926455912993861,0.9729978303805971
North Fork John Day (17070202),1989,650.0175906327222,1149.592744462821,829.6980490084006,180.67337290317622,358.0133174878254,1.7685563606729722,1.2764239936965072,0.27795151316952843,0.5507748138620956
North Fork John Day (17070202),1990,698.5598622891025,1353.8427582525217,705.273336696762,380.6300719282929,756.4265716849154,1.9380483067208163,1.0096104496838112,0.5448782451957814,1.0828371518600999
North Fork John Day (17070202),1991,815.8536947760591,1528.6412310004143,813.8735577668853,420.67147161609535,836.0396831712374,1.873670782872419,0.9975729263446954,0.5156212128592051,1.0247421670385632
North Fork John Day (17070202),1992,119.60426220252236,224.26888189348216,129.0189676838019,50.86434696688714,97.40950745104493,1.875091052472146,1.0787154680603095,0.4252720265165805,0.8144317406189446
North Fork John Day (17070202),1993,815.8536947760591,1442.112611753895,1017.3490977172166,255.43305739698357,507.57516219762044,1.767611792393409,1.2469749223804953,0.3130868426931578,0.622139932009431
North Fork John Day (17070202),1994,522.5655785294886,1075.0834571750584,450.26174135096966,354.9115094387515,703.1882573075403,2.0573177823927242,0.8616368162212606,0.6791712351921085,1.3456459556450848
North Fork John Day (17070202),1995,815.8536947760591,1590.3198286235988,908.3747801967216,405.6251285194225,806.974226905496,1.9492708543289987,1.1134040159566334,0.4971787602564712,0.9891163477870866
North Fork John Day (17070202),1996,550.8642332896676,1030.8169173251483,521.1204602437972,291.080660122851,577.7928089284205,1.8712721847437523,0.9460052563800601,0.5284072599605292,1.0488842331947021
North Fork John Day (17070202),1997,726.0789854765289,1353.9723224922327,864.615967326745,279.91211941159906,554.9022061554398,1.8647727720746725,1.1908015307167905,0.38551194155260043,0.7642449612988799
North Fork John Day (17070202),1998,882.246441489884,1670.7946033634162,999.676588399343,394.0095939695771,784.4051160572461,1.8937957976252986,1.1331035653837835,0.44659811073218697,0.8890997788923813
North Fork John Day (17070202),1999,395.5677641585654,634.3661403837968,318.9299496975765,169.49421627306458,338.98843254612916,1.6036851277130557,0.8062586959682886,0.4284833892711286,0.8569667785422572
North Fork John Day (17070202),2000,453.06961570513766,842.4679576935736,454.75379225886394,208.4217828936018,412.9761602450402,1.8594669085950366,1.0037172577797016,0.46002154121331507,0.9115070751374538
North Fork John Day (17070202),2001,206.4038970019127,345.7959287081373,174.59556340938622,100.39498761208657,200.78997522417313,1.6753362399205713,0.8458927662967928,0.4864006400574706,0.9728012801149412
North Fork John Day (17070202),2003,295.3132743412542,528.8043741503811,290.6487896836611,119.07779223336001,238.15558446672003,1.7906556192909648,0.9842049610942887,0.403225329098338,0.806450658196676
North Fork John Day (17070202),2004,618.2044569505547,1244.1439097176242,757.6932898462647,267.4047888344371,531.6229892654495,2.0125120350226355,1.2256354371558125,0.43255072950052303,0.8599468724114518
North Fork John Day (17070202),2005,483.9579192500478,863.4146418221114,474.6687796993815,220.80238890110354,441.6047778022071,1.784069662833658,0.9808058941052955,0.4562429503029188,0.9124859006058376
North Fork John Day (17070202),2006,659.6862387627041,1277.502630972079,782.1184803996598,283.3143751158292,563.5050712295318,1.9365306654996177,1.1855916259017127,0.429468372187373,0.8542016463560496
North Fork John Day (17070202),2007,68.27616554587708,128.42674734026306,57.575631392768216,51.42498841633946,99.94788949132887,1.8809894538375733,0.8432757014463735,0.7531909269536419,1.4638767231907668
North Fork John Day (17070202),2008,515.6529803089496,949.045058770227,527.8484769445798,238.04672409470786,474.8878969406854,1.840472362249538,1.0236505888675818,0.46164132310858347,0.9209447342981706
North Fork John Day (17070202),2009,384.0952931847801,671.0203167165047,428.45808162905024,132.37877207538025,264.7575441507605,1.7470152033175035,1.1154994326445136,0.3446508572852926,0.6893017145705852
North Fork John Day (17070202),2010,710.1026499459592,1247.5021088869662,791.884303912043,248.77715482685505,494.60251272010197,1.7567912314957628,1.115168777320163,0.35033970771097345,0.6965225559399653
North Fork John Day (17070202),2011,748.8560372422833,1316.0410486581509,752.4983036623989,320.19028168534726,635.796020800493,1.7574019346957095,1.0048637738617006,0.4275725450040721,0.8490230287010279
North Fork John Day (17070202),2012,562.0920171215009,932.6032295741096,562.1894999395574,194.5372581327584,384.8687958892126,1.659164693976644,1.0001734285759043,0.3460950381914204,0.6847078132511887
North Fork John Day (17070202),2013,319.4411894662034,488.5168421110534,305.6196631048917,108.54050222249727,213.21708087770392,1.529285697086781,0.9567321722524013,0.3397824256911639,0.667468967398965
North Fork John Day (17070202),2014,390.0631029336509,755.0116332271562,348.58245421395003,220.6592669373032,436.00471603008316,1.93561407769343,0.8936565688789163,0.5657014602963792,1.117779950861558
North Fork John Day (17070202),2015,450.33993655758894,880.9616887903328,414.1744915982814,252.99225267469586,501.40218969506617,1.9562148885227204,0.9196930096056832,0.5617806286703678,1.1133860201868804
North Fork John Day (17070202),2016,373.6982572276348,684.6085673819146,345.3985314417149,190.58358788011589,381.16717576023177,1.8319822320308323,0.9242711860743803,0.5099932477448608,1.0199864954897215
North Fork John Day (17070202),2017,412.5062074070349,761.5058596765609,433.21148528619716,184.43298667023592,366.24941851489365,1.8460470315423771,1.0501938577101984,0.44710354258560087,0.8878640174098084
North Fork John Day (17070202),2018,475.9213590388817,900.1505022784359,373.55985567764066,296.78568740179406,588.9520716455736,1.8913849634659823,0.7849192909350422,0.6236023699401719,1.2374987179288535
North Fork John Day (17070202),2019,561.3048815945406,1086.8519572419007,790.9860337386035,180.15598883114058,356.97275147765043,1.9362952165219005,1.409191438869355,0.3209592411157338,0.6359694404644609
North Fork John Day (17070202),2020,710.324454958,1323.3769810240897,716.0286471334283,330.91017391605794,657.8179737071869,1.8630598619926975,1.0080304037621308,0.4658577803514085,0.9260809889279149
North Fork John Day (17070202),2022,773.867876298,1355.5105640789002,941.7283610423839,255.36943838639797,507.0943140713482,1.7516046415614774,1.2169110385449626,0.3299910051933214,0.6552724691160032
North Fork John Day (17070202),2023,452.76984407561514,867.4634292907426,547.568348949054,187.96627249156285,370.8297197828175,1.9159037215956267,1.2093745997306458,0.41514750805747436,0.8190247752473702
North Fork John Day (17070202),2024,356.0499417333628,699.942752856967,436.1998868228801,152.63001003375706,299.8430697269326,1.9658555466950116,1.225108715646244,0.42867584612064896,0.842137673909459
North Santiam (17090005),1985,5439.390430509999,9075.3468848234,5826.709971298084,2958.3556588466195,4139.776519563916,1.6684492501069634,1.0712064239065424,0.5438763215548849,0.761073611547272
North Santiam (17090005),1986,6685.870368858093,12700.917097263804,9483.477040972954,2902.748358884711,4074.7517784406814,1.8996654730882923,1.4184356737076067,0.43416162724382634,0.6094571916052008
North Santiam (17090005),1987,6412.45037985368,13130.0180937822,8356.432149739385,4359.26387466811,6123.168062692338,2.04758201872929,1.3031573976764343,0.6798124923295827,0.9548873987282311
North Santiam (17090005),1988,3109.8315841940343,4551.146581151386,4346.624197416802,192.2260960636441,268.026044372352,1.4634704349531176,1.3977040491545796,0.061812381429479486,0.08618667510311992
North Santiam (17090005),1989,5797.782174894252,9483.452792347345,8109.738245859174,1282.5932022277134,1838.952567447595,1.6357035339155903,1.3987655971237123,0.22122135042976274,0.31718207272613447
North Santiam (17090005),1990,6619.555211614539,13199.48634024654,9253.522717501604,3608.4209735768623,5070.326373067692,1.9940140867904517,1.397907022705326,0.5451153224382205,0.7659617921414718
North Santiam (17090005),1991,7523.455807251581,13868.54488057083,12641.634697725483,1149.870643982014,1652.2597955244382,1.843374273190181,1.680296265652372,0.15283809374857976,0.21961447476462692
North Santiam (17090005),1992,7549.6559659362365,16052.613457283984,10804.572881974414,4825.044843233005,6891.369804430211,2.1262708565413804,1.4311344690041825,0.6391079096853454,0.912805806718056
North Santiam (17090005),1993,5689.654486307779,8848.795474412587,8508.869535689142,319.76588528054066,446.3266315078848,1.555243028501523,1.4954984623698746,0.05620128358410182,0.07844529620945792
North Santiam (17090005),1994,6707.277403162916,11986.64766178784,10183.030277883507,1685.367271608465,2418.345917487478,1.7871107666033552,1.5182062207657534,0.25127442482305934,0.360555523817618
North Santiam (17090005),1995,7498.90942160906,15918.354466416955,13997.615781949271,1823.6075332156781,2534.974069619966,2.1227559330889094,1.8666201970133636,0.24318303245012154,0.33804569799377976
North Santiam (17090005),1996,5765.308085209074,10605.364458385931,9591.33996175448,976.684374797911,1324.9731861770415,1.8395139169741934,1.6636300818617324,0.16940714361884657,0.22981827971626817
North Santiam (17090005),1997,7375.143273519092,14336.321344363267,13095.705783747493,1188.8267087643512,1654.9284248182528,1.9438702154897405,1.7756544243375494,0.16119371036938457,0.22439271529278293
North Santiam (17090005),1998,4511.62748638725,7981.167171686499,7535.0818590952595,439.0306860469787,586.6631898799351,1.7690217545149172,1.670147165702522,0.09731093432949597,0.13003360575536213
North Santiam (17090005),1999,7744.803500276631,14628.594036236449,12845.785044061842,1703.884971955633,2399.4131331000763,1.8888270097122466,1.658632790825876,0.22000364139577888,0.3098094268000955
North Santiam (17090005),2000,8496.138540276314,16692.186142231443,13183.376067467958,3315.1260027807484,4722.815676655838,1.9646791378343715,1.551690336141718,0.39019208397617927,0.5558779031517819
North Santiam (17090005),2001,8249.010699153358,16598.761204426024,12623.406727480618,3749.347954993195,5338.648376987751,2.0122123500372777,1.5302934118846796,0.45452092277902023,0.6471865017141616
North Santiam (17090005),2002,8118.751611329823,16348.191445527054,12200.816500360586,3893.8831941200974,5524.350123367583,2.0136336506111285,1.5027946517459887,0.4796160026236217,0.6804432981615401
North Santiam (17090005),2003,8053.306998411921,15990.386011212153,11001.579802362297,4665.877817592053,6622.752122369877,1.9855676698237619,1.366094674465007,0.579374140152877,0.8223642937833932
North Santiam (17090005),2004,8095.5461261819255,17215.948726945677,12900.448689120987,4019.169716309593,5716.216426900877,2.1265951003932053,1.5935242030675922,0.49646677983973636,0.7060939852363977
North Santiam (17090005),2005,8350.947705382816,16493.821068235753,13896.967370094226,2450.9152403368403,3519.0159980040175,1.9750837449986953,1.6641185959213445,0.2934894729082114,0.4213912147642532
North Santiam (17090005),2006,8103.605271855823,16413.210270476724,12465.668633446447,3646.1603345056797,5127.495865053318,2.0254207503764436,1.5382867520386587,0.44994298367036145,0.6327425501413965
North Santiam (17090005),2007,7942.072306726592,16602.06040301905,10104.46857486841,5941.6957320786805,8569.199059868335,2.0903940132801138,1.2722710376623443,0.748129140935461,1.0789626093696723
North Santiam (17090005),2008,8108.103758696752,16054.656880368302,9300.064430874774,6196.258034087121,8904.856132312905,1.9800754107454628,1.1470085617613768,0.7642055674782177,1.0982661787919963
North Santiam (17090005),2009,7951.178349196018,16784.41845037719,11239.502835471603,5161.918862049732,7332.646756241187,2.110934721024632,1.4135644230151225,0.649201745370443,0.9222088141165424
North Santiam (17090005),2010,7418.710932678577,14290.144393688204,13105.549803123455,1100.7834406751467,1553.9234507634646,1.9262301123961774,1.7665535053259724,0.14837934119070756,0.20946003488538809
North Santiam (17090005),2011,7647.051227555107,13967.034049968053,12086.035981089544,1739.7896850067016,2458.3870564298472,1.8264601131008185,1.5804831982214478,0.2275111847999143,0.32148170363647943
North Santiam (17090005),2012,7395.630933069165,14456.498890901385,11454.131335508191,2709.31628315827,3827.075707829407,1.9547350350137038,1.548770002068608,0.36634011454569865,0.5174779193911427
North Santiam (17090005),2013,8340.107917979427,16961.195271484736,13156.241023083654,3466.2141103692647,4845.198474772403,2.033690143855351,1.5774665211131993,0.4156078247976713,0.5809515323329603
North Santiam (17090005),2014,8293.066889465712,18919.30615321154,14027.938878610325,4488.764537768219,6387.423942646766,2.281340112816868,1.6915260741993228,0.5412671328468462,0.7702125194191315
North Santiam (17090005),2015,8187.76186677139,18444.36839335101,11273.732665083573,6624.1175364503815,9483.427729649857,2.252675235732524,1.3769004092358939,0.8090266478478341,1.1582442044555181
North Santiam (17090005),2016,6361.249982501211,13380.75911646221,9251.810334745014,3742.3739064579204,5123.454987275842,2.103479528908714,1.4544013142378112,0.5883079452548787,0.8054163885037773
North Santiam (17090005),2017,8214.991207972838,16837.470028042655,13420.605741201014,3167.6689887422767,4474.455643178437,2.049602927353288,1.6336725629329958,0.3855961508112122,0.5446695595773583
North Santiam (17090005),2018,8368.694203921143,16750.20238786895,10831.47209322201,5472.257847047304,7721.785442811608,2.001531180338823,1.2942846075253813,0.6538962607192987,0.9226989605132869
North Santiam (17090005),2019,8133.301998794908,16621.18670614298,12369.3771608216,3917.334193813331,5549.227655092037,2.0435964026179896,1.520830919920881,0.48164130563377,0.6822847173158273
North Santiam (17090005),2020,8535.256072789,17939.477540512926,14334.978746212488,3302.7948633521755,4676.785501113915,2.101808942523148,1.6795018947250353,0.38695908302994203,0.5479373391061856
North Santiam (17090005),2021,7435.219020813999,15728.803601164138,8678.925240429799,6413.752299540314,9086.207764954397,2.115445901073425,1.1672723044384024,0.8626178034010549,1.2220497795046326
North Santiam (17090005),2022,8598.679677297998,17153.737757417013,14104.522494725346,2816.20204664982,3990.526425193726,1.9949269424125484,1.6403125856593688,0.32751563639300124,0.46408594981499385
North Santiam (17090005),2023,8190.976009400019,16293.389131127093,9555.469770664013,6177.132006873004,8771.068548906493,1.989187749106906,1.166585002775993,0.7541387009050063,1.0708209301114733
North Santiam (17090005),2024,8503.208028288596,18879.435229713654,14944.14519277543,3575.470978526844,5009.957392031468,2.2202720628385513,1.7574714323181357,0.42048494716722384,0.5891843849244036
North Umpqua (17100301),1986,4.970535944225825,10.052980182952947,6.028511015265405,4.024469167687541,5.365958890250055,2.0225143316046834,1.2128492949072442,0.8096650366974388,1.079553382263252
North Umpqua (17100301),1989,4.970535944225825,9.351734003205891,6.990289925783189,2.3614440774227026,3.1485921032302704,1.8814337343379681,1.406345312501698,0.47508842183627026,0.6334512291150272
North Umpqua (17100301),1991,4.970535944225825,9.171207450203141,7.389541229416651,1.7816662207864902,2.3755549610486533,1.8451144007633937,1.486668904990203,0.3584454957731907,0.4779273276975875
North Umpqua (17100301),1992,4.970535944225825,11.906501405815414,6.600731043428286,5.305770362387128,7.074360483182837,2.3954160153789785,1.3279716951038707,1.067444320275108,1.4232590937001441
North Umpqua (17100301),1993,1.738402756291558,3.4652364933515543,3.3227471515577713,0.14248934179378311,0.18998578905837749,1.993345029401448,1.91137936219453,0.08196566720691817,0.10928755627589089
North Umpqua (17100301),1999,4.970535944225825,9.329665834539725,5.89225366376797,3.4374121707717533,4.583216227695671,1.8769939377217093,1.1854362849166973,0.6915576528050116,0.9220768704066822
North Umpqua (17100301),2000,4.970535944225825,9.353883586560096,6.4508755877306045,2.9030079988294917,3.8706773317726553,1.88186619944401,1.2978229430619976,0.5840432563820125,0.7787243418426832
North Umpqua (17100301),2001,4.970535944225825,8.772397890240372,6.448611618663666,2.323786271576706,3.0983816954356085,1.7648796807175486,1.2973674652036051,0.46751221551394345,0.623349620685258
North Umpqua (17100301),2003,4.970535944225825,7.322901736355071,6.5536049972522346,0.7692967391028372,1.0257289854704497,1.4732620020305747,1.3184906156579415,0.1547713863726334,0.20636184849684452
North Umpqua (17100301),2004,4.970535944225825,8.817152402477106,7.330687881462113,1.4864645210149918,1.9819526946866555,1.7738836418072423,1.4748284619042,0.2990551799030422,0.39874023987072293
North Umpqua (17100301),2005,4.970535944225825,9.693742844981637,9.62661479195732,0.06712805302431797,0.08950407069909064,1.9502409707433401,1.9367357765796607,0.013505194163679539,0.01800692555157272
North Umpqua (17100301),2006,4.970535944225825,8.463073311413376,7.350959702027801,1.1121136093855768,1.4828181458474359,1.7026480456790107,1.4789068592426675,0.22374118643634347,0.29832158191512465
North Umpqua (17100301),2007,4.970535944225825,7.751159850669178,6.0552898362611955,1.6958700144079832,2.261160019210644,1.5594213456344783,1.2182368066959677,0.34118453893851075,0.45491271858468096
North Umpqua (17100301),2008,4.970535944225825,8.852104199307593,6.97871736088442,1.8733868384231727,2.4978491178975637,1.7809154382216894,1.4040170796856344,0.37689835853605486,0.5025311447147398
North Umpqua (17100301),2009,4.970535944225825,9.875243545988704,7.473756587096824,2.401486958891879,3.201982611855839,1.986756288818429,1.5036118179125015,0.48314447090592716,0.6441926278745695
North Umpqua (17100301),2011,4.970535944225825,10.218210661320676,8.932389317582432,1.2858213437382424,1.7144284583176566,2.0557563160147696,1.7970676437737094,0.25868867224106007,0.3449182296547468
North Umpqua (17100301),2012,1.738402756291558,3.9476660260153107,2.3990321060752526,1.548633919940058,2.064845226586744,2.270858126362303,1.3800208826135205,0.8908372437487825,1.1877829916650433
North Umpqua (17100301),2013,4.970535944225825,10.37181176751644,6.924832124691106,3.4469796428253363,4.595972857100448,2.0866586388063793,1.3931761488890446,0.693482489917335,0.9246433198897799
North Umpqua (17100301),2014,4.970535944225825,10.79810877577611,7.854550115644162,2.9435586601319472,3.924744880175929,2.172423436213164,1.5802219727972475,0.5922014634159164,0.7896019512212218
North Umpqua (17100301),2017,6.708938700517383,14.362463211914964,10.422957738571085,3.9395054733438757,5.252673964458501,2.1407951172377464,1.5535926327315055,0.5872024845062405,0.7829366460083207
North Umpqua (17100301),2018,37.68964925177489,80.27817976268834,55.74800984422515,24.5301699184632,32.7068932246176,2.129979486580334,1.4791331559446619,0.6508463306356724,0.8677951075142298
North Umpqua (17100301),2019,37.68964925177489,76.32786589568178,52.151892450580874,24.175973445100894,32.23463126013452,2.0251678487585645,1.3837192302373291,0.6414486185212348,0.8552648246949797
North Umpqua (17100301),2020,37.689649253999995,84.25106735051955,57.21083569317629,27.04023165734326,36.05364220979101,2.2353900611473057,1.517945558676286,0.7174445024710195,0.9565926699613593
North Umpqua (17100301),2021,4.970535944,9.899547350667099,5.309629906467893,4.589917444199206,6.119889925598941,1.9916458631824148,1.068220804816273,0.9234250583661419,1.2312334111548557
North Umpqua (17100301),2022,37.689649253999995,84.19863502410628,72.56879391340016,11.629841110706117,15.506454814274822,2.2339989013076393,1.9254303329898579,0.3085685683177814,0.41142475775704185
North Umpqua (17100301),2023,37.68964925177489,70.99897749338365,47.54104763276354,23.457929860620105,31.27723981416014,1.8837792047120245,1.2613820658074901,0.6223971389045341,0.8298628518727121
North Umpqua (17100301),2024,37.68964925177489,77.03269594026409,69.29810569990208,7.7345902403619995,10.312786987149334,2.043868740344843,1.8386508517756683,0.20521788856917422,0.27362385142556567
Powder (17050203),1985,32159.461086844007,65915.7292007427,27403.140808271422,25410.88685098593,34626.17390698552,2.0496527918407166,0.8521019905859576,0.7901527572979503,1.076702554606881
Powder (17050203),1986,30897.787630152678,65691.1099667413,27511.9372288467,24840.169704426233,34264.72489112509,2.1260781112572067,0.8904177075124375,0.8039465479458824,1.108970172922241
Powder (17050203),1987,23310.482898505034,49721.812867539185,16415.726270268522,21253.065890022343,29739.62736650931,2.133023716584095,0.7042207723342063,0.9117385505293569,1.275804859813376
Powder (17050203),1988,24312.493522096254,48830.992645441205,19355.19938562649,18804.660432807832,26007.91960515343,2.008473240355271,0.7961009580541643,0.7734566763264055,1.0697347674978832
Powder (17050203),1989,28876.056576434316,61379.85115742396,31977.312277547906,18881.815241986245,26220.505637182752,2.1256313511837317,1.1073988649698283,0.6538917525669226,0.9080362329869255
Powder (17050203),1990,24077.14389491807,52062.7299622414,20432.509095884263,20761.161552774673,28710.58409695236,2.1623299752438747,0.8486267800308709,0.8622767568854669,1.1924414383307425
Powder (17050203),1991,30160.60537441709,63302.16082676394,27955.739117065234,23026.508401339786,31761.7216097672,2.0988358834620167,0.9268958222164176,0.7634630709657901,1.053086342779718
Powder (17050203),1992,25904.539260243862,56653.90993278706,23390.489605810137,21769.708411066997,29684.15509760743,2.1870263494604893,0.9029494549516238,0.8403819960804066,1.145905541858612
Powder (17050203),1993,31702.330492282803,59061.140406285274,33391.14644632124,16476.228351937258,22938.045428502453,1.8629904959404275,1.053271034899139,0.5197166295376302,0.723544454691941
Powder (17050203),1994,29152.763903235056,66142.80414757208,21579.914544869855,28833.7275366478,38848.96755517857,2.268834761846793,0.7402356296815874,0.9890563938415509,1.332599807144445
Powder (17050203),1995,32482.167635027865,69478.42756092836,35346.19771271861,22077.874348405894,30398.746598689,2.1389713993719055,1.0881723815316517,0.6796921497504289,0.935859544235214
Powder (17050203),1996,32126.47164513029,71031.60141012857,33078.95699697487,24552.650551224036,33480.48382432279,2.2109991472062416,1.0296479913003131,0.7642498318032915,1.0421463083200966
Powder (17050203),1997,33298.762022678595,77999.50248227776,33444.05015019052,28927.042446662483,39231.191777503,2.3424144846332453,1.0043631690395267,0.8687122490307991,1.1781576669662386
Powder (17050203),1998,34686.73708297848,81056.21922944649,42934.777702409905,24838.579041441262,33517.687259205406,2.336807265426603,1.2377865810698845,0.7160828930672203,0.9662969214724221
Powder (17050203),1999,33395.88878702468,70545.24934871955,23747.288032787426,30678.11951488843,41643.08123951545,2.112393228957228,0.7110841751878743,0.9186196453860456,1.2469523271288128
Powder (17050203),2000,33530.06764363723,80076.4903887237,28520.909777717257,33331.045378125506,44886.40312835663,2.38819948828583,0.8506069859697845,0.9940643643303388,1.338691099744155
Powder (17050203),2001,31059.721822174695,67265.42937587453,22211.185417769353,29304.240740799007,39360.186275617954,2.1656803548012213,0.7151121811371781,0.9434804634946091,1.2672420732215717
Powder (17050203),2002,32664.6260026286,68865.17510750165,20653.238173654114,31089.087482677965,41839.92690270025,2.108249306205432,0.6322814830940388,0.9517662158500193,1.280894105425646
Powder (17050203),2003,30975.965338672962,71473.63210068292,27441.58340876546,28316.74196277402,38033.14969864802,2.307389981853102,0.885899216012652,0.9141520418548846,1.2278277458931774
Powder (17050203),2004,33140.63022696895,73920.87408163222,33819.8012376572,26033.340619515344,35068.7294738581,2.2305210726342017,1.0204936057653955,0.7855415072441838,1.0581793174627112
Powder (17050203),2005,31951.516177158242,73099.1220642706,27658.84088721455,28972.297556083548,38478.13353018988,2.2878138758413065,0.8656503414065692,0.9067581455428866,1.2042662800990158
Powder (17050203),2006,33199.08376346062,76635.23443284894,28854.77599041481,30735.102691558895,41183.3292038656,2.3083538985251986,0.8691437449298761,0.9257816544137999,1.2404959575779784
Powder (17050203),2007,30917.976858563336,71229.85943727288,21473.546010255162,32256.14763115941,42502.560280529106,2.3038331312271616,0.69453270207451,1.043281317491039,1.374687628332227
Powder (17050203),2008,34301.83384398375,73325.78360250677,27711.346412988394,29668.130264856296,39709.4365066929,2.137663657751274,0.8078677816185832,0.864913823552318,1.1576476257014345
Powder (17050203),2009,34325.849658820945,75945.45385398238,35631.73717437705,26386.62317533242,35174.32589655948,2.2124857682719057,1.038043851165692,0.7687099791440027,1.0247182880007895
Powder (17050203),2010,35660.12327626174,75995.17080242395,32161.91648734264,28564.228682469577,38181.585856841004,2.1310966934601847,0.9019014387073703,0.801013178254609,1.0707081846309197
Powder (17050203),2011,35704.835651090805,73521.07324183451,37835.81406695489,23690.379644955286,31885.923523124326,2.0591349015098577,1.059683187921325,0.6635061949719836,0.893042159183001
Powder (17050203),2012,33457.81157279903,72556.60849918162,31557.799570758674,26759.01526199033,35630.14608765158,2.168599949859531,0.9432117071403124,0.7997837875249805,1.064927573344894
Powder (17050203),2013,34927.22023855728,74929.24613043714,32888.042407796645,27975.39044947852,37306.5645183313,2.145296580107464,0.9416163720779153,0.8009624086429754,1.0681229214212526
Powder (17050203),2014,35111.508594057785,82218.15107670287,30864.308125579504,33652.10435764286,44742.96819594744,2.3416296926249798,0.8790367990853839,0.9584351600129789,1.2743106174458043
Powder (17050203),2015,34563.00816194981,80420.14476095403,33749.5530149351,30708.007443299517,40219.6591283523,2.3267692552724055,0.9764645732453857,0.8884645485547107,1.1636619978185192
Powder (17050203),2016,35262.692460620965,79012.8060263094,26574.645971106725,34503.28975028744,45247.738089565355,2.240691238042746,0.7536193102890123,0.9784644150136416,1.2831617477903885
Powder (17050203),2017,36237.58505431493,78947.19346387294,36830.09357119446,27583.536141384888,36872.347198706106,2.178599742381907,1.0163506623300491,0.7611858268160291,1.0175166789795667
Powder (17050203),2018,35881.46695993804,83363.78045245464,28323.877127105392,36244.424723147225,47652.65685196243,2.323310263360497,0.7893734433636517,1.0101154661155416,1.328057654531433
Powder (17050203),2019,36969.841140408156,85153.36291902179,33275.97168023042,34604.15868392519,45870.9325921877,2.3033196868663004,0.9000842485054574,0.9360104781760269,1.240766288877845
Powder (17050203),2020,37113.249811443005,84360.89852816072,32302.740966744474,34789.526968992526,45765.58977155238,2.2730668684839883,0.8703829799562494,0.9373883221152459,1.2331334497536142
Powder (17050203),2021,34645.61486824601,75403.2131675001,22609.285585553334,35026.90858740077,45393.2796654554,2.17641434433337,0.6525872226985812,1.0110055405454568,1.310217175769047
Powder (17050203),2022,36166.189697629,76740.52578795428,32171.649796750946,29324.072113611754,38940.79903416365,2.121885839496807,0.8895504355234876,0.8108145303328482,1.0767183206119317
Powder (17050203),2023,37104.12980874019,83496.99530246429,38626.05558938509,29979.113738796234,39960.32116347612,2.2503423670859375,1.0410176923293968,0.8079724249922822,1.0769777210638998
Powder (17050203),2024,35630.75757112591,81359.44986357106,27780.98964526088,35596.887605168245,46911.64256985689,2.2834049964040704,0.7796912425958002,0.9990494177428011,1.3166052525325105
Siletz-Yaquina (17100204),1985,13.071310655000001,28.956314720487427,21.36302762356053,3.7966435484634493,5.730567967925094,2.21525717540889,1.6343447254379808,0.29045622498545454,0.43840806168378016
Siletz-Yaquina (17100204),1986,13.07131065534813,28.373585778628,25.15548690808729,1.6090494352703575,2.249028602530084,2.1706764169833987,1.9244808398609146,0.12309778856124229,0.17205838510233046
Siletz-Yaquina (17100204),1987,13.07131065534813,31.77779481928615,25.52309107163082,3.1273518738276644,4.410618284402277,2.4311100590577928,1.95260381644958,0.2392531213041064,0.3374273935259638
Siletz-Yaquina (17100204),1988,13.07131065534813,27.120593136793616,24.257264292353987,1.4316644222198156,1.989447729683111,2.074818191678217,1.8557637357068797,0.10952722798566873,0.15219955994765744
Siletz-Yaquina (17100204),1989,13.07131065534813,24.740475765608323,24.55084792888354,0.09481391836239217,0.1264185578165229,1.8927310671394495,1.87822388865332,0.007253589243064852,0.009671452324086468
Siletz-Yaquina (17100204),1990,13.07131065534813,27.17899051485091,24.09224374450951,1.5433733851706988,2.070770090318033,2.0792857909570546,1.8431390990353491,0.1180733459608526,0.15842099885146382
Siletz-Yaquina (17100204),1991,13.07131065534813,28.985576798696997,21.730752600818786,3.627412098939106,5.0696167935742,2.217495824478591,1.6624769446457646,0.27750943991641336,0.3878430348145666
Siletz-Yaquina (17100204),1992,13.07131065534813,29.619748423091863,23.802116654621248,2.908815884235307,4.078178310204666,2.266012124114955,1.8209433837365503,0.2225343701892024,0.3119945977671396
Siletz-Yaquina (17100204),1993,13.07131065534813,26.721458433979326,24.406776147695858,1.157341143141733,1.5833404584590989,2.044283020926156,1.8672019043254717,0.08854055830034203,0.12113096384954135
Siletz-Yaquina (17100204),1994,13.07131065534813,25.0661088528038,21.727255094755677,1.6694268790240598,2.322961070441737,1.9176431127469222,1.6622093734621757,0.1277168696423731,0.17771447192185713
Siletz-Yaquina (17100204),1995,13.07131065534813,29.816443648234433,24.1171996928092,2.8496219777126153,3.991639061228256,2.281059982002266,1.8450483144887726,0.21800583375674662,0.30537404905108545
Siletz-Yaquina (17100204),1996,21.874021694698676,48.40763009526202,36.68607009184805,5.860780001706983,7.992979349094384,2.213019204739746,1.6771524964126363,0.26793335416355485,0.36540968371771976
Siletz-Yaquina (17100204),1997,20.41918574983822,43.00258937501318,39.56049795105858,1.721045711977298,2.322938587570628,2.1059894308152756,1.9374179967666936,0.08428571702429093,0.11376254744090529
Siletz-Yaquina (17100204),1998,20.41918574983822,41.79529128964473,31.452642581706463,5.171324353969131,7.044453246677314,2.0468637585108342,1.540347542112724,0.25325810819905503,0.3449918783726783
Siletz-Yaquina (17100204),1999,13.07131065534813,27.424765351090073,22.407158496685867,2.5088034272021047,3.53623813818291,2.09808840706186,1.7142243105910708,0.19193204823539461,0.2705343198875055
Siletz-Yaquina (17100204),2000,13.07131065534813,29.07095980940098,24.408581875874454,2.3311889667632633,3.296912709172915,2.224027917009729,1.8673400487110048,0.1783439341493622,0.25222510550799143
Siletz-Yaquina (17100204),2001,13.07131065534813,26.232630347191332,22.82165962496059,1.7054853611153697,2.417059796396679,2.00688599933613,1.7459350654804535,0.13047546692783787,0.18491334649809874
Siletz-Yaquina (17100204),2002,20.41918574983822,43.03406709586936,31.116144387390037,5.958961354239664,8.183907101718809,2.1075310065294994,1.5238680312037696,0.2918314876628651,0.4007949779184339
Siletz-Yaquina (17100204),2003,13.07131065534813,28.479164148253172,21.150189422364836,3.6644873629441683,5.213131764783592,2.178753523588005,1.618061874591836,0.2803458244980845,0.3988224212734656
Siletz-Yaquina (17100204),2004,13.07131065534813,29.39885983053192,27.198694881674413,1.1000824744287525,1.5572164307185954,2.2491133908215524,2.080793242454693,0.0841600741834296,0.11913238632129518
Siletz-Yaquina (17100204),2005,13.07131065534813,27.50703838432301,25.52553838392222,0.9907500002003947,1.4024628494148905,2.104382575672968,1.9527910442154812,0.07579576572874344,0.10729320772749537
Siletz-Yaquina (17100204),2006,20.41918574983822,49.07898696346844,33.740635408266414,7.669175777601016,10.530606477457933,2.4035721876841873,1.6523986716039223,0.3755867580401328,0.5157211754901326
Siletz-Yaquina (17100204),2007,13.07131065534813,28.478522714523827,23.441320604346853,2.518601055088487,3.5586606536309295,2.1787044517124863,1.7933412511128584,0.1926816002998139,0.2722497190574308
Siletz-Yaquina (17100204),2008,20.41918574983822,44.06986719567934,32.97467849371231,5.547594350983519,7.599340261195178,2.158257813783221,1.6148870428867892,0.27168538544821613,0.3721666649344912
Siletz-Yaquina (17100204),2009,20.41918574983822,49.09056203206423,35.28787993830805,6.901341046878086,9.44005136251487,2.4041390598767225,1.7281727278761658,0.33798316600027817,0.46231282080333014
Siletz-Yaquina (17100204),2010,20.41918574983822,45.92038000992671,34.80560278003202,5.557388614947345,7.594576671028455,2.248883994323355,1.7045539036887296,0.2721650453173127,0.3719333750166128
Siletz-Yaquina (17100204),2011,20.41918574983822,47.14007331498844,33.73597111198115,6.702051101503645,9.173866604609842,2.308616704530538,1.6521702444598427,0.32822323003534776,0.44927680843897144
Siletz-Yaquina (17100204),2012,20.41918574983822,42.73824192647262,31.223090821049624,5.757575552711498,7.853478031266545,2.093043398011658,1.529105577645132,0.28196891018326303,0.38461269354625305
Siletz-Yaquina (17100204),2013,20.41918574983822,49.886713143447224,37.95330268931337,5.966705227066926,8.190158252367828,2.4431294055808506,1.8587079403797513,0.29221073260054947,0.40110111895292977
Siletz-Yaquina (17100204),2014,20.41918574983822,56.13304342082618,40.44969430409781,7.841674558364186,10.738335490016553,2.749034369368569,1.9809650982002693,0.38403463558414985,0.5258944025278595
Siletz-Yaquina (17100204),2015,20.41918574983822,51.3820043598543,32.1953835446518,9.593310407601251,13.156768587476828,2.5163591236864766,1.576722203279182,0.46981846020364737,0.6443336550567922
Siletz-Yaquina (17100204),2016,20.41918574983822,51.490295732319815,44.99104725101898,3.249624240650413,4.394221888489508,2.521662536554758,2.2033712706382254,0.1591456329582662,0.2152006422941876
Siletz-Yaquina (17100204),2017,20.41918574983822,48.86508154983507,33.35489600635873,7.755092771738168,10.628454538250038,2.3930964803639254,1.6335076439873708,0.3797944181882772,0.5205131423193134
Siletz-Yaquina (17100204),2018,20.41918574983822,48.30295008184706,40.31719957673086,3.992875252558097,5.415787806798996,2.3655669072029357,1.97447636113748,0.19554527303272767,0.26523035115843957
Siletz-Yaquina (17100204),2019,20.41918574983822,45.84198561166836,33.59863450907867,6.121675551294843,8.344670806360554,2.2450447423953506,1.6454443835668064,0.29980017941427195,0.4086681471334707
Siletz-Yaquina (17100204),2020,20.419185749,47.22990083486822,40.10160948743068,3.5641456737187704,4.841782607424328,2.3130158770988816,1.963918149351014,0.1745488638739338,0.23711927923773587
Siletz-Yaquina (17100204),2021,20.419185749,46.90602557540864,34.463438702315436,6.221293436546604,8.490454207539528,2.2971545561118076,1.6877969144290306,0.3046788208413885,0.4158076777354031
Siletz-Yaquina (17100204),2022,13.071310655000001,26.090354477785663,24.920348757776733,0.5850028600044641,0.8022345501306823,1.9960014084590403,1.9064919666831015,0.04475472088796929,0.0613736886303604
Siletz-Yaquina (17100204),2023,13.07131065534813,30.002823227044512,25.95197286423879,2.025425181402859,2.700566908537146,2.2953186576411793,1.9854147413764154,0.15495195813238177,0.20660261084317574
Siletz-Yaquina (17100204),2024,13.07131065534813,30.05037406296434,29.105565422447608,0.47240432025836726,0.6298724270111563,2.2989564593256167,2.22667536484102,0.03614054724229838,0.0481873963230645
Silver (17120004),1985,5868.413504251,12477.975930016615,3531.425165541135,6483.512030816606,8176.349953726863,2.126294597505397,0.6017682910352207,1.1048151303789409,1.3932811564495284
Silver (17120004),1986,5886.489585375327,12367.653193461992,4255.362436564952,5861.937779765484,7358.178329355576,2.1010235411252194,0.7229032473169027,0.995829126127932,1.2500112711719702
Silver (17120004),1987,5283.516150650826,12198.161088239372,3427.5437093270834,6337.399621255235,8049.28063371732,2.3087203181420763,0.6487239958384299,1.1994663100394973,1.5234704322283195
Silver (17120004),1988,5604.900316420148,11524.714174644034,3501.0412378277783,5935.900828952005,7390.003479354115,2.0561853956405196,0.6246393406089861,1.0590555574310851,1.3184897254469128
Silver (17120004),1989,5881.0046620421135,12244.021734578087,5483.284232508439,4976.242705050896,6269.715764489713,2.0819608958321223,0.932372026143647,0.846155204937884,1.0660960371204031
Silver (17120004),1990,4543.879414913707,9982.82832231604,1927.6945630782889,6059.46622374636,7508.814980028321,2.196983548804326,0.4242398151569121,1.3335446807541296,1.652511938451369
Silver (17120004),1991,5479.834919238858,12109.63804485824,3721.094635147576,6139.5766887214895,7610.752400806056,2.2098545345486893,0.6790523236536533,1.1203944606371954,1.3888652692959553
Silver (17120004),1992,5046.884638604499,11665.393326420186,3334.7090056790817,6081.232283845664,7454.021981073357,2.3114047896378613,0.6607460333393222,1.2049477488209777,1.476955095041453
Silver (17120004),1993,6151.594101522753,11282.14375197982,6123.835203110175,3755.0930302400448,4728.232869986527,1.8340195347393062,0.9954875276303249,0.6104260080018148,0.7686191240764909
Silver (17120004),1994,5258.66464070692,11146.050264363204,2846.012644705115,6136.153113615252,7575.456027720675,2.1195590565107505,0.541204438608682,1.166865265777886,1.4405664831865583
Silver (17120004),1995,6069.949009179681,12636.469374466087,5383.332652758885,5380.503040979896,6793.453388462899,2.081808159402287,0.8868826813236134,0.886416514017313,1.1191944739880106
Silver (17120004),1996,5810.371833660296,12169.871383944097,5264.199987052552,5068.392894850817,6406.326136630864,2.0945081885194217,0.9060005345193756,0.8723009542158574,1.1025673261594244
Silver (17120004),1997,5474.335867421953,12063.286132808113,4168.468411017969,5789.5906116231035,7165.901587795286,2.2036072365594763,0.7614564601022625,1.057587760750532,1.3089992578716125
Silver (17120004),1998,6558.032039358117,13199.32103005895,6508.244538061841,4924.989710113488,6235.708850458845,2.0126954169853164,0.9924081643704277,0.7509859178113337,0.9508506230276331
Silver (17120004),1999,6875.0408352813,13455.042217279279,4469.114990528213,6731.409998254423,8300.31699504023,1.957085425330241,0.6500492284487432,0.9791083659765637,1.207311664600551
Silver (17120004),2000,6470.791916955921,15765.345689534977,4440.88266089799,8699.23073806786,10679.335776725398,2.4363858229197284,0.6862966261148343,1.3443842499822296,1.6503908507305731
Silver (17120004),2001,6794.600500599127,15883.233969262159,3303.6030911992098,9577.09954166252,11769.028625812693,2.337625879234787,0.4862100561921055,1.4095162093515343,1.7321148792743495
Silver (17120004),2002,6608.143160815197,15232.232179535533,2564.775154657635,9566.253414768917,11687.859621327583,2.3050699430755746,0.3881234247263551,1.4476462119487132,1.7687055708226727
Silver (17120004),2003,6583.367876494244,16071.091830343177,4368.778667261191,8871.736465139968,10803.742220948634,2.4411656969261313,0.663608467462347,1.347598468075328,1.6410661569624772
Silver (17120004),2004,6880.538945694855,16022.520455594207,5148.527946559031,8237.423204296867,10054.487903267534,2.328672300535335,0.7482739342359888,1.1972061010498332,1.461293654846415
Silver (17120004),2005,7108.186968743057,16808.190700918112,6208.143622799448,8070.72260393556,9988.04137631284,2.3646241685578944,0.8733793371078471,1.1354122562370794,1.4051461251980866
Silver (17120004),2006,7090.968968912733,15935.519164138865,6211.064071266185,7315.021382064977,9060.524260698063,2.2472978282659555,0.8759118956091745,1.0315968683736318,1.2777554520997043
Silver (17120004),2007,6813.536415212264,17317.025433568182,4108.002609481463,9926.787431175086,12178.072294061309,2.541562028626613,0.602917832846643,1.4569214613738635,1.7873350272072952
Silver (17120004),2008,7170.0767998543515,16076.690416429186,3947.072821700923,9153.677314382008,11193.874421330485,2.2421922198595916,0.5504924050159549,1.2766498281535772,1.5611930992925864
Silver (17120004),2009,6745.973619394682,16340.001875796977,5942.374808657384,7792.613926814909,9504.045964656998,2.42218585451023,0.8808772675263731,1.1551503706464452,1.4088471880964455
Silver (17120004),2010,7422.577348293278,15729.076338052988,4433.1407705996535,8501.229472619483,10465.847115307732,2.1190855413139853,0.5972508688803351,1.1453204289712422,1.4100017587171674
Silver (17120004),2011,7851.443294252466,16749.69795366096,7226.167454629902,7195.899346165391,8939.197521434822,2.133327252827812,0.9203616690347508,0.9165065678348646,1.1385419452724865
Silver (17120004),2012,7095.964169831001,16959.997486214288,4184.610331449828,9665.908989636331,11708.201661324263,2.390090631844074,0.5897169477322051,1.3621699262140634,1.6499803805524442
Silver (17120004),2013,7995.543253671397,17867.315235063754,6094.78919031839,9017.608966612946,10958.390812859527,2.23465931809692,0.7622733061346122,1.1278294270338962,1.3705623827158522
Silver (17120004),2014,8034.918708627198,21161.750947824832,6067.224798188683,12027.323183088058,14498.485896215283,2.633723092319924,0.7551071788286077,1.4968817506733656,1.8044346709628896
Silver (17120004),2015,8545.734219903074,22652.75837538305,6394.519175272994,13017.980177205724,15630.292866984319,2.650767949537282,0.748270307819791,1.5233308036759157,1.8290169650468722
Silver (17120004),2016,9481.575984666057,23207.272953547297,6866.652591789557,13268.951773230012,16042.882774088055,2.447617673589172,0.7242100472426264,1.399445808870702,1.692005928131903
Silver (17120004),2017,10258.369541636086,24488.05026333056,6474.44724846792,14808.154206994908,17919.226370241635,2.387128886704642,0.6311380402304482,1.4435192792472933,1.7467908810958797
Silver (17120004),2018,10253.263513504531,25875.383727534998,5560.378189242024,16975.263925218478,20361.06044818867,2.523624180091991,0.5423032561211826,1.6555961819239726,1.9858126557823468
Silver (17120004),2019,10397.081107992013,25818.027407837282,9653.458836567539,13293.971064705249,16089.513020690882,2.4831995768496524,0.9284777848993726,1.2786253109525576,1.5475028860093454
Silver (17120004),2020,10272.336340779999,25524.45148265898,5908.074661047129,16228.74376616507,19484.8543043724,2.484775676720186,0.5751441994352102,1.5798493378510996,1.8968279131418
Silver (17120004),2021,10310.892501163999,26596.302824353847,6222.005732489247,16825.666257875346,20197.566636801,2.5794375046923808,0.603440073862359,1.6318341264808933,1.9588572603701273
Silver (17120004),2022,10182.598317602,26149.81526693959,6257.618365439192,16474.70887055595,19713.812851629707,2.568088659820362,0.6145404316521109,1.6179277976699902,1.9360297084047509
Silver (17120004),2023,10504.798070619892,25127.420775231472,9726.511548834227,12710.19280156411,15441.839163890072,2.391994649141189,0.9259113296082865,1.2099416586704628,1.4699796283641313
Silver (17120004),2024,10088.28611018808,25531.84060965773,6883.037725422735,15358.118779433373,18464.550222832153,2.5308402567878527,0.6822801861727147,1.522371452562525,1.8302960504049295
Silvies (17120002),1985,10781.217773545999,21879.22604334318,6520.8027887644375,10575.742862990162,17139.77789619705,2.0293835541499305,0.6048298926643155,0.9809414006031848,1.5897812525643555
Silvies (17120002),1986,10318.70816831788,20901.23886527347,6298.993779960395,9922.369148123415,16285.042652265116,2.025567398974199,0.6104440281876132,0.9615902481464329,1.5782055647494726
Silvies (17120002),1987,8787.853402621686,19419.35262871757,5521.898551351107,9405.059431563348,15293.28439924915,2.2097947859398954,0.6283557881955286,1.0702339923828874,1.7402753207838784
Silvies (17120002),1988,7371.345795476378,14499.18558540737,4159.906661660547,7322.951717052225,11556.615173307227,1.9669658686077622,0.5643347601754599,0.9934348381195397,1.567775477362526
Silvies (17120002),1989,9840.340291518802,18214.574028939303,8175.097810710835,6814.299922797552,11025.859442524697,1.8510105839162991,0.8307738928253114,0.692486206871389,1.1204754221790147
Silvies (17120002),1990,6413.276453082843,12937.728212751665,3328.4544239507327,7040.895882207511,10643.139762303714,2.0173351807612376,0.5189943780375715,1.0978625252967185,1.6595479456039337
Silvies (17120002),1991,8765.854052132585,16448.2130881903,5912.0072407412845,7529.224233028272,11507.337737640753,1.876395955302122,0.674435965461117,0.8589264877386976,1.3127457597632728
Silvies (17120002),1992,5342.619884028562,10934.837662243339,3894.88607062193,5222.705361192834,7376.218008848599,2.0467182580090286,0.7290217449804833,0.9775551086473127,1.3806368727259364
Silvies (17120002),1993,11418.31569764423,18964.286967597873,9578.571488713618,6397.092349135465,10456.415718406937,1.6608655312893907,0.8388777944447465,0.560248334214063,0.9157581551685642
Silvies (17120002),1994,6745.304377400513,14441.813643900501,3698.2058742448676,8101.4196133307,11962.66221621843,2.141017341231686,0.5482637502075292,1.2010458179580035,1.7734799716819554
Silvies (17120002),1995,10973.153719278807,21932.458125992194,7939.629641959188,9461.21979836039,15365.272044400132,1.9987378913191485,0.7235503889834333,0.8622151881220719,1.400260347889302
Silvies (17120002),1996,10149.333871101833,21167.939568211626,8346.873337375982,8918.711825926155,14167.170166176056,2.0856481653917243,0.8224060261868031,0.8787484912010212,1.3958719208670627
Silvies (17120002),1997,9704.689598470799,20226.520726841154,6998.766703809302,9340.998011222571,14949.473538949707,2.0842006868543552,0.7211736792603982,0.9625241401532785,1.5404380930746457
Silvies (17120002),1998,11386.635444450174,20896.33724267862,10076.3124212686,7240.226793720421,12022.807029876889,1.8351634549662743,0.8849244775092696,0.6358530427220531,1.0558700231100122
Silvies (17120002),1999,10229.074021035392,19551.843157225183,5736.772824743443,9657.304077717106,15418.22482360295,1.9113991273323618,0.5608301213722925,0.9441034504059234,1.5072942860611256
Silvies (17120002),2000,9545.265789228835,21880.652528665727,6937.6769473888035,10696.291594011109,16429.24476107329,2.2923041654174274,0.7268186240782825,1.120586040263135,1.7211930106349205
Silvies (17120002),2001,8487.558193851759,18284.375648277233,4549.952575002994,9992.523564953148,14795.270991194662,2.1542562926428146,0.5360732110560257,1.1773142918998258,1.7431716700230817
Silvies (17120002),2002,9971.245967763762,20625.575502596505,4058.861170474517,11893.14399199813,18085.993842294592,2.0685053371742446,0.4070565688176272,1.1927440191975718,1.8138148332480373
Silvies (17120002),2003,8291.068751827908,18802.458215110117,5761.9836596412515,9451.0738699613,14224.387915983918,2.267796683143508,0.6949627161601963,1.13991020372104,1.7156277847591008
Silvies (17120002),2004,10403.550730788422,22855.173468368263,8333.466295561462,10376.180338980874,15934.154879387788,2.196862788464166,0.8010213542669887,0.997369129779264,1.5316073609591785
Silvies (17120002),2005,11117.309262362844,23668.80107172693,9247.842455474254,9950.103614444575,15691.781124745641,2.1290044662026815,0.8318417916808714,0.8950100586056564,1.4114729341810675
Silvies (17120002),2006,10673.302829435981,23281.273836430944,7746.0548183186675,10609.334494635385,17037.3769466832,2.1812623710275836,0.7257411264445496,0.9940066972873497,1.5962609905244785
Silvies (17120002),2007,8592.436408953341,20408.329572846138,5132.209866865382,11273.249990200844,16431.41174565498,2.3751504930057563,0.5972939015897291,1.3119969067742052,1.9123111261589794
Silvies (17120002),2008,10357.137545070367,21113.969822700823,5183.229616464174,11538.583405281272,17280.86230682275,2.0385912353505753,0.5004500127480888,1.114070693284674,1.6684979060694074
Silvies (17120002),2009,10436.844225987137,23422.18512309924,8720.28156110967,10719.70686276228,15922.413302664752,2.2441826874046233,0.8355285728416522,1.0271023147083895,1.525596526871491
Silvies (17120002),2010,10734.964340530309,22290.783014788733,7178.6931669953165,10896.883968110638,16510.46538927352,2.0764654923564994,0.6687207278269066,1.0150833875590062,1.5380084055740701
Silvies (17120002),2011,13030.705572358245,26169.60588022766,10304.03214673773,11279.135944690968,17634.080911624987,2.0083030604068504,0.7907501316425606,0.865581367183766,1.353271379949815
Silvies (17120002),2012,9797.274897045721,21082.592958154015,6079.909200678463,11093.104215373576,16250.89626140978,2.1518833736625353,0.6205714614082947,1.13226426041374,1.6587159625693557
Silvies (17120002),2013,11391.017835534414,23633.075621477612,8398.60804417659,11012.191949422882,16205.769815644275,2.0747114930988833,0.7373009300342795,0.9667434559772368,1.4226796981293617
Silvies (17120002),2014,9996.396682423137,22839.370199920806,6342.9805335845385,12032.702106929428,17455.55569636301,2.2847602916838747,0.6345266934772134,1.2037039434506203,1.7461847754656896
Silvies (17120002),2015,8700.09565613112,20860.207996812776,7088.338188024063,10840.48364972501,14845.765375475487,2.397698694509433,0.8147425578049569,1.2460189034916553,1.7063910515757834
Silvies (17120002),2016,10447.634514016932,24115.000262770493,6776.502624039588,13119.001635977762,18758.884499299482,2.3081780120099835,0.6486159728260001,1.2556910962358823,1.7955150014227497
Silvies (17120002),2017,12944.154397752613,27756.4257612297,9563.907155040164,13367.727403399342,19797.034368524077,2.144321282667087,0.7388591684830851,1.032723111346715,1.5294188990793616
Silvies (17120002),2018,10450.680354647777,23751.579831629646,6055.986339333391,13971.130224593377,19309.031341719387,2.2727304850603818,0.5794824962415088,1.336863223300092,1.847633903866555
Silvies (17120002),2019,13958.866626375628,31580.703434573777,12469.805906538842,13764.57813387758,20894.262400681502,2.262411718649224,0.8933250986850775,0.9860813561947117,1.4968451923740909
Silvies (17120002),2020,11026.117294968999,24689.191624443614,6300.677630786987,14100.149328932544,20021.67947786763,2.2391555398842717,0.5714321244942553,1.278795513572685,1.815841328570224
Silvies (17120002),2021,10623.395221451998,23451.44446319762,6455.413435893097,13387.765323109348,18872.69435576338,2.2075281936081725,0.6076601031332783,1.2602153119630919,1.7765219087070614
Silvies (17120002),2022,9508.046335771998,22051.39712608604,6128.810030265,12869.863132937619,17923.331034056075,2.3192353452383125,0.6445919396928744,1.3535759795908335,1.885069803101754
Silvies (17120002),2023,14303.988025779609,29831.788574709626,12835.311764449249,12861.638008669921,19398.204643297602,2.0855574348178125,0.8973240009231402,0.8991644837432619,1.3561396030489437
Silvies (17120002),2024,12202.923372021993,29106.886482370654,7303.714986505103,16354.029372164487,24171.275914860504,2.38523881491421,0.5985217446542809,1.3401730776790632,1.9807774889645469
Siuslaw (17100206),1988,12.161742664861144,29.378694436006654,14.03147570371641,15.347218732290246,20.462958309720328,2.415664863629318,1.1537389081794565,1.2619259554498616,1.6825679405998155
Siuslaw (17100206),1989,12.161742664861144,30.784492117920337,17.831337456369035,12.953154661551302,17.270872882068403,2.531256660023386,1.4661827624333,1.0650738975900864,1.4200985301201152
Siuslaw (17100206),1990,12.161742664861144,30.05666209717308,18.06618900175532,11.99047309541776,15.987297460557015,2.4714107941138757,1.4854934444513335,0.9859173496625421,1.3145564662167228
Siuslaw (17100206),1991,12.161742664861144,33.55723707152208,17.461020547401766,16.096216524120315,21.46162203216042,2.759245775564617,1.4357334329932663,1.3235123425713509,1.7646831234284677
Siuslaw (17100206),1995,20.317411517171667,39.135949418487876,39.135949418487876,0.0,0.0,1.9262271370253707,1.9262271370253707,0.0,0.0
Siuslaw (17100206),1998,37.311501825180635,67.94388363203201,54.12524287246734,13.81864075956468,18.424854346086242,1.8209903195635593,1.4506315807405938,0.3703587388229656,0.49381165176395425
Siuslaw (17100206),1999,6.005339434114622,13.269802855867173,6.3659536068461176,6.9038492490210555,9.205132332028075,2.209667413716068,1.060048924242808,1.1496184894732604,1.5328246526310139
Siuslaw (17100206),2000,18.250695919806763,43.78223301243477,19.823125572868996,23.95910743956577,31.945476586087697,2.3989349888252556,1.0861572435358882,1.312777745289367,1.7503703270524893
Siuslaw (17100206),2001,6.005339434114622,14.554719693303495,7.877448311263837,6.67727138203966,8.903028509386212,2.423629813599258,1.3117407263466738,1.1118890872525846,1.482518783003446
Siuslaw (17100206),2002,6.005339434114622,13.862724180299184,5.860007784839093,8.00271639546009,10.67028852728012,2.308399771967759,0.975799594532502,1.332600177435257,1.7768002365803424
Siuslaw (17100206),2003,6.005339434114622,15.693258519681555,5.264109515295423,10.42914900438613,13.905532005848173,2.6132175694403927,0.8765715199030244,1.7366460495373677,2.315528066049824
Siuslaw (17100206),2005,12.161742664861144,28.637161065237258,22.459330274456832,6.177830790780428,8.23710772104057,2.3546922389649345,1.8467197418465735,0.5079724971183612,0.6772966628244815
Siuslaw (17100206),2006,18.250695919806763,46.17111233423529,20.821843475142423,25.349268859092867,33.79902514545715,2.5298274946396755,1.1408794254549655,1.38894806918471,1.8519307589129463
Siuslaw (17100206),2007,6.08895325494562,14.332509516304247,6.856803951783178,7.475705564521069,9.967607419361425,2.353854417368532,1.1261055331988117,1.2277488841697197,1.6369985122262931
Siuslaw (17100206),2008,18.250695919806763,41.943249779327914,20.129194086358545,21.81405569296937,29.085407590625827,2.298172626601518,1.102927481494726,1.1952451451067918,1.5936601934757226
Siuslaw (17100206),2009,18.250695919806763,45.37365838667401,18.37803083644233,26.99562755023168,35.99417006697557,2.486133054106269,1.0069769896553575,1.4791560644509116,1.9722080859345485
Siuslaw (17100206),2010,18.250695919806763,43.60250809382934,22.285676986589717,21.316831107239622,28.4224414763195,2.389087423592941,1.2210864223760338,1.1680010012169073,1.5573346682892097
Siuslaw (17100206),2011,38.56810743697843,88.0717096013094,63.352161861323935,24.71954773998545,32.95939698664726,2.283537239809381,1.6426048896706553,0.6409323501387257,0.8545764668516342
Siuslaw (17100206),2012,57.5614633665514,125.91795487204033,85.49390332868583,40.424051543354494,72.91277603595202,2.1875391539335056,1.4852628534521553,0.7022763004813504,1.266694273765131
Siuslaw (17100206),2015,12.094292689060243,32.224040079930795,12.505116355946999,19.718923723983796,26.29189829864506,2.6644005489530356,1.0339683913271227,1.6304321576259129,2.173909543501217
Siuslaw (17100206),2016,6.1564032307465215,14.490545087208819,9.516018317006903,4.974526770201914,6.632702360269218,2.3537355407195615,1.5457106950827515,0.8080248456368095,1.0773664608490794
Siuslaw (17100206),2017,18.250695919806763,45.28450600788234,18.771816335018837,26.5126896728635,35.350252897151336,2.481248178527639,1.0285534544820574,1.4526947240455812,1.9369262987274418
Siuslaw (17100206),2018,38.56810743697843,86.10781899523738,55.091686241916506,31.016132753320885,49.58113318036335,2.232617173034493,1.4284259690973469,0.8041912039371462,1.2855474762763657
Siuslaw (17100206),2019,38.56810743697843,77.3762651571776,50.82513353179859,26.551131625379,38.76952826245777,2.006224061774693,1.317802114476282,0.6884219472984106,1.0052224710742799
Siuslaw (17100206),2020,63.758425526,158.1561657125747,110.56967412645716,47.58649158611751,89.07244635802445,2.480553188191266,1.7341970604554535,0.746356127735812,1.3970302061756787
Siuslaw (17100206),2021,20.31741152,35.319736060542276,24.038124020244396,11.281612040297878,22.563224080595756,1.7383974344258533,1.1831292582020998,0.5552681762237535,1.110536352447507
Siuslaw (17100206),2022,82.66816763400001,207.87494516284343,144.31745604297,63.557489119873416,126.10834591777187,2.5145706154172456,1.7457439807050312,0.7688266347122142,1.5254764866217458
Siuslaw (17100206),2023,76.66282819707162,183.00334842676904,98.78874713115007,84.21460129561896,168.42920259123792,2.3871197127809514,1.2886133926236187,1.0985063201573328,2.1970126403146657
Siuslaw (17100206),2024,96.52098950010071,244.13933152326075,164.74447994519244,79.3948515780684,153.85513131427405,2.529391097083666,1.7068254355703694,0.8225656615132977,1.594006983466674
Sixes (17100306),1985,334.2230990059999,672.3552944941922,560.6406368322172,92.35919728941016,147.60507644355675,2.011696069164035,1.6774443133930508,0.2763399584412092,0.4416363706833649
Sixes (17100306),1986,315.9023868939373,693.9949269427556,654.2768867298661,34.880772325996006,53.87817859095171,2.196865094203169,2.0711362556103015,0.1104162987464449,0.17055324944107195
Sixes (17100306),1987,320.9894300986257,782.0370830356394,616.6687239347093,136.85688062230753,218.94858363817266,2.4363328187951683,1.921149627092813,0.4263594616815187,0.682105275463119
Sixes (17100306),1988,346.9808878193301,658.1129133234485,623.8086544308154,28.907204847239598,41.041922871933345,1.8966834670909083,1.7978184860591717,0.08331065445394596,0.11828294961682013
Sixes (17100306),1989,326.3466772208907,712.1924189895283,660.9021423662894,45.06954486382675,70.93481844733557,2.182318585420971,2.0251535820570092,0.13810327485982343,0.21736032078341863
Sixes (17100306),1990,348.6367015930946,709.0802779007387,655.3591484670011,47.329044602887095,74.97277582357276,2.033865839886042,1.8797767001360988,0.1357546247615846,0.21504556313487605
Sixes (17100306),1991,321.2819569399777,705.168317796449,626.4633641750993,60.83336764575965,97.57377847680655,2.194858138044115,1.949886542468166,0.18934573302890026,0.30370139489356823
Sixes (17100306),1992,304.62224059626516,716.0023853938155,600.0793361575656,90.08651586973826,145.3068590828426,2.350459979521909,1.9699130798295459,0.2957319061582753,0.4770067306918238
Sixes (17100306),1993,291.50980300947975,518.6422464217995,504.371403943022,10.630394238588737,15.426174285835522,1.7791588518377668,1.7302039201975656,0.03646667840615652,0.05291820078288712
Sixes (17100306),1994,306.9675335470688,614.2739712877824,555.6248326251556,46.24103399304261,70.76527943105009,2.0011040392113415,1.8100442942770003,0.1506381911426221,0.23053017566171802
Sixes (17100306),1995,294.0744081725121,656.4600028541166,601.0108745853411,47.11921887607033,73.89643185558974,2.2322921839190415,2.0437374279531717,0.1602288997838564,0.25128481024516786
Sixes (17100306),1996,319.1637726267422,721.0196695945397,635.498318524807,68.4578472405037,110.55085126204249,2.259089945141621,1.9911355016724093,0.21449128350968658,0.34637656508506764
Sixes (17100306),1997,315.6809756330062,693.1047249462976,645.5499861332482,42.11974518257455,67.26399495732042,2.1955859821976222,2.0449442188867604,0.13342503487299376,0.2130758586970345
Sixes (17100306),1998,330.48195026077735,650.7828299642248,588.4688129825071,50.02468376972533,81.543548615568,1.9691932629019642,1.7806382845361355,0.1513688833240416,0.24674130781188944
Sixes (17100306),1999,319.5801255728535,698.6281240439943,604.2571626920586,74.77256341742132,120.38566327240049,2.1860812614416805,1.8907845461569806,0.23397125613925482,0.37669946795535825
Sixes (17100306),2000,315.78762602564274,753.0504497399781,674.521880741908,62.03654635199494,101.08165299453691,2.384673710042168,2.1359984532362115,0.1964502128622273,0.32009377399204625
Sixes (17100306),2001,319.82304560101096,808.3387332963229,740.5526263131475,52.81199372368466,86.95005200393865,2.5274561805804017,2.3155073922878264,0.1651287937191657,0.27186925144978924
Sixes (17100306),2002,319.8306938038586,833.3912468530024,663.5269717353184,125.91015056666224,209.46777141786927,2.605726288934899,2.074619430185888,0.39367750815022995,0.6549332990107848
Sixes (17100306),2003,323.76462371764774,798.9553621716459,650.6544578258686,112.17503717752966,186.77282392945384,2.4677043248196497,2.009652723496124,0.34647095130243916,0.5768784179840993
Sixes (17100306),2004,304.3438533203639,758.2832036600048,665.037776378633,70.28361659254752,114.59660948605551,2.4915344778190973,2.1851526460059274,0.2309348975698363,0.3765366319569686
Sixes (17100306),2005,328.3123683301443,789.8668691789787,762.4152662242823,22.463020052525376,36.53129689284335,2.4058395155698324,2.322225233554445,0.06841965828694281,0.11126993807345148
Sixes (17100306),2006,325.2888754145849,814.5909353418224,690.9470669390554,90.15024301351794,150.41885627815904,2.504207788549841,2.1241029717306943,0.2771390288051514,0.4624162326069352
Sixes (17100306),2007,325.53663019919463,756.922607295402,659.836687956317,75.45978040013108,126.24080520493537,2.3251534146318464,2.0269199430877114,0.23180119654724424,0.38779293478490917
Sixes (17100306),2008,320.13955503059753,796.8462541988949,668.3918202167022,96.49639111716672,160.82037749938428,2.4890590421503394,2.0878139227525954,0.3014197702247197,0.5023446024469352
Sixes (17100306),2009,328.33353238574995,835.6086379553466,706.9336110396148,94.62449088635695,157.24278651209315,2.544999384874321,2.153095987189813,0.28819624422395357,0.4789117497976203
Sixes (17100306),2010,323.41669442824025,768.236053541532,731.2793063376386,29.173339044781798,48.55450664044986,2.3753753803577644,2.2611056229810518,0.09020356570138276,0.15012987108253048
Sixes (17100306),2011,328.33353238574995,738.246975007937,644.3960868479799,70.57607178340986,118.93522657761653,2.248466581051463,1.9626264858348272,0.21495237257854002,0.36223904915652305
Sixes (17100306),2012,347.12100488089146,771.6390467613888,718.9546449952162,42.685831795629795,67.0297086130306,2.222968463190994,2.071193142696487,0.12297104236108297,0.19310185114274686
Sixes (17100306),2013,323.04776999815306,830.5999126642516,702.5683349339033,96.37414966528607,159.98473332643866,2.5711364999331225,2.1748125205690787,0.2983278592693491,0.49523552918304725
Sixes (17100306),2014,327.79229163580294,906.4398242287356,767.1725422001097,108.90856773086698,184.11355919466445,2.765287187521313,2.340422767026153,0.3322487151463311,0.5616775131467269
Sixes (17100306),2015,323.22800310208083,780.3348966823702,653.4561829154877,88.2864570838141,142.1921787132012,2.414193353278018,2.021657086156348,0.2731398772275673,0.4399129325075666
Sixes (17100306),2016,323.38498662472506,802.0732398713538,669.7044478578721,98.10202300066088,161.64916435528886,2.4802426613642603,2.070920035119121,0.30335985607923177,0.4998660143208072
Sixes (17100306),2017,333.7087823036377,811.1271328676477,718.8025746800939,68.67305788724947,113.09699450215874,2.430643650635519,2.15398159352625,0.20578738567558783,0.3389092541150239
Sixes (17100306),2018,331.7454979241795,814.6234076292616,652.7368376261908,115.5032630320871,188.35609870329304,2.455567333171297,1.9675831072630678,0.348168290918255,0.5677728857871098
Sixes (17100306),2019,330.63963120845824,769.4820632248762,730.1266585614293,30.478803775210853,49.45354134535581,2.327252968473526,2.20822487580476,0.09218133852803294,0.14956930953681366
Sixes (17100306),2020,328.457752225,804.6928129195794,782.43318768983,16.965630663075782,25.746249333149773,2.4499126827378066,2.3821425507224685,0.05165239836219178,0.07838526921268428
Sixes (17100306),2021,331.13972515999995,767.8507014436652,736.4335015342924,22.801288397783075,35.69501317457331,2.318811797867669,2.2239358360838852,0.0688570010341283,0.10779441565739722
Sixes (17100306),2022,329.00988170399995,733.2180333195989,712.7519167285483,16.022947313611436,25.228753349012024,2.228559305034043,2.1663541320919633,0.04870050477093812,0.07668083772544423
Sixes (17100306),2023,325.24489491700365,756.0253268290579,697.3963613632615,41.093171359372164,67.4029049082202,2.3244802259601376,2.144219239909127,0.1263453231751981,0.20723739545679923
Sixes (17100306),2024,329.98743599369055,804.0904758319081,763.3844620772958,32.82071378895912,58.03515355786379,2.436730578576581,2.313374325233073,0.09946049518560052,0.1758707975747702
South Santiam (17090006),1985,6951.506123013001,11929.486038891915,7610.741394330899,4081.6937980724574,6068.455940328041,1.7161009179578053,1.0948334446740249,0.5871668277123409,0.8729699482301227
South Santiam (17090006),1986,9045.815796863837,17995.657367991313,12592.665468544757,5078.460913674742,7598.6455480625655,1.9893902078163437,1.392098374688395,0.5614154685125727,0.8400177185452967
South Santiam (17090006),1987,6928.035198690458,15131.822185758247,8874.890296008747,5872.05285847987,8526.009069160058,2.1841433756887487,1.2810111440666878,0.8475783811822737,1.2306532551641265
South Santiam (17090006),1988,2702.1697241378383,4326.238121275875,4035.6588884541497,256.4193487538393,360.58523872991765,1.6010238300838842,1.4934883077123433,0.09489387230687486,0.13344285353688023
South Santiam (17090006),1989,6940.8027212801535,11574.517236485164,9834.3266647748,1587.598992598848,2303.3452327783225,1.667604987676465,1.4168860663080436,0.22873420501224578,0.33185574137071805
South Santiam (17090006),1990,8335.225810026477,17829.108585139515,10781.559452389847,6548.0309397246365,9828.640950152176,2.139007267648683,1.2934933855565935,0.7855853085405297,1.1791691280072176
South Santiam (17090006),1991,8749.047605595648,17243.83876754338,15337.211731733752,1722.6497186479694,2521.099648531724,1.9709389575746166,1.75301500496174,0.19689568468529198,0.28815703859232616
South Santiam (17090006),1992,9443.223432764726,20921.164656010085,12436.593673267536,7788.578909019862,11621.386286732632,2.215468563776736,1.3169860653849246,0.8247796914341963,1.2306588284685114
South Santiam (17090006),1993,8166.549436459108,12462.882412120814,12192.450834530273,243.08956463954954,369.12977893675986,1.5260891407184736,1.4929745946430877,0.029766496429237253,0.04520021360414478
South Santiam (17090006),1994,6645.853908379404,11954.193265462456,9680.326106844093,2113.1787897558092,3030.316509261223,1.7987445150411823,1.4565962839837157,0.3179694917896727,0.4559709784532666
South Santiam (17090006),1995,9701.914411385984,20427.721327710333,18276.772793607623,2011.3998430344398,2891.075360174017,2.105535099725962,1.883831584017928,0.20731989149212643,0.2979901942632173
South Santiam (17090006),1996,6223.749311832916,12072.44484394582,10876.51915482712,1066.6608892901481,1472.3437877741674,1.9397382894251636,1.747583106239211,0.1713855805956318,0.23656862029691184
South Santiam (17090006),1997,8685.25396751088,17388.420767851876,16209.835808133967,1076.0378470915782,1502.7612196338205,2.002062442030725,1.866362903004386,0.12389250229374255,0.17302444180161367
South Santiam (17090006),1998,4133.835263534603,7746.404384773696,7324.582588861342,361.4570440540725,496.3827048610872,1.8739025362491573,1.7718612673013283,0.08743866676124186,0.12007800824570332
South Santiam (17090006),1999,9171.28867830486,18237.230260296354,16029.413503906833,2013.3407619131733,2870.3084919323715,1.9885133812696825,1.7477820256410868,0.21952648450329898,0.3129667588288033
South Santiam (17090006),2000,10321.567455762477,21351.426749885344,15769.818741277093,5162.217988914991,7559.157537800985,2.0686225073271167,1.52785115331227,0.5001389576767191,0.7323652701199707
South Santiam (17090006),2001,10089.276769132144,21992.848754523762,13923.992354550499,7430.453666953183,10930.300372387494,2.1798241100700357,1.3800783419036098,0.7364703969353328,1.0833581655553783
South Santiam (17090006),2002,9630.178953990277,20933.50771906846,13968.228845013722,6368.676456145775,9470.511747461267,2.1737402616380908,1.4504640995509195,0.6613248296395267,0.9834201205095102
South Santiam (17090006),2003,9272.090210036293,19813.436439075947,11536.315439018901,7528.769500949317,11121.799671613704,2.1368899557976144,1.2441979292362542,0.8119819081138824,1.199492177025548
South Santiam (17090006),2004,9087.66024228595,19984.764506148014,14024.207664086029,5297.693309520736,7713.306332106543,2.199109998980437,1.5432143467280768,0.5829545964834763,0.8487670232449517
South Santiam (17090006),2005,10017.874903571319,20643.770366779874,16511.49723896033,3716.983072124384,5515.887874337992,2.0606935667983315,1.648203575897526,0.3710350855748158,0.5506045870438657
South Santiam (17090006),2006,10195.747592974807,21578.170945875765,16083.399319978726,4939.753160431438,7162.296553334998,2.1163892837778575,1.5774615027799135,0.48449151132724044,0.70247880187521
South Santiam (17090006),2007,10238.7515736255,21560.87233061462,11875.87713390302,8893.282416971419,13381.258475560486,2.1058106718942495,1.1598950368612,0.8685905066668537,1.306922858645181
South Santiam (17090006),2008,9996.583373768157,20250.13385535846,11336.15468882463,8120.185985614187,12094.572710207864,2.025705493388516,1.1340029152932007,0.8122961297879245,1.2098706385968832
South Santiam (17090006),2009,10048.963474684073,21455.783674961454,14754.607753898534,6029.99752134481,9047.906159011663,2.1351240582189495,1.4682716074219186,0.6000616418336007,0.9003820326151717
South Santiam (17090006),2010,8914.540388659925,18452.36079534136,16967.40052320507,1368.4076754252653,1973.812012228097,2.06991723530855,1.9033399124860197,0.15350288582078775,0.22141489366506864
South Santiam (17090006),2011,10104.238152767666,19346.112946129837,16616.13293925508,2439.414397611294,3541.1693618962886,1.914653302271059,1.6444716254736862,0.24142487149742314,0.3504637666251287
South Santiam (17090006),2012,8907.293399240889,17673.51955315195,14187.817603743259,3179.170335666544,4802.829168524562,1.984162726093445,1.59283151096745,0.3569176620967133,0.5392018600098967
South Santiam (17090006),2013,10624.280614989095,22666.233570479457,17102.599877938985,5046.694347000361,7640.130816229061,2.133437019585229,1.6097654512071207,0.4750151591327806,0.7191198249649116
South Santiam (17090006),2014,9794.007388170794,22972.047831520165,16493.116117158384,5794.592415447879,8606.804255504738,2.3455207782736425,1.6840007836913393,0.591646727002329,0.87878269990893
South Santiam (17090006),2015,10056.83822990109,23238.38221929843,13824.12147956403,8535.434362932892,12718.144057641166,2.3107045860801305,1.3745991695940794,0.8487194650854833,1.2646264926313973
South Santiam (17090006),2016,9670.530290834937,21326.21654002033,14306.888403888606,6388.911303215289,9638.722821730338,2.2052789142527014,1.4794316313188833,0.6606578037680374,0.9967108867716651
South Santiam (17090006),2017,11611.092472887203,24241.63340841021,19521.069467844387,4312.937042735442,6579.237629597082,2.087799530062851,1.6812431313786873,0.37144971955106576,0.5666338154622494
South Santiam (17090006),2018,12324.166547425693,26025.46919785855,16612.614833648997,8618.533641522055,13150.376260563775,2.11174273714232,1.3479706534085332,0.6993197964630167,1.0670398042706315
South Santiam (17090006),2019,13453.55528309252,28299.95251591918,21911.70273357062,5875.139071227102,9184.41125603052,2.103529655947864,1.6286923621674712,0.43669788004740745,0.6826754016146825
South Santiam (17090006),2020,14579.373514932993,30949.9273265644,25577.1873737513,4991.020966079205,7639.591505498364,2.122857151225585,1.7543406338793464,0.3423343918699338,0.5239999851621523
South Santiam (17090006),2021,13683.733992377996,29486.091542917788,15819.035341400444,12605.354493980705,19866.69273388473,2.154827882458245,1.1560466865412493,0.9211925999878424,1.4518473353070673
South Santiam (17090006),2022,14239.400455598,29439.157368597997,25159.94286206297,3941.6344383317437,6076.77711749193,2.067443602025003,1.7669243126154044,0.27681182579440355,0.4267579338358266
South Santiam (17090006),2023,13838.268779300728,28107.451992387152,17123.797209273926,10045.382192613855,15613.560171494775,2.0311393311300803,1.237423371548303,0.725913215939246,1.1282885468194928
South Santiam (17090006),2024,14582.228647225365,32549.654303461357,26590.022818589536,5484.75260770678,8290.007999057725,2.2321453798939537,1.8234539768822617,0.37612581316576676,0.5685007552419024
South Umpqua (17100302),1985,93.32773455,222.7470223387432,91.11840585072324,88.51161692996115,171.8693712403108,2.386718411335778,0.9763272010198305,0.9483956441966495,1.8415680190783204
South Umpqua (17100302),1986,168.22821873082486,374.3443580604221,206.69777820863996,117.4751369190111,221.11994934410694,2.225217391497174,1.2286748309412268,0.6983081542757004,1.314404628500002
South Umpqua (17100302),1987,84.62154865196648,221.35188178965703,98.39881928538713,75.51049442090346,142.98289743524768,2.6157862307630215,1.1628104289379546,0.8923317479270536,1.6896747898494644
South Umpqua (17100302),1988,78.65496591738851,163.8039028120406,95.32771168018272,40.74907272325868,77.34750687082153,2.082562758772081,1.2119732119686586,0.5180737445879453,0.983377285447683
South Umpqua (17100302),1989,147.71857276986492,293.27486897934165,180.5730141091777,81.60662176621359,159.89868463165217,1.9853621889255804,1.222412393534953,0.5524465897280969,1.0824548439197488
South Umpqua (17100302),1990,166.44060867827469,373.24140837796546,172.41418281786105,149.4764837828544,293.382972222489,2.2424900470018785,1.0358901243333778,0.8980770075876645,1.7626886524405265
South Umpqua (17100302),1991,107.33445138679117,261.82916903072766,160.8854788591595,70.87920896946831,138.32537151690835,2.4393767858112794,1.4989174191554906,0.6603584222371203,1.2887322730931756
South Umpqua (17100302),1992,128.23768988819089,331.08539590326336,157.72037008057953,120.12236547241737,234.6833441643379,2.5818103569390036,1.229906513585002,0.9367165423609145,1.830065282437292
South Umpqua (17100302),1993,125.46700670234108,277.9040848829334,186.34406500094067,63.364268245852756,126.72853649170551,2.2149574791581284,1.4852037192775691,0.5050273367577713,1.0100546735155427
South Umpqua (17100302),1994,70.0326683834571,167.58859812795862,81.52356851930095,54.845009837568504,105.75207802460206,2.3930060355596257,1.1640791419359682,0.7831346584892347,1.510039249762222
South Umpqua (17100302),1995,92.98441478483049,212.75067804632747,146.91852899700166,47.49176358099296,93.78433253763815,2.2880251334445747,1.5800339157586438,0.510749717475673,1.0086027078264534
South Umpqua (17100302),1996,125.00049610214037,315.85583435353715,203.05040748396178,73.58521818050914,146.44042923142385,2.5268366462757483,1.6243968129378086,0.5886794090831544,1.1715187843075798
South Umpqua (17100302),1997,134.33413723471392,305.0854038043755,225.38642467073913,58.61496057137833,115.19241063925469,2.2710936332684986,1.6778045350969504,0.43633704565328735,0.8575066100881412
South Umpqua (17100302),1998,62.484178742961134,125.23895561990713,100.20611659816461,21.055660509046,41.29072713786522,2.0043306664091403,1.6037038273380984,0.33697587025448306,0.660818913980151
South Umpqua (17100302),1999,124.49182528718973,284.1932764004717,149.58729135427973,100.26030427460182,196.4054977236903,2.2828268100726072,1.20158324459616,0.8053565287785901,1.5776577881367166
South Umpqua (17100302),2000,171.48672440737909,359.1785211742151,233.86742169718244,88.44457532199704,170.3560994371811,2.0944975327708786,1.363764002755184,0.51575173313061,0.9934069242146575
South Umpqua (17100302),2001,182.0593042017931,384.4423761732315,200.47268590838823,121.70703590498505,234.35002166258374,2.1116326784766715,1.1011394709395674,0.6685021479049811,1.2872180451861555
South Umpqua (17100302),2002,134.33413723471392,326.27443347752865,132.82125082794215,134.88172276225984,265.34274771532534,2.428827401537176,0.9887378857086163,1.004076294669531,1.9752443658584564
South Umpqua (17100302),2003,171.48672440737909,373.97667899152793,211.9430950796024,109.50996645633096,212.4985616254999,2.1807908471277306,1.2359154669962455,0.6385915110033948,1.239154589720276
South Umpqua (17100302),2004,118.08062735387996,285.1353192009237,146.6937732177692,91.90039573137969,181.23042320472928,2.4147510526548244,1.242318714806092,0.7782851242478597,1.5348023402822335
South Umpqua (17100302),2005,171.48672440737909,383.85495318465496,275.0642833715389,75.22849893118398,147.86848341286594,2.238394572589653,1.6039975357981873,0.43868409750759046,0.8622736478515601
South Umpqua (17100302),2006,122.70772052876042,287.79793342015296,179.98400625273578,69.23020007190756,137.69418224994723,2.3453938528073173,1.466770024552374,0.5641878096470815,1.1221313675831364
South Umpqua (17100302),2007,178.375454210271,360.46761426823025,182.61691099881284,120.21864682403914,232.72654793124863,2.0208364198097963,1.0237782536129774,0.6739640684100182,1.3047005203805002
South Umpqua (17100302),2008,148.5228081766804,304.8718304372351,164.26377821810442,94.34691329063943,182.78460465090762,2.0526936850976067,1.1059835202058583,0.6352351833962486,1.2306837373655763
South Umpqua (17100302),2009,95.33496868474391,233.37965603264357,115.88035333128899,74.69762121357648,146.16563848870638,2.447996356975679,1.2155073309404976,0.7835280405932524,1.5331796979138956
South Umpqua (17100302),2010,84.64439432351185,200.67402253932204,166.2186208323592,19.278855705865677,37.35639895727394,2.3707892784056512,1.9637286339018472,0.2277629352769856,0.4413334073193005
South Umpqua (17100302),2011,148.60030331125498,339.9932315543246,235.0068670492375,68.01619440224796,132.7518831951435,2.287971316196994,1.581469632380206,0.45771235244239517,0.8933486691281126
South Umpqua (17100302),2012,135.7289578721574,292.16121279296266,171.7164425573861,82.19833667373562,162.2168840282031,2.152534119271351,1.265142275085654,0.6056064819355493,1.1951530946033977
South Umpqua (17100302),2013,140.06565705260223,333.2563740915755,198.86745930751374,81.01047099981464,146.75042356585328,2.3792868366470423,1.4198159883891328,0.5783749757400619,1.0477259497718314
South Umpqua (17100302),2014,179.3601751668027,432.5823561527904,255.75910212067612,121.31718104203654,227.43933318977042,2.4118082832518106,1.4259525665762949,0.6763886182047553,1.2680592722339545
South Umpqua (17100302),2015,156.10687343390384,390.076948959939,200.07228166644745,124.03583527207813,227.18404834211415,2.4987813821349696,1.2816365946318098,0.7945571680711119,1.4553109888419142
South Umpqua (17100302),2016,141.51133655359627,328.57058447509314,170.45309502433273,100.91244810626442,182.11243873660527,2.321867579497065,1.2045190101061267,0.7131050456020861,1.2869105979197057
South Umpqua (17100302),2017,186.21964982992992,406.50336912621117,270.4142776228733,90.31045842128768,168.18583907554682,2.1829241409134923,1.4521253684551356,0.4849673947070898,0.9031583897249675
South Umpqua (17100302),2018,231.26282256332263,517.6805022389549,304.3093947184571,151.60981955303595,286.63418213879896,2.2384942659653286,1.3158595547069976,0.6555736796454747,1.2394304409231838
South Umpqua (17100302),2019,226.79476890274316,508.0270641915137,327.38808620828047,121.39782613282466,228.13232056304875,2.240029903023786,1.443543375326593,0.5352761296927617,1.0058976301207334
South Umpqua (17100302),2020,192.039227563,460.9304455899536,226.88477962758813,155.59436623408743,289.88301334305226,2.4001890209579275,1.1814501782098492,0.8102217875410036,1.5094989550921507
South Umpqua (17100302),2021,169.16466046200003,406.76142625462035,161.15022167984623,164.7654925063273,301.1085498658731,2.404529558027827,0.9526234453445191,0.9739947578669309,1.7799731282144005
South Umpqua (17100302),2022,285.44365728099996,690.3245357458153,475.41217588582634,154.00057485095562,294.5357645659808,2.4184266076237857,1.665520195524314,0.5395130384675266,1.031852546213806
South Umpqua (17100302),2023,317.6358365664606,706.9243543364578,389.8693327457613,221.92794366963875,425.71254278744277,2.2255812252738183,1.2274097814658482,0.6986867290183851,1.3402535034750989
South Umpqua (17100302),2024,341.56827650810266,831.5059263884855,522.4125113666086,219.30450273298308,422.9846511398785,2.4343769125431662,1.5294526667034194,0.6420517296716247,1.2383604691398924
Sprague (18010202),1985,19678.343191322016,43431.82276464694,17623.45963251852,19583.172323803086,35234.11933695862,2.2070873722641453,0.8955763938648208,0.9951636747772089,1.790502330119772
Sprague (18010202),1986,18785.130431738507,43191.8852118174,20549.696586242047,17217.329068474588,31028.025328140797,2.2992592661929216,1.0939341976312398,0.9165402993095522,1.651733291972104
Sprague (18010202),1987,17917.695768139016,42506.036668355155,16002.715426035447,20096.95964293948,36109.3442385939,2.372293693251493,0.8931235150499229,1.1216263465459437,2.015289505183083
Sprague (18010202),1988,15573.860446261153,35137.10386384781,14855.925616908613,14965.272337200278,26693.90365689377,2.2561589006843352,0.9539012930140326,0.9609224629204264,1.7140197030147544
Sprague (18010202),1989,19105.196061494175,40082.583063857266,22748.430234131436,13235.519847305055,23604.248325455785,2.0979938093722184,1.1906933674436384,0.6927706894346278,1.235488411083584
Sprague (18010202),1990,18049.200569662877,41932.624717312465,16627.873544968006,19250.381629030835,34162.245021393814,2.32323999921597,0.9212526328127885,1.0665503746125413,1.8927289820699187
Sprague (18010202),1991,17369.0469048279,38287.26337747668,15103.7616225983,17405.966554053197,30856.36352768493,2.204338763506612,0.8695791833229524,1.0021256001798828,1.776514491368441
Sprague (18010202),1992,14991.563982359146,36184.70482187087,11547.477377080524,18485.447282427496,33044.132948638275,2.413671106260167,0.7702650230935649,1.2330566246576853,2.2041818310298993
Sprague (18010202),1993,20345.244144521308,41924.930819100366,28863.61789952436,10080.161697137104,18257.737993937342,2.060674746456172,1.4186911542812295,0.4954554305435333,0.897395866289169
Sprague (18010202),1994,16448.20623501481,39714.28198086428,10596.21580689116,21952.536136846473,39300.89708162662,2.4145053517337853,0.6442171052265881,1.3346462114582494,2.3893728300878903
Sprague (18010202),1995,21301.70659739314,46123.204954494875,29417.54173502427,12782.090209329874,23185.16296273234,2.16523520045757,1.3809945978048694,0.6000500547169362,1.0884180972415465
Sprague (18010202),1996,19856.52645014513,45427.829366387494,29042.721754285692,12773.643968980503,22518.13680453156,2.287803432309555,1.4626285129579357,0.6432970036855132,1.13404209246109
Sprague (18010202),1997,20459.14417340806,46152.681628603015,26593.097374224784,15033.271686241433,27089.19298671277,2.2558461506219962,1.2998147502567277,0.7347947479533894,1.3240628619217694
Sprague (18010202),1998,21212.80011385747,46840.86422609695,30159.89091842369,12880.141458046348,23439.791490152907,2.208141498278565,1.4217779244863316,0.6071872354858173,1.1049833762795245
Sprague (18010202),1999,19869.99833544946,43541.92141222539,20787.159665274612,17345.157065658514,31252.308383513875,2.1913399627489434,1.0461580979696847,0.8729319838297895,1.5728390036026112
Sprague (18010202),2000,18346.434074528835,44184.39484059787,18940.927677843178,19147.235487271348,34864.17220974586,2.4083369368187477,1.0324037685415774,1.043648886180792,1.9003241757017693
Sprague (18010202),2001,18188.964459002585,44334.44136404311,11484.777842493002,25264.898730516332,44543.18444157042,2.43743625229307,0.631414606828188,1.3890234811037596,2.448912610828918
Sprague (18010202),2002,18887.65560420634,46163.30428062075,15069.82925774154,24013.400392004958,42224.30524840052,2.4440992173925515,0.7978665840553256,1.2713806782169992,2.23555035803369
Sprague (18010202),2003,19017.097589796234,46996.276715871616,20376.956546534446,20556.651262707266,36137.162297798575,2.471264423709316,1.0715071766507553,1.0809562902878034,1.9002459301249124
Sprague (18010202),2004,19062.902994497457,44820.95369845501,18483.60085854003,20376.858548624386,35928.54754351688,2.3512134385509205,0.9696110221971626,1.068927358781934,1.8847364199402221
Sprague (18010202),2005,20162.162619589373,47952.83118413234,20630.38769501452,21333.69040518593,37957.567075561936,2.378357524878894,1.0232229589781319,1.0581052641872015,1.8826138739047125
Sprague (18010202),2006,19267.469797771315,46955.79297284227,21191.6011130449,20310.834390795142,35878.46580361705,2.437050295948754,1.0998642445255657,1.054151614299897,1.862126484701543
Sprague (18010202),2007,18848.073157049505,47748.83331763338,16497.638785764902,24227.178895874444,42884.445177733025,2.533353564567129,0.8752957741780889,1.2853928724705241,2.2752694570104373
Sprague (18010202),2008,19764.948180722644,46306.8074441142,13952.869740144433,25042.18603077054,44412.0961695072,2.342875226421218,0.7059401123931655,1.266999832319062,2.2470130335491425
Sprague (18010202),2009,20197.302031695977,49087.637062214286,18294.42407169738,24032.821648381945,42400.54258763567,2.4304056544374197,0.9057855372458966,1.1899025726637558,2.099317152414504
Sprague (18010202),2010,18548.092510945058,41051.645189333925,14056.931369364218,20967.203411027695,36694.10762810118,2.2132542828924175,0.7578639884974345,1.1304237025265613,1.978322439703615
Sprague (18010202),2011,19937.206095200276,45885.4269374846,15067.417017096686,24085.23748266378,42700.48946103546,2.301497347139886,0.7557436556130123,1.2080547980322132,2.1417489119157604
Sprague (18010202),2012,18028.139169984035,43442.280449342245,13086.00976540487,23702.057580851466,41608.437921418394,2.4096929827162366,0.7258658057839066,1.3147256828544027,2.3079718616047957
Sprague (18010202),2013,17403.82760641823,40590.574348893555,13628.240891040949,21128.86212214135,36945.73626924446,2.3322785807143056,0.7830599796343128,1.2140353604944576,2.122851197148121
Sprague (18010202),2014,17638.174520739514,42635.209343093826,15877.319485327114,21009.991074626014,36723.140355493255,2.4172121266269375,0.9001679548333116,1.1911658459849013,2.082026136679453
Sprague (18010202),2015,18717.92351017718,47927.65229584729,19663.14165925682,22251.617120300198,39276.53800876675,2.5605218586232814,1.0504980239162593,1.1887866251938524,2.098338418116282
Sprague (18010202),2016,18735.660126125556,43285.28901590769,19294.473616308267,18742.2627677472,32986.062681776595,2.3103156613921176,1.0298261970179254,1.000352410407597,1.7606031738257173
Sprague (18010202),2017,19475.93239700721,47372.38344168727,23355.370970475265,19255.148586583047,34015.669271091545,2.432355097359385,1.1991914170981715,0.9886637617176115,1.746548949631731
Sprague (18010202),2018,17301.167389853203,40178.12634626872,15857.90711116936,18868.467970552683,33203.40833182269,2.322278343473655,0.9165801794663702,1.0905892963973445,1.9191426557317655
Sprague (18010202),2019,19881.44993061162,44688.53532084746,25257.862675674867,15428.861599891618,26997.09868491319,2.2477503138259642,1.2704235739258203,0.7760430780320344,1.3579039144094593
Sprague (18010202),2020,16107.469957907004,37253.627831630074,9562.127378331652,22053.536969900128,38000.842192021424,2.3128168439229415,0.5936455199556461,1.369149657117582,2.3592061503965227
Sprague (18010202),2021,14836.155331704002,35887.53741055867,10511.207461099166,20158.075296511102,34648.35589601578,2.4189243512346548,0.7084859403323532,1.3587128771450963,2.3353999146917976
Sprague (18010202),2022,16598.246511030007,41268.53584995474,12449.495586078545,22996.910678275588,40036.5620661724,2.486319011019063,0.7500488426777793,1.3855024181616706,2.4120958825118644
Sprague (18010202),2023,18715.163668962505,42625.88242470526,20898.928258703796,17394.40216960286,30180.153949294698,2.277612057189574,1.1166842368235805,0.9294282688240652,1.6126043289349319
Sprague (18010202),2024,16144.073532951877,40358.726901320086,14582.757463514554,19984.53650445725,35001.37712734253,2.4999097544336233,0.9032885927922404,1.2378868606901816,2.168063534640174
Summer Lake (17120005),1985,56911.07779244402,120475.62560708052,38850.89384597828,77022.92119201335,100447.37789402527,2.116909928264895,0.6826596042982768,1.3533906610048343,1.764988149765132
Summer Lake (17120005),1986,57580.60358895364,122067.38002763149,45963.281418249295,71304.87686457412,93466.5610316102,2.119939222920009,0.7982424384843886,1.2383488956384154,1.6232299629721314
Summer Lake (17120005),1987,54097.036498899644,119996.35701400111,44034.0029819547,71618.67206003043,92487.36792202253,2.21816877189644,0.8139817970038038,1.3238927064237092,1.709656829795173
Summer Lake (17120005),1988,49523.59958642713,99868.62079666389,34813.16139270007,61239.29147662339,76930.18985194455,2.016586468485113,0.702961046519754,1.2365678583147086,1.5534046493871723
Summer Lake (17120005),1989,52308.27754064931,104131.32284097683,45151.6496705173,56226.24935286188,69832.71163115626,1.990723605074843,0.8631836449867706,1.0749015642728414,1.33502219752674
Summer Lake (17120005),1990,49812.404962373286,106246.72996140455,31259.085578546215,70923.79093781058,87785.60227244033,2.132937167793042,0.6275361649805573,1.4238178419890422,1.7623241106055971
Summer Lake (17120005),1991,53551.018015959955,109413.94544356527,36462.06517925607,70030.97763654515,86098.7912225106,2.0431720907893167,0.6808846317055854,1.3077431621500386,1.6077899993768623
Summer Lake (17120005),1992,47875.69629643373,106600.59739686312,33958.076917587954,70710.17658452675,85543.13165512003,2.226611948091997,0.709296773614079,1.476953486936418,1.786775718633092
Summer Lake (17120005),1993,61263.30214770581,114981.97515353118,65283.02443119133,47049.77819111398,58685.592465056194,1.8768491270077095,1.0656138690303367,0.7679928528448724,0.957924081917185
Summer Lake (17120005),1994,54105.07960026808,118942.81060343499,29283.215492085626,86032.50767384318,105171.85878690386,2.1983667981304595,0.541228581649486,1.5901003807675187,1.943844451647064
Summer Lake (17120005),1995,57804.839548864875,119831.34809182883,50875.75179186402,65891.50362284062,81366.54095528298,2.07303314094541,0.8801296256320649,1.1398959695604682,1.407607764164805
Summer Lake (17120005),1996,58889.140838470594,123580.10613634915,55084.56758585746,65025.808311489134,80638.4650558045,2.098521125912195,0.9353943155148272,1.1042071150239916,1.369326566964035
Summer Lake (17120005),1997,62828.87372951174,138767.91441996873,57435.30176915985,77452.54726551785,97469.16686035064,2.2086646820598217,0.9141545655653153,1.2327540296037032,1.5513435316375535
Summer Lake (17120005),1998,63935.55657085698,133857.96624648361,71187.73587734991,59401.71494397619,76064.89050918684,2.0936388674138575,1.113429517086563,0.9290873205763662,1.1897118690894237
Summer Lake (17120005),1999,63923.53956680377,137624.18533074495,49369.344062152755,83843.65379530762,107525.14965512714,2.152950012834001,0.77231868567852,1.311624080323121,1.682090046699576
Summer Lake (17120005),2000,65332.26076293568,153572.52353563462,50589.63215109051,98551.72467331502,124338.4807776975,2.350638440216957,0.7743438166736615,1.508469529792017,1.9031712560640066
Summer Lake (17120005),2001,62304.961621205715,150895.00727105705,37631.79143614332,109971.12377736454,133534.32180053066,2.4218778624477864,0.6039934935668945,1.765046007827657,2.1432373654666015
Summer Lake (17120005),2002,63441.640811663645,150755.9107616845,29376.3369062999,117403.4605275931,142474.25838427836,2.376292744527633,0.4630450368316941,1.8505741501252069,2.2457530505434957
Summer Lake (17120005),2003,62308.56904331607,151453.20174341142,45119.38085493982,103450.79872944311,125007.4982381112,2.430696195865503,0.7241280219992445,1.6602980989264176,2.006264951313642
Summer Lake (17120005),2004,65306.831543295244,151129.69280688904,55397.88675900795,92037.12656964379,112228.65162662599,2.3141482940677873,0.8482709304658558,1.4093031983740885,1.7184825687374508
Summer Lake (17120005),2005,66424.50463061752,152836.49585916186,56922.46692299137,92314.18554512376,112826.99274713479,2.3009053166309026,0.8569498145230231,1.3897609934538033,1.6985748463546484
Summer Lake (17120005),2006,68231.89771833066,161839.6334163779,55484.62878795068,101614.58310066492,126137.15925399268,2.3719057922801894,0.8131772769533362,1.4892533624103779,1.848653833060628
Summer Lake (17120005),2007,66376.44079187422,165485.60371701687,53635.067934740015,107846.89134562897,131439.39908360667,2.4931376515939303,0.8080437470715663,1.6247766535687997,1.9802116159819378
Summer Lake (17120005),2008,65676.06017285037,148519.01720031336,33983.80683672529,110569.28425414416,134236.80297209055,2.261387434164469,0.5174458813041553,1.6835553771517506,2.0439228939555405
Summer Lake (17120005),2009,66371.13062837097,158749.4828235777,50812.12934053993,104606.32089077253,126461.61249370874,2.39184539001538,0.7655757685528984,1.5760816472524812,1.9053707733532494
Summer Lake (17120005),2010,64993.40048446394,143220.8110042312,41810.37635694425,98574.76917024946,118614.77775232296,2.2036208282172707,0.6433018744255216,1.5166889012648728,1.8250280315872487
Summer Lake (17120005),2011,67771.97232297878,152363.9555960586,50993.84164914521,97956.48267060841,119141.02944877483,2.2481853541157464,0.7524326045304606,1.4453833836173493,1.7579690447990526
Summer Lake (17120005),2012,66721.10638284104,164262.50791018957,44078.67139029196,116504.45351044108,140492.31077950652,2.461927219366879,0.6606405945574647,1.7461409114223416,2.1056651844675875
Summer Lake (17120005),2013,66715.91628854959,157395.81408678662,52245.83717852565,102527.37055221325,123174.98586600112,2.3591943698418536,0.7831090403159549,1.5367752742655496,1.8462608732414512
Summer Lake (17120005),2014,67092.10034399526,168788.31370860923,52273.66660363132,113331.15267996199,136404.94857366226,2.5157703044500943,0.7791329580623244,1.6891877299844456,2.033099990524749
Summer Lake (17120005),2015,67298.57586901067,172238.17926637968,58453.36671823314,110850.96897258407,133191.4572029157,2.559313879117182,0.8685676622935712,1.6471517790858365,1.979112566396031
Summer Lake (17120005),2016,68363.98771181134,167652.6839442745,59246.019747300554,105272.06895993493,126818.63915158097,2.452353783852034,0.8666261540659739,1.5398760734044619,1.8550503473581068
Summer Lake (17120005),2017,70257.35814187358,179382.5135332754,50519.66863640631,124064.48032394513,151345.6029492107,2.5532203071319715,0.7190658739884562,1.7658574646859992,2.154160175559011
Summer Lake (17120005),2018,68680.24685960372,173973.00964433976,39769.44817678865,130540.72650933021,157431.87897880838,2.533086551071601,0.5790522019829868,1.9007026398169737,2.2922439300579525
Summer Lake (17120005),2019,69438.0623915462,171468.57422651837,68891.86057401067,99756.11350852548,120394.16232440932,2.469374408226488,0.9921339709271318,1.4366200621500977,1.733835279641484
Summer Lake (17120005),2020,66824.24741245105,164107.15575727326,31102.03387951536,130395.94670687051,155847.33040459378,2.4558025284501137,0.46543036523177156,1.9513268275517375,2.332197315185258
Summer Lake (17120005),2021,65695.31791221803,173078.12929612366,40940.5130155855,130443.43924993562,155220.87514623225,2.6345580597903546,0.6231876839425626,1.9855819774589403,2.362738777725958
Summer Lake (17120005),2022,64822.86283324701,166620.6699313456,42521.79759502738,122707.36745016689,145904.25231570168,2.5703997424483926,0.655969140153717,1.8929643352195713,2.2508146962134603
Summer Lake (17120005),2023,69638.05973398869,168722.4526496543,57375.31073021671,108348.7218967527,130766.48674031608,2.4228482713929615,0.8239073711901996,1.5558836979467172,1.8778019841424738
Summer Lake (17120005),2024,67277.1660778123,176323.23593803318,44576.59220759623,128411.71964195775,154298.6794885705,2.620848145329114,0.6625813007051939,1.9086969194486827,2.2934776906344374
Thousand-Virgin (16040205),1985,38.89609812,78.46725326640541,19.690512059773514,29.38837060331595,39.1844941377546,2.017355391903907,0.5062336072637795,0.7555608923200636,1.0074145230934182
Thousand-Virgin (16040205),1986,53.44249988188045,119.35370011158645,43.2056246693318,46.2343571380199,72.52623540654997,2.233310574456361,0.808450666881707,0.8651233987969853,1.3570891250755246
Thousand-Virgin (16040205),1987,53.44249988188045,121.67725406681367,34.91284522861221,51.80883777313868,80.31396150290215,2.2767882179117156,0.6532786697062674,0.9694314054852875,1.5028107158238007
Thousand-Virgin (16040205),1988,34.99791249515013,60.75615313379912,18.473321849136738,29.622538144895188,50.804880863278925,1.7359936293977092,0.5278406776888963,0.8464087150626529,1.4516546056945328
Thousand-Virgin (16040205),1989,53.44249988188045,115.55338656319907,35.98796926072153,48.702812469631304,76.83055505069845,2.1622002492135883,0.6733960675541519,0.911312393268936,1.4376302609442053
Thousand-Virgin (16040205),1990,20.45151072718231,32.62683379884804,10.137994873156217,11.244419462845912,14.992559283794549,1.595326342101632,0.4957088504802584,0.5498087458106867,0.7330783277475823
Thousand-Virgin (16040205),1991,38.89609811391263,56.634309232039854,29.008009018715015,13.81315010666242,18.417533475549895,1.4560408878591988,0.7457819787928607,0.35512945453316913,0.47350593937755886
Thousand-Virgin (16040205),1992,69.81609216770367,157.00875126943504,48.89872063906483,68.95870614958112,87.26927382002313,2.2488905694161145,0.7003932635130351,0.9877193639531836,1.249987948486082
Thousand-Virgin (16040205),1993,69.81609216770367,142.4593501701199,65.31893112182982,59.1788843643229,72.43971253590414,2.0404944726485335,0.9355856091877597,0.8476395989361682,1.0375790206346458
Thousand-Virgin (16040205),1994,84.3624939356715,219.23631041123969,38.53711432194068,137.8926863140726,185.11265902400447,2.5987414570557013,0.4568038772221005,1.6345259591213508,2.1942530428884366
Thousand-Virgin (16040205),1995,84.3624939356715,198.28558813756746,70.42770339327681,98.3783502489436,132.07452148331046,2.350399791271761,0.8348224442840642,1.1661384776505013,1.565559709318463
Thousand-Virgin (16040205),1996,84.3624939356715,177.91138669768713,76.01909987783817,75.88286375956389,104.31888183972941,2.1088919779131827,0.9011006708242247,0.8994857811745877,1.2365552151560997
Thousand-Virgin (16040205),1997,84.3624939356715,150.7384235276884,63.017537955347066,57.2874587903546,85.5962295046701,1.786794302722134,0.7469852420839942,0.6790631253034993,1.0146242187901577
Thousand-Virgin (16040205),1998,84.3624939356715,158.8794060906169,85.33472501350563,44.56457950633447,65.8011755019677,1.8832943252218979,1.011524446854019,0.5282510915373847,0.7799813925859369
Thousand-Virgin (16040205),1999,38.89609811391263,86.985471110549,22.587301431420073,32.19908483956446,42.932113119419284,2.236354681536435,0.5807086707070211,0.8278230054147069,1.103764007219609
Thousand-Virgin (16040205),2000,38.89609811391263,90.04884750395314,24.287725820672833,32.88056084164015,43.840747788853534,2.3151126172150374,0.6244257650097151,0.8453434261026609,1.1271245681368813
Thousand-Virgin (16040205),2001,38.89609811391263,76.82230148021921,16.528934534869798,30.146683472674706,40.19557796356627,1.975064471897269,0.42495096774135327,0.7750567520779579,1.0334090027706104
Thousand-Virgin (16040205),2002,38.89609811391263,77.29260181077379,20.51119145218307,28.390705179295367,37.85427357239382,1.9871556675019604,0.5273328803345054,0.7299113935837276,0.9732151914449702
Thousand-Virgin (16040205),2003,38.89609811391263,60.76802013199023,20.188198063781073,20.289911034104577,27.053214712139436,1.5623166095998275,0.5190288754583333,0.5216438670707472,0.6955251560943295
Thousand-Virgin (16040205),2004,38.89609811391263,87.28289883291299,26.31438278781512,30.484258022548936,40.645677363398576,2.2440014054184276,0.6765301421944636,0.783735631611982,1.0449808421493092
Thousand-Virgin (16040205),2005,38.89609811391263,77.82541254067526,28.794203619802936,24.515604460436165,32.687472613914885,2.00085397544897,0.7402851446814821,0.6302844153837439,0.8403792205116585
Thousand-Virgin (16040205),2006,38.89609811391263,96.05073378601293,25.138112358379136,35.45631071381689,47.275080951755854,2.4694182307108288,0.6462887944379069,0.9115647181364608,1.2154196241819477
Thousand-Virgin (16040205),2007,38.89609811391263,94.88433281409681,16.819244698319828,39.03254405788849,52.04339207718466,2.4394306219666264,0.43241470260236214,1.0035079596821321,1.3380106129095097
Thousand-Virgin (16040205),2008,38.89609811391263,82.21107991014665,15.555887282725703,33.32759631371047,44.4367950849473,2.1136073770016743,0.39993439026115485,0.8568364933702598,1.1424486578270132
Thousand-Virgin (16040205),2009,69.81609216770367,126.86110235187888,43.94923647125487,53.79683411952931,67.8574568874611,1.8170753820931236,0.6295000924097183,0.7705506345199776,0.9719457904412957
Thousand-Virgin (16040205),2010,69.81609216770367,112.0018361356349,36.27399086837107,60.45775292060039,73.52207674528101,1.6042409802398823,0.5195648988952022,0.8659572749413728,1.0530820970138988
Thousand-Virgin (16040205),2011,69.81609216770367,144.30736115703476,55.080377783689315,63.29451805972272,78.53197659004599,2.0669641722483876,0.7889352737099918,0.90658924174221,1.1248406227235703
Thousand-Virgin (16040205),2012,69.81609216770367,90.68905740253814,27.120162573391298,42.08374443011053,52.88050723527299,1.2989706898045221,0.3884514548343176,0.602780005632829,0.757425768091544
Thousand-Virgin (16040205),2013,69.81609216770367,124.44558466783724,38.60143097449487,66.66643867747973,81.43937334854286,1.782477088074613,0.5529016273464753,0.9548864252863333,1.166484270602244
Thousand-Virgin (16040205),2014,69.81609216770367,125.76083714718511,43.8870190848901,66.98969992065993,81.14617530142503,1.8013159035756086,0.628608931297244,0.9595166077148155,1.162284693713673
Thousand-Virgin (16040205),2015,69.81609216770367,105.63314077798312,59.81119971130099,34.22248582783725,42.08127042315674,1.513019957121692,0.8566964700291424,0.4901804836860846,0.6027445695767999
Thousand-Virgin (16040205),2016,69.81609216770367,124.77432894184074,49.930222326154365,63.217441920594695,76.19725162345911,1.7871858058472123,0.7151678184195428,0.9054852535822471,1.0913995506999647
Thousand-Virgin (16040205),2017,51.37150478097335,99.39368520963481,35.60306456101375,55.02517175637621,66.1104685592261,1.9348019029889816,0.693050840398979,1.0711224440666196,1.286909325336946
Thousand-Virgin (16040205),2018,51.37150478097335,102.51116716803165,31.904084518102863,61.05745777065887,73.33028363281748,1.9954869456344808,0.6210463301421393,1.1885471922806696,1.427450567108501
Thousand-Virgin (16040205),2019,69.81609216770367,122.12662522619198,51.68177195029324,57.579191849043355,69.75836867367538,1.749261831109572,0.7402558686061891,0.8247266505655124,0.9991732064594845
Thousand-Virgin (16040205),2020,51.371504779999995,118.3352871261244,30.82263285950571,75.09495999745253,90.29488537255847,2.303519969541457,0.5999947440026248,1.4618018358436051,1.7576842601603557
Thousand-Virgin (16040205),2021,51.371504779999995,102.10451168387875,28.780775164978728,63.29619784490188,76.03906235462937,1.9875709719063979,0.5602478511819589,1.232126606296034,1.4801797743762601
Thousand-Virgin (16040205),2022,30.91999405,67.88728067669355,15.630481614382397,52.25679906231115,61.47858713213077,2.195578710879265,0.5055137329297901,1.6900649779494752,1.9883117387640885
Thousand-Virgin (16040205),2023,69.81609216770367,124.71418907126932,68.62603278738253,45.78397147118678,55.479838564172695,1.786324401710943,0.9829543684934051,0.6557796354629837,0.7946568884277541
Thousand-Virgin (16040205),2024,20.45151072718231,34.79092658002003,14.325451555490767,10.232737512264631,13.643650016352842,1.7011421329270828,0.7004593326423884,0.5003414001423472,0.667121866856463
Trout (17070307),1985,2653.2859742500004,4884.195364466856,1715.542620906289,2056.3678628480975,3166.194370627378,1.8408100038471964,0.6465728299005606,0.7750268470134913,1.193310634946676
Trout (17070307),1986,3152.1434398874167,6403.693962057135,2469.4014548803457,2539.9181927912805,3959.4042588537645,2.0315363447692127,0.7834038970537914,0.8057749405217414,1.2560990114698525
Trout (17070307),1987,2603.6444843213735,5677.033278973807,1948.5348157748003,2305.9484737959137,3572.3740318828395,2.1804179922258076,0.7483874344245105,0.8856618050897019,1.372066752352313
Trout (17070307),1988,2837.9298892004967,5931.913097026211,1814.596224473932,2611.6509536733843,4073.2934263139578,2.0902253856233752,0.6394084051826738,0.920266199532202,1.435304459710063
Trout (17070307),1989,2890.5192128612694,6144.18373785416,2648.791335272176,2114.932795637591,3240.9739012803975,2.1256332462748624,0.916372160228677,0.7316792035933433,1.1212428157750316
Trout (17070307),1990,2316.408418190146,4678.436160471844,1749.8415869791952,1637.6431135317057,2355.1611015090375,2.0196939899429287,0.7554115125977566,0.7069751174584434,1.016729641895003
Trout (17070307),1991,2375.3440576124344,4614.4397623383675,1565.8882688325193,1917.9918881772226,2862.636151731479,1.9426405819191301,0.6592258766952962,0.8074585582793774,1.2051458998360194
Trout (17070307),1992,1750.8872212383603,3740.9607560497534,1286.8887270985504,1665.1719361450287,2483.652732434452,2.136608635137483,0.7349923578677815,0.9510446566440143,1.4185109710708976
Trout (17070307),1993,3163.440264628681,6423.921500070786,3043.4792229748764,2251.044779928169,3521.7731435306737,2.0306757715321724,0.9620789293873753,0.7115812506712191,1.113273161155788
Trout (17070307),1994,1808.4950346640546,4002.5964591079264,1051.0289427993284,1944.471869463401,2965.4771577629667,2.2132194904540876,0.5811621943405375,1.0751878397192312,1.639748575983142
Trout (17070307),1995,2492.527993480986,5546.697204940283,2504.31689296449,1999.5750102265456,3064.26560436052,2.2253299539452476,1.004729695920903,0.8022277043452588,1.2293806177402498
Trout (17070307),1996,2817.731105409841,6133.320918054433,2694.161454409589,2195.293390565855,3235.2962317848633,2.1766877990163427,0.9561456908492769,0.7790996757465785,1.1481919710412847
Trout (17070307),1997,3128.3225246573347,7074.678155674221,3052.041892465477,2503.129402933549,3780.254444056139,2.2614925730681033,0.9756161228292107,0.8001506824197204,1.2083966452500656
Trout (17070307),1998,3172.47981683039,7073.243833678991,3206.3910273198608,2487.1979429437924,3786.5786238357773,2.2295630680310636,1.0106891808450813,0.7839917309320317,1.1935705953896125
Trout (17070307),1999,2648.6717427131935,6133.263376327004,1873.935507515943,2714.848268625855,4001.5571341019754,2.3155996560163903,0.7075000942156608,1.0249847970382593,1.510778806437879
Trout (17070307),2000,2631.6021766455297,6261.693852239869,1643.7336650120562,2905.8624587965123,4306.320107467965,2.3794226603891824,0.6246132791649014,1.1042179872721412,1.6363871962430039
Trout (17070307),2001,2387.0214044666327,5491.309377282847,1538.2991225707162,2459.938174115115,3556.2316407994617,2.3004860228766364,0.6444429529170649,1.0305471788028542,1.4898197536666342
Trout (17070307),2002,2567.2472158596765,5516.690044573136,1320.442027837111,2602.1340814670875,3819.144878263533,2.1488737081854423,0.5143415950282543,1.0135892115850358,1.4876420372257146
Trout (17070307),2003,2352.9646253035035,4822.621779604853,1714.1001428010863,1946.5648810114567,2809.2370607377825,2.0495938305841697,0.7284853007851695,0.8272818299426723,1.193913852561819
Trout (17070307),2004,2796.8691833431562,6591.222821293895,2702.684155448219,2441.8202188852442,3573.928858061028,2.356643228274005,0.9663248361933195,0.8730548548454045,1.2778319698846394
Trout (17070307),2005,2578.438584716098,5849.814680447311,2097.7022530437744,2327.8993128110606,3345.5450890968705,2.268743073859722,0.8135552521894736,0.9028329496036365,1.29750815432559
Trout (17070307),2006,2686.00604518899,6199.859576648372,2399.758987038339,2393.1844499808885,3487.0080539486876,2.3082076035358083,0.8934302256454861,0.8909825256229094,1.2982130327645403
Trout (17070307),2007,2634.5689091650765,5943.701293407079,2064.837863013235,2404.4287317591707,3455.216768904094,2.256043207953404,0.783747904953302,0.912645982951784,1.3114922737014647
Trout (17070307),2008,2759.2865586699077,5768.63766546225,1724.1528497561817,2552.5546848809363,3740.898008247041,2.090626523489092,0.6248545821885553,0.9250777802909225,1.3557482808347066
Trout (17070307),2009,2417.811405526628,5417.817919708529,1702.9544407477642,2327.0080076303457,3313.6883698437086,2.240794260182781,0.7043371690840546,0.9624439699106705,1.370532193813499
Trout (17070307),2010,2945.777862517486,6645.625347680445,2731.6612505521025,2411.0046522250586,3477.640102047514,2.2559831928402905,0.9273140671298284,0.8184611212213382,1.1805506947069981
Trout (17070307),2011,2282.2374894619525,5001.7248408430405,1632.486084173966,2162.083177982804,3174.355452575807,2.191588239146058,0.7153007045549987,0.9473524065598119,1.3908962004318732
Trout (17070307),2012,2953.9515358508065,6100.52049083881,2338.4778557222658,2446.867047977563,3567.949251201869,2.0652066957766517,0.7916439478918973,0.8283368966217005,1.2078563943582836
Trout (17070307),2013,2733.30439537079,5671.524155798135,2153.948036585988,2248.6622465930723,3191.6913802349027,2.074969829706346,0.7880381124890378,0.8226900195973331,1.1677043309338144
Trout (17070307),2014,2968.4884776004365,6619.58272544564,2208.4790638604973,2823.3528267341608,4054.3557846320614,2.229950621467983,0.743974275300442,0.9511078948220828,1.3657980535297145
Trout (17070307),2015,2705.0223805537735,5869.671638126825,1857.1374424633377,2573.967427206643,3697.0229451235937,2.1699161087625396,0.686551599651883,0.9515512498937991,1.3667254554717352
Trout (17070307),2016,3002.550216555746,6279.200274323592,2312.601734927485,2547.3635369309977,3677.7497535968196,2.091289011487882,0.7702125087454132,0.848399977753945,1.2248753520650861
Trout (17070307),2017,2982.1316301987254,6282.359162680383,2645.391187066309,2395.4661267224556,3449.6805584433127,2.1066672909611754,0.8870806238992287,0.8032731025232528,1.1567834643883343
Trout (17070307),2018,2876.3229819626017,5793.165199025942,1672.4839868984445,2654.6588465308746,3818.856014490627,2.0140871645343146,0.5814659888289939,0.9229348940220619,1.3276867856769363
Trout (17070307),2019,3020.892560438932,6643.736554492707,2815.6010268609207,2461.389294032132,3593.495425492351,2.199262774683844,0.9320427557515708,0.8147887568945833,1.1895475769486554
Trout (17070307),2020,2517.6539153820004,5383.134989150764,1300.269244285611,2587.67320943447,3618.5757992543936,2.1381552707707994,0.5164606764819472,1.0278113261019222,1.4372808657878426
Trout (17070307),2021,2332.262154379,4849.931175218656,1220.7192278282362,2208.436460238637,2981.075476014993,2.079496580653483,0.5234056666984209,0.9469074718260678,1.2781905629338437
Trout (17070307),2022,2366.6926347649996,5311.192332293875,1627.1182981180896,2416.5493806250947,3566.3686312107657,2.2441411505137205,0.687507230223689,1.021065999499781,1.5068997886854403
Trout (17070307),2023,2261.6970109894146,4358.52184332935,1520.0063741807614,1856.6442476113457,2616.5207538186714,1.9271024465928117,0.6720645456907647,0.820907592215072,1.1568838536307893
Trout (17070307),2024,3108.1039421614637,6044.349396912707,1609.4661151928299,2901.1601391860027,4275.5173337067,1.9447063255900299,0.5178289224373755,0.9334179915387429,1.3756030728925313
Tualatin (17090010),1985,8981.928149602994,17340.97212322125,9255.908387255024,7097.054206147889,9949.327924274456,1.9306513962692666,1.0305034991472448,0.7901481828778136,1.107705133971064
Tualatin (17090010),1986,9476.30262766176,17146.75997646594,12422.445430660144,4187.045205389025,5866.463654417794,1.8094356681279642,1.3108958122969245,0.44184376226724215,0.6190667272796162
Tualatin (17090010),1987,7573.274427463709,14792.379801605382,8237.652535391811,5743.219642159738,7922.432297410398,1.9532343563257555,1.087726664904523,0.7583535625399414,1.046103950581865
Tualatin (17090010),1988,7744.98889176508,13758.362117584918,10504.727744233376,2844.3843501355686,4004.7412908028105,1.7764211556473122,1.3563257341017765,0.36725480047619985,0.5170751497217618
Tualatin (17090010),1989,6196.875777294291,10066.2838239985,6687.693268118464,2915.264247444238,3987.778605557267,1.6244127179185908,1.0792040228759396,0.47044096932295043,0.6435143689936011
Tualatin (17090010),1990,10586.910506090333,19495.054907912247,14285.101345513443,4584.271827635793,6246.596224017218,1.841430027834591,1.3493172854626145,0.43301318406333916,0.5900301339492516
Tualatin (17090010),1991,8866.997357436405,15080.355325498767,12449.698990116733,2360.474925387966,3241.726271240148,1.700728523715129,1.4040490245185036,0.26620904802777773,0.3655945908815952
Tualatin (17090010),1992,10660.5956080525,20714.47554546164,13002.507476146218,6856.0105329746375,9543.084450679584,1.943088013751776,1.2196792706708386,0.6431170250746533,0.8951736658570182
Tualatin (17090010),1993,10190.86057406526,17864.342693455117,15919.329615093979,1674.4185071409704,2224.0339034132858,1.752976852506266,1.5621182822976805,0.16430589889554578,0.2182380857091926
Tualatin (17090010),1994,7518.861318993282,11679.415942407148,8564.828261905383,2629.782402103464,3575.681732208227,1.5533490307773001,1.1391124132413373,0.34975806715046204,0.4755616017515513
Tualatin (17090010),1995,10180.216216945477,21244.08986006972,17198.442218209253,3527.072546716754,4806.742528848888,2.08680143990536,1.6893985207879563,0.34646342195028884,0.47216507256965967
Tualatin (17090010),1996,9994.887417890897,19036.88215472252,16205.780908123279,2467.4429193908977,3375.92754655398,1.9046619895534198,1.6214070484790906,0.24687050651257592,0.33776544000996483
Tualatin (17090010),1997,9568.767157637094,17547.822393522147,16027.862024700882,1353.2043066588421,1801.4293880517766,1.833864499411165,1.6750185014073218,0.14141887709941953,0.1882613881574082
Tualatin (17090010),1998,5822.117018241593,10634.755530543815,8983.366890578143,1395.5409189555244,1851.9963571414423,1.8266131541539756,1.5429725755136605,0.23969647373680036,0.31809672518413
Tualatin (17090010),1999,10169.466695221074,18324.463042772226,14086.031386364177,3745.017048076549,5162.842252409623,1.801909932148499,1.3851298016427558,0.36826090888683877,0.507680727725456
Tualatin (17090010),2000,10744.060562970155,21174.95341571596,15255.858712262469,5243.67075478772,7247.531926807606,1.9708520155495313,1.419934169474287,0.48805297811334447,0.6745617156875048
Tualatin (17090010),2001,10682.22068149297,20243.283150308784,14432.564252958151,5125.437556018124,7139.737511122628,1.8950444625601517,1.3510827648377157,0.47981011709465843,0.6683757735404473
Tualatin (17090010),2002,10808.326188784624,20578.50075683334,13491.515124428166,6246.6127596196275,8695.405702558448,1.9039488998941243,1.2482520317001333,0.5779445078278164,0.8045099260217858
Tualatin (17090010),2003,9925.461079034432,18732.359763156917,12084.462364474024,5913.939668804219,8319.496854457711,1.8873037347076311,1.2175215104112447,0.5958352586053904,0.8381975193103117
Tualatin (17090010),2004,9041.873786062657,18368.28418536149,12306.446577132154,5342.991906920864,7420.656065837967,2.0314687663164204,1.3610504712089193,0.59091644423932,0.8206989216412564
Tualatin (17090010),2005,10689.981903087095,20859.706809910786,16286.739629259942,4003.3093690446626,5639.733015263976,1.9513322846586707,1.5235516558317648,0.37449168813733646,0.5275718019349791
Tualatin (17090010),2006,10371.640627249348,20546.417924835278,14952.107949710478,4914.384720762622,6727.741561027923,1.9810190753094357,1.4416338250697673,0.47382905919928325,0.6486670530554413
Tualatin (17090010),2007,10793.719677531451,20972.076819110895,11510.44167108331,8350.504437210488,11778.663036519443,1.942988834772783,1.0664017609280525,0.7736447384855808,1.0912515229609197
Tualatin (17090010),2008,10806.857277428315,19863.058020737466,11418.081363040768,7536.7469198100025,10546.898933207223,1.8380050287352583,1.0565589116170788,0.6974041320552635,0.9759450562223995
Tualatin (17090010),2009,10740.03893312942,21381.248758407703,14475.577139118486,6151.420269352853,8568.414805083592,1.990798068008275,1.347814214571065,0.5727558631447587,0.7978010935000343
Tualatin (17090010),2010,10152.647326297581,20414.988022920228,18442.865663637138,1639.1558947050682,2269.162912060996,2.0108044105935736,1.8165573047993182,0.16145108187293133,0.22350455394854174
Tualatin (17090010),2011,10306.669928292926,18404.810431568796,15413.086245283568,2623.57626142643,3661.669724921522,1.7857184289025883,1.4954477394267742,0.25455130315412827,0.35527185312006954
Tualatin (17090010),2012,6306.674168002845,11521.877891997025,8463.410126011388,2644.8801726478187,3565.616695354638,1.8269340677934047,1.3419767536034801,0.4193779640728421,0.565371953643163
Tualatin (17090010),2013,10832.240604590203,20733.247843718313,17146.05175608919,3189.6525569017435,4470.324432503121,1.9140313256088977,1.582872129781117,0.29445916808292794,0.4126869588373807
Tualatin (17090010),2014,10278.939033198481,21478.906526812138,15727.743823143785,5008.671510914039,7076.2751540432555,2.089603455905369,1.5300940858144,0.48727514529828847,0.6884246643732979
Tualatin (17090010),2015,10984.183398657895,22610.767117338954,14111.691297509049,7424.599283152802,10577.673984725796,2.0584841218238994,1.2847283029918537,0.675935480470945,0.9629913850508206
Tualatin (17090010),2016,10636.797729672608,21521.403448456662,13738.265916103077,6823.572482078672,9814.383820953148,2.023297236199214,1.291579126091545,0.6415062743031681,0.9226821897322313
Tualatin (17090010),2017,10311.228626695558,20412.838686935705,14485.079424665691,5164.132730018791,7522.880204395916,1.9796708448581275,1.4047869511072735,0.500826130132442,0.7295813599670687
Tualatin (17090010),2018,11045.881715215324,21447.310589312536,13002.691718540133,7409.137100599016,10704.351847805992,1.941656731645931,1.177152902210547,0.670760134104386,0.969080796244732
Tualatin (17090010),2019,11176.635897749833,22179.35492208938,15747.991451094409,5677.802880796041,8090.0370839762345,1.9844392467463936,1.4090099735882884,0.5080064281184233,0.7238347171714687
Tualatin (17090010),2020,11599.083922423993,22833.11137795279,16970.954090333533,5123.259236003162,7187.953874293806,1.9685271294408477,1.4631288301591079,0.44169516060648484,0.6197001351458156
Tualatin (17090010),2021,10562.138865819992,20755.965270774956,11342.009119938024,8332.846309094639,11863.755290834508,1.9651289889724022,1.0738363946948057,0.788935500181735,1.1232341708010165
Tualatin (17090010),2022,12567.414093241,23485.54420702783,17960.05222676108,4844.634845003085,6934.884317554608,1.8687650484644103,1.4290968765340792,0.385491781289249,0.5518147381874148
Tualatin (17090010),2023,12034.725316555225,23023.67038503287,13628.75102377528,8167.409460364964,11741.862421225844,1.9131031061723542,1.1324521885869119,0.6786535833210668,0.9756651782549193
Tualatin (17090010),2024,12620.26375811233,25151.330694761495,20520.413207346206,4044.443608406068,5895.687038591978,1.9929322537806842,1.6259892503558528,0.3204721934441577,0.4671603661850743
Umatilla (17070103),1985,47212.11322132801,119615.80724639726,33797.51064022464,52267.859874165806,67916.17642878974,2.5335829956529246,0.7158652374187026,1.1070857944683965,1.438532863597995
Umatilla (17070103),1986,49430.77205279992,121848.62491720401,40958.31946654416,48611.29495615698,63102.20860099421,2.4650358442115836,0.8285996306671919,0.9834217216804219,1.2765774431682155
Umatilla (17070103),1987,42581.28525547736,106930.13360292793,26982.561973363536,49491.134736309534,63992.8506435407,2.511200236474149,0.6336718539958275,1.1622743287191721,1.5028398100151077
Umatilla (17070103),1988,45017.58954059202,106985.9143714792,33394.6997481918,45059.88514035182,57807.03764074422,2.376535826624187,0.7418144793843316,1.0009395349726948,1.2840989095744466
Umatilla (17070103),1989,50024.537647022866,112856.0775705823,45694.78886230811,40734.79100892576,52450.60057639313,2.2560144057083305,0.913447500199486,0.8142962019230182,1.0484974583171314
Umatilla (17070103),1990,49185.33275212151,120127.52775502113,37440.55769774818,50006.33623683885,63887.00782921901,2.4423445168181703,0.7612138741936896,1.0166920388412322,1.2989036416849975
Umatilla (17070103),1991,51112.3587941473,117258.89434849923,40912.71676401891,45985.86132342567,59129.96199571219,2.294139756311269,0.8004466577015749,0.8997014109372575,1.156862320399953
Umatilla (17070103),1992,47737.510063169204,115225.85056482586,39081.71856572865,45567.26889966444,58183.435617759125,2.413738178056458,0.8186794517354031,0.9545380318195699,1.218820075466174
Umatilla (17070103),1993,53890.54138718146,117621.71899959781,49447.23810855054,39710.594179481326,50871.68249298773,2.1826041448448987,0.9175494778071053,0.736875027737743,0.9439816558437507
Umatilla (17070103),1994,53325.22953391333,126513.29003877964,38926.465191291434,51918.97042331866,66312.54738034506,2.3724846783513756,0.7299821403775733,0.9736286346465639,1.2435492160080093
Umatilla (17070103),1995,52001.89581754647,118857.75408530768,54656.79574395515,37670.07526930128,48085.55551009092,2.2856427100721723,1.0510539064907103,0.7243981142816459,0.92468850902674
Umatilla (17070103),1996,56674.59826471101,136942.43732393667,54565.24616030408,49213.66157211853,62573.36962601551,2.4162930398609497,0.9627813488054253,0.8683548375985913,1.1040813969911707
Umatilla (17070103),1997,55703.66970865948,132419.4612227633,51883.457470960704,47821.31437332599,60995.22273354856,2.377212523256396,0.9314190203683314,0.8584948644037338,1.094994693393898
Umatilla (17070103),1998,39959.61235413089,95000.16895991974,32043.759021332888,38796.26503585184,50214.48940277705,2.3774046684439103,0.8019036505498109,0.9708869218257371,1.2566310443095687
Umatilla (17070103),1999,53729.22928868286,126659.72272886253,37206.01658566218,52819.1645833264,66886.05732973962,2.3573709209251814,0.6924725531750554,0.9830620182458462,1.2448728227677746
Umatilla (17070103),2000,55372.53219992974,142973.43576633712,47618.19946705226,56027.82470305598,71205.59622866126,2.5820281299419885,0.8599606623572957,1.0118342520576848,1.2859371496966074
Umatilla (17070103),2001,54814.94611252705,132209.72169827292,37729.35651924224,55539.50334742895,69997.98237800121,2.411928334780549,0.688304179699263,1.013218242218363,1.2769871602957632
Umatilla (17070103),2002,50907.69266019323,124777.22095878574,30946.494076290404,54502.36096052027,68095.92116521379,2.4510484455005375,0.6078942583954254,1.0706114952866026,1.33763519041712
Umatilla (17070103),2003,53828.62041600691,139921.53427135438,39071.75875166648,59276.98479984626,74427.12725539073,2.599389194632716,0.725854730247699,1.1012168683078338,1.3826683032221738
Umatilla (17070103),2004,56540.4088762478,141593.2619380913,51934.49398953599,52351.94073195476,65675.31332933485,2.504284364975181,0.9185376445226466,0.9259208019973733,1.161564173918179
Umatilla (17070103),2005,53159.98953622767,132112.71465400344,32379.303820884652,58341.01187805243,72685.89994021568,2.485190757307632,0.6090916138878975,1.0974609360728707,1.3673046321930031
Umatilla (17070103),2006,56546.901733915314,138735.87556324204,54609.88655618369,49184.40941698177,61384.93070051495,2.4534655535341554,0.9657449812750774,0.8697984842462603,1.085557808089385
Umatilla (17070103),2007,53579.73057317042,138820.01044545782,40254.70168788832,58025.47628658219,72455.74927754575,2.5909053472353727,0.7513046679642229,1.0829743947170563,1.3522977533191878
Umatilla (17070103),2008,55376.09781159833,138731.60834728324,37097.19248811109,58667.87144386249,72720.21734894198,2.5052615447783753,0.6699134455866482,1.0594439435487761,1.313205881648652
Umatilla (17070103),2009,54368.065646547904,134671.28944112512,42315.29988059028,53502.52426659522,66743.384540814,2.477029260460291,0.7783116683916285,0.9840799673547399,1.22762109975954
Umatilla (17070103),2010,55517.85213875712,134594.48973364336,54339.54634838228,46684.091196913665,58213.00064867551,2.4243461255894423,0.9787760919239117,0.8408843173585854,1.0485456192214053
Umatilla (17070103),2011,57787.23644240322,141305.1368777106,53389.855832725385,50805.945021247986,63491.64179217396,2.4452655218864816,0.923903946954433,0.879189733737942,1.0987139323656072
Umatilla (17070103),2012,56684.529558040595,141380.32407546736,47787.3669689682,54387.41254370977,67704.32393889478,2.494160667430516,0.8430407263067715,0.9594754153868604,1.1944056776473864
Umatilla (17070103),2013,58642.83676818596,148052.51805090555,50049.926206578915,57458.01679610145,71414.87366893384,2.5246479571947447,0.853470414543985,0.9797959983285243,1.217793640359444
Umatilla (17070103),2014,58858.59672139048,160410.6213422654,40467.50945214006,70582.6180533607,87831.69748413718,2.725355857557656,0.6875377889774477,1.1991896168960048,1.4922492613932343
Umatilla (17070103),2015,58443.43107171275,152629.7775328712,36594.26917800398,69167.74433895486,85995.38874421346,2.6115813998939847,0.6261485423930903,1.1834990360864146,1.4714295031496902
Umatilla (17070103),2016,59385.64866067463,156062.19395119345,51282.87319895591,62266.66192653365,77275.43433618388,2.627944587132856,0.8635566732963144,1.048513627969628,1.301247625966506
Umatilla (17070103),2017,64353.816772628015,165212.84275086893,59567.23804039569,61893.89310637334,77264.29711121829,2.5672578727473376,0.925620903743067,0.9617750152264323,1.2006171659437854
Umatilla (17070103),2018,61188.620988026334,158558.13024825664,46251.90717021168,66438.96561446016,82760.47340990728,2.5913009263484468,0.7558906610963247,1.0858058989017132,1.3525467983026163
Umatilla (17070103),2019,65945.44844056552,160953.32249735264,60387.803484452175,58991.54464848353,75116.12542740209,2.4407040410440852,0.9157236005283629,0.8945506633661104,1.139064593595141
Umatilla (17070103),2020,64277.50210836201,165708.5325669388,43156.674701222175,72794.79524297357,92343.5876151623,2.5780176131857093,0.6714118203981643,1.132508153789995,1.4366393308110381
Umatilla (17070103),2021,65130.30515264899,177756.0399694006,40604.752709682274,81098.24904473728,102717.7765415261,2.729237020351514,0.6234386989975709,1.2451691859060612,1.5771118575413023
Umatilla (17070103),2022,72393.50572672299,185952.52129071264,74980.38842110749,66956.5796675923,87900.06459836374,2.568635396559764,1.0357336292588135,0.9248975995215035,1.214198203498753
Umatilla (17070103),2023,69180.76573051313,172900.0755725241,50441.62730979302,73255.66244182835,94875.15785060673,2.4992506767855005,0.7291279126091696,1.0589021625922526,1.3714094784695443
Umatilla (17070103),2024,71243.13907491675,191980.9687196535,55229.64134259077,83479.85884091289,109539.59757098404,2.694729221824057,0.7752275104626319,1.1717599747131922,1.5375459166081398
Umpqua (17100303),1985,15.329011882,30.998271788038508,14.453555956995492,15.6043987053573,31.2087974107146,2.0221963442038975,0.9428889525467388,1.0179650733835408,2.0359301467670816
Umpqua (17100303),1986,63.97517748488911,129.33291714692783,82.82113171494991,37.63994072498848,68.76401747157634,2.0216109158505446,1.2945822891153715,0.5883522673130372,1.074854657305458
Umpqua (17100303),1987,18.752793092407156,45.339279540196365,22.37242361979276,16.400676607122175,32.80135321424435,2.4177347511264253,1.1930182085169574,0.8745724717542299,1.7491449435084598
Umpqua (17100303),1988,8.239996539863526,17.011578875320453,12.276338842766599,4.684919094284716,9.339356352206458,2.0645128663612526,1.4898475725537046,0.568558381259018,1.1334175089788496
Umpqua (17100303),1989,71.79179852406106,138.12563588391515,101.25795214711178,32.78859501718314,60.93910699768731,1.9239751437292973,1.4104389948271754,0.45671783812734573,0.8488310399030264
Umpqua (17100303),1990,89.55142200325669,192.11659871114915,114.88629850150807,68.64135882806207,125.99390474603955,2.145321586341337,1.2829087012971165,0.7665021648183968,1.4069447690228478
Umpqua (17100303),1991,85.54785123323647,184.052877848115,124.39161680945054,59.36098902655703,110.79746550941115,2.1514611436155864,1.4540589274453073,0.6938922272251591,1.295151940255454
Umpqua (17100303),1992,78.48473279051888,190.5760729890369,101.6716271997687,80.27048579116374,150.19722424834356,2.4281929263580153,1.295431908663526,1.0227528709999072,1.9137126280244876
Umpqua (17100303),1993,82.8759107340058,146.057369282655,139.94887957503215,6.079031945746627,11.989994630520362,1.762362162769265,1.688655706290876,0.07335101227735007,0.14467406179104111
Umpqua (17100303),1994,31.8101772432966,69.89183893931938,35.05367823186985,34.731914656653544,66.77720392209451,2.1971533954293756,1.101964253885343,1.0918491396954617,2.099240234072149
Umpqua (17100303),1995,28.241531653005126,66.79810076491134,47.66110469608317,18.802930968506637,36.439295285155545,2.365243556392009,1.6876246402525286,0.6657900569817662,1.2902733369023245
Umpqua (17100303),1996,144.51234624617445,336.6858125147697,287.58057949497015,48.13011416402471,84.01405477153438,2.329806561587692,1.9900069922405197,0.3330519184986163,0.5813624714695158
Umpqua (17100303),1997,98.69169984003807,225.95123812371762,172.17614011094116,51.517398045178744,94.23844691452888,2.2894654615326813,1.7445858201855726,0.5220033511296229,0.9548771281401868
Umpqua (17100303),1998,8.873733367445343,16.994551491792365,15.395787518689266,1.5722868737338134,2.698227509749148,1.9151523702683577,1.7349842373189939,0.1771843719692987,0.30406903137838365
Umpqua (17100303),1999,77.1845909866942,163.81358280410706,105.69305045310537,56.32514686990614,106.949657311094,2.1223612214560643,1.3693542856413623,0.7297460043497023,1.38563482612133
Umpqua (17100303),2000,93.01015805199555,201.21663773328683,132.0321916588802,64.60081495176135,117.05807529816414,2.163383462060139,1.419545933736293,0.6945565549479822,1.2585515146928905
Umpqua (17100303),2001,101.27907986638584,207.73859972170138,126.12886934699772,78.8165741191295,137.17945008783093,2.0511501486364616,1.2453595501992651,0.7782117908566074,1.35446975099702
Umpqua (17100303),2002,123.4784499559679,266.07564253158733,149.77992721989116,110.515574715404,183.78803777920427,2.1548346503091773,1.2130045953225224,0.895019128882923,1.4884219703498272
Umpqua (17100303),2003,98.3572704219601,206.62846075059505,113.23032237171238,89.53269019051122,152.9691771701593,2.100794988150275,1.1512145658978312,0.9102803463984842,1.5552401618498564
Umpqua (17100303),2004,74.65313616901231,169.39505717835135,113.37866774746215,51.375721581383864,88.66772787718915,2.2690949887871605,1.5187395140476947,0.6881924084886517,1.1877294434951566
Umpqua (17100303),2005,87.12392761479552,185.8737273785397,154.3316601128504,30.643808180330147,55.321927566312226,2.1334406341315395,1.771403842067395,0.35172666131188246,0.6349797246390138
Umpqua (17100303),2006,95.35187200459714,218.02771750172516,156.53228263356232,60.69429241077007,107.71643700742347,2.2865593817729506,1.6416277870875522,0.6365296363331372,1.129673017874575
Umpqua (17100303),2007,116.22733051787549,251.7554745505037,131.53665468293983,117.36183423801374,207.42817787157324,2.16606088627136,1.1317187970923053,1.0097610752572845,1.7846764349429094
Umpqua (17100303),2008,71.35934190390778,153.4730159396633,96.5365775630851,54.219348946812055,98.97751093557306,2.1507067168070226,1.3528232602408372,0.75980730063099,1.3870294805809142
Umpqua (17100303),2009,78.02737537419269,177.72050671686526,103.7446446013202,71.10992593401518,131.39241142521018,2.2776686498114067,1.329592903821207,0.9113458653837352,1.6839270934732455
Umpqua (17100303),2010,50.55864728932069,119.5887300263905,104.1443944944621,15.41291643723634,29.955611784866427,2.365346709971229,2.059873040085472,0.3048522312916381,0.5924923507831634
Umpqua (17100303),2011,117.50842091147537,245.41252999128994,214.49379156965236,30.06844532687561,54.80235536380036,2.0884676016212556,1.8253482593493502,0.2558833238813377,0.4663696009078835
Umpqua (17100303),2012,103.76435171123804,208.246439697422,146.81657904899177,59.360609567203085,103.70021662009903,2.006916983174947,1.4149038338095359,0.5720713191790137,0.9993819159462637
Umpqua (17100303),2013,104.36327151328794,224.88673640902235,136.80279429652398,82.25239210811793,141.14251095227607,2.1548455998755163,1.310832750955931,0.7881354322784452,1.3524155472100667
Umpqua (17100303),2014,98.97550362611355,228.26205989911352,149.22097587018482,78.28301680294061,130.27880913654963,2.3062480263943734,1.5076556360236046,0.7909332505006474,1.3162732632175973
Umpqua (17100303),2015,127.89387989890929,290.6775585870808,176.8349049848267,112.55309551596517,188.99722131340164,2.272802723764734,1.3826690153164614,0.8800506764274422,1.4777659530134675
Umpqua (17100303),2016,62.53117778760071,160.14073515906585,78.40648692629132,80.9402059747003,130.14650327381375,2.560974234373371,1.2538783003994292,1.2943975923439253,2.081305804216284
Umpqua (17100303),2017,106.76352691424492,244.53731167566798,168.95201375358562,65.6399328351576,119.44059206597305,2.2904574131583937,1.5824881271418845,0.6148160774782309,1.1187396624870838
Umpqua (17100303),2018,156.6564516992497,342.1571576900394,224.02335392333475,109.72922112009435,189.37953810356893,2.1841242666910103,1.4300295423096687,0.7004449541009227,1.2088843839457137
Umpqua (17100303),2019,145.76762314321277,320.3075606047913,213.63072512659025,95.49163438029669,168.1020845336962,2.1973848080797596,1.465556757529783,0.6550949540178667,1.1532196307306213
Umpqua (17100303),2020,125.43953173599999,285.8326696216093,202.5662868934766,78.05357652173856,147.24515137306352,2.2786490483970607,1.6148520652946756,0.6222406560478088,1.1738337136251085
Umpqua (17100303),2021,143.86085833600004,354.4554283380896,163.50200057499066,189.9387568896971,333.36395996300166,2.4638767795353123,1.1365287435802514,1.320294895266633,2.317266585358472
Umpqua (17100303),2022,173.24880630900003,403.17520525752656,297.94248173327406,98.69765110900397,181.51129013769943,2.3271456458894066,1.7197375732671722,0.5696873370254024,1.0476914329439173
Umpqua (17100303),2023,201.94582410107273,441.55769561266465,300.57748354595674,126.28440460036562,237.4459105415169,2.1865156042625946,1.4884065312265107,0.6253380339132985,1.1757901486622302
Umpqua (17100303),2024,257.7699356252878,635.8277731136335,411.365351917456,205.91995450599512,382.9232201694216,2.4666482984963642,1.5958624147520644,0.7988517125027901,1.4855232020776281
Upper Crooked (17070304),1985,607.7683863900002,1121.7215072961867,406.20716758438675,539.243590474328,737.1111474121695,1.8456397739917767,0.6683585008380591,0.8872517928701538,1.2128158751238027
Upper Crooked (17070304),1986,731.2961948325077,1443.3925708851914,484.43464378834284,760.1687808204946,1244.2825204625885,1.9737454961266119,0.6624328790597567,1.0394813841395685,1.7014754476434444
Upper Crooked (17070304),1987,566.4420330171187,1186.2915179947943,384.58724616584504,654.0697684338064,987.4254514356187,2.0942858206974604,0.6789525207325535,1.1546985045406042,1.7432065310834328
Upper Crooked (17070304),1988,401.6419654535522,626.7452971411526,252.18721695914897,301.5930063844354,411.2444750022466,1.5604576987701064,0.6278906056899901,0.7509001357561405,1.0239081330504167
Upper Crooked (17070304),1989,1021.8080884713503,1723.9347748071589,752.6655254190262,837.2211784223856,1326.2482809107448,1.6871414449128184,0.7366016514363593,0.8193526630571978,1.2979426331365653
Upper Crooked (17070304),1990,616.4981840072502,891.938984431135,346.2859798517321,460.66511776348807,703.6389015772413,1.4467828252688666,0.5616982966614217,0.7472286694652625,1.141347890116358
Upper Crooked (17070304),1991,590.0817334660596,1122.125280494458,417.29156073073364,545.4764812482804,724.8606282526914,1.9016438178881543,0.7071758657561215,0.9244083494064897,1.2284071631822238
Upper Crooked (17070304),1992,463.1529720987298,1121.7752248650545,357.75622762800657,599.6122332308885,752.8462134972007,2.4220404325202667,0.7724364285235421,1.2946310816355289,1.6254806918020108
Upper Crooked (17070304),1993,1361.6529539908036,2665.332754008715,1339.372954495384,1153.940164205311,1633.4514578566937,1.9574244275657895,0.9836375344906202,0.8474554113243635,1.1996092345478258
Upper Crooked (17070304),1994,767.372281273413,1643.902033648446,480.85533627843415,986.9986299578923,1381.4713037849021,2.142248389426419,0.6266258868257276,1.2862057361780401,1.800262190201117
Upper Crooked (17070304),1995,1544.863502795115,3224.802432909988,1310.5570267682929,1639.7375213639305,2222.9419127994533,2.0874351857464215,0.8483319234334344,1.0614125574182833,1.4389244802388652
Upper Crooked (17070304),1996,1368.7124477368607,2755.7217647154966,1025.7731136146783,1570.527982712973,2285.958929898656,2.013367942457182,0.7494438406772541,1.1474491850423443,1.6701528021305312
Upper Crooked (17070304),1997,1403.3455215854895,2583.8008822191773,1162.4236144264826,1277.7016709393858,1799.1715160399174,1.8411722861380695,0.8283231724095894,0.9104683424619818,1.2820588289669579
Upper Crooked (17070304),1998,1370.130128349088,2438.5498729703254,1263.256603612978,1033.2746286899912,1275.7749968014855,1.7797943585903109,0.9219975369311197,0.7541434257306755,0.9311341823704775
Upper Crooked (17070304),1999,1359.2740936287346,2350.425028897513,826.4039334432111,1355.502743432549,1802.8010486888518,1.7291766538585238,0.6079744602775686,0.9972254674654194,1.3262969235852
Upper Crooked (17070304),2000,1485.3245638318092,2958.3124252086654,947.1593313901991,1763.9261576560136,2316.5695236222,1.991694271571779,0.6376783596352418,1.1875695054187172,1.5596386002302167
Upper Crooked (17070304),2001,1001.1870269484602,2260.259992869347,681.9737105833614,1352.4283334668776,1675.040073238302,2.257580184352211,0.6811651491949151,1.3508248679459756,1.6730541129200338
Upper Crooked (17070304),2002,1001.1870269484602,2241.8655075004026,471.51488176672166,1506.6960896423268,1876.2295826465197,2.2392075078453955,0.47095584448777983,1.5049097212482054,1.874005088105387
Upper Crooked (17070304),2003,1283.2773162472201,2724.307789191016,903.1973809506994,1647.8937561749135,2008.9780939926836,2.1229299035362867,0.7038208885293665,1.284129108581119,1.5655058096621566
Upper Crooked (17070304),2004,1721.1734998385332,3585.286872712553,1616.578023220657,1786.5486458765931,2275.7979490792363,2.083047916464491,0.9392301376777598,1.0379828913495315,1.3222362238860483
Upper Crooked (17070304),2005,1743.8540780911385,4126.268185364841,1388.7929445056714,2497.5997110496405,3176.0092448206456,2.366177444090704,0.796392864491205,1.4322297618981794,1.821258604560065
Upper Crooked (17070304),2006,1874.234231894221,4153.4605106476,1287.4973900643456,2658.445378430451,3545.924600479772,2.2160840091208063,0.6869458300113953,1.4184168302932212,1.8919324704127476
Upper Crooked (17070304),2007,1805.897776876995,4149.103791979539,1502.5464661912915,2510.6833082276457,3132.627188706541,2.297529707996394,0.8320218815428745,1.3902687850745694,1.734664735079251
Upper Crooked (17070304),2008,1765.7263203825034,3612.543222963313,998.2056485796659,2465.0465300045707,2930.810567038822,2.0459247739937068,0.5653229705288801,1.3960524355046007,1.6598328592643565
Upper Crooked (17070304),2009,1732.9160336639943,4227.437647375796,1399.9126077469582,2610.5246497816606,3144.5487627127163,2.439493642653594,0.8078363755380867,1.5064345871750595,1.8145996122293553
Upper Crooked (17070304),2010,2141.423861843141,4696.60154076315,1639.2354831705338,2826.513255418543,3512.8784808849005,2.19321434884953,0.76548856691997,1.3199223683749093,1.6404405234661659
Upper Crooked (17070304),2011,2480.707707023607,5341.273302194303,1793.5147118629309,3349.6387641919773,4232.978773273199,2.1531248067120528,0.7229851008988152,1.3502754696606025,1.7063593430569841
Upper Crooked (17070304),2012,2308.870478475216,4918.289604633984,1453.5880568091236,3259.9324287060153,3988.415713477036,2.130171289591799,0.6295667385244914,1.4119165449501019,1.7274315517737473
Upper Crooked (17070304),2013,2257.0563201223717,4973.985610575849,1829.478997352144,2970.127238318566,3547.176825578746,2.203749000958103,0.8105597459140738,1.315929607887469,1.571594290295081
Upper Crooked (17070304),2014,2436.4275572309507,5377.86704936094,1566.8691863142385,3621.7035520632858,4342.930292461797,2.207275579936797,0.6431010770929784,1.4864811150713733,1.782499249597072
Upper Crooked (17070304),2015,2423.714222223811,5909.927649462708,1927.8773829810405,3746.649511421939,4471.770334171364,2.438376436987782,0.7954227298349434,1.5458297339957456,1.8450072591761322
Upper Crooked (17070304),2016,2706.851664327349,6187.328086612644,2196.70292939172,3760.96785746368,4635.432390047646,2.2858024206325287,0.811534284771234,1.389425178715243,1.7124811274797163
Upper Crooked (17070304),2017,2847.7798370635446,6176.402281208218,2015.261106592453,3941.874198979968,4870.711002277902,2.1688482377826452,0.7076604308956925,1.3841920459148225,1.7103537776643152
Upper Crooked (17070304),2018,2571.173756787723,5520.769290533081,1707.2608994089298,3509.417804883453,4198.943654948187,2.147178608975231,0.6640005930761691,1.3649088458603118,1.6330843622930045
Upper Crooked (17070304),2019,3232.0410618243127,6946.033837697689,2919.6693837278303,3732.1585839620175,4581.33345249697,2.149116828910901,0.9033515750198529,1.1547373664415685,1.417473777363167
Upper Crooked (17070304),2020,2990.2009274320008,6812.300061854102,2006.7969753790153,4479.376922476015,5343.922932502297,2.278208129546846,0.6711244575468921,1.4980187054931209,1.7871450990056659
Upper Crooked (17070304),2021,2918.9382092070005,6851.580973016156,1878.6436018223799,4657.404943608051,5568.181263525016,2.3472853763757997,0.6436051287062903,1.59558188964656,1.9076050482883453
Upper Crooked (17070304),2022,2912.07816798,6286.027170983436,1988.916360219881,4105.804752147393,4908.25955980972,2.158605232545601,0.6829886580961931,1.409922576012249,1.685483450883599
Upper Crooked (17070304),2023,2999.2811958116517,6879.079493990932,2244.6170851715437,4399.57646137825,5253.1301236319505,2.2935760420187434,0.748385009150206,1.4668769528919268,1.7514630275306255
Upper Crooked (17070304),2024,3160.071383065099,7099.166000049381,2040.5321224520458,4818.033714584064,5959.446487928199,2.2465207710477646,0.6457234268147575,1.5246597720557917,1.8858581865792718
Upper Deschutes (17070301),1985,7461.597450526,14582.10792493661,4030.653123919567,7997.099018137353,10182.585030419721,1.9542876738691732,0.5401863542820082,1.071767683952664,1.36466555559117
Upper Deschutes (17070301),1986,6902.446431838335,14037.154649139356,4013.589467590399,7506.110780312794,9708.129290870394,2.0336491978251874,0.5814734684614504,1.087456578538587,1.4064765857639288
Upper Deschutes (17070301),1987,6057.973709658484,11819.81107450734,4302.173782332432,5566.259247686709,7184.215494256136,1.9511162710499248,0.7101671265877721,0.9188318593743955,1.1859106424978432
Upper Deschutes (17070301),1988,5900.732733750649,12687.325098626527,3193.23386945397,7164.354007537428,9151.883813273753,2.15012705558724,0.5411588718786579,1.2141465019351234,1.5509741291835453
Upper Deschutes (17070301),1989,6427.268627082446,12770.251382104907,4924.939178693675,5705.0671236979715,7302.7142976593595,1.986886206730985,0.7662569381247833,0.8876347722045801,1.1362080412958107
Upper Deschutes (17070301),1990,5949.473675933986,11673.630628391813,3874.56608101505,5547.850063812286,7162.077667393761,1.96212829306438,0.6512451843745314,0.9324942618460026,1.2038170193717872
Upper Deschutes (17070301),1991,6601.328970237658,14434.362384873784,4563.389600623179,7296.875354862315,9251.758128889991,2.1865843150601423,0.69128347052501,1.1053645997284114,1.4014993299988372
Upper Deschutes (17070301),1992,6882.199957774373,15734.865857789744,4822.6563046878355,8179.219698823203,10333.55780229744,2.2863133815249137,0.7007434155178818,1.1884600489678698,1.5014904922406815
Upper Deschutes (17070301),1993,7787.981082717712,14369.480309838948,6639.893494701199,5772.712729636208,7394.849583544754,1.8450841312039423,0.8525821293320511,0.7412335325834856,0.9495207429245873
Upper Deschutes (17070301),1994,7797.798263858279,17110.93730652701,4140.747900333713,9780.549746229493,12279.705031077377,2.1943293129079584,0.5310150070854628,1.2542706819642917,1.5747656730223605
Upper Deschutes (17070301),1995,7919.026639110042,17077.22306604391,5976.434691422491,8391.576280106061,10605.809600320048,2.1564800630552097,0.7546930909294347,1.0596726924319484,1.3392819703296204
Upper Deschutes (17070301),1996,8212.88968411412,17674.714337016183,6000.710828321775,8945.728432556043,11520.632303319111,2.1520701016115815,0.7306454925272796,1.0892303168103459,1.402750158157248
Upper Deschutes (17070301),1997,8276.1215813268,19009.63403162023,7085.7260311230975,9110.647832435849,11777.75707908996,2.2969254190889576,0.8561650480232719,1.1008354267042146,1.423101021819666
Upper Deschutes (17070301),1998,7928.954574536342,16931.496566258218,7380.811046450223,7263.827085812945,9355.946846683275,2.1354008787783116,0.9308681210198291,0.9161141002296269,1.1799723101869806
Upper Deschutes (17070301),1999,8010.835576360089,16006.63722892052,5579.4554507424045,7917.403455622421,10168.564473297658,1.9981233014138968,0.696488574451251,0.988336782118786,1.2693512900583066
Upper Deschutes (17070301),2000,7677.325316827119,16704.222460647783,3815.0306904865442,9802.520804866355,12690.376630677893,2.175786718850582,0.4969218488273228,1.2768145676178713,1.652968463230703
Upper Deschutes (17070301),2001,7558.410818721002,16808.46809414981,3770.135287231852,9944.551824622538,12590.956397806978,2.2238098056959092,0.4987999961438741,1.315693478844976,1.6658205937445405
Upper Deschutes (17070301),2002,7443.8671038506145,16870.824054560842,2955.2011315957084,10596.97037737356,13381.907694284639,2.266405863940503,0.39699810466350505,1.4235840362990746,1.7977091083964079
Upper Deschutes (17070301),2003,6982.573893399392,15728.259761097179,3952.623129960755,9214.905860330284,11579.00008003551,2.2525017280468824,0.5660696457071738,1.3197004429900998,1.6582710411387278
Upper Deschutes (17070301),2004,6653.05641291458,14970.97517491206,4818.951086042032,8002.458101431421,10119.535842965346,2.2502402273113384,0.7243213925990055,1.2028243268608771,1.5210356285754334
Upper Deschutes (17070301),2005,7756.542069547615,17020.88818135248,5951.791406867649,8830.09258797737,11113.357741813892,2.194391267234523,0.7673253562608183,1.1384058139315123,1.432772186648123
Upper Deschutes (17070301),2006,7427.475611491454,16263.5371610945,5238.244293718932,8790.721580377736,11161.370264827083,2.189645313130654,0.705252304782335,1.1835409552576825,1.5027138221172636
Upper Deschutes (17070301),2007,7713.815169438378,17201.032873467375,4860.189979694281,9905.103525655666,12420.94242886397,2.2298995368228063,0.6300630586729676,1.2840732255160878,1.6102203845996876
Upper Deschutes (17070301),2008,8019.666546574293,17281.26920176577,4109.961601598395,10523.730491601546,13309.44231468958,2.154861315168733,0.5124853480789696,1.31224040681553,1.6596004631108865
Upper Deschutes (17070301),2009,7648.821920268968,17059.821381960184,5657.163030181411,9290.054466213644,11691.191257697905,2.2303854841688198,0.7396123336575836,1.2145732457956038,1.5284956794087303
Upper Deschutes (17070301),2010,7405.622861792485,15178.994570696417,5220.880624620061,8107.696666229425,10232.774538780513,2.049658057664367,0.7049887257364844,1.0948028028890209,1.3817574469764091
Upper Deschutes (17070301),2011,8351.674798628877,17576.35017419011,5285.8942980480315,9931.053241296499,12681.739868179935,2.104530001225105,0.6329142867147838,1.189109188366256,1.51846667572137
Upper Deschutes (17070301),2012,8569.679681810361,19085.32727393803,6349.347291584688,10216.969921747774,13060.161855918312,2.2270759214545364,0.7409083568270985,1.1922230819704827,1.5239965017174746
Upper Deschutes (17070301),2013,8732.91506760619,18383.26897925069,5701.109163649525,10121.637735831624,12831.097223748777,2.105055280732255,0.6528300251993949,1.159021662007999,1.469279974031163
Upper Deschutes (17070301),2014,8754.15841763377,20335.856414382906,5562.066349112057,11832.715838317212,15110.618965752576,2.3229938783629698,0.6353627708984814,1.3516680043717522,1.7261075531046814
Upper Deschutes (17070301),2015,9205.94811669425,22787.54416827828,5830.854568430818,13398.857346150335,17020.939181408896,2.4753066038852527,0.6333790386953225,1.455456534873641,1.8489067031067432
Upper Deschutes (17070301),2016,9200.216777463662,21044.783448212318,6092.371576411407,11757.892368567436,14745.657841916094,2.2874225637555026,0.6621986985496843,1.278001665935624,1.6027511306077304
Upper Deschutes (17070301),2017,8928.325074444363,20272.823384641797,5953.613575168089,11498.866696842528,14577.817968235633,2.270618869228777,0.6668231191770984,1.2879086055855933,1.6327606630231097
Upper Deschutes (17070301),2018,8830.983743529981,20802.742790430184,4104.563093775958,13405.626862106254,16980.39717623506,2.3556540691937418,0.464791150451745,1.5180219159533481,1.9228205678303671
Upper Deschutes (17070301),2019,9318.953674963357,19414.370090382105,7580.671750743388,9494.27770086725,12155.552624486818,2.083320806985173,0.8134681226187334,1.018813702913335,1.3043902833366767
Upper Deschutes (17070301),2020,8786.276600584999,19605.715136056213,4156.067750826441,12361.71716519262,15518.179711600715,2.2314019951011836,0.47301808715534016,1.4069346695014775,1.7661838361163702
Upper Deschutes (17070301),2021,8723.782989529003,20975.68419963982,4685.07797969653,12887.651479976255,16138.694778041896,2.404425261932415,0.5370465983988761,1.4773007874502457,1.849965181093211
Upper Deschutes (17070301),2022,8633.889684262002,20007.0136184108,4730.628000476882,12009.471443466398,15110.57989635081,2.317265375173825,0.5479138804726623,1.3909688312739812,1.7501474363165221
Upper Deschutes (17070301),2023,8761.129031601564,20787.946533923114,5533.971857826127,12025.355965952887,15115.92570371166,2.3727474460130176,0.6316505370329535,1.3725806254624482,1.7253399247047065
Upper Deschutes (17070301),2024,8436.74349244162,19372.282559720537,4477.7601060209245,11740.612288117298,14865.9866442485,2.2961801051645034,0.5307450807331642,1.3916047463853294,1.7620526993106718
Upper Grande Ronde (17060104),1985,40625.73744170801,71713.0012303544,38389.852141436946,26322.45661678448,34259.945975871524,1.765211064371498,0.9449638224172736,0.6479256322313744,0.8433064390530642
Upper Grande Ronde (17060104),1986,29727.64732662381,57008.58428985614,31223.75930535615,20142.543504982157,26616.01493361817,1.917695795549881,1.0503272917057394,0.6775693778815345,0.8953286696785154
Upper Grande Ronde (17060104),1987,25837.817744286807,55592.43395954519,21531.99346817895,26826.126335750418,34896.97019625153,2.151591690511001,0.833351859715012,1.0382504668639108,1.3506160056403316
Upper Grande Ronde (17060104),1988,29298.038027541836,56670.96177390125,29849.12669261987,20966.538159019838,26927.789944434262,1.9342920410106401,1.0188097463918908,0.7156294267660548,0.9190987437152138
Upper Grande Ronde (17060104),1989,25323.66755749631,50257.91132817773,29307.984828619512,16027.441783614713,21029.163027167055,1.984622141088738,1.1573357122177101,0.6329036561242596,0.83041538037179
Upper Grande Ronde (17060104),1990,29263.6606782315,58497.637051630154,29510.740422030074,23565.736991315287,30499.426411551205,1.9989856257165077,1.0084432274729858,0.8052901258811153,1.0422286790059372
Upper Grande Ronde (17060104),1991,37286.42938208067,75648.44119835476,45080.29476609247,24619.234980993002,32564.00949740675,2.0288464852231285,1.2090268634775048,0.6602733323889859,0.8733474896112351
Upper Grande Ronde (17060104),1992,22157.040106914083,48308.50578096898,23091.234939438855,19045.13758339402,24385.4524926328,2.1802779409102735,1.0421624381242718,0.8595524262941151,1.1005735592374246
Upper Grande Ronde (17060104),1993,28520.864296311593,46522.36007502386,36325.802562351644,7808.713426134171,10427.515313920607,1.631169364002769,1.2736571439403892,0.2737895087963382,0.3656100742805724
Upper Grande Ronde (17060104),1994,37795.04695347004,83516.42266172562,41747.71651368218,33223.12353038649,42718.415591225224,2.209718716966902,1.1045816814324458,0.8790337943299262,1.1302649165594743
Upper Grande Ronde (17060104),1995,37491.37051093807,80322.44715923551,53580.28879861778,21150.17771823944,27815.18726638592,2.1424249384482095,1.429136573787981,0.5641345576329064,0.7419090549989595
Upper Grande Ronde (17060104),1996,37274.71847529027,80059.56250427576,47937.93795052085,25786.5038112756,33466.254587014715,2.1478247396381525,1.286071093529501,0.6917960716019813,0.8978271588878608
Upper Grande Ronde (17060104),1997,33366.526203862995,71365.5403064548,42441.04964379681,22920.035174260436,30079.157703966237,2.138836385616687,1.271964884342177,0.6869170327837987,0.9014770527860295
Upper Grande Ronde (17060104),1998,37078.03151888303,86628.12520405605,50474.01528441784,28580.557930332878,37241.251877733834,2.336373363292985,1.361291665624496,0.7708218791436494,1.0044020772453273
Upper Grande Ronde (17060104),1999,29349.122744833337,56843.88152644653,26380.472472753652,24227.394827340686,31156.580274122534,1.93681705653207,0.8988504597602567,0.8254895738444418,1.0615847207769569
Upper Grande Ronde (17060104),2000,41736.20677495953,97707.62606429061,49011.96454439192,39761.69800439346,51394.8320174906,2.341075857495326,1.1743272408214545,0.9526907468804588,1.231420773205627
Upper Grande Ronde (17060104),2001,36338.71007871562,80607.42344841745,31254.770064577904,39576.58912569375,51322.91459948049,2.2182246775906056,0.8600957490476391,1.089102751307472,1.412348277864201
Upper Grande Ronde (17060104),2002,38647.91591090451,82941.46150014743,33163.62147623455,40163.025560232534,51529.80814155981,2.1460785024308517,0.8580959851156537,1.0392028810252234,1.3333140203562874
Upper Grande Ronde (17060104),2003,36026.49502739021,79868.2992096666,39133.3597828522,32472.53163164209,41673.27797545385,2.2169322646831,1.0862383296820828,0.9013513972689791,1.1567397256871785
Upper Grande Ronde (17060104),2004,42857.76154797419,93431.47894836369,57203.1156396172,29256.489243143707,37982.69803467145,2.180036370863145,1.3347200967457222,0.6826415609782731,0.886250160129206
Upper Grande Ronde (17060104),2005,41646.884144133925,93721.79311400076,42693.32727059315,41910.53861473655,54123.26486617535,2.2503914768183617,1.025126564638969,1.0063307129938017,1.2995753698851142
Upper Grande Ronde (17060104),2006,41111.0730393853,87100.95271596288,44374.444118606254,34790.89485382402,44869.94391971178,2.118673784858845,1.079379370032365,0.8462657936584042,1.0914320790587344
Upper Grande Ronde (17060104),2007,40025.02783991453,92050.33305418404,38945.68965075716,43357.941560900494,55222.40611455826,2.299819338598631,0.9730334181534032,1.0832707408553568,1.3796968820465956
Upper Grande Ronde (17060104),2008,43553.47450920302,93927.85337847038,49187.832786496525,36328.09221118478,46581.4092395607,2.1566098787049253,1.1293664475862413,0.8341031943044754,1.069522231336971
Upper Grande Ronde (17060104),2009,42236.65811599769,96233.71005495438,50366.75448356533,37393.29453240126,48079.83838735158,2.278440443622707,1.1924891014161052,0.8853279639147884,1.138343811560714
Upper Grande Ronde (17060104),2010,45474.3575568911,100416.4563042824,54800.94894692945,37486.31872542072,48431.72462779424,2.208199559029625,1.2050956163233364,0.8243397100997663,1.0650337295519414
Upper Grande Ronde (17060104),2011,44335.12861250344,93841.73570703201,57462.992509805175,29827.91720630296,38732.84639385949,2.1166451670237554,1.2961052399789228,0.6727829181912164,0.8736378489479787
Upper Grande Ronde (17060104),2012,40965.64240648194,88274.45894151746,51082.81030884932,30337.658880416155,38894.40853931102,2.1548413196017626,1.246967148762851,0.7405634843801661,0.9494397317972197
Upper Grande Ronde (17060104),2013,45187.77287209234,95823.294061191,54004.722350660275,34132.35008250534,43875.19429528299,2.1205580175953043,1.19511803565812,0.7553448181462655,0.9709527933468926
Upper Grande Ronde (17060104),2014,45409.023283847404,112757.12615731833,53782.60191803953,48272.71042073608,61983.489712279465,2.483143613384601,1.1844034077070915,1.063064275110875,1.3650038082701466
Upper Grande Ronde (17060104),2015,43986.05619871149,103882.56767539671,50199.759774650265,44570.92409408141,56765.06784148049,2.36171588573653,1.1412653034377016,1.013296665941764,1.2905241512227992
Upper Grande Ronde (17060104),2016,46096.19519816867,102045.2693608849,48076.159160894356,44014.588256225485,56477.04942796149,2.2137460352679823,1.0429528717980685,0.9548421093542686,1.2251998062999618
Upper Grande Ronde (17060104),2017,44621.05532776797,98472.1368541565,57283.25623503088,34302.439192580096,44117.91875307767,2.206853606012242,1.2837718833463614,0.7687500652014715,0.9887242340864763
Upper Grande Ronde (17060104),2018,46879.76606939064,105112.25203587738,53207.71031581837,43125.67855429422,55647.91048750835,2.2421667352241474,1.134982419431471,0.9199209418080355,1.187034730615747
Upper Grande Ronde (17060104),2019,45521.13901242729,97691.67562206686,54315.139847912236,35659.376564801416,46162.90480390129,2.1460727420593977,1.1931849911111447,0.7833586184007038,1.0140981927385166
Upper Grande Ronde (17060104),2020,47522.762631554004,102854.18242420028,54713.924706473335,39542.71929228023,51339.32377396291,2.164314040865703,1.1513203710540298,0.8320795573030257,1.0803101699284376
Upper Grande Ronde (17060104),2021,41000.780600620004,88897.30564720686,32950.805359411526,45904.123305227535,58335.40861794854,2.1681856868320835,0.8036628785285432,1.1195914475963267,1.4227877558279074
Upper Grande Ronde (17060104),2022,48873.49694001301,105961.24056679658,64034.01438475739,34409.579618775744,44836.95390007897,2.1680715971041047,1.3101991548374838,0.7040539714399775,0.9174083441402103
Upper Grande Ronde (17060104),2023,43681.871302303756,93252.93872190775,48866.724579409085,36170.310847418354,46670.51776732911,2.1348201425837185,1.1186957683479986,0.8280394078609621,1.068418462303096
Upper Grande Ronde (17060104),2024,46125.98000480621,104882.2049596508,44721.470037952226,49217.766466762456,63788.35993404757,2.273820630991956,0.9695505663682888,1.0670291766512947,1.3829160903985342
Upper John Day (17070201),1985,1258.8002052590004,2868.163123219616,1036.8619839814476,1193.2313539178886,1904.439807242651,2.27848955794338,0.8236906696151287,0.9479116296079559,1.5129007759025659
Upper John Day (17070201),1986,1300.3635288838743,2922.1828183035227,1241.5912080536655,1048.748112936999,1590.5778170415554,2.247204534267187,0.9548031611739725,0.8065037888575347,1.2231793507826056
Upper John Day (17070201),1987,1257.0989684689855,3156.0888573931747,1070.049875869566,1242.2210942874183,1878.1890436104936,2.5106128765955154,0.851205754446505,0.9881649141756222,1.494066171972069
Upper John Day (17070201),1988,1000.2843946773825,2246.060318671861,828.9870806256951,819.8860601593933,1185.253891594471,2.245421732682607,0.8287513881420341,0.8196529552216275,1.1849169075328283
Upper John Day (17070201),1989,1135.0544102077886,2573.9054472406156,1418.4844481513971,699.7355380700586,1037.0722676722714,2.2676493955645913,1.249706124565185,0.61647752898644,0.9136762593455057
Upper John Day (17070201),1990,955.153670334284,2359.0258040799063,847.5209952544469,883.3983095053144,1294.16235404063,2.4697866713471313,0.8873137606829612,0.9248755848848315,1.3549258032874436
Upper John Day (17070201),1991,1179.592470456917,2772.3159521148473,1321.5744829496177,846.7033524897258,1232.2935975230782,2.3502319839672987,1.1203653092476114,0.7177931138893706,1.0446774020571252
Upper John Day (17070201),1992,927.2147965375377,2260.338353771224,878.8086751532182,792.1696822956451,1125.9144204366062,2.4377720914419374,0.9477940585449234,0.8543540129577457,1.2142972962047895
Upper John Day (17070201),1993,1476.2950291109948,3012.36673077593,2001.6108668821516,614.3213226304798,908.1191617813196,2.040491007132861,1.355833913555541,0.41612368159257157,0.6151339291091272
Upper John Day (17070201),1994,972.1647270842622,2341.2529759216964,869.8447394326154,858.3055809618063,1228.224135880815,2.4082883391003436,0.8947503598916542,0.8828808092390426,1.2633909682822293
Upper John Day (17070201),1995,1337.9218031757325,2891.995052970878,1584.3643034067811,813.9513526417119,1237.8826362287512,2.1615576083044235,1.184197984998888,0.6083698992793838,0.9252279417903757
Upper John Day (17070201),1996,1163.6708251007663,2513.7197273557204,1328.8447617343775,702.5208266657415,1031.6316805886686,2.1601639167485778,1.1419421481322334,0.6037109563221265,0.8865322205696238
Upper John Day (17070201),1997,1091.663517770603,2534.978664844364,1294.936849405283,728.0841385500015,1046.395038820351,2.3221245590594632,1.1862051157025062,0.6669492262935526,0.9585325714257636
Upper John Day (17070201),1998,1256.9184789539324,2908.8902685542844,1527.2294890014216,836.0722053121029,1278.3650286120906,2.31430304929179,1.2150585058407726,0.6651761584473816,1.0170628008238107
Upper John Day (17070201),1999,1071.026493411931,2294.8945100544665,866.4773567737192,866.0258791507825,1318.9456509105312,2.1427056418965913,0.8090158012930316,0.808594263986799,1.231478081096587
Upper John Day (17070201),2000,1043.3454915539394,2456.763372814148,952.9635800197475,845.6010870844292,1244.5428331489693,2.3546978375831102,0.9133729792615687,0.8104708305443546,1.1928386552908474
Upper John Day (17070201),2001,923.4720291499534,2092.3624698355993,760.8466613402458,734.0863473022117,1098.2651463842444,2.265756193787047,0.8238978954680385,0.7949199587321889,1.189278193293181
Upper John Day (17070201),2002,771.8690905502242,1681.4172851100247,544.3874007329991,618.0926362994086,922.7008416583092,2.1783710550080873,0.7052846232577269,0.8007739186172145,1.1954110521520755
Upper John Day (17070201),2003,889.5266448541252,2084.9166951871857,887.7069945240942,682.3224014202847,981.4829259534891,2.343849627493839,0.9979543610744461,0.7670623531824388,1.1033766460300287
Upper John Day (17070201),2004,1017.5258315470535,2298.2292868747763,1200.7028675223114,651.4593354847941,921.0902776964116,2.2586446610210693,1.1800220007159468,0.6402386212586965,0.9052254489657323
Upper John Day (17070201),2005,995.6020477480861,2137.3346236970756,1032.192133598252,638.6290950188439,952.9962465601168,2.1467760422263398,1.0367517181517731,0.6414501622042005,0.9572059928117487
Upper John Day (17070201),2006,1144.5570435597735,2549.4916247781553,1293.7184380041535,760.7551412570181,1132.0574729209025,2.227491970910238,1.1303223769262403,0.6646721065915037,0.9890791195517916
Upper John Day (17070201),2007,862.7079992612527,1986.314506299803,738.8271248016064,713.9423230740977,1048.8108611478688,2.302418092796993,0.8564046298797194,0.8275596420636591,1.215719411487987
Upper John Day (17070201),2008,902.7433213719452,1990.2312883684883,832.8212487944278,674.8779265257979,961.6688871499367,2.2046480336667926,0.9225449018318371,0.7475856210158957,1.0652738872533993
Upper John Day (17070201),2009,938.5291991560633,2062.627873573748,1097.9036798256968,556.4417866236823,809.5778792363952,2.1977237100651608,1.1698130231994326,0.5928870269822627,0.8626027618153781
Upper John Day (17070201),2010,1123.8093457372886,2267.084105230333,1116.4113797634955,705.2470769376557,1058.6261451011935,2.0173209217645236,0.9934170631327687,0.6275504645095916,0.9419979902433265
Upper John Day (17070201),2011,1428.3875285892286,2889.742132367773,1700.6981973152126,789.2667990152316,1210.4578192343538,2.023079923710813,1.19064200945169,0.5525578900809673,0.8474295630611415
Upper John Day (17070201),2012,1031.4432203429928,2408.683341495381,871.0207071449838,915.7330462049149,1348.37394600266,2.3352553916583068,0.8444679163777308,0.8878172139232249,1.307269192728104
Upper John Day (17070201),2013,954.9949943332733,2180.092138248011,915.5614591373583,752.9778852184743,1081.4578141100674,2.2828309584701385,0.9587081236761399,0.7884626513086211,1.1324224949106498
Upper John Day (17070201),2014,969.2541272608977,2404.213180439147,1044.8612229512348,803.7732747159903,1134.631582370879,2.4804776299827878,1.078005441053939,0.8292699015762207,1.1706234211014777
Upper John Day (17070201),2015,1002.8475969688172,2538.454450846432,1044.895824110415,891.7683370402207,1268.26861660013,2.5312464810396937,1.0419288307303043,0.8892361508724336,1.2646673536772366
Upper John Day (17070201),2016,1092.2915522558314,2611.0046635496783,1175.1618817035544,842.5439642565976,1187.9482194979566,2.3903917027989072,1.0758683240537537,0.7713544634823477,1.087574299228601
Upper John Day (17070201),2017,1166.9151855199882,2648.622578025724,1291.4634541115167,827.6593924760747,1181.5107782507835,2.2697644275196174,1.1067329229553462,0.7092712501699616,1.0125078436821364
Upper John Day (17070201),2018,1148.4870219140028,2584.3058190787333,1032.358310339267,951.710845126734,1347.6957761359392,2.250182866474083,0.8988854820656117,0.8286648668790938,1.1734532044514936
Upper John Day (17070201),2019,1558.6329689107768,3235.7689727919533,1852.673012652878,886.5024959275681,1254.9484199131866,2.0760301092907163,1.1886525241074466,0.5687692443379309,0.805159678349538
Upper John Day (17070201),2020,1035.581432889,2475.680172772764,1000.5817002710254,886.2498267746154,1286.5001691631542,2.390618539641317,0.9662028194921044,0.8557992627409428,1.2422974459614988
Upper John Day (17070201),2021,1097.6282234330001,2565.920566381118,864.6236144919764,1012.6476122288959,1445.6797092439085,2.3376955070960266,0.7877199183050648,0.9225779645695386,1.3170941475268594
Upper John Day (17070201),2022,1420.0985694720002,3018.356707735648,1433.3082247919676,1013.9333262496413,1474.8427957748033,2.125455776536616,1.0093019284744993,0.7139879921339733,1.0385495961193436
Upper John Day (17070201),2023,1249.3239577757665,2838.143921464758,1537.1029017950223,801.9495090789652,1156.0334931627401,2.271743772942325,1.2303477350515257,0.6419067721287566,0.9253272427600635
Upper John Day (17070201),2024,1331.915482092111,3082.231598210482,1451.7057033194008,980.2962857076749,1378.940597672365,2.3141345225367123,1.0899383052737917,0.736004873348173,1.035306381082371
Upper Klamath Lake (18010203),1985,10342.301289550005,25173.413371098562,8133.0159520389125,9185.913747212777,16508.87979832595,2.4340243690767456,0.7863835837248927,0.888188565584948,1.5962481981652126
Upper Klamath Lake (18010203),1986,10303.987872404528,25293.724322664828,8955.335112313873,8837.684543718811,15874.608978062108,2.454750979512004,0.8691135144187688,0.857695549835353,1.5406276846051474
Upper Klamath Lake (18010203),1987,10104.126372132818,25159.004378197635,7136.502650444799,9682.948483897624,17458.841547994616,2.4899732496998626,0.7062958624634065,0.9583162489538133,1.7278922397631629
Upper Klamath Lake (18010203),1988,9987.198436117847,24630.971962361044,8074.124115578932,8868.232115584482,15991.476669254218,2.4662543875452845,0.8084473505982973,0.8879599391470265,1.6011974500699229
Upper Klamath Lake (18010203),1989,10212.093141092506,23869.268228372795,10373.987357791926,7307.35883205275,13278.522720348601,2.337353165368723,1.0158531864587068,0.7155593599757353,1.3002743450230658
Upper Klamath Lake (18010203),1990,10318.52762281595,25644.83254723364,10579.929481982548,8284.75440766185,14841.700993836614,2.485318980057652,1.0253332518671168,0.8029008314464271,1.4383545343251483
Upper Klamath Lake (18010203),1991,10232.857551307827,24227.009890500896,10944.162883490748,7230.270542778409,12948.044555387598,2.3675703261797603,1.0695118962241403,0.7065739463806308,1.2653400568185134
Upper Klamath Lake (18010203),1992,9932.210389746373,25219.9597125439,8092.318358816903,9242.296735444146,16613.056227653517,2.539209171261616,0.8147550284648719,0.9305377527026142,1.6726444140575383
Upper Klamath Lake (18010203),1993,10338.486942858352,21467.287687485314,11605.424876958963,5401.98634637373,9927.605984697679,2.0764438554826,1.1225457788071969,0.5225122763351101,0.9602571478368503
Upper Klamath Lake (18010203),1994,9996.452519583432,25965.358124314986,7132.436340726073,10151.352344686984,18193.822566296974,2.5974572553061055,0.7134967456458536,1.0154954795013629,1.820027907965809
Upper Klamath Lake (18010203),1995,10312.901583053053,24121.106885855595,12223.29494508337,6446.009502332346,11620.778105611034,2.3389253442981786,1.1852430517876384,0.6250432480539638,1.1268194515408916
Upper Klamath Lake (18010203),1996,10196.555447414315,25724.314825805475,11804.357744521136,7539.554692220284,13470.459801668387,2.522843616991143,1.1576809252299542,0.7394217322804041,1.3210794440473799
Upper Klamath Lake (18010203),1997,10320.60657421869,25396.404640360204,10693.565164062962,7961.603595225901,14355.822381686277,2.460747288226401,1.0361372742156396,0.7714278747059619,1.3909863028349252
Upper Klamath Lake (18010203),1998,10124.398201484673,23800.607765319462,10876.801516466252,6970.135392047144,12628.356274415348,2.350817035409499,1.0743158556200647,0.6884493530711802,1.2473192009144294
Upper Klamath Lake (18010203),1999,10182.774734004688,23794.927060326096,8458.136873452246,8291.483725006312,14940.02629394347,2.3367822309634865,0.8306318360561261,0.814265653674677,1.4671861731412228
Upper Klamath Lake (18010203),2000,10179.563267843776,25851.206127303434,8254.74442076914,9439.961352007185,17014.94841034383,2.5395201588819445,0.8109134157891679,0.9273444354756437,1.6714811787743737
Upper Klamath Lake (18010203),2001,9782.060913618707,24071.19289707764,6334.612589088884,9582.315923168511,17354.49208756219,2.4607486203204303,0.6475744370258171,0.9795804797972473,1.7741140891282992
Upper Klamath Lake (18010203),2002,10211.801361136162,26391.429066821715,5937.863180731093,11013.213124823551,19740.14637669836,2.5844048599752054,0.5814706897187871,1.078478980871816,1.9330719114675452
Upper Klamath Lake (18010203),2003,10144.50077669055,26017.622795083742,9991.724797558136,8670.090914670624,15542.458090003978,2.56470213446733,0.9849400199679167,0.8546591996515255,1.532106747501715
Upper Klamath Lake (18010203),2004,10254.40483538435,25832.139906934248,8256.514101114284,9479.381446477446,17024.431265273255,2.5191262020197023,0.8051675581038066,0.9244204416201153,1.660206666166321
Upper Klamath Lake (18010203),2005,10209.278905014966,25630.059132404047,9758.400684131417,8596.317951029723,15458.547121892565,2.510467131994419,0.9558364283042488,0.8420102958306948,1.5141664034958504
Upper Klamath Lake (18010203),2006,10242.129535836091,24996.303240127545,7234.218849648887,9593.175696367412,17248.872416970993,2.440537698011748,0.7063197965166469,0.9366387783714256,1.6841099652781264
Upper Klamath Lake (18010203),2007,10236.128021219634,26864.870935612398,9626.107861452558,9292.023347315784,16533.299662887614,2.6245149415795845,0.94040518460667,0.9077674026793424,1.61519078587273
Upper Klamath Lake (18010203),2008,10259.187105607734,24918.83011551188,6581.950380141509,9838.474758806939,17704.976359546712,2.428928321415553,0.6415664625654186,0.9589916489025888,1.725767955812899
Upper Klamath Lake (18010203),2009,10196.003225646315,26236.061882874415,9360.061341431832,9066.877043684703,16218.80056614743,2.5731712027004914,0.9180127873918466,0.8892579614802899,1.5907017884568526
Upper Klamath Lake (18010203),2010,10114.24932175154,24396.240624248898,9259.20974869199,8071.287816147033,14355.58951852983,2.4120663677711343,0.9154618849249924,0.7980115537382544,1.4193430537308322
Upper Klamath Lake (18010203),2011,10228.4321506652,23689.221671864383,8310.202633807505,8250.634610747877,14902.197889928337,2.31601689515277,0.8124610410860531,0.8066372723811148,1.4569386266065403
Upper Klamath Lake (18010203),2012,10159.409171062674,25057.73055722775,8335.179073544228,9027.44538427856,16420.915172109588,2.4664554931600136,0.8204393516589084,0.8885797620979459,1.6163258015910742
Upper Klamath Lake (18010203),2013,10047.04567059045,22985.592039639338,9380.301549327627,7256.184853316167,13159.699894620846,2.287796113729471,0.9336377933252054,0.7222207493847026,1.3098079103135467
Upper Klamath Lake (18010203),2014,10124.81941740311,26297.56844579606,9473.360436643454,9034.959589292148,16246.386467211742,2.597337035028429,0.935657224696779,0.8923576033131366,1.6046099982076258
Upper Klamath Lake (18010203),2015,10103.178495262997,26816.85468653537,10420.748061178894,8817.278718414853,15842.864348285086,2.6542988129041563,1.0314326393485767,0.8727232447243157,1.5681069433459196
Upper Klamath Lake (18010203),2016,9726.826043922163,25029.60268585806,7795.784946899929,9209.040667164343,16660.083972773697,2.573254890427272,0.8014726398619156,0.9467672831384335,1.7127975659833867
Upper Klamath Lake (18010203),2017,9963.086396363999,25511.700068178274,11104.955667614335,7763.522885705843,13947.351270944682,2.5606221860616105,1.1146099939138396,0.779228702517236,1.3999026723320125
Upper Klamath Lake (18010203),2018,9860.683887866677,25513.725546743124,8529.459241564544,9080.141136150418,16376.08504608337,2.5874194768718954,0.8649967221908238,0.9208429394358035,1.6607453633346598
Upper Klamath Lake (18010203),2019,10259.491397972057,23450.005074737524,11283.66471074772,6591.213690099658,11975.282447289926,2.285688848023477,1.0998269088639332,0.642450335442799,1.16723938670654
Upper Klamath Lake (18010203),2020,9712.971626377006,23557.716748783325,6027.441047786489,9388.470578943685,16812.58603056892,2.4253871683109702,0.6205558174820655,0.9665909610451151,1.7309415364615979
Upper Klamath Lake (18010203),2021,9653.247487837007,23559.309634686924,7410.1716741295295,8649.383082227609,15502.9453668476,2.4405579225407217,0.7676351076118446,0.8960075967311253,1.6059823791300443
Upper Klamath Lake (18010203),2022,10050.164351373009,25991.62806811896,8247.495764762964,9440.87168297045,16815.189333907103,2.5861893556564675,0.8206329246383147,0.9393748552659917,1.673125806306828
Upper Klamath Lake (18010203),2023,10131.154591899265,24781.988373414548,10655.533780183157,7628.0397003971075,13703.067605820532,2.4461168910826703,1.0517590747952044,0.7529289609790759,1.3525672204012482
Upper Klamath Lake (18010203),2024,10179.04920892625,26089.959591097242,10012.291492500102,8601.098276190301,15559.181163016692,2.5631037885363925,0.9836175547437266,0.8449805182833574,1.5285495573960364
Upper Malheur (17050116),1985,1611.3036777450002,3724.7887911546622,1143.6085420582656,1609.800154747447,2623.1169062102663,2.31166157106242,0.7097411604364559,0.9990668903582115,1.627946949070014
Upper Malheur (17050116),1986,1632.2131970948662,3502.021614350554,1204.6869032812203,1402.5496878982774,2322.7441305956777,2.1455662903496378,0.7380695765880408,0.8592931918419965,1.4230641773573878
Upper Malheur (17050116),1987,1303.7952644818788,3036.5777724293284,803.8472641514087,1412.6251180358454,2324.680572107417,2.329029606988217,0.6165440894363527,1.0834715821714653,1.7830104430017488
Upper Malheur (17050116),1988,1426.5178438365706,3221.683360319249,808.2427882428813,1573.2668507565268,2526.878359580766,2.258424858994152,0.5665844221542579,1.1028721845674778,1.771361199930604
Upper Malheur (17050116),1989,1394.3143825304173,3389.150901973166,1245.2833058726164,1338.9369714500895,2240.3859168127874,2.4306934967008638,0.8931151550001675,0.9602834111344184,1.6068011238232442
Upper Malheur (17050116),1990,1095.445158689221,2263.8925350066916,609.2446059317658,1076.570921346428,1693.1080951306226,2.066641599580943,0.5561616673360179,0.9827702581064145,1.54558909836851
Upper Malheur (17050116),1991,1550.4695995062434,3444.6242293542177,1202.9111999876436,1444.4619321416722,2350.5288127590925,2.221665120329466,0.7758366886849752,0.9316286708244199,1.5160108998639077
Upper Malheur (17050116),1992,1466.2401971786853,3368.522317354834,1096.1883082231052,1543.8530648826213,2419.2722589897826,2.2973877839636967,0.747618507753622,1.0529332559926248,1.6499835863488843
Upper Malheur (17050116),1993,2137.3560838674666,4229.502632160387,2138.1944500495347,1279.89147067774,2131.843185630188,1.9788479159295063,1.0003922445063769,0.5988199534641059,0.9974206926590804
Upper Malheur (17050116),1994,1867.120255617635,4255.427984220031,1009.6037636449015,2087.2808741751805,3139.8494065907826,2.2791397455073694,0.5407277654491136,1.1179145359786788,1.681653550243412
Upper Malheur (17050116),1995,2088.9119008584885,4896.573012227584,1982.1975198029234,1842.7650656532026,2946.889658171209,2.344078278368379,0.9489138910014787,0.8821650472171058,1.410729508008506
Upper Malheur (17050116),1996,1856.6247758520503,4609.625909702686,1635.6493742027487,1829.3316381766726,2857.891937529421,2.4827988776500174,0.8809800426433011,0.9852995941719822,1.5392943015197373
Upper Malheur (17050116),1997,1827.7148777170514,4365.2521845768915,1368.5329849215075,1837.15398021001,2898.24421575875,2.388366061794829,0.7487672183480306,1.0051644283296248,1.585720098409916
Upper Malheur (17050116),1998,1977.6400467250496,4540.739290353801,2108.585621295956,1480.055869215497,2326.906093931145,2.296039311032974,1.0662130476108385,0.7483949729206048,1.1766074912289908
Upper Malheur (17050116),1999,1986.7618000443154,4598.471398823026,1205.1669291949445,2070.8926562455918,3182.025453549916,2.3145559768264397,0.6065986013864686,1.0423457186459897,1.601613969766753
Upper Malheur (17050116),2000,1775.355444725004,4836.368838611305,1363.495529264586,2113.086345000985,3230.3016624759994,2.724169322251095,0.7680127003952081,1.190232835503143,1.8195238998894452
Upper Malheur (17050116),2001,1967.8549079632899,4786.340680292576,1188.0180012016644,2221.3029793814994,3442.2535587273806,2.432262999128523,0.603712192598209,1.1287940845600888,1.7492415445862717
Upper Malheur (17050116),2002,1976.4903214499059,4429.402241979313,983.504270514754,2145.6951128220317,3316.7623622083433,2.241044235789634,0.4976013592585057,1.0856087123401652,1.6781070598793755
Upper Malheur (17050116),2003,1976.4903214499059,4803.387034499209,1537.8713125334443,2092.105954625245,3241.905282893945,2.4302608428537913,0.7780818837530653,1.0584954208581838,1.6402333205030626
Upper Malheur (17050116),2004,1976.4903214499059,4806.024685205635,1615.7569675777147,2029.6533532695605,3092.0345768132734,2.431595355184968,0.8174879229322176,1.0268976939794248,1.5644066369852148
Upper Malheur (17050116),2005,1976.4903214499059,4721.604803061353,1773.602832495026,1839.509699060152,2790.1062470821616,2.388883341253954,0.8973496167661238,0.9306950199031239,1.4116468048451696
Upper Malheur (17050116),2006,2194.3057994185333,5284.431969357097,1803.716374061519,2230.172500523754,3563.483551851468,2.40824773409313,0.8219986359875109,1.016345352190531,1.6239685247132607
Upper Malheur (17050116),2007,1903.8424634971607,4715.540951953497,1174.0670239847273,2208.577561509183,3327.055690834318,2.4768545939938424,0.6166828645202546,1.1600631900247962,1.7475477906522068
Upper Malheur (17050116),2008,1998.4400522139367,4439.968773417438,1228.2834538787333,2011.5394821869745,3055.7524499029328,2.2217172681755932,0.6146211153634561,1.0065548275809053,1.5290688587419328
Upper Malheur (17050116),2009,1985.418844470858,4355.608877949696,1691.6232955840792,1694.9355057731486,2553.4991780932246,2.1937984975208225,0.852023390578284,0.8536916583084376,1.2861261920649132
Upper Malheur (17050116),2010,1994.8930130889585,4290.111157198842,1321.1323893286453,1887.723035093165,2847.442181737709,2.150546986254612,0.6622572642544675,0.946277831797181,1.4273658602516408
Upper Malheur (17050116),2011,2342.779440843658,5038.3696815422145,2101.605291177681,1890.5511142412588,3050.152967526785,2.1505949701043336,0.8970563999916579,0.8069693122970435,1.3019377387179027
Upper Malheur (17050116),2012,2052.5155309040492,4982.873732088565,1209.0745047641672,2368.196134201462,3584.615109600181,2.4276911219735386,0.5890696009650261,1.1538018098008584,1.7464496885055503
Upper Malheur (17050116),2013,2056.20421709542,4561.532200814152,1515.2179812909355,1858.8274676470858,2782.625027927446,2.2184237163260665,0.7369005319088986,0.9040091700000755,1.3532824243781403
Upper Malheur (17050116),2014,1918.9510875296423,4881.956277618507,1289.8417206781676,2265.4317774577908,3423.928208635319,2.5440754114808017,0.6721597695012865,1.1805573326906365,1.7842707043893995
Upper Malheur (17050116),2015,2095.1687788908653,5223.560620864159,1961.7330814199286,2117.8155470768843,3066.828497822172,2.4931455038335355,0.9363126737972993,1.0108090424094653,1.4637620265827371
Upper Malheur (17050116),2016,2054.728393883917,5318.453030286585,1668.4245367744531,2329.7922518051682,3383.204587884238,2.588397106944858,0.8119927391574809,1.1338687189703534,1.6465458879892105
Upper Malheur (17050116),2017,2616.2991085154977,6372.506483788656,2201.4032964670096,2740.645117250664,3973.326780881214,2.4356949337510767,0.8414188153418352,1.0475274437584168,1.518682159829845
Upper Malheur (17050116),2018,2554.4141271104972,6514.126815170907,1596.1525716953088,3308.5878830892616,4668.794971722265,2.550145156979522,0.6248605325013783,1.2952433389615923,1.8277361224131317
Upper Malheur (17050116),2019,2745.2856500630846,6834.816171659086,3038.3213988043863,2532.4719904416484,3638.448839427849,2.4896557381932283,1.1067414419095396,0.922480321996166,1.3253443550926076
Upper Malheur (17050116),2020,2601.032983186,6492.048667406492,1911.6264054717217,3070.533583567232,4311.408092833972,2.4959501511028113,0.7349489290713163,1.180505438960694,1.65757532515137
Upper Malheur (17050116),2021,2519.067207746,5845.083613581245,1811.2244324905537,2740.533535498278,3781.55088667138,2.320336510120857,0.719005998300138,1.087916006000666,1.5011710981919453
Upper Malheur (17050116),2022,2464.859433855,5737.692049076396,1716.4972920459197,2785.608580265788,3819.853953874862,2.3277968594349976,0.6963874971812676,1.1301287781385332,1.5497248652028293
Upper Malheur (17050116),2023,2828.976901988905,6638.473541001313,3079.285460010563,2448.2372224355317,3603.865858674478,2.346598707233753,1.0884802409824128,0.8654143555270122,1.2739113762791028
Upper Malheur (17050116),2024,2510.116127279869,6636.600532153337,2208.8795782680377,2966.0154282104895,4220.970925989782,2.643941632830033,0.879990990959342,1.1816247845969834,1.6815839235947663
Upper Quinn (16040201),1985,1657.1604877549998,3927.1808290709014,866.8774097881102,2903.9176360779743,5067.221185851843,2.3698252873450776,0.5231101128669152,1.7523454472487394,3.057773355866422
Upper Quinn (16040201),1986,1061.8770905348586,2908.943243246882,843.4571181590372,1917.2165368924832,3135.7346552495133,2.739434977151331,0.7943076705178703,1.8054975985279025,2.9530109305494765
Upper Quinn (16040201),1987,866.838299477427,2147.3251363700697,543.0162529095712,1604.3088834604982,2783.2266367647335,2.4771922718049995,0.6264331574146277,1.8507591143903714,3.21077949421778
Upper Quinn (16040201),1988,284.823141513124,646.2346479961835,137.42521601513556,508.8094319810479,655.6088438525925,2.2688979714325863,0.4824931544714505,1.7864048169611355,2.301810310670924
Upper Quinn (16040201),1989,863.7378360818565,2370.4274281560274,562.2619468688299,1808.1654812871975,3144.508453975236,2.7443829934658344,0.6509636644139604,2.093419329051874,3.6405820407724168
Upper Quinn (16040201),1990,647.9124238787662,1309.0432038107524,325.7050155150439,983.3381882957085,1516.8184981477502,2.0204014548356515,0.5026991357337949,1.5177023191018566,2.341085681097495
Upper Quinn (16040201),1991,374.61890160478777,841.8589600596264,296.42312620833354,545.435833851293,694.0641209906688,2.247241013342577,0.7912658035633543,1.455975209779223,1.852720506139561
Upper Quinn (16040201),1992,254.77645422684424,568.3648948401108,123.94921103474755,444.41568380536313,530.8491277610049,2.230837604538048,0.48650182926396884,1.7443357752740785,2.083587862826425
Upper Quinn (16040201),1993,1726.6412509235108,3905.3846807261793,1417.6957173132614,2358.0096212750436,4067.8947214230893,2.2618390928847245,0.8210713815362589,1.3656627397346375,2.3559582624632283
Upper Quinn (16040201),1994,408.9257398384798,964.8127015946683,193.40370618718686,771.4089954074816,1160.3659941813326,2.359383642555141,0.47295556954565576,1.8864280730094856,2.837595878996665
Upper Quinn (16040201),1995,1736.4084475114385,4115.712747318653,1680.7922314201096,2322.3313901231595,4022.2710003805823,2.3702446006970033,0.9679705450805448,1.3374338240817971,2.3164313708247413
Upper Quinn (16040201),1996,1726.6412509235108,4094.948161417435,1513.2026526719742,2448.32372439084,4223.17490132459,2.3716265085333808,0.8763850926546688,1.4179689747834592,2.4458901923406406
Upper Quinn (16040201),1997,1724.5359556168285,4173.56690951653,1342.783444572863,2698.96797831068,4771.16815053345,2.420110114795338,0.7786346467288233,1.565040131242331,2.7666388369542045
Upper Quinn (16040201),1998,1733.228627963181,4130.8342152519535,2056.469743040604,1980.5490057117524,3485.037941596066,2.3833175546530985,1.1864965243836774,1.142693452991953,2.0107202739268963
Upper Quinn (16040201),1999,1731.1233326564986,4257.941047983061,857.4648722908067,3249.8739864276386,5632.901420046242,2.4596404933489224,0.49532280925067446,1.8773208847231804,3.253899542444652
Upper Quinn (16040201),2000,812.3173841775699,2236.580539017554,489.49753265321425,1747.0830063643396,3088.469480291344,2.7533333430774456,0.6025939394966976,2.1507394035807472,3.802047746913926
Upper Quinn (16040201),2001,296.7213272075431,778.4639335574109,143.06758503117808,635.3963485262328,768.8458397547201,2.6235523441593087,0.4821614488503174,2.1413908953089913,2.591137775603664
Upper Quinn (16040201),2002,1483.5784612308057,3468.822667929338,825.49614394904,2643.3265239802977,4771.944291372794,2.338145745963132,0.5564223029122384,1.7817234430508935,3.216509551785954
Upper Quinn (16040201),2003,771.694961345667,1996.1406692697929,430.97547785766363,1565.165191412129,2560.262834523485,2.58669651773929,0.5584790616050372,2.0282174561342523,3.3177135562203843
Upper Quinn (16040201),2004,1513.9452093755403,3720.9440704068356,1012.8240714646126,2708.119998942223,4814.549155133315,2.4577798769491928,0.6689965166456545,1.7887833603035384,3.180134343910095
Upper Quinn (16040201),2005,1508.9333505533814,3863.5882912637253,1277.184641999634,2586.4036492640907,4671.904561742214,2.560476438436996,0.8464155434905348,1.7140608949464609,3.096163631103292
Upper Quinn (16040201),2006,1520.5325864152105,4078.0042176380166,1119.3386565830272,2958.6655610549883,5439.1359314388565,2.6819577916789474,0.7361490747278009,1.945808716951146,3.5771255282743386
Upper Quinn (16040201),2007,326.9491716966997,912.4688101154929,157.08513832419214,755.3836717913007,906.7629548968912,2.790858301858495,0.48045736745256235,2.3104009344059326,2.7734064906519054
Upper Quinn (16040201),2008,1447.099518591575,3335.994312820009,584.6418236242349,2751.352489195774,4940.127180141958,2.305297092536419,0.40400941062661117,1.9012876819098077,3.413813021615858
Upper Quinn (16040201),2009,1597.6458403763495,4015.9972544151415,1112.981509611845,2903.0157448032965,5269.4043933395,2.513696811221386,0.6966384423156421,1.817058368905744,3.298230596649763
Upper Quinn (16040201),2010,805.6532122405492,1935.3670015710202,508.56157483032337,1426.8054267406967,2368.9799896294135,2.402233333357783,0.6312412922875292,1.7709920410702538,2.940446278419469
Upper Quinn (16040201),2011,1724.7938269081649,3891.2959761656202,1753.5413890573197,2074.233430922101,3619.2823715955783,2.256093404010547,1.0166672454995316,1.2025978981153564,2.0983855085354985
Upper Quinn (16040201),2012,361.05854801850705,1045.8884984558877,159.7007707564738,886.187727699414,1110.7802800058168,2.8967282569426325,0.44231267098622434,2.4544155859564083,3.0764547359473697
Upper Quinn (16040201),2013,334.06632582554056,885.9939679666938,194.38617948431602,691.6077884823778,829.7895047802164,2.6521498860360633,0.5818789996386236,2.0702708863974397,2.4839064599811156
Upper Quinn (16040201),2014,400.29347687157923,1045.4382960094727,246.863557682995,798.5747383264777,1058.0235607774753,2.6116795711484118,0.6167064215293044,1.9949731496191072,2.643119665716928
Upper Quinn (16040201),2015,326.9491716966997,932.1723390565331,315.24513358028895,616.9272054762441,741.092917147463,2.851123109500579,0.9642022701703976,1.8869208393301813,2.266691526702968
Upper Quinn (16040201),2016,973.8509065319395,2587.8925786377363,577.3024511373851,1847.8067595421287,2867.7812605108743,2.657380674269425,0.5928037313157763,1.8974226415442845,2.9447847111664824
Upper Quinn (16040201),2017,1708.984000432972,4384.426943629682,1362.5802403471052,2864.9767843274994,4945.324865759911,2.56551667102728,0.7973042696724456,1.6764210686593064,2.8937221556825636
Upper Quinn (16040201),2018,888.6313429115677,2101.095667695523,574.5098227863184,1526.5858449092045,2546.8781707062208,2.36441769070553,0.6465108701927599,1.7179068205127703,2.8660683544668464
Upper Quinn (16040201),2019,1724.7938269081649,4373.424731167072,1488.3728223897529,2730.252044392882,4689.7182420547315,2.5356217438502764,0.8629279622700087,1.582944002812837,2.719002218637017
Upper Quinn (16040201),2020,1090.78728814,2856.05863087903,547.4213231784125,2147.455868870052,3401.466725044719,2.6183460899596227,0.5018589134017779,1.9687210258306853,3.1183593373597773
Upper Quinn (16040201),2021,666.318719569,1700.1598978663187,408.26016309636714,1291.8997347699517,2055.9631939988194,2.551571564680107,0.6127100306598697,1.9388615340202373,3.0855552059661386
Upper Quinn (16040201),2022,1506.8280552400001,3763.292383195201,795.0717158460204,2968.2206673491805,5384.845000305485,2.4974929091002376,0.5276459467828167,1.9698469623174204,3.5736293743534087
Upper Quinn (16040201),2023,1718.2064498684947,4573.885461893911,1683.1376739313587,2786.7957795898415,4886.041063450676,2.662011577388724,0.9795898939037156,1.6219213819172502,2.843686836249879
Upper Quinn (16040201),2024,1708.984000432972,4620.620905269065,1145.0736130138368,3322.273380904747,5843.761878790709,2.703723910872441,0.670031792412177,1.944004964389981,3.4194362716738067
Upper Rogue (17100307),1985,47.904308820000004,117.51664089321719,44.28709442000908,64.94050717515216,112.81604493347757,2.4531538767167036,0.9244908341422361,1.355629770573781,2.3550291761307487
Upper Rogue (17100307),1986,60.60227331616468,153.95365275591536,64.62713625492094,80.79350848605624,140.2188136882078,2.540394020414589,1.066414388743445,1.333176200578368,2.313755013061642
Upper Rogue (17100307),1987,42.905133547378725,114.94374258662,35.967935691832814,70.72057432284669,125.86120470376257,2.679020739084553,0.8383131042376225,1.6483009951420449,2.933476586543617
Upper Rogue (17100307),1988,48.953730634438784,117.35952837836732,40.29994151433842,66.8426095167226,120.05829891712678,2.397356174031919,0.8232251350827091,1.365424221003068,2.452485180622091
Upper Rogue (17100307),1989,47.90158787660782,113.75263311475858,60.49426724218465,48.06769857910594,86.01278058245785,2.3747152893507386,1.2628864704446743,1.0034677493974942,1.795614391823975
Upper Rogue (17100307),1990,64.68203580176204,161.86570053166793,62.699219900617535,91.04134145987928,156.89881961319207,2.5024830855317397,0.9693451840751974,1.407521274359753,2.425693898906594
Upper Rogue (17100307),1991,60.710866956768584,136.91761686829557,68.16745176880697,62.58631511423678,107.82593281088151,2.255240679824138,1.122821254016157,1.0308914738246726,1.7760565482891713
Upper Rogue (17100307),1992,40.65413658798962,101.18129255223175,34.956867906952326,59.476031096972875,94.33601950150299,2.488831421453028,0.8598600496973676,1.4629761222021322,2.320453154805716
Upper Rogue (17100307),1993,62.7802072490295,143.9750091110721,83.17544219755834,54.78582166599351,93.97344428540673,2.293318474403376,1.324867276522795,0.8726607328433186,1.4968641934016462
Upper Rogue (17100307),1994,36.35289340772006,84.99347444020559,31.76166913975048,46.347846012220295,84.42764371577235,2.3380112687854444,0.8737040208470843,1.2749424232178905,2.3224463254922902
Upper Rogue (17100307),1995,42.25341835379122,107.75046186626078,60.27008661237194,42.19538796649182,76.7207346804102,2.5501004667612364,1.4263955192388396,0.998626610826762,1.8157284704877938
Upper Rogue (17100307),1996,41.43397095491206,99.78551222642457,56.585484483243235,36.8306724801747,65.93948384744803,2.4083019301965995,1.3656785284910022,0.8889003788763906,1.591435296394897
Upper Rogue (17100307),1997,52.13655011471938,132.1124770529421,74.01455162114243,52.79323247040166,97.73491976630625,2.533970444194075,1.4196288680068683,1.0125954316930703,1.8745950691262439
Upper Rogue (17100307),1998,36.19753510291284,83.14614034025986,52.875554771607526,26.996746977034803,49.377514695753874,2.2970111114988336,1.4607501483534053,0.7458172745818363,1.364112626878299
Upper Rogue (17100307),1999,47.9711602257392,121.63102238319811,44.10495529964661,67.96426788194472,119.31475136408903,2.5355030357997532,0.9194056406411836,1.4167734856135106,2.4872183787639566
Upper Rogue (17100307),2000,48.53362640423577,115.71539018413206,52.75744535810308,56.7481939831662,102.21343039211229,2.3842312795738874,1.087028711159706,1.1692551780596703,2.10603323849692
Upper Rogue (17100307),2001,55.79114934695811,115.19285188533003,38.788658453588,66.57634997643743,119.48314388528544,2.064715519104298,0.6952475241613366,1.1933138276540518,2.1416146697791594
Upper Rogue (17100307),2002,37.487966821791154,89.60817305606471,26.160578997153774,54.10940298866518,93.28234050109245,2.3903182981899387,0.6978393659361395,1.443380571848251,2.4883275463973393
Upper Rogue (17100307),2003,40.71363728301686,98.37313810566917,47.220365881684785,45.30772698856111,81.41040490052026,2.416220821093383,1.159816931939464,1.1128390881317944,1.9995856507391814
Upper Rogue (17100307),2004,34.83793448194639,78.27186164650513,34.35316796488517,37.72502773896047,67.66268587494653,2.2467423172595646,0.9860850959085294,1.0828721134001276,1.9422129032939792
Upper Rogue (17100307),2005,35.75665994164429,81.24319774119486,39.9742483043604,35.60898154018875,65.48529080379404,2.2721137229759627,1.1179525260356902,0.9958699050275794,1.831415207982725
Upper Rogue (17100307),2006,28.257976332186118,69.16853202647276,30.34818388661232,33.95292420050502,62.33934501187034,2.4477524934327697,1.0739687630088866,1.2015341722058241,2.2060795960418864
Upper Rogue (17100307),2007,52.71130560762559,122.1585716799889,41.253040499171725,73.78866757147904,122.11771227334337,2.31750229427663,0.7826222481805453,1.3998641604658764,2.316727139759501
Upper Rogue (17100307),2008,48.19520342752157,103.87857761124693,31.856090399340356,64.6131558251501,109.28787018069903,2.1553717014072755,0.6609805153586951,1.340655318994943,2.2676088574883133
Upper Rogue (17100307),2009,29.371044929229676,69.88378587868623,25.057590411592454,38.814066162835445,73.62004612283202,2.379342854402119,0.8531392217052336,1.3215078406763867,2.506551820005775
Upper Rogue (17100307),2010,27.953549408562203,60.62207891242041,37.54113135267608,18.643320083891066,27.406133707998226,2.1686719645646075,1.3429826317933418,0.6669392788516723,0.9804169519740379
Upper Rogue (17100307),2011,39.9746023873088,86.96183341939489,53.37128198558487,28.7892912792217,46.13416388046846,2.1754271018591465,1.3351297773640713,0.7201895593678693,1.1540868732972116
Upper Rogue (17100307),2012,31.583612192081,70.8728996749089,35.18759038155025,29.63708860209883,45.85274309011247,2.243977010732134,1.114109119867324,0.9383691903844291,1.4517890737529124
Upper Rogue (17100307),2013,62.99806904479945,140.82560450265902,57.39282098639863,76.40761615189626,123.7420967635658,2.2353955706565314,0.9110250815082159,1.2128564781495281,1.9642204696078827
Upper Rogue (17100307),2014,53.419234261655575,119.4338865663353,57.121570827026126,55.61910645824859,81.25768547366543,2.2357843240756665,1.0693071815151063,1.0411812753776608,1.5211316035653537
Upper Rogue (17100307),2015,39.6665885551584,98.56063250033168,35.92215108361877,56.1314054690234,95.62602122596331,2.4847267206575663,0.9056022307960061,1.4150802353716363,2.4107447781396805
Upper Rogue (17100307),2016,69.44282970211137,141.4170954999674,59.36187039914683,76.26521339746469,124.74008162535091,2.036453527406699,0.8548308105212764,1.098244609625202,1.7962989434682881
Upper Rogue (17100307),2017,61.884275595831696,132.90526313886033,85.29750517616542,41.427752364140154,62.2063971138629,2.147641898676638,1.3783389133169517,0.6694390774597769,1.0052052240238698
Upper Rogue (17100307),2018,71.65700178240913,149.77645718507293,77.62952437993498,64.77359840026858,107.4228962691088,2.0901859338167443,1.0833487649352367,0.9039395563459044,1.4991263044371437
Upper Rogue (17100307),2019,48.96139456399961,98.70713622576652,53.874655087219445,39.52663233807643,68.40485995724265,2.016019705009465,1.1003496850318977,0.8073020119230758,1.397118292205252
Upper Rogue (17100307),2020,66.06810686700001,155.12470329821105,44.98874821971132,101.93411612183166,160.3643491442347,2.3479513891700963,0.6809450179990324,1.542864189025918,2.4272581242120346
Upper Rogue (17100307),2021,27.735380069999998,68.9277706702177,19.094191378343012,43.07821487236607,79.06037724544929,2.485192937549592,0.6884416701754977,1.5531863909433736,2.850524386033744
Upper Rogue (17100307),2022,107.97856077899999,224.68735313438597,110.67844711166326,107.88972865203245,181.64809510672677,2.08085152750141,1.025003911083693,0.9991773169939785,1.682260754322392
Upper Rogue (17100307),2023,106.61357786295993,211.98985821197905,115.19739608499823,87.65347601104989,145.11096587963146,1.9883945596917194,1.0805133679414818,0.822160533095689,1.3610927312293721
Upper Rogue (17100307),2024,136.72908870938093,307.24245890750547,149.61914882175932,147.5395722636345,247.85901166134147,2.2470892025072473,1.0942744534762192,1.079064986509428,1.812774545643088
Upper Willamette (17090003),1985,32185.998814712,54645.936404388165,32980.10257032651,20272.103469076534,36496.99811975624,1.697817014130066,1.0246723353277305,0.629842298378831,1.1339402057976125
Upper Willamette (17090003),1986,44233.10255506934,84448.72042305728,58853.39147437288,24124.148481803328,44384.97893739156,1.9091747027674646,1.330528226029399,0.5453867598767064,1.0034335457733976
Upper Willamette (17090003),1987,30247.64014509483,63318.144419114506,37081.825896672046,25001.13296903539,44835.38039203336,2.0933251028967503,1.2259411219782546,0.8265482149717306,1.4822769702681808
Upper Willamette (17090003),1988,10060.0671283462,15742.323793058698,14389.477786657231,1240.8524062185306,2182.9063111509527,1.5648328775760982,1.4303560406781057,0.1233443465523393,0.21698725100950755
Upper Willamette (17090003),1989,36527.214128160704,59743.15517160748,47867.53795878893,10932.040350416739,19914.483193162738,1.6355792960829285,1.3104623251814156,0.29928481028036213,0.5451957853476058
Upper Willamette (17090003),1990,47120.152730790505,96075.64881205633,62288.77907058473,31666.14121147659,58304.74682288675,2.038950284413574,1.3219137770298934,0.672029681066472,1.2373632818211922
Upper Willamette (17090003),1991,39199.155039156416,78337.30454259706,65934.29116961964,11666.28878060611,20690.497004952438,1.9984437027876027,1.6820334801542849,0.2976158228143576,0.5278301785914645
Upper Willamette (17090003),1992,48089.19309312778,104885.57560477966,61017.8798513474,41265.097818522954,75682.35940639547,2.181063329585549,1.268848070151279,0.8580950347536601,1.5737914183719357
Upper Willamette (17090003),1993,31607.40352167075,50643.9370858233,48867.22208790865,1700.360214097328,3133.923713551314,1.6022808406612925,1.5460688523308845,0.05379626368016983,0.099151570973004
Upper Willamette (17090003),1994,29917.322110252528,56012.98028091854,43216.28527981465,11849.735632912225,21100.456465782852,1.8722591572366416,1.444523848777382,0.3960827640001702,0.7052922847848011
Upper Willamette (17090003),1995,46399.6192496565,97832.45726902783,83604.32993685965,13298.784749744484,23989.69717175142,2.1084754325813155,1.8018322410582837,0.2866140922016927,0.5170235782038022
Upper Willamette (17090003),1996,38059.95678777813,75295.3719282922,64835.68325220751,9723.204992718907,17396.169367804876,1.9783357177239664,1.7035143684931258,0.25547073127106745,0.4570727566719456
Upper Willamette (17090003),1997,47171.299819724765,96313.01848501673,86039.41952287458,9521.029413123368,16898.17723648927,2.0417715613751914,1.823978136105909,0.20183945427643551,0.3582300530421947
Upper Willamette (17090003),1998,18807.82143157685,37797.50353208145,33891.38405097597,3521.6830586858628,6238.86359694247,2.009669417034257,1.8019835085245444,0.18724566646369975,0.33171644146237533
Upper Willamette (17090003),1999,45759.80357157325,93800.96453592906,75072.14108294148,17244.661617500384,30890.4251466845,2.049855052135752,1.640569565940566,0.3768517404260244,0.6750558948175676
Upper Willamette (17090003),2000,46953.39391349561,95945.7078966368,64664.147780276166,29087.53970335675,52836.689775368875,2.043424338470654,1.3771985875911312,0.6194981295057405,1.1253007582947536
Upper Willamette (17090003),2001,48489.50015416809,100558.06243723453,63305.525664170025,34908.43927907942,64067.86143172325,2.07381107492383,1.3055512113528844,0.7199174907576098,1.321272878211265
Upper Willamette (17090003),2002,49038.05705571313,104204.22795836307,66081.32095569969,35912.85119251885,65242.0426180175,2.1249664895975497,1.3475517776045525,0.7323465355023657,1.3304369409231425
Upper Willamette (17090003),2003,48277.89119898084,101916.57519881753,61174.14185052834,38212.873671909605,70001.84650451117,2.1110403264873554,1.267125392830326,0.7915191140891483,1.4499773036066026
Upper Willamette (17090003),2004,44278.66781126339,98550.61472697252,67347.45199284257,29417.57943075274,54238.36003003809,2.225690599975632,1.5209909268252886,0.6643736337358741,1.2249320657348504
Upper Willamette (17090003),2005,47444.14079237753,96725.54852386855,76278.05166804584,19406.15939240833,35413.634252161224,2.0387248437515946,1.607744399921788,0.4090317385519217,0.7464279816371097
Upper Willamette (17090003),2006,49107.99436824222,106638.52652351618,73426.0843161807,31326.861610718493,57092.69299266736,2.171510522785238,1.4951961541248526,0.6379177568485132,1.1625946798916469
Upper Willamette (17090003),2007,51049.15917213935,106341.29259440945,55769.53053432787,47660.37086108421,87909.84926594555,2.083115458098405,1.092467171619248,0.9336171571479162,1.7220626292689918
Upper Willamette (17090003),2008,48330.17533569827,100745.66497426319,52710.21701180049,45343.4559390034,83328.4810722099,2.084529267160533,1.0906274733265238,0.9382017678200147,1.7241501917469917
Upper Willamette (17090003),2009,48904.849080774664,104836.6009009213,67161.78754641011,35358.8583615808,64970.21570550137,2.143685194238425,1.3733155056972164,0.7230133417481699,1.3285025294361306
Upper Willamette (17090003),2010,44146.72767345214,91189.2626232676,83246.79852743249,7403.878828263718,13314.479439993158,2.065595060584858,1.8856844643888155,0.16771070515190367,0.3015960670625173
Upper Willamette (17090003),2011,44636.51739231671,89855.49483045253,71784.65387718799,16899.29010183848,31082.5614073579,2.0130489581142674,1.6082046286510758,0.3785978631197459,0.6963482642287893
Upper Willamette (17090003),2012,43005.26101843025,84454.03218185772,66440.05651260748,17045.17682804486,31196.5242574052,1.9638069896998014,1.5449285724398711,0.3963509678673968,0.7254118105232679
Upper Willamette (17090003),2013,50214.100614348834,103584.87051199372,76114.04364164588,25952.040089672722,47580.012532057546,2.062864200387451,1.5157902403990495,0.5168277390645297,0.9475428604701805
Upper Willamette (17090003),2014,47059.39830072687,105781.82540779552,71577.0669087445,32220.339647706656,58634.09645849954,2.2478363350889174,1.5209940945555807,0.6846738549823105,1.2459593317323372
Upper Willamette (17090003),2015,48326.35859869589,110253.4671280215,61499.817421536434,45846.53688398894,83852.28838364029,2.281435438651004,1.2725936570606011,0.9486859389655344,1.7351253190821432
Upper Willamette (17090003),2016,40944.61837859593,91069.34477327655,55019.78588138076,33916.615129057,61833.14018250877,2.2242079271859487,1.3437611109874874,0.8283534313458673,1.5101652581241898
Upper Willamette (17090003),2017,54794.07990488592,110678.1529385162,86694.96521810995,22514.298976813578,41067.543462817244,2.0198925345700927,1.582195838831477,0.4108892605897376,0.7494886953865121
Upper Willamette (17090003),2018,67981.48298142488,133264.89145787724,88725.67404954256,42181.3273879896,77935.00897038059,1.9603116262451976,1.3051447270396526,0.620482601115294,1.146415252395647
Upper Willamette (17090003),2019,76887.58875806231,158767.41439856283,119176.73217939507,37642.1004762682,70385.86630962504,2.0649290342313504,1.5500126106750667,0.4895731688857405,0.9154385960925909
Upper Willamette (17090003),2020,80229.49308217011,173518.97078238704,126695.89458337349,44508.712417619594,83187.27060018848,2.162782838533841,1.5791685789864462,0.5547674640301452,1.0368664615017453
Upper Willamette (17090003),2021,77321.83257823916,161382.37337966933,83423.07359392158,74815.67231918758,140862.5274917363,2.087151429272869,1.0789070927607516,0.96758793505682,1.821769127745422
Upper Willamette (17090003),2022,83973.3707812292,171532.00417754016,135297.82091165043,34393.08133267439,63795.12527259039,2.042695232806865,1.6111991176837923,0.4095712844763208,0.7597066150743432
Upper Willamette (17090003),2023,81361.08455856206,156901.07968396047,94963.2922271542,59217.24317699442,110570.98011479314,1.928453640155525,1.167183214707537,0.7278325196657262,1.3590155627191327
Upper Willamette (17090003),2024,84352.12564554013,183307.31532421705,148935.52696761524,32754.558435722654,60714.81419430176,2.1731202850121525,1.7656404723392973,0.38830744554514324,0.7197781173818217
Walla Walla (17070102),1985,20315.53731183802,49646.37134338968,21644.8715714801,21924.99775057623,36286.41832529889,2.4437636367343507,1.0654343638190396,1.0792231292745758,1.7861412065214988
Walla Walla (17070102),1986,20326.568703834535,49736.04582878765,23292.883504531972,20403.70313242298,33621.504289290875,2.4468490748960066,1.1459328843897718,1.0037947589537772,1.6540668904411937
Walla Walla (17070102),1987,19694.37424777101,49277.08013155276,17036.024314619724,24807.002075797718,40790.44931754392,2.5020891505161624,0.865019832582284,1.2595983890478444,2.071172650847769
Walla Walla (17070102),1988,20842.69940926467,49217.830707012465,20575.104684870683,22671.17490678755,37042.13847229636,2.361394258036218,0.9871612251782012,1.0877273841367263,1.7772236573076023
Walla Walla (17070102),1989,20769.143290467822,47427.53819273452,26460.47726790522,16246.286104934474,26707.53603859772,2.2835577534149807,1.2740283456973154,0.782231884951694,1.2859238180929384
Walla Walla (17070102),1990,19998.68592897775,50887.587813341925,21548.596325840947,23041.571526000305,37737.49558602151,2.5445465764131376,1.0775006119085757,1.1521542769274389,1.8869987618206723
Walla Walla (17070102),1991,21237.455967381993,50764.43551890031,26839.06019490999,18753.377295327446,31120.07928730097,2.390325639608999,1.2637606046661776,0.8830331337298698,1.4653393200719247
Walla Walla (17070102),1992,19711.499908524267,48835.3431344944,22593.88056336159,20289.95488649903,33539.70893425356,2.4775051802818657,1.1462283777598696,1.0293460660355231,1.701530025107286
Walla Walla (17070102),1993,21392.609486886227,49366.77199489742,29641.511920741254,15231.845650478303,25089.96590599251,2.307655455738557,1.3855958965133095,0.7120143832764066,1.1728333526292236
Walla Walla (17070102),1994,20700.534096259085,49567.16464104951,18380.188174494084,24112.880270456728,39395.37810075545,2.394487234510876,0.8879088862647112,1.1648433880174285,1.9031092588028837
Walla Walla (17070102),1995,21818.10980791645,51910.12921862285,31712.337935420488,15625.25265616705,25572.82365189985,2.3792221084059197,1.4534869525642422,0.7161597770718711,1.1720916191658841
Walla Walla (17070102),1996,21608.918579617646,51875.919866029464,29985.14278036234,16761.756735069204,27176.93674539558,2.4006717261159385,1.3876281068801595,0.7756869772687066,1.2576722266439515
Walla Walla (17070102),1997,21877.559990528996,52000.44194329039,31754.747271321947,15371.020430841601,24703.800986151356,2.3768848978497545,1.451475726043895,0.7025929965451294,1.1291844701532467
Walla Walla (17070102),1998,21486.41184431316,52302.274570742346,21021.834946953284,24357.247582775177,39487.20676971833,2.4342023670455366,0.9783781070228887,1.133611687203224,1.8377757559445398
Walla Walla (17070102),1999,20878.469974256655,44550.36607926091,20774.599168354467,18376.83806293613,29786.563261739866,2.1337945804549814,0.9950249799899005,0.8801812625922752,1.4266640849864465
Walla Walla (17070102),2000,21524.22604915357,53172.11351605687,27349.088195745175,20009.769542191945,32203.312377693852,2.4703379993608565,1.2706188893059254,0.9296394442474655,1.4961426396541784
Walla Walla (17070102),2001,21648.87090140636,52399.48900328232,20483.13171292812,25045.160160875384,40813.343491947504,2.4204259539410127,0.9461524255104449,1.156880664813258,1.8852412062421313
Walla Walla (17070102),2002,20351.74268214414,50342.55957649143,18224.352151463456,25179.063260011662,40940.131857484055,2.473624021428893,0.8954688763558721,1.2371944581484333,2.011627824550052
Walla Walla (17070102),2003,21317.24705551201,54718.05857246348,23572.443970679982,24489.55476369211,39929.39258835902,2.5668445099863404,1.1057921273462394,1.1488141362681181,1.8731026799276345
Walla Walla (17070102),2004,21891.48061306076,52780.779747171786,28206.110418892607,19106.055360812592,30969.552238615302,2.411019185046901,1.2884514719422153,0.8727621351208951,1.4146851364698667
Walla Walla (17070102),2005,20899.197322386648,50937.80922514172,18015.05260047974,25959.246824222242,42359.36237985657,2.437309358794298,0.8619973448062768,1.242116930319396,2.0268415923554337
Walla Walla (17070102),2006,21096.688156998447,51270.93744749308,26346.844142939466,19371.368770762587,31469.250388048928,2.430283704529465,1.2488616197419298,0.9182184723309987,1.491667798938838
Walla Walla (17070102),2007,21304.79159076068,52317.01752019414,21789.429762093598,24084.896506670673,39240.71076306978,2.4556455902099805,1.0227478484954104,1.1304920024242646,1.8418725475863105
Walla Walla (17070102),2008,21268.090556901432,49867.46233283608,19593.130314325786,23793.40352325279,38813.92716914081,2.344708012194082,0.9212453869286292,1.1187371738706418,1.8249841030767007
Walla Walla (17070102),2009,21634.24955303447,54625.06391590831,25327.24242487718,23213.108417526193,37762.550269095926,2.5249345387275737,1.170701223668039,1.0729795993441458,1.7454985058078551
Walla Walla (17070102),2010,21869.467410499423,50656.510029094585,25174.602921718873,19983.956812930785,32549.36600640718,2.316312010633357,1.1511301326722145,0.9137834240689641,1.4883474478569327
Walla Walla (17070102),2011,22007.74648126741,50759.10608185056,28572.888334683936,17437.14481291169,28353.554808053203,2.306419974669182,1.2983104998507982,0.7923185060203173,1.2883443033200708
Walla Walla (17070102),2012,21442.25941986738,51738.46125352969,28455.77935673658,18343.51810425195,30344.17115675075,2.412920217054705,1.327088661672044,0.8554843846006134,1.4151573564414242
Walla Walla (17070102),2013,22007.59683182757,55549.77845723614,25883.86961203048,23685.22863185169,38898.69329887505,2.5241183252184802,1.1761333965640908,1.076229668002547,1.7675120821288144
Walla Walla (17070102),2014,22397.127320876898,58078.91539918712,23741.19577840289,27451.44725387658,44891.8504372983,2.5931412795537567,1.0600107521946867,1.225668223455087,2.004357513985891
Walla Walla (17070102),2015,22653.310214569563,59310.1014948392,21189.303677517415,30479.238949394025,49614.68656701749,2.6181648921530982,0.9353733947407578,1.3454651289678268,2.1901738022864143
Walla Walla (17070102),2016,23421.274020206743,59099.86099684215,26995.237240120674,25955.103029566708,42322.19583963304,2.523340999548259,1.1525947400141636,1.1081849350797015,1.8069980225294102
Walla Walla (17070102),2017,23610.212019998682,59098.00582872807,31335.595108615707,22081.07134710886,35643.60521022737,2.5030696792841156,1.3272051552130644,0.9352339287934143,1.509669001702991
Walla Walla (17070102),2018,23265.261993907134,57252.42253429135,24442.56949775733,26186.765523536258,42322.40222783322,2.4608544081422767,1.0506036641306045,1.1255736355083483,1.8191242479417125
Walla Walla (17070102),2019,24634.203250679053,58967.97955243278,28571.59644487915,24242.155586762598,39267.031752836476,2.393744135029303,1.159834403984288,0.9840852306069348,1.5940045372384455
Walla Walla (17070102),2020,24565.72531768,59735.57344023445,24401.38229132381,28276.7200324043,46505.01542654905,2.4316633304225155,0.993310068225915,1.1510639179887552,1.893085379126962
Walla Walla (17070102),2021,23359.153722159022,60722.132019954195,19477.656143013708,33080.45180833,54006.47069020958,2.5995005102582893,0.8338339810888252,1.4161665359027598,2.312004592828113
Walla Walla (17070102),2022,25931.647929478007,63578.85820752295,33693.17150760793,23994.454729028737,39658.31508787174,2.4517862644297734,1.2993069934944992,0.9252961784103527,1.5293403333148696
Walla Walla (17070102),2023,24651.812156313776,58822.116234136076,23313.018537613138,28299.829678735834,46467.50614101355,2.3861173313001522,0.9456918781381454,1.1479817183130585,1.8849529538181389
Walla Walla (17070102),2024,25282.878867628213,63100.64223038533,25163.850423554446,30397.92010831116,49874.545519732674,2.495785490282057,0.9952921324862981,1.202312452923712,1.9726608580002822
Wallowa (17060105),1985,1905.8232253859996,4111.823928950086,2218.3060929149274,990.2701267409516,1333.7257828846282,2.157505415077146,1.1639621468384815,0.5196022976057422,0.699816103151172
Wallowa (17060105),1986,1977.2150401700644,4396.1258849840115,2250.6860438891777,1115.1321317882946,1510.0788023649836,2.223392901465028,1.138311209536213,0.5639913257449123,0.7637402971783477
Wallowa (17060105),1987,1920.5963375387003,4678.9525090373345,1729.0494830632883,1521.857655974002,2041.8109865031252,2.4361977671130766,0.9002669896158998,0.7923880860484752,1.0631130272380738
Wallowa (17060105),1988,1905.8232252712342,4263.526482996545,2173.3235288470287,1074.872514126426,1452.8013553161281,2.237104903782336,1.1403594520356022,0.5639938163590443,0.7622959653613034
Wallowa (17060105),1989,1903.4201658226368,4345.448556243768,2516.312561636443,929.7414975115424,1265.1762006035062,2.282968644690025,1.3219953254771373,0.4884583625863387,0.6646857185400845
Wallowa (17060105),1990,1877.655221950482,4275.489138696496,2157.9725740374083,1078.2858201301285,1454.4840593716922,2.2770363209999642,1.1492911738054532,0.5742725328508501,0.7746278669098763
Wallowa (17060105),1991,1800.956671791468,4009.7574569567364,1817.8855476832005,1112.0894394991506,1497.8386235628416,2.226459703202135,1.0093999351327496,0.6174992752007301,0.8316905381587524
Wallowa (17060105),1992,1902.662341809335,4414.077319353245,2184.3217391384214,1151.6948838174997,1571.7565056348747,2.3199478028012486,1.148034357510457,0.6053070261128396,0.826082732125877
Wallowa (17060105),1993,1929.2148689140959,3965.7374651976234,2622.447705705857,695.9429499925822,974.7826082065134,2.0556224861722283,1.3593341768001008,0.3607389519988046,0.5052742563378608
Wallowa (17060105),1994,1962.4419279025985,4671.202646162366,1969.1255355375577,1419.3397600179787,1943.5145573356579,2.3803010829241775,1.0034057607208293,0.7232518526216611,0.9903551945676325
Wallowa (17060105),1995,1933.7149669606063,4532.469301741309,2482.7308162628287,1065.9277671738103,1467.9160260893314,2.3439179916290347,1.2839176707439774,0.5512331369339426,0.7591170628402318
Wallowa (17060105),1996,1943.2974141297752,4237.794161304002,2226.3728161771933,1056.3598147352684,1453.8110698912863,2.1807234088260863,1.145667564825213,0.5435914271559483,0.7481155788715517
Wallowa (17060105),1997,1909.0914466703364,4428.951689504147,2588.1645158124047,976.7026973082012,1352.0605242684164,2.3199264221882725,1.3557048408165286,0.5116060307177412,0.7082219799510167
Wallowa (17060105),1998,1940.3501636020792,4627.23639691133,2627.5448466608696,1044.8598085359235,1441.2557125848016,2.384742962229713,1.3541601386953155,0.5384903344436752,0.7427812462000388
Wallowa (17060105),1999,1910.1486970131098,4462.145544253359,1881.0954035044135,1337.6544857391589,1792.2738486312608,2.336019992176941,0.9847900356898253,0.7002881439705938,0.9382902239149395
Wallowa (17060105),2000,1806.1473368897646,4361.206620375253,2050.621076880561,1206.5776193653924,1606.6000413626205,2.41464609852116,1.1353564767378208,0.6680394199972369,0.8895177090752906
Wallowa (17060105),2001,1876.9216380246073,4311.841431093292,1523.3040889255278,1429.5239249726462,1907.5466746546708,2.297294326912524,0.8115970630125777,0.7616321832578844,1.01631663038543
Wallowa (17060105),2002,1876.921638024607,4433.385926320094,1762.0544931475831,1382.770145821248,1850.3207702671314,2.3620516895878905,0.9388002447465428,0.7367223637938152,0.985827395657566
Wallowa (17060105),2003,1876.9216380246073,4597.908212834194,1874.7609989694847,1414.349236295583,1887.981513180028,2.449707073372188,0.9988488389651703,0.7535473019449735,1.005892560952657
Wallowa (17060105),2004,1876.921638024607,4226.864559314818,2565.6460792636412,851.2974976606876,1146.0727521912577,2.2520197293710362,1.366943631149083,0.4535604899076382,0.6106130000171228
Wallowa (17060105),2005,1881.2930395299643,4479.161309195489,1936.2116572507862,1297.8682225384578,1744.3563184437705,2.3808950626397865,1.0291919528573512,0.6898809463850067,0.9272113816354697
Wallowa (17060105),2006,1862.1485257571412,4337.607973360378,2040.5039772139487,1169.061574567438,1566.021577189196,2.3293566078982484,1.095779390843321,0.6278025401288024,0.8409756555548966
Wallowa (17060105),2007,1727.1172532627338,4374.729707045105,1637.5629768822728,1369.0645142385763,1827.3041093098557,2.5329662469532455,0.948148120105174,0.7926876485381913,1.0580081380449744
Wallowa (17060105),2008,1862.1485257571412,4252.832276504443,1971.443803728083,1185.4610778617573,1581.487985562135,2.283830864015136,1.0586931044753816,0.6366093045020425,0.8492813348060456
Wallowa (17060105),2009,1862.1485257571412,4309.031224557715,2634.012755658833,866.5540159551841,1155.921273137415,2.314010491083509,1.414501968680428,0.46535171817341864,0.6207460130858373
Wallowa (17060105),2010,1801.6851049903091,4050.475236127809,2350.4501569857935,876.0543355850347,1169.6341130504395,2.248159361982179,1.3045843307887235,0.4862416485314434,0.6491889785905349
Wallowa (17060105),2011,1862.1485257571414,4031.3324254626236,2153.859449541462,973.308725555653,1307.0048004932546,2.1648823225974962,1.156652876905032,0.5226805016317965,0.7018799963670096
Wallowa (17060105),2012,1844.755389535762,4284.197734216726,1990.1615935750663,1162.9658401308393,1549.2152105985601,2.322366292310904,1.0788214008556962,0.6304173695481128,0.8397943810796642
Wallowa (17060105),2013,1862.1485257571412,4439.554253692234,2072.1412092073942,1215.6434921819973,1626.5408863736309,2.384103197078295,1.1127690302602855,0.6528176863269927,0.8734753774338632
Wallowa (17060105),2014,1845.981247982415,4417.911030601788,1877.6232323494312,1314.6023880612838,1737.8245810291007,2.3932588889678006,1.0171410107234835,0.7121428722518675,0.9414096610832178
Wallowa (17060105),2015,1862.1485257571412,4520.683927709528,1944.6778696916826,1340.2924272711753,1778.619601224445,2.427670975316772,1.0443194207083912,0.719755921040841,0.9551437904241641
Wallowa (17060105),2016,1862.1485257571414,4532.581581613192,1820.0590221602754,1410.2530723351078,1859.3476094654764,2.434060183126512,0.9773973434370641,0.757325773335779,0.9984958684804552
Wallowa (17060105),2017,1862.1485257571414,4454.803886606186,2364.7590226842344,1074.0443986266769,1430.8653348894916,2.3922924648531363,1.2699089197102222,0.5767769776527225,0.768394848798491
Wallowa (17060105),2018,1879.2861621058685,4470.384224230256,2157.6774934418727,1192.246112780235,1588.0633527932478,2.378767169349497,1.1481367430620826,0.6344143520134485,0.8450354101547336
Wallowa (17060105),2019,1909.025740978419,4494.671097098306,1999.9122773961453,1280.0306771821324,1723.5208435645757,2.3544318971805405,1.0476088585223293,0.6705151479655207,0.9028274509704789
Wallowa (17060105),2020,1923.7988533639998,4729.885382673766,2302.031802157706,1256.5533429453405,1689.5264366792435,2.4586174247910466,1.1966073262453187,0.6531625386656729,0.8782240584689496
Wallowa (17060105),2021,1892.8584633239998,4472.112680849404,1672.1108382023024,1435.728910592501,1917.5997100178868,2.3626239190626235,0.8833786944988754,0.7584977632565589,1.0130708381916942
Wallowa (17060105),2022,1909.0257410939998,4364.114127801024,2449.238537211074,975.1414621362707,1319.6277862454285,2.2860425786087584,1.2829782671277632,0.5108058216006293,0.6912571988103173
Wallowa (17060105),2023,1909.025740978419,4668.650298376477,2273.8439900503663,1221.4687846664842,1631.268310713453,2.4455669707123424,1.1911017967127933,0.6398388237763907,0.8545030460811864
Wallowa (17060105),2024,1922.5729947992327,4812.830785223558,1743.1586483044912,1587.677219314979,2119.3117396540374,2.5033279871520016,0.9066800860201009,0.8258085511498483,1.1023309624066313
Warner Lakes (17120007),1985,4743.839233846,12921.978466483833,2936.3577461374766,5721.12523422456,10209.775052602774,2.723949491013321,0.61898340171129,1.2060116189026582,2.1522177606186172
Warner Lakes (17120007),1986,4746.399059321418,12598.804805873833,4164.261714793097,4706.528196320815,8553.94301160953,2.6543922347049884,0.8773517908518321,0.9915997659483983,1.8021963397305385
Warner Lakes (17120007),1987,4912.684125748988,12809.640705927864,3996.6168127316437,5054.838651394851,8990.87510934792,2.6074627185550847,0.8135301823669193,1.0289362234589405,1.8301349891851986
Warner Lakes (17120007),1988,3526.4582271568956,8584.093605528064,2484.990891338529,3699.0833131134004,6283.932261156338,2.434196877598842,0.7046704458887013,1.0489514053015392,1.7819386637744399
Warner Lakes (17120007),1989,4373.430285918234,10250.795453618752,3238.8520311929738,4120.647876809632,7207.67691689203,2.343879925701507,0.740574747840745,0.9422004256195595,1.6480603200877877
Warner Lakes (17120007),1990,4334.09628221383,11318.46590064255,2709.426915086349,5052.575901070212,8884.020709478651,2.611493876379956,0.6251422992620713,1.1657738019814796,2.04979772736861
Warner Lakes (17120007),1991,3909.736495030932,8298.83779618573,3026.655099111849,3190.509361480209,5414.352573020875,2.122607957526834,0.7741327588083153,0.8160420441467545,1.3848382314005638
Warner Lakes (17120007),1992,2284.627217361898,5565.097694261435,1253.6094327102192,2862.476104637876,4580.203332137057,2.4358887314174424,0.5487150915403106,1.2529291793797461,2.0047924218577347
Warner Lakes (17120007),1993,5153.087089010331,12230.798522301577,6246.753589354939,3372.7077785143565,6100.470265344013,2.3734895822710707,1.2122352060917043,0.6545023827963478,1.1838476936192497
Warner Lakes (17120007),1994,4389.60717062519,11037.159582900818,2674.1771298307285,4845.835181478979,8607.207637581709,2.5143843523767644,0.6092064792781581,1.1039336763222964,1.9608150121451136
Warner Lakes (17120007),1995,5108.23331271849,12531.61236092772,4558.635648473121,4464.725543460352,8092.061810185669,2.4532184796114316,0.89240944361782,0.8740253763163223,1.5841214202252736
Warner Lakes (17120007),1996,5006.070926199182,13706.182581267494,5165.647448626127,4825.85688532288,8649.01310128722,2.7379121836920914,1.031876600387702,0.9640009013989084,1.7277048665097343
Warner Lakes (17120007),1997,4999.693060555359,13009.927818450587,3884.8768909288938,5147.864351807941,9251.602518057887,2.602145303897008,0.7770230779921852,1.029636077546753,1.8504340978544456
Warner Lakes (17120007),1998,5114.13702332747,12569.331136163084,5432.899288632715,3934.980870730615,7163.48754652734,2.4577619017303833,1.0623296293883508,0.7694320376598657,1.4007226466267964
Warner Lakes (17120007),1999,5057.839307715704,13435.907747321215,3621.0908806190578,5490.087555129508,9954.76563950302,2.6564520796113107,0.715936323855743,1.0854610479131694,1.9681854313396403
Warner Lakes (17120007),2000,4948.077380711137,13438.14166622163,3526.330475191183,5705.985693320589,10090.436556401504,2.715830944480966,0.7126668004299438,1.1531722837569136,2.039264097957843
Warner Lakes (17120007),2001,3525.878903696997,8899.512885763665,1777.3798821202874,4495.239661134867,7453.544831322367,2.5240551728626417,0.5040955548010023,1.2749274107007658,2.1139537218669324
Warner Lakes (17120007),2002,3870.99570546889,9690.32593336517,2075.183224780921,4721.238281975168,7780.190951305206,2.5033161157153465,0.5360851271028616,1.2196444122387085,2.009868143308312
Warner Lakes (17120007),2003,3946.7959464340415,10247.607862088553,2988.982360437023,4437.363922651057,7381.9356718693425,2.596437211644382,0.7573186962294288,1.1242952467963911,1.8703616229612718
Warner Lakes (17120007),2004,3614.707456891707,9113.419453008148,2589.134391429918,4059.1757430633193,6667.046713092631,2.521205259815076,0.7162777132886763,1.1229610671049466,1.8444222091559341
Warner Lakes (17120007),2005,4281.910425425863,10198.713532131727,3927.9378140323815,3852.301266448246,6397.676407700855,2.3818138444868104,0.9173330181566616,0.899668812213677,1.4941172915976089
Warner Lakes (17120007),2006,5098.185408003453,13513.146407273398,3773.2272936106933,5590.429333560565,9770.384268435497,2.6505796329140185,0.7401118224706468,1.0965527704787583,1.9164434963658505
Warner Lakes (17120007),2007,4845.694988887485,12231.015901441557,3015.4457907359624,5471.598614816153,9297.60988628014,2.524099418038207,0.6222937674887113,1.1291669466122067,1.918736096184783
Warner Lakes (17120007),2008,4941.869432990367,11982.616126037541,2855.559452310339,5394.336458591654,9177.000538927208,2.424713216024155,0.5778298053055634,1.0915578672679531,1.856989680395932
Warner Lakes (17120007),2009,3634.395602523167,8812.72439736674,2983.702613970121,3716.593561298121,5889.828652413666,2.4248115398468277,0.8209625314037623,1.022616679020272,1.6205799523653044
Warner Lakes (17120007),2010,3711.610128678147,8497.506588807537,2513.259373913197,3737.2845137742806,6037.800120908913,2.289439433078021,0.6771345283531354,1.006917317338305,1.626733388363507
Warner Lakes (17120007),2011,5278.782943680122,13640.03245363239,4114.861724683612,5500.066404240274,9544.775950331135,2.5839350848783322,0.7795095514601557,1.0419194088715236,1.8081394996091582
Warner Lakes (17120007),2012,4624.862525465535,12121.9695868059,2534.603232820481,5515.273945347868,9574.859968133458,2.621044305654407,0.5480386106320749,1.1925271108015703,2.070301531215711
Warner Lakes (17120007),2013,4828.3188557850735,11983.196248809094,3777.5212715803773,4764.857176351408,8273.023906680368,2.4818568546796302,0.7823678146389031,0.986856361120884,1.7134377728115457
Warner Lakes (17120007),2014,2662.7819549736023,6854.318920817111,1919.5340628790125,3328.829902190884,5145.341128958243,2.5741194873333373,0.7208754210211109,1.2501323647522933,1.9323178600289304
Warner Lakes (17120007),2015,2911.451816578024,7866.301175980142,3061.797472652078,3320.776591820665,4981.211534029491,2.7018483119620376,1.0516394106946831,1.140591292945985,1.710902961081513
Warner Lakes (17120007),2016,3362.7462095241503,8560.196601803074,2936.5157966700513,3729.0592990620066,5693.5289564190725,2.54559698188297,0.8732493068769488,1.1089327194839635,1.693118838493834
Warner Lakes (17120007),2017,5451.790703464721,15075.075156555553,5856.69131552862,5520.120510603242,9232.581330703924,2.7651602888891245,1.0742692876684676,1.0125334611791124,1.6934951895413806
Warner Lakes (17120007),2018,5328.027919783031,14546.442909830728,4553.678554541273,5939.884059559297,10062.768418640877,2.7301739271709917,0.8546649197601631,1.1148372623019553,1.8886478393398987
Warner Lakes (17120007),2019,5529.746238013841,14810.393269338156,5574.004351764273,5557.7131072968195,9277.79345976096,2.678313367713906,1.0080036428156836,1.005057532132437,1.6777973274761577
Warner Lakes (17120007),2020,5327.128234397001,13777.334350382738,3612.2493230555806,6160.511161654022,10165.468335854472,2.5862591895992253,0.6780856709495873,1.156441311451057,1.9082454727139007
Warner Lakes (17120007),2021,3703.689195007,8785.495903109233,2625.7867415521687,4186.456411407599,6249.225021787358,2.3720931861542525,0.708965197482562,1.1303476590453176,1.687297365613733
Warner Lakes (17120007),2022,3487.5832821369995,9405.367932892235,2523.35910148429,4687.401358728903,7000.053882889788,2.696815293577489,0.723526550436414,1.3440256416921235,2.007135978298571
Warner Lakes (17120007),2023,4623.867961169458,11653.59236317671,5108.568565338967,4321.572400550908,6665.457072665014,2.520312530773329,1.1048257883313173,0.9346227956426996,1.4415327445853798
Warner Lakes (17120007),2024,4167.901008575842,11326.918749781002,2927.6309587928863,5486.165735240706,8579.670797907162,2.717655416113487,0.7024233427735004,1.3162898360475483,2.0585111739107274
Williamson (18010201),1985,21071.855325073004,49626.34289842685,36770.96184044148,11307.027216638347,21713.858374335083,2.355100779349856,1.7450272542773395,0.5365938139858206,1.0304673242748668
Williamson (18010201),1986,20262.10185068827,44754.619838893974,38922.72606095437,5134.241672431099,9873.7989543065,2.2087846645274727,1.9209619193396874,0.25339136631852915,0.48730378650086115
Williamson (18010201),1987,19743.50626660754,43289.47659223687,32878.182343278335,9193.914304393755,18137.855334829826,2.1925931497513664,1.6652656270525592,0.46566775831218726,0.9186744790871634
Williamson (18010201),1988,14486.974360625833,34726.450132296304,24512.7891949462,9488.990613375436,18870.0970132177,2.397080940978219,1.692057194604385,0.6550015467112013,1.3025561130628327
Williamson (18010201),1989,14851.386925820503,30642.869618950128,29923.913717457515,503.1308374292053,940.5178654196504,2.0633002003115735,2.0148901827769388,0.03387770044254022,0.06332862177231903
Williamson (18010201),1990,11410.88715929527,27781.587315942543,19853.34560482783,7137.637631798982,14243.532653313634,2.434656212800401,1.739859953715813,0.6255111922638449,1.2482406016705636
Williamson (18010201),1991,11111.912133973228,24964.57330745023,18593.812864379914,5731.766262397417,11463.532524794835,2.2466496320758593,1.6733225245303862,0.5158217769625163,1.0316435539250326
Williamson (18010201),1992,9044.485176514505,18903.10723786924,12374.23012896914,5963.206350406625,11926.41270081325,2.090014729302036,1.3681519608325377,0.6593196001792421,1.3186392003584841
Williamson (18010201),1993,11289.829884493987,22392.176114319675,21983.965575640475,322.3535315593143,644.7070631186286,1.9833935801879707,1.9472362117550013,0.02855255879471228,0.05710511758942456
Williamson (18010201),1994,8601.752272134172,19071.265105779403,14756.3489241459,3333.6357331345407,6667.271466269081,2.2171372183737224,1.7155049875070068,0.38755309705140295,0.7751061941028059
Williamson (18010201),1995,16046.596131550832,28636.610766274323,27926.67574159021,491.7292684649131,983.4585369298262,1.7845909831287516,1.740348888489862,0.030643836514217152,0.061287673028434304
Williamson (18010201),1996,13965.220533000887,29765.424342502996,29200.467782181804,433.91560698531407,867.8312139706281,2.1313966558684134,2.0909421167520312,0.03107116038446641,0.06214232076893282
Williamson (18010201),1997,16257.215953128842,39028.75561781441,37384.54939006398,1381.6390744133687,2763.2781488267374,2.4007035233054763,2.299566512362715,0.08498620418137832,0.16997240836275665
Williamson (18010201),1998,20236.40518831059,46478.56241042512,43074.18422915408,3092.1197478802337,6184.073101906472,2.29677958994778,2.128549207644625,0.15279985348713881,0.30559148447366813
Williamson (18010201),1999,20237.336995408154,45394.91239744572,42694.753330496766,2331.71935910226,4635.732390033443,2.2431267714593974,2.1097021480733456,0.11521868512795565,0.22906830039373707
Williamson (18010201),2000,18136.64857619719,42081.9954017997,35424.4820510522,6252.620424015472,12495.949549560899,2.3202740696552255,1.9531989001288705,0.34475059698854754,0.6889888998544511
Williamson (18010201),2001,14892.958441784214,32747.6001379464,21280.219448793443,10896.751353973954,21793.502707947908,2.1988646692297595,1.4288779178412867,0.7316713731908121,1.4633427463816242
Williamson (18010201),2002,11304.991115940595,24850.01462706179,19378.767652720755,5107.802640918583,10215.605281837166,2.1981454361359067,1.7141780523290937,0.45181836841219003,0.9036367368243801
Williamson (18010201),2003,10001.68586173923,23565.637336740747,18608.03893327619,4538.590376884304,9077.180753768607,2.35616651657592,1.8604902403963697,0.4537825362268548,0.9075650724537097
Williamson (18010201),2004,10618.700042413204,23861.158065339867,20324.861674787222,3112.5237061954763,6225.047412390953,2.2470884354990392,1.9140630767990126,0.2931172077338503,0.5862344154677006
Williamson (18010201),2005,10862.66284850725,26772.552123784048,16964.467796390694,9084.643064071439,18169.286128142878,2.4646398859247607,1.5617227592331981,0.8363182389776419,1.6726364779552838
Williamson (18010201),2006,12491.838193182035,29300.237980646525,26723.155879581147,2112.1309940940996,4224.261988188199,2.3455505528912797,2.139249281516188,0.1690808799658394,0.3381617599316788
Williamson (18010201),2007,11262.656067246524,26393.595569638583,19982.079154292533,5711.784527935334,11423.569055870668,2.343461028379893,1.7741888800461008,0.5071436518909649,1.0142873037819298
Williamson (18010201),2008,10726.085447969788,24925.243818624673,21141.379760904216,3180.0500678838453,6360.1001357676905,2.323796872543326,1.9710247380982606,0.2964781590925848,0.5929563181851696
Williamson (18010201),2009,9953.647116791753,23195.47479756064,19953.303518908306,2593.2315199983723,5186.463039996745,2.3303493207459596,2.0046223544782076,0.260530787315496,0.521061574630992
Williamson (18010201),2010,9010.124368029572,20388.561205278584,13045.506572812617,6791.393773808293,13582.787547616586,2.2628501419606226,1.447871976007535,0.7537513908138769,1.5075027816277538
Williamson (18010201),2011,9331.509609006269,23703.119415966485,18799.24753105935,4501.406978011183,9002.813956022366,2.5401162736937564,2.014598743263934,0.4823878629098413,0.9647757258196826
Williamson (18010201),2012,9302.354564945808,22835.87106619857,16259.237173610314,6077.837436880389,12155.674873760778,2.454848490967147,1.7478625502923983,0.6533654887530935,1.306730977506187
Williamson (18010201),2013,10201.113730443032,21705.01711395148,16972.711818411695,4431.843773331929,8863.687546663858,2.1277105311724465,1.6638096845994652,0.43444705062997613,0.8688941012599523
Williamson (18010201),2014,9418.329177862845,21422.017479758666,14646.707597755832,6238.0501477461885,12476.100295492377,2.27450294794428,1.5551280191163783,0.6623308688772855,1.324661737754571
Williamson (18010201),2015,11476.812428971383,28321.955690702212,20640.546352968562,7130.744807613077,14261.489615226154,2.4677545151132687,1.7984563641438274,0.6213175349640331,1.2426350699280662
Williamson (18010201),2016,10161.19826226879,22456.973694261058,21533.143421883033,597.6189779336428,1128.919288909532,2.210071402469306,2.1191539487858706,0.0588138290887168,0.1111010000760941
Williamson (18010201),2017,12485.40595494938,30971.746463019863,29700.406149461414,1043.7933017216976,1991.0364874036266,2.4806359180289412,2.3788098085579494,0.08360107036070574,0.15946910293408229
Williamson (18010201),2018,10686.8605115298,27893.78765340266,16900.39603302791,10378.082179941119,20640.111629512703,2.610101219465597,1.5814182298715769,0.9711067313683427,1.9313540779581222
Williamson (18010201),2019,10246.855911019158,23366.541652190754,21748.806389191956,1468.0676681250977,2889.848919362503,2.280362079363591,2.1224858218025635,0.14327006067747886,0.28202298777860696
Williamson (18010201),2020,8717.753377739,20586.45743153944,13010.573497025078,7347.54955315624,14428.18170705311,2.3614406762305835,1.4924227531198464,0.8428260395526204,1.6550343972675152
Williamson (18010201),2021,7859.499715315998,17044.26726224609,11382.306586456423,5548.0494215646695,10754.368421911573,2.1686198714444265,1.4482227875491165,0.7059036354124488,1.3683273505251579
Williamson (18010201),2022,8917.224537857,19177.28130951867,14725.493344481454,4112.8445590802385,8091.995705992399,2.1505885859556226,1.6513538805674512,0.4612247388881656,0.9074567620943947
Williamson (18010201),2023,9829.360296905412,21467.58887958682,18652.278941874727,2463.290578403464,4768.834014088143,2.184027060880603,1.897608631534958,0.2506053806145436,0.48516219469435057
Williamson (18010201),2024,9269.298171344231,21031.834759474696,15628.677210635926,4846.700369486933,9513.874080804017,2.2689781222589223,1.6860690984082842,0.5228767356379114,1.0263855908979047
Willow (17050119),1985,10415.506184254997,21624.832560588835,8382.605575831596,8770.53438367403,12109.498423234434,2.0762152292971465,0.8048197972848873,0.8420651122009172,1.1626413742176283
Willow (17050119),1986,11279.236779802774,26194.430614926347,9428.530788501412,11197.621700568412,15345.798405160962,2.3223584295908695,0.8359192179904106,0.9927641310464813,1.3605351766920966
Willow (17050119),1987,9518.765203817202,22065.591376001932,5503.674461619274,10821.859856297024,14699.535155033149,2.3181148923762946,0.5781920599756151,1.1368974467357653,1.5442691189754698
Willow (17050119),1988,8539.324113785002,18253.12701721538,5170.624548430392,8837.689840997142,11815.701294486651,2.137537675581305,0.6055074710284706,1.0349402040766305,1.3836810896324458
Willow (17050119),1989,11587.388802220428,24767.071332226787,11633.478450228144,8690.555566492008,11928.851272249467,2.137416095633281,1.003977569821329,0.7500012051746019,1.0294684571181048
Willow (17050119),1990,9320.822791818493,20686.266899577047,6700.56987877882,9391.751806521246,12555.128310650494,2.219360603844412,0.7188818013641839,1.007609737497103,1.346997855347166
Willow (17050119),1991,10436.238238851569,20575.327161225425,8130.292707460342,8448.326164281823,11485.141362397677,1.9715271624049844,0.7790443760849811,0.8095183313112541,1.1005058623174486
Willow (17050119),1992,6958.818636805112,15697.678616508065,5387.413911295602,7199.701593543232,9585.135693073538,2.255796484403721,0.7741851300451532,1.0346154957199334,1.3774084644738211
Willow (17050119),1993,11334.147237136049,22881.80624319652,11499.72797599872,7521.047032824228,10480.416350957696,2.018837920882557,1.0146090160466725,0.6635741424093827,0.9246762135415777
Willow (17050119),1994,9740.502644155524,22796.989217593844,6051.442585781178,11314.59305071339,15278.31077885221,2.3404325269879624,0.6212659455939014,1.1616025850064677,1.5685341236490984
Willow (17050119),1995,11904.207172276383,28565.072986848307,13190.760637088664,10608.432560437906,14562.078102993384,2.399577945297633,1.1080755270967164,0.8911498604580576,1.2232715620832688
Willow (17050119),1996,11414.748737208378,25776.545896220156,10631.963416336766,10175.30758567632,13896.293817985814,2.258179000664025,0.931423341950578,0.8914175703673721,1.2173981344581335
Willow (17050119),1997,11570.805494730232,27122.087117192797,9462.427482699853,12236.495629676598,16575.664234664815,2.344010287749214,0.8177846811969477,1.0575318749632034,1.4325419472493923
Willow (17050119),1998,11876.889303102622,28023.77352742548,14113.849451937267,9523.750037998148,13001.965282798446,2.3595213201241827,1.1883456258407898,0.8018724259314467,1.094728169218679
Willow (17050119),1999,11541.954908878753,27069.20016764033,8140.723187685155,13145.991313911993,17762.145137710777,2.345287291567662,0.7053158023882791,1.13897441271403,1.53891999041229
Willow (17050119),2000,11098.03038440555,28107.443229634184,8679.8218240647,13512.822771961539,18130.141293227633,2.532651493649674,0.7821047089816219,1.2175874730843361,1.6336359394639328
Willow (17050119),2001,9902.515912383325,22778.78864454988,6416.352711162568,11153.34848882464,15076.470720694486,2.3003031599337778,0.6479517698263701,1.1263146242337383,1.522488916361246
Willow (17050119),2002,11602.816705371188,25971.87387725297,6423.94130427613,13803.25113851374,18488.095908043444,2.2384111148829957,0.5536536056199485,1.1896465736741257,1.593414459394581
Willow (17050119),2003,10123.967710658595,24453.341003767582,7681.547502149571,12195.510133380738,15974.21949510868,2.4153910504893163,0.7587487160851348,1.2046176441812637,1.5778615609659534
Willow (17050119),2004,11328.50277004691,26015.226722490515,9975.638847992052,11461.55023718171,15197.934383493477,2.2964399842206853,0.8805787534755348,1.0117444882024995,1.3415660208582483
Willow (17050119),2005,11423.924853758177,27153.691408411643,9691.129037874809,12430.162684179268,16569.540620759224,2.3769143929092618,0.8483186962392069,1.0880816219733855,1.450424511091586
Willow (17050119),2006,11850.374698552185,29221.189795725342,10853.752079823045,12908.689247798458,17382.162573834878,2.465845219163866,0.9158994846930113,1.0893064207814098,1.466802781852842
Willow (17050119),2007,10178.94173513431,25593.94662495606,6732.773881604367,13522.889605821272,17732.808845904005,2.5144015253191103,0.6614414402594602,1.3285162601083342,1.7421073140340577
Willow (17050119),2008,11581.638405016263,26295.28881435228,8304.861119632265,12679.433475879956,16772.333885248394,2.2704290960217866,0.717071352878298,1.0947875449459907,1.4481831757054275
Willow (17050119),2009,11275.17568054287,26653.642581248903,11126.221916253646,10981.18902196519,14608.739149116114,2.363922597431812,0.9867892289655168,0.9739262015149794,1.2956551244097991
Willow (17050119),2010,11839.053074460347,25834.64124406748,9631.958454356429,11460.068854709181,15158.403330896397,2.182154356567498,0.8135750717373549,0.9679886374891987,1.2803729517520854
Willow (17050119),2011,12541.913879812211,28320.533433236054,12493.56320317612,11194.534923003645,14991.27090895033,2.258071112960002,0.9961448725370441,0.8925699084110805,1.1952937209272874
Willow (17050119),2012,10996.075311052049,26731.480937373388,7472.368039294952,13912.246205525953,18068.926451661795,2.4310019876369737,0.6795486414852531,1.2652010660151525,1.6432159602891125
Willow (17050119),2013,11622.050163912685,27243.939850678013,8821.618457770932,13368.14484595726,17276.945299368883,2.344159547277849,0.7590415058749876,1.1502398163334664,1.486566058113831
Willow (17050119),2014,11273.120724225237,28132.783503940555,7791.446131488322,14824.985671320661,18986.644498183847,2.4955630470172245,0.6911525496879483,1.315073796687255,1.6842403237448462
Willow (17050119),2015,11146.353499453158,28313.19704220764,10177.870763793017,13165.339590022297,16836.378779229468,2.5401309086058226,0.9131121459849936,1.1811342239117206,1.5104831171966207
Willow (17050119),2016,11850.365743334773,30521.397222375606,8915.770351721107,15546.883287653294,20186.25235471819,2.5755658418848664,0.7523624624611923,1.3119327811799923,1.7034286360378312
Willow (17050119),2017,12232.816432106365,30150.280050595236,9902.138354814859,14629.060401522236,19123.839335221826,2.4647046915101685,0.8094733056588354,1.1958865305234752,1.5633226772723587
Willow (17050119),2018,11728.7710910272,29885.712358194636,8422.364862432893,15340.633855163218,19759.489762212885,2.548068516833613,0.7180944019681832,1.30794895186412,1.684702481518237
Willow (17050119),2019,12521.806024079178,29927.662414552957,12499.27482501476,12398.995818684847,16300.107520651334,2.3900436052916545,0.9982006430205761,0.9901922929361652,1.3017377436854203
Willow (17050119),2020,12399.077273023,29080.959406057438,9785.365835856293,13670.146479513474,17818.33942984344,2.345413192103387,0.7892011333090546,1.102513209531807,1.4370697945895758
Willow (17050119),2021,12258.754776488004,29855.977789271747,8119.7073691397,15535.926693765941,20129.633195838782,2.435482096969163,0.6623598821564735,1.2673331816346856,1.6420618213561897
Willow (17050119),2022,11650.667201154,26908.562439227433,8085.316993876035,13791.739870527943,17838.931235060394,2.3096155760557764,0.6939788815764288,1.1837725370064531,1.5311510428598842
Willow (17050119),2023,13011.563439083846,31742.163737138962,13213.84810153937,13036.414418331438,17376.77164767423,2.4395349479519544,1.0155465300847633,1.0019099149278976,1.3354868328488696
Willow (17050119),2024,12079.148637366843,30974.532490912083,9745.62815133791,14936.821243676295,19587.3450226877,2.5642976521617076,0.8068141591692822,1.236578975232513,1.6215832432175106
Willow (17070104),1985,5223.633382767997,11993.069433785466,3689.83258695876,5090.9905063248125,7069.287094236514,2.2959248008003104,0.7063728092271901,0.9746071619649354,1.3533275741664907
Willow (17070104),1986,5793.511889099606,13940.091732568922,5044.548248280775,5835.401418821425,8165.529873890318,2.406155713393282,0.8707237242012061,1.0072304209473761,1.409426618982801
Willow (17070104),1987,5803.1642947255705,13514.663130148063,3700.8462890152045,6727.279129943795,9268.160902116635,2.328843790004599,0.6377290217991693,1.159243265964078,1.597087456327983
Willow (17070104),1988,5368.036281018079,12473.49847604628,4208.277845791594,5322.917820351777,7440.723997209803,2.3236613582799053,0.7839510810820135,0.9915949784419592,1.3861165624980887
Willow (17070104),1989,5248.586400976954,11486.563551680509,4924.987432348698,4198.255897138543,5813.985553610026,2.188506137489218,0.9383455003107081,0.799883164037672,1.1077240821505445
Willow (17070104),1990,5415.648733612194,12493.117833472988,4201.38584230527,5246.892001141847,7312.834209136239,2.306855272191958,0.7757862536817413,0.9688390549736066,1.3503154596695266
Willow (17070104),1991,5957.837037609505,12861.504453289415,4701.673303907567,5337.9197697577865,7346.949981594911,2.1587539860690628,0.7891577554450943,0.8959492742184081,1.233157257443679
Willow (17070104),1992,4413.634856668481,10432.57339622475,3722.0513051519297,4411.6005022221825,5912.790680800702,2.3637146558380024,0.8433074837462708,0.9995390750453167,1.3396646693296737
Willow (17070104),1993,5617.260838800246,12198.061831219651,5447.8911271258585,4403.038290781796,6018.557565321417,2.1715320298042196,0.9698483448544002,0.7838408108750405,1.0714399309623088
Willow (17070104),1994,5946.416247722984,13935.929654255264,4401.58797562562,6419.328986019951,8637.679616344729,2.343584618650207,0.7402085209408418,1.0795290337231365,1.452585768722849
Willow (17070104),1995,5485.759124910933,12120.578228974247,5784.453479736618,4308.056680661222,5830.389572904197,2.209462346593834,1.0544490467088334,0.7853164133835658,1.0628227452474701
Willow (17070104),1996,6445.739741119566,14790.785495498021,6468.397728076241,5581.808901172901,7337.925261804299,2.2946606734898976,1.0035151879949684,0.8659687057429023,1.138414760216454
Willow (17070104),1997,6766.095577349628,15293.740520332245,6652.746860225513,5894.8942194747215,7743.98671194563,2.2603494652854152,0.9832475441961588,0.8712401638558928,1.1445281290246059
Willow (17070104),1998,5758.891189212473,12935.045791029499,4685.430911861005,5828.244904679284,7691.635553448854,2.246100050520031,0.8135994860673408,1.0120428938815034,1.335610502219036
Willow (17070104),1999,6354.528022666798,14223.629365040757,4446.076903909115,6780.977932921125,8911.498586456275,2.238345525317479,0.6996706738958143,1.067109612033052,1.4023855988467882
Willow (17070104),2000,6963.476778091406,17609.66069275079,5510.432012659775,8710.244193382166,11342.217767383976,2.5288604032046984,0.7913334370550036,1.2508470223935355,1.628815335906487
Willow (17070104),2001,6976.516847790473,16842.653038297278,4729.994087232846,8750.342327776692,11286.015177585052,2.4141922689732342,0.6779879115078579,1.254256603787606,1.6177148889362227
Willow (17070104),2002,6779.090878440921,16762.18358025149,4013.8512626501465,9317.648374752202,11862.078772241251,2.472630014971346,0.5920928535439941,1.374468721814083,1.7498037694059256
Willow (17070104),2003,6634.412716548437,17711.029616111282,4850.5719704960065,9398.198619052066,12021.396608361893,2.669570069395,0.7311230364666736,1.4165833541844368,1.8119759987762778
Willow (17070104),2004,6880.708905852499,17506.48412081667,6108.079187011103,8361.661055875325,10777.344966065277,2.544284950919264,0.8877107389059545,1.215232495704502,1.5663131682403293
Willow (17070104),2005,6514.86237560929,15794.409187944504,4269.397820272837,8355.292399593709,10735.18656488233,2.424365746708097,0.6553320045956534,1.282497145430842,1.6477994385688526
Willow (17070104),2006,7504.068659103455,18347.572002483936,7544.764803710278,7940.0899798298415,10160.583396412345,2.44501654182306,1.005423210588226,1.0581046550257018,1.3540099188839614
Willow (17070104),2007,7176.23342079451,17883.314716154975,6171.437802819363,8490.832579590098,11000.737589967655,2.49201965258469,0.8599828685806737,1.1831879039756825,1.5329403246682185
Willow (17070104),2008,7285.935082231399,17150.526252161835,5103.313679711674,8715.754925290235,11262.126424058792,2.353922462744383,0.7004335918607618,1.1962438351318576,1.5457352140735297
Willow (17070104),2009,7342.0517148553645,18290.033146415524,5780.068116063745,8982.613119880827,11648.223094646231,2.4911337943055925,0.7872551625274966,1.2234472690659577,1.586507906376916
Willow (17070104),2010,7864.606708600152,18104.694577763,6018.175093938174,8631.550637101169,11165.9049134831,2.302047037897654,0.7652226381971704,1.0975184083474059,1.4197664711285425
Willow (17070104),2011,8399.897460508711,19865.197260910296,7061.153658015491,9505.737144408513,12201.270740136628,2.3649333047581305,0.8406237922799424,1.1316491884691209,1.4525499623655762
Willow (17070104),2012,8536.592037207603,20500.671108190683,7161.117134190663,9639.085110695401,12520.969093501975,2.401505310179569,0.8388730658532358,1.1291490876783699,1.4667409475500364
Willow (17070104),2013,8549.832754642319,20946.63970956194,6964.235935178596,10262.788932788437,13203.673942934256,2.4499473043128828,0.8145464519638951,1.2003496708419275,1.5443195582703102
Willow (17070104),2014,8835.961623815962,22837.310661457424,5586.859301694823,12624.557464221107,16278.498469432892,2.584586899959253,0.6322865059346017,1.4287700650706283,1.8423007209036228
Willow (17070104),2015,9131.749858130359,23495.261688103303,4725.4939561919655,14118.811568955722,17942.69774838842,2.5729199828206575,0.517479566305101,1.5461233376191512,1.964869606279603
Willow (17070104),2016,9294.459610027106,23944.26051152147,5746.459592264045,13709.213902414029,17387.212507176057,2.576186407404447,0.6182672079250969,1.4749877322210503,1.8707071994178421
Willow (17070104),2017,10308.128789586593,25541.277299188085,7423.590846271894,13569.783064354751,17207.57870294876,2.4777801888729036,0.7201686162256047,1.3164157473530136,1.6693212758781282
Willow (17070104),2018,10170.02857683116,25332.009645318365,6658.194198001834,14329.968633636721,18022.452567194345,2.490849406561989,0.6546878553684885,1.4090391708714096,1.7721142503229712
Willow (17070104),2019,10581.275822143869,24723.102705795685,8637.318603202271,12383.607984999111,15840.82616440362,2.3364954398085565,0.8162832864753985,1.1703322163744592,1.4970620207492251
Willow (17070104),2020,10302.092081592999,26469.58809111655,5388.528558457733,16070.191545778007,20521.347519671705,2.5693410504853103,0.5230518729380753,1.5598959336124567,1.9919592406223685
Willow (17070104),2021,10068.104459733997,25930.260370732438,5745.795259421431,15574.984807239227,19817.583341415208,2.5754858299729566,0.570692853098709,1.546962972973636,1.9683529725652842
Willow (17070104),2022,11372.59017792801,27254.956605944222,10623.858190557616,12912.19129717802,16516.965406336945,2.3965478558121966,0.9341634600687944,1.135378229159974,1.452348598509526
Willow (17070104),2023,10298.261454577523,24621.303272917645,7154.210987161186,13763.986609580297,17411.299400474192,2.390821342176509,0.6947008501110813,1.3365349744021382,1.690702792628649
Willow (17070104),2024,14690.720200462243,34827.222257613306,10516.231772213932,20035.17348630349,28647.702067686114,2.3706953629487457,0.7158418122947464,1.3637979086738774,1.9500542980040363
Wilson-Trusk-Nestuccu (17100203),1985,2480.3286809489996,5004.463401473728,4509.583882669396,481.2843175547037,654.4201049874158,2.0176613849253915,1.818139635003528,0.19404054037328605,0.2638441066355076
Wilson-Trusk-Nestuccu (17100203),1986,2415.560093482937,5045.044547773772,4973.732507333853,70.47768596619055,94.6262694717404,2.0885609765557294,2.059039028154481,0.029176540114375912,0.03917363502031576
Wilson-Trusk-Nestuccu (17100203),1987,2472.4009735867794,5295.389960646817,5284.940495349139,10.449465297677047,14.455919525351037,2.1418006291126193,2.1375741846930807,0.004226444419538358,0.0058469154800483035
Wilson-Trusk-Nestuccu (17100203),1988,2472.400973586779,4704.293556226864,4697.5302632803405,6.763292946523453,9.445070475064053,1.9027227405602491,1.899987224347961,0.0027355162122880746,0.003820201729399028
Wilson-Trusk-Nestuccu (17100203),1989,2450.33254303285,4378.333076717243,4376.266574638607,2.066502078635949,2.910010734924882,1.7868321951509687,1.7859888393850294,0.0008433557659394988,0.0011875982887298532
Wilson-Trusk-Nestuccu (17100203),1990,2457.8874121338526,4640.198955907673,4631.659807459691,8.539148447981399,11.926076828875646,1.887881004231684,1.8844068221329329,0.003474182098751222,0.004852165632160441
Wilson-Trusk-Nestuccu (17100203),1991,2408.9339146915045,4225.647728806466,4217.216602482881,8.431126323584422,11.737426135172349,1.7541567674543765,1.7506568265584617,0.003499940895914589,0.004872456676203789
Wilson-Trusk-Nestuccu (17100203),1992,2369.274551036464,4621.609068575076,4607.1423728650025,14.466695710072893,19.96838340346479,1.9506431057360174,1.9445371457054481,0.0061059600305689715,0.008428058029293993
Wilson-Trusk-Nestuccu (17100203),1993,2396.6016820609157,4339.3407944323335,4338.147802336885,1.1929920954477913,1.7641472301977266,1.8106224438183625,1.810124658932214,0.0004977848861484143,0.0007361036435060327
Wilson-Trusk-Nestuccu (17100203),1994,2141.810193619785,3336.2191565176604,3334.089726328357,2.129430189303602,3.0317307486058045,1.5576633104352045,1.556669090594601,0.0009942198406034943,0.0014154992620900742
Wilson-Trusk-Nestuccu (17100203),1995,2376.6303599808703,5004.333444756574,4993.651839011879,10.681605744694613,14.726674349189949,2.105642311493847,2.1011478785670623,0.004494432926784875,0.00619645132754615
Wilson-Trusk-Nestuccu (17100203),1996,2467.092796250489,4267.7639189255615,4262.159213112841,5.604705812721573,7.680308459714574,1.729875716637716,1.727603931068386,0.0022717855693306947,0.0031131007602904844
Wilson-Trusk-Nestuccu (17100203),1997,2441.1941558636695,4601.998560626004,4601.115980366999,0.8825802590054221,1.2465352259152773,1.885142379835767,1.8847808435536628,0.00036153628210418775,0.0005106251884640719
Wilson-Trusk-Nestuccu (17100203),1998,2450.118376713276,4888.373107998917,4882.7083684694335,5.664739529482507,7.944562842020449,1.995157929698258,1.9928459028250576,0.0023120268732001025,0.0032425220420075067
Wilson-Trusk-Nestuccu (17100203),1999,2455.9227847724214,4524.04813678853,4519.028798127417,5.019338661113277,7.150843305889327,1.8420970581156737,1.840053289194177,0.002043768921496608,0.0029116726919213632
Wilson-Trusk-Nestuccu (17100203),2000,2345.6202330154747,4652.885120095483,4646.969737799619,5.915382295864331,8.427912435321577,1.983648100661991,1.9811262165937165,0.0025218840682746215,0.00359304217992989
Wilson-Trusk-Nestuccu (17100203),2001,2413.4207232817953,4796.703633096843,4788.468345434203,8.235287662640495,11.31728193430617,1.9875124079378228,1.9841001194863332,0.003412288451489744,0.004689311658398627
Wilson-Trusk-Nestuccu (17100203),2002,2413.4207232817953,4716.80444541584,4708.388686814097,8.415758601743331,11.702073701321115,1.9544062085461331,1.9509191420265837,0.003487066519549684,0.004848749987282993
Wilson-Trusk-Nestuccu (17100203),2003,2375.841927951872,4683.575146131732,4675.5306419356075,8.04450419612424,10.726005594832323,1.9713328109203268,1.9679468515677785,0.0033859593525479696,0.00451461247006396
Wilson-Trusk-Nestuccu (17100203),2004,2434.3214779768505,5362.762477344112,5358.9690280956665,3.793449248444727,5.057932331259636,2.202980389344907,2.2014220704117817,0.0015583189331252333,0.0020777585775003113
Wilson-Trusk-Nestuccu (17100203),2005,2455.8331272474124,4961.265316927702,4959.4799105124175,1.785406415284165,2.546291749809595,2.020196430238918,2.019469423833037,0.0007270064058812147,0.0010368341894074749
Wilson-Trusk-Nestuccu (17100203),2006,2439.152450269478,5150.122696961558,5144.761832946667,5.360864014891558,7.147818686522077,2.1114394454485907,2.1092416065991584,0.0021978388494328384,0.0029304517992437846
Wilson-Trusk-Nestuccu (17100203),2007,2463.645700551378,5244.227993384271,5238.823247963092,5.404745421177725,7.679728974174204,2.1286453617135708,2.1264515619232967,0.00219379979027346,0.003117221349017611
Wilson-Trusk-Nestuccu (17100203),2008,2470.2616033856384,4926.292331344296,4918.324102823028,7.968228521268548,10.955739853470638,1.9942391221207194,1.9910134603080807,0.0032256618126386386,0.004435052481265609
Wilson-Trusk-Nestuccu (17100203),2009,2470.2616033856384,5154.685872958891,5144.865035980044,9.820836978847396,13.553194621078976,2.086696350659417,2.0827207243672916,0.00397562629212524,0.005486542236054485
Wilson-Trusk-Nestuccu (17100203),2010,2413.4207232817953,5136.042156270145,5124.583206701185,11.45894956895949,15.831636838904657,2.128117201747609,2.1233691901562537,0.00474801159135548,0.00655983297324829
Wilson-Trusk-Nestuccu (17100203),2011,2464.18984261158,4986.629945737322,4977.903634084953,8.726311652368171,11.98396441742682,2.0236387065261283,2.02009745678089,0.0035412497452387494,0.004863247226409334
Wilson-Trusk-Nestuccu (17100203),2012,2463.767061684724,4060.103028889859,4053.706535093781,6.396493796077634,8.528658394770178,1.6479248757037772,1.645328650640315,0.002596225063461848,0.0034616334179491306
Wilson-Trusk-Nestuccu (17100203),2013,2468.2421460508654,4748.839597516814,4741.121384894554,7.718212622259774,10.290950163013031,1.9239763834009787,1.9208493755283478,0.0031270078726306286,0.004169343830174171
Wilson-Trusk-Nestuccu (17100203),2014,2389.124464099024,5455.743848335678,5450.1244676385895,5.6193806970893165,7.492507596119088,2.283574560605039,2.2812224936526766,0.0023520669523630165,0.0031360892698173554
Wilson-Trusk-Nestuccu (17100203),2015,2338.756557820015,5146.021861474611,5139.156245861723,6.865615612887401,9.154154150516534,2.200323861954783,2.1973882782618452,0.002935583692937639,0.003914111590583518
Wilson-Trusk-Nestuccu (17100203),2016,2384.149783955758,5211.5112031616945,5208.998228459794,2.5129747019000686,3.3506329358667575,2.1858992409926556,2.1848452070897473,0.0010540339029079648,0.0014053785372106196
Wilson-Trusk-Nestuccu (17100203),2017,2469.2984772497744,4832.5191319054575,4791.104708011155,41.41442389430176,76.25198861232637,1.9570413121089203,1.9402695754088561,0.016771736700063825,0.030880020910737934
Wilson-Trusk-Nestuccu (17100203),2018,2456.99155295929,5303.361124283378,5278.540632606342,24.820491677034948,46.31624288496859,2.1584775567892436,2.148375571844631,0.010101984944612548,0.018850794512982195
Wilson-Trusk-Nestuccu (17100203),2019,2474.9966136728226,4868.68211304947,4867.000181487958,1.6819315615126342,3.3638631230252685,1.9671469795768681,1.966467410339391,0.0006795692374773382,0.0013591384749546765
Wilson-Trusk-Nestuccu (17100203),2020,2393.534770108,4923.7495651045565,4923.7495651045565,0.0,0.0,2.0571038393072474,2.0571038393072474,0.0,0.0
Wilson-Trusk-Nestuccu (17100203),2021,2412.5651888109996,5187.280340122061,5187.280340122061,0.0,0.0,2.1501099179328467,2.1501099179328467,0.0,0.0
Wilson-Trusk-Nestuccu (17100203),2022,2481.612516592,4523.945367570046,4514.476534005494,9.468833564552465,18.73718677631311,1.8229861984185924,1.8191706013012972,0.003815597117295339,0.007550407910597139
Wilson-Trusk-Nestuccu (17100203),2023,2482.4680510655303,5003.271793867872,4912.55251331531,90.71928055256141,144.5791418606495,2.015442572048553,1.9788985849009146,0.03654398714763829,0.058240081598872104
Wilson-Trusk-Nestuccu (17100203),2024,2467.058630438041,5189.224881692809,5189.224881692809,0.0,0.0,2.1034055768554762,2.1034055768554762,0.0,0.0
Yamhill (17090008),1985,6265.845925443001,12473.87582279307,5943.311948453165,5510.504756580918,9235.011605380723,1.99077282959382,0.9485250705447195,0.8794510465386716,1.4738650958334567
Yamhill (17090008),1986,7551.872983394237,14611.369556828884,9672.016111879226,4188.709276925923,7025.4974084117,1.9348007559128346,1.28074401319341,0.5546583325933114,0.9302986721122057
Yamhill (17090008),1987,5752.695676779859,11882.18808850545,6635.802666449528,4521.762386024717,7541.4023257799045,2.065499160066233,1.1535118558824928,0.7860249594422885,1.3109336473716084
Yamhill (17090008),1988,7614.007140729781,14180.24447916333,9926.323458379638,3705.3222348086424,6189.205171419533,1.862389175248947,1.303692428298436,0.48664548986140005,0.8128709439096107
Yamhill (17090008),1989,4961.193344183329,8282.13340396351,5230.569887112645,2705.312412960132,4468.749938002799,1.6693833175588215,1.054296723437546,0.5452946953038893,0.9007409362995524
Yamhill (17090008),1990,9170.44898199982,18144.06817321604,11841.053715594115,5269.06272365845,8779.875911182286,1.9785365153691008,1.291218536719007,0.5745697657770965,0.9574096021269876
Yamhill (17090008),1991,7531.033096777575,13914.27979626523,12069.260312012388,1587.8626459782745,2599.511318128775,1.8475924375128503,1.602603541495078,0.2108426062631034,0.3451732696860767
Yamhill (17090008),1992,8450.656387240355,17466.06444133139,10596.905770696274,5753.63174208353,9596.059410296628,2.0668293255543317,1.2539742814175405,0.6808502769998953,1.135540124999724
Yamhill (17090008),1993,8680.779530725302,16508.05975327075,14133.005541891484,1966.210289461259,3245.0785922965647,1.901679416559432,1.6280802307981936,0.22650158116583075,0.3738234084635749
Yamhill (17090008),1994,3989.4944238665166,7567.870208275701,4490.831743057532,2445.498632032348,3925.4047703471397,1.896949689414809,1.125664373959729,0.6129845970964493,0.9839353946364806
Yamhill (17090008),1995,9200.804406048295,19316.56270274423,15710.46854368928,3070.1221761310367,5062.573681434564,2.0994428150267144,1.7075103273972168,0.3336797567517948,0.550231638236609
Yamhill (17090008),1996,9049.013654502418,17348.288562810703,15006.332353730357,1910.0682198626785,3018.872423618093,1.917146909616929,1.6583390109333984,0.21108026717500938,0.3336134233940542
Yamhill (17090008),1997,8746.01365372835,17315.329259206526,15367.086570355144,1556.7321837508036,2537.251381134787,1.9797967330893829,1.7570389412557443,0.1779933402101633,0.2901037525882639
Yamhill (17090008),1998,3449.1338394211693,6492.531103918699,5635.069878300579,619.8351356319197,912.7751308549306,1.8823656622754512,1.633763762338156,0.17970747569944687,0.26463894222443735
Yamhill (17090008),1999,8140.20369345512,14501.513119196812,11744.211386321653,2292.22178754882,3760.1287506460394,1.781468089165423,1.4427417087565295,0.28159268169073093,0.46192071995314504
Yamhill (17090008),2000,9044.447356549423,18607.279338186934,13385.140625994005,4379.61519587206,7228.215031984997,2.0573152349339185,1.4799290767391469,0.4842324824524095,0.7991881368794497
Yamhill (17090008),2001,9064.22088464248,17497.40540060287,12963.982561996083,3758.6971911195237,6328.9461034612095,1.930381620581284,1.4302368319334509,0.414674050749126,0.6982338784554942
Yamhill (17090008),2002,8949.620915195912,17739.831654623173,12084.30379925322,4718.353268479346,7980.449413468944,1.982188052736627,1.3502587331643072,0.5272126398636471,0.8917080945762325
Yamhill (17090008),2003,9066.919575925072,18096.97654712193,11443.954379242881,5542.348938392779,9298.367922625162,1.995934384945236,1.2621656432940498,0.611271434800094,1.0255266791286692
Yamhill (17090008),2004,9549.198392764389,19681.79724177201,13673.548252384015,5195.876113689354,8839.69369631206,2.0610941811288876,1.4319053484892224,0.5441164692553009,0.9257000779259196
Yamhill (17090008),2005,9311.50720588713,18364.484906054946,14341.180723504172,3399.8705707145473,5721.1347796297205,1.9722354823979666,1.5401567551209185,0.36512569829350555,0.6144155455319388
Yamhill (17090008),2006,9490.51851754966,19164.684325058843,14367.499470683484,3954.7417688643845,6511.227855459747,2.0193506065680102,1.5138792937514864,0.4167044995014089,0.6860771456711586
Yamhill (17090008),2007,9405.23944974552,18541.21565488915,10572.32660689475,6737.563324079537,11353.78156647261,1.9713709314855161,1.1240890424305792,0.716362763551101,1.2071762369409755
Yamhill (17090008),2008,9285.803922880857,18049.803888877548,9270.335925950494,7368.791546310619,12405.732512613167,1.9438062701713519,0.9983342317952408,0.7935545061589564,1.3359890662826286
Yamhill (17090008),2009,9295.118229084248,18997.17743209407,12469.10194914335,5446.913617985584,9024.083589348793,2.043780075077718,1.3414678158829403,0.5859972389530554,0.9708411842587013
Yamhill (17090008),2010,8717.217135802139,17971.433853780494,16132.718196128018,1550.573082795273,2472.730016155682,2.0616021803530313,1.8506729779472817,0.17787478029278123,0.2836604821967816
Yamhill (17090008),2011,9054.141859056734,16769.28269846624,13879.06655350408,2392.9469699902606,3944.126127180518,1.8521117693436795,1.5328969624681814,0.2642930724126692,0.43561567607152774
Yamhill (17090008),2012,5768.2841978269325,10434.231462571739,8340.439977853375,1649.1252346988088,2714.8148828028307,1.808896910194299,1.445913497291871,0.2858952815327786,0.4706451328846755
Yamhill (17090008),2013,9163.184610848828,18173.00783822081,13954.342710593879,3518.342857441323,5812.218253574432,1.9832633096472514,1.522870410585477,0.3839650740284935,0.6343011191429024
Yamhill (17090008),2014,9057.915584853961,19549.215506880173,13509.604625187283,5087.094784263711,8539.199703574857,2.1582465992031388,1.491469477566907,0.561618700970233,0.9427334162678149
Yamhill (17090008),2015,9820.256487662382,21098.54506082942,13954.309080508196,6065.835386474371,10117.536789413294,2.14847189453111,1.4209719571010804,0.6176860445646349,1.0302721524763023
Yamhill (17090008),2016,9544.899893780555,20594.552516633103,13338.88551764859,6104.953713610447,10399.039816871687,2.157649922557332,1.3974882571937912,0.6396037445702734,1.0894865250129746
Yamhill (17090008),2017,9530.262056276672,19703.799834456306,14446.08076791396,4520.803363532031,7755.30610280771,2.0674982196821436,1.5158114942285044,0.474362964715604,0.8137558082886117
Yamhill (17090008),2018,10782.14468532709,21451.53449114472,13288.463171153588,6765.083166268207,11340.418348222069,1.989542444216789,1.2324508304212638,0.6274339070476849,1.0517776081835284
Yamhill (17090008),2019,11345.346540189086,22712.904188710825,17203.327798295242,4733.194346486051,7926.095154674789,2.001957728506042,1.5163333916117228,0.4171925758036092,0.698620806918313
Yamhill (17090008),2020,11015.744728840002,22591.86918611765,17480.238607295207,4288.219918978228,7072.0572776206,2.050870798319294,1.586841292857005,0.38928098140758144,0.6419953849425588
Yamhill (17090008),2021,10700.176207584002,22382.974767362295,12633.52170449956,8272.456858169433,13757.232567210127,2.0918323523960134,1.1806835195429077,0.7731140775332405,1.2857014969023934
Yamhill (17090008),2022,12261.599130740007,23630.12028090217,18045.748220455127,4842.777066007409,8222.181354952148,1.9271646405125997,1.471728771104103,0.39495477012182667,0.6705635429182333
Yamhill (17090008),2023,12407.760748161649,23536.272584841627,14067.954969355751,8083.216818720981,13490.529035881042,1.896899292511648,1.1338028879578517,0.6514645940379372,1.0872654066834595
Yamhill (17090008),2024,12516.917024543704,25905.66042189858,20413.951948462643,4630.558403868997,7851.902274373304,2.069651845666282,1.6309089457439159,0.3699440041656584,0.6273032136409437
