HUC8_all,Year,ACRES FTR GEOM,ET VOLUME,EFF VOLUME,CU VOLUME,AW VOLUME,ET RATE,EFF RATE,CU RATE,AW RATE
Alsea (17100205),1985,2480.6034365179994,5259.68269668052,3449.0399927588464,1810.6427039216744,3532.532456439605,2.1203238773479605,1.3904036179197723,0.7299202594281886,1.4240617441851926
Alsea (17100205),1986,2012.3771448069385,4412.734427700272,3742.0001263228914,670.7343013773777,1313.4624490989418,2.1927969312748363,1.8594924594424809,0.33330447183235423,0.6526919928942799
Alsea (17100205),1987,1729.5471507478292,4326.819001164347,3243.5917892226134,1083.227211941734,2106.2282554000512,2.5017062988386862,1.8753994580720943,0.6263068407665923,1.2177917523031108
Alsea (17100205),1988,1873.3033281797536,4012.744357789446,3431.716397504553,581.0279602848935,1136.9032407613722,2.1420686641754587,1.8319064221377719,0.3101622420376871,0.6068975716100795
Alsea (17100205),1989,1884.2662610943714,4086.1309174200496,3152.40997556853,933.720941851518,1814.1932057085676,2.168552821747627,1.6730172591094572,0.4955355626381688,0.9628114896325184
Alsea (17100205),1990,2206.8979338541985,4848.767907598517,4044.0229586774635,804.7449489210499,1559.3245228337435,2.1970965821380197,1.8324467555302162,0.36464982660780193,0.7065684819009678
Alsea (17100205),1991,1761.101073074092,3498.348797395234,3258.2049317024707,240.14386569276152,458.66665323098675,1.9864554345473695,1.850095364495524,0.1363600700518444,0.2604431172314038
Alsea (17100205),1992,1857.4969256435202,4169.636179732097,3074.736142264662,1094.9000374674338,2122.58513944932,2.24476074343302,1.6553115646204557,0.5894491788125632,1.1427125989530031
Alsea (17100205),1993,1804.830416009456,3581.3808604628853,3496.694236917555,84.68662354532985,163.4858482991099,1.9843309535870108,1.9374087481575526,0.046922205429458005,0.09058238760214542
Alsea (17100205),1994,1599.9688356960173,3650.550690093985,2933.9248166615416,716.6258734324477,1380.9765938622443,2.281638622358494,1.833738727407917,0.44789989495057986,0.8631271828875922
Alsea (17100205),1995,2031.5833071687698,4702.671600715093,4085.6845238127075,616.9870769023812,1201.86176704258,2.314781571654461,2.0110839212921814,0.30369765036227786,0.5915887194000938
Alsea (17100205),1996,2117.6280618630817,4556.307576222167,4126.791301017755,429.516275204411,841.7355247937438,2.1516089903972766,1.9487800409043592,0.20282894949291713,0.3974897858376451
Alsea (17100205),1997,2173.2731366695866,4755.956320150618,4593.577197755762,162.37912239485533,319.2576586193263,2.18838407372892,2.11366768412513,0.07471638960378989,0.14690176454698645
Alsea (17100205),1998,1641.845391138367,3653.358072574901,3200.522695649101,452.8353769258002,901.8981666683133,2.2251535329047396,1.9493447512923439,0.27580878161239564,0.5493197907282766
Alsea (17100205),1999,2146.845707456819,4538.232821680424,3746.4108380248686,791.8219836555587,1561.5635288829947,2.1139073040588805,1.7450768935150514,0.3688304105438304,0.7273757603814215
Alsea (17100205),2000,2284.36852271711,5234.476176457691,4226.347793917917,1008.1283825397755,1977.7292835612272,2.291432456892558,1.8501164553304856,0.44131600156207346,0.8657662999176879
Alsea (17100205),2001,2304.481168127898,5014.378290112616,4534.437643310023,479.9406468025928,938.3090374932419,2.175925045283043,1.9676609668256415,0.20826407845740152,0.40716715348795857
Alsea (17100205),2002,2158.309744475449,4544.3125648594905,3978.5983733872254,565.7141914722658,1116.7056854604684,2.105496014411931,1.843386188461182,0.26210982595074916,0.5173982503293892
Alsea (17100205),2003,1972.5802663701918,4224.896479926063,3211.5768245843146,1013.3196553417488,2003.5901168796931,2.1418121999671174,1.6281095777633627,0.5137026222037548,1.0157204505378956
Alsea (17100205),2004,2230.2836212874586,5221.51553702866,4590.154657575932,631.3608794527256,1252.8651759035654,2.3411890251045633,2.0581035585627485,0.28308546654181355,0.5617515027888398
Alsea (17100205),2005,2114.7049374651338,4637.687295653003,4382.291249173709,255.39604647929713,505.777608561074,2.19306590413135,2.0722944234606544,0.12077148067069662,0.23917171592143832
Alsea (17100205),2006,2206.437791450682,4935.697720329825,4140.899743329796,794.7979770000305,1577.9885289909305,2.2369530378124627,1.8767353239572868,0.360217713855177,0.71517471967947
Alsea (17100205),2007,2264.5807265449976,4909.395175020625,3771.6652687375445,1137.7299062830803,2244.192226720711,2.1679046887017983,1.6655026798235895,0.5024020088782087,0.9909967882419486
Alsea (17100205),2008,2203.3414165383997,4705.8160951281025,3745.6662782814096,960.1498168466941,1903.9937633327193,2.1357634635313403,1.699993587088336,0.435769876443005,0.8641392337298429
Alsea (17100205),2009,2396.3579950728235,5123.4396791251875,4126.00838981693,997.4312893082556,1974.6896296216416,2.1380109690036067,1.7217829716179545,0.41622799738565125,0.8240378247665088
Alsea (17100205),2010,2388.581032071831,4925.399320026159,4825.582715742422,99.81660428373822,197.2140797651002,2.0620608025819904,2.0202717223944293,0.04178908018756153,0.08256537128825757
Alsea (17100205),2011,2578.093772527685,5482.481014416075,4717.115439316494,765.3655750995713,1511.4480146831681,2.1265638483897313,1.8296911809734568,0.29687266741627116,0.5862657250055234
Alsea (17100205),2012,2669.6460483051983,5534.064340061408,4823.304046106413,710.7602939549947,1406.2645628401165,2.0729580775603798,1.8067204261660252,0.26623765139435424,0.526760678155395
Alsea (17100205),2013,2608.4644534775694,5931.973175853474,5065.42931458629,866.543861267191,1700.9062589588468,2.27412459769005,1.941920008851617,0.3322045888384358,0.6520718565634359
Alsea (17100205),2014,2621.0367729541376,6268.85172527619,5206.007115303923,1062.8446099722667,2080.3189867991223,2.391745049120637,1.9862396319744486,0.40550541714618826,0.793700801249889
Alsea (17100205),2015,2579.7849194423775,5720.267311707596,4432.129437229529,1288.1378744780666,2535.0869322841113,2.2173427205489813,1.718022849047252,0.49931987150172913,0.9826737543810715
Alsea (17100205),2016,2545.0892340778737,5665.833777831079,4306.080017902896,1359.7537599281795,2688.3485930866027,2.2261827608900715,1.691917108542191,0.5342656523478793,1.0562885407279774
Alsea (17100205),2017,2888.0412548651298,6473.249086405385,4846.826499340443,1626.422587064939,3192.2581116577926,2.2413977208603564,1.6782400497830794,0.5631576710772757,1.1053367420843403
Alsea (17100205),2018,3091.009511727096,6785.089188950131,4885.8282548583065,1899.2609340918311,3750.14410531493,2.195104597125285,1.5806577871474612,0.6144468099778257,1.2132424992828779
Alsea (17100205),2019,3123.7910792683406,6798.469185630018,5718.411576132349,1080.0576094976734,2126.106379358462,2.1763520712858835,1.8305998804093278,0.34575219087655706,0.6806173413672858
Alsea (17100205),2020,3339.008725594,7537.234912000827,6653.939079369493,883.295832631337,1740.986673406131,2.2573271085597337,1.9927887664282087,0.2645383421315262,0.5214082431295277
Alsea (17100205),2021,3311.439300865001,7653.42974520402,5702.392162642889,1951.037582561127,3855.4790985532354,2.3112094318639094,1.7220282917924339,0.5891811400714743,1.1642910372979274
Alsea (17100205),2022,3572.3450889319997,7510.140067013279,6539.15096017624,970.9891068370382,1928.011683017655,2.1022997163072326,1.8304925188879797,0.2718071974192528,0.5397047695619069
Alsea (17100205),2023,3672.0096252886083,7996.972286857165,5411.499596557492,2585.4726902996667,5098.244865047283,2.177818988213744,1.4737160707012484,0.7041029175124934,1.3884072715758684
Alsea (17100205),2024,3525.758718276405,8215.98924458925,6992.5511611856955,1223.4380834035553,2424.7299945026084,2.330275523960329,1.9832755783708476,0.3469999455894823,0.6877186410781838
Alvord Lake (17120009),1985,16302.882318296,35710.239935651545,7542.814365440834,28167.425570210693,49964.40545292005,2.190424934588133,0.46266753437678126,1.7277574002113505,3.0647590087089824
Alvord Lake (17120009),1986,19302.570885031248,45858.34974176302,12729.697868266148,33128.65187349689,58419.87294493032,2.3757638303675517,0.6594819904605438,1.716281839907009,3.0265332681789943
Alvord Lake (17120009),1987,14925.386820812253,32569.74329360424,9500.209896579545,23069.53339702469,37807.28397957745,2.182170799633035,0.63651347939152,1.545657320241515,2.533085703806231
Alvord Lake (17120009),1988,10056.896248681833,20484.840004873593,4846.822846862237,15638.017158011357,23074.800068102595,2.036894832991696,0.4819402255937079,1.5549546073979879,2.294425585938309
Alvord Lake (17120009),1989,17553.73117696099,40022.71665347532,11888.28368444707,28134.43296902826,47405.014405836315,2.280011938772569,0.6772510963395784,1.6027608424329913,2.7005662743687613
Alvord Lake (17120009),1990,8346.455694824299,17902.41554696484,4208.889018064694,13693.52652890015,18614.96292963987,2.1449123078753374,0.5042726124664698,1.6406396954088682,2.2302835611028464
Alvord Lake (17120009),1991,11055.577509115292,23142.486965541797,8515.472197395173,14627.014768146615,21130.862094537584,2.093286121549135,0.7702421868395559,1.3230439347095784,1.9113304643846285
Alvord Lake (17120009),1992,5330.539820834284,11893.855795886666,2485.3021520554344,9408.553643831228,9848.836211573906,2.231266662599503,0.4662383615148492,1.7650283010846533,1.847624545093908
Alvord Lake (17120009),1993,22423.065324064813,50983.624497897996,17450.672028896515,33532.95246900149,57495.34032739645,2.273713417905513,0.7782464964844997,1.4954669214210135,2.5641159893376164
Alvord Lake (17120009),1994,7155.309385586737,16396.32987891946,3288.3987668474792,13107.931112071985,16526.521650218154,2.291491394061496,0.45957464445512997,1.8319167496063666,2.309686522221984
Alvord Lake (17120009),1995,23270.054499848622,51980.66491888581,17844.715919910854,34135.94899897495,58519.345769833504,2.23380073816432,0.7668532069844073,1.4669475311799125,2.514791951613787
Alvord Lake (17120009),1996,20389.851485704276,49196.02063362929,14882.664785660822,34313.35584796843,59343.017974663904,2.412769934500091,0.7299055020628938,1.6828644324371953,2.9104193336705007
Alvord Lake (17120009),1997,19895.47452450427,46986.204540447536,12107.961250865814,34878.24328958171,58859.98052067759,2.361652871489793,0.6085786612404263,1.7530742102493664,2.95846075187514
Alvord Lake (17120009),1998,23812.238328379583,53934.382695226326,22754.483753245986,31179.89894198028,53611.65459653771,2.264985842634834,0.9555793722309188,1.3094064704039128,2.251432807668609
Alvord Lake (17120009),1999,21028.406905878885,48382.62474761046,9370.992112052578,39011.632635557886,66600.76963288231,2.300822167088853,0.4456349049167743,1.8551872621720789,3.167180943900359
Alvord Lake (17120009),2000,15293.21678784553,36675.34446048412,8421.492340823232,28253.85211966087,45871.468172686255,2.3981445479562087,0.5506684733270972,1.8474760746291103,2.999464979084267
Alvord Lake (17120009),2001,11472.979593216249,26425.31854090039,4978.73656552055,21446.58197537985,31525.102104355,2.3032655402372693,0.43395323116101253,1.8693123090762578,2.747769387038323
Alvord Lake (17120009),2002,15222.392732065631,33088.15360144356,6440.494474255929,26647.659127187617,42084.527847490004,2.1736499763104984,0.4230934379119763,1.750556538398521,2.7646460440374714
Alvord Lake (17120009),2003,7403.940992013566,17322.50898655042,4313.619216807127,13008.889769743295,16917.88936681196,2.3396335823361842,0.5826112365644341,1.7570223457717502,2.284984359689095
Alvord Lake (17120009),2004,14085.60773081196,32909.38571945644,8642.505057317048,24266.88066213937,38350.739358214385,2.3363838002862933,0.6135699092636064,1.7228138910226853,2.7226897192602473
Alvord Lake (17120009),2005,19224.375911951454,44965.98152667775,15491.475336013747,29474.50619066401,49134.215555610754,2.339008648843742,0.8058246159441239,1.5331840328996185,2.555828900800097
Alvord Lake (17120009),2006,19113.825156459625,48674.73751611444,10580.706371699456,38094.03114441499,63910.27775914164,2.546572290877346,0.5535629987764981,1.9930092921008489,3.343667593273071
Alvord Lake (17120009),2007,11019.132279114543,26148.93970740487,5344.667213487342,20804.27249391754,31286.572489922743,2.373048897594875,0.48503521675817657,1.8880136808366996,2.8392954814802183
Alvord Lake (17120009),2008,12521.10004654849,27957.61810521193,5992.095904788878,21965.522200423053,32859.65639868899,2.232840405497646,0.4785598615547068,1.7542805439429396,2.6243426117936766
Alvord Lake (17120009),2009,11604.347802305258,27367.897085663306,8786.273896155175,18581.62318950814,26852.23349513161,2.358417513151971,0.7571536156827134,1.6012638974692583,2.3139804108419857
Alvord Lake (17120009),2010,14415.411745739093,32829.54736586466,8763.321091656131,24066.226274208522,37428.71967036794,2.277392276052636,0.6079133392944113,1.6694789367582246,2.5964377799635945
Alvord Lake (17120009),2011,22870.422363879927,57704.12050809838,16305.943654856681,41398.17685324167,70754.35833915294,2.5230894117299973,0.7129708142429954,1.8101185974870007,3.093705801030497
Alvord Lake (17120009),2012,9629.283390337929,23578.9099999846,4540.968411152444,19037.94158883216,26621.861713258208,2.4486671587258297,0.47157906015196044,1.9770880985738697,2.7646773528309194
Alvord Lake (17120009),2013,7500.38142697186,17811.9550823269,4545.867696155638,13266.08738617126,15614.937496031813,2.3748065689398072,0.6060848692052383,1.7687216997345692,2.081885787818668
Alvord Lake (17120009),2014,7879.745057118629,20219.853483822597,5380.125656323487,14839.727827499106,17909.149649514166,2.5660542742503845,0.6827791530467139,1.88327512120367,2.2728082596193753
Alvord Lake (17120009),2015,11530.996483708761,27819.825574632472,10368.643694290573,17451.181880341905,22796.085976537524,2.412612441078871,0.8991975419418101,1.5134148991370615,1.9769398081722012
Alvord Lake (17120009),2016,14812.836259790562,35574.49698122014,11390.123329547983,24184.373651672144,34576.25430357128,2.401599285734839,0.7689360180444624,1.6326632676903758,2.334208904842114
Alvord Lake (17120009),2017,17759.070721586544,44064.53886666814,12574.279146821262,31490.25971984688,49709.99714242179,2.481241251723082,0.708048261305528,1.7731929904175543,2.799132788068589
Alvord Lake (17120009),2018,12003.047535260292,29418.197646152053,7567.384754238611,21850.81289191343,28750.376443468085,2.450894038345913,0.6304552849606381,1.8204387533852737,2.3952564012606503
Alvord Lake (17120009),2019,23113.476167823304,54264.47941262222,21058.38033456884,33206.09907805338,53395.70395335703,2.347742028010689,0.9110866830098278,1.4366553450008617,2.310154628652966
Alvord Lake (17120009),2020,15725.574558150991,37861.90395652641,9884.622588718596,27977.281367807827,39561.92764973057,2.4076642679425384,0.6285698848183024,1.7790943831242367,2.5157699328209633
Alvord Lake (17120009),2021,10640.562264759998,27323.64372049878,6812.132324971705,20511.511395527075,25260.631167075066,2.5678759299206146,0.6402041692413662,1.9276717606792484,2.3739940182235126
Alvord Lake (17120009),2022,13619.849529957999,34877.89918255568,8507.315312963749,26370.583869591923,35256.578236552625,2.5608138405522634,0.6246262335168385,1.936187607035424,2.5886173088038036
Alvord Lake (17120009),2023,22659.14562959899,54635.648080185434,22782.496464964523,31853.151615220857,51359.01476334462,2.4111962989820968,1.0054437549138837,1.4057525440682108,2.2665909652063765
Alvord Lake (17120009),2024,19890.09608615436,51804.10324540968,14993.164372862753,36810.938872546954,58201.64129590621,2.604517495592738,0.7538004999030449,1.8507169956896947,2.926161897046882
Applegate (17100309),1985,6732.3509554839975,18762.860905916375,5819.510028655687,12943.350877260671,21069.58173256136,2.7869701134092897,0.8644097830216748,1.9225603303876122,3.1296024036593977
Applegate (17100309),1986,6860.281579253252,19881.515649696306,7956.677276845045,11924.838372851254,19273.47855147949,2.8980611684834705,1.159817885742109,1.73824328274136,2.8094296609873886
Applegate (17100309),1987,6395.811544707691,19969.458654053582,5588.871332327566,14380.587321726023,23383.403899918565,3.1222712730767697,0.8738330223241428,2.2484382507526277,3.656049546873768
Applegate (17100309),1988,6401.4068915354,18393.619505218412,4885.902281955031,13507.717223263362,21724.398656566427,2.8733714036425884,0.7632544477707978,2.1101169558717876,3.3936912657891916
Applegate (17100309),1989,7318.734615230269,19972.33324900479,8380.876869725193,11591.45637927959,18840.192373275335,2.728932568130345,1.1451264884348462,1.583806079695498,2.5742417731705887
Applegate (17100309),1990,6616.9716743433455,18884.529276067387,6729.840944039845,12154.688332027552,19767.483931477716,2.8539534707833623,1.0170575416144125,1.8368959291689515,2.9873913482392838
Applegate (17100309),1991,7028.28300648417,19385.761075332288,7742.861214971055,11642.899860361236,18857.939986960242,2.758249924974183,1.1016718034586297,1.656578121515554,2.683150346900123
Applegate (17100309),1992,6101.727896909634,17134.28383709993,6588.342005337067,10545.941831762872,16963.008343500944,2.808103561251559,1.0797502144718532,1.7283533467797074,2.7800335626392427
Applegate (17100309),1993,7063.56459428502,18740.782699893753,9274.581993093241,9466.200706800504,15289.40744745223,2.6531622171412605,1.3130172265426876,1.340144990598572,2.164545569502198
Applegate (17100309),1994,7213.235048877103,20093.962718464605,5958.747343513107,14135.215374951484,22860.782210956502,2.785707464446576,0.8260852867176034,1.9596221777289704,3.1692828607484906
Applegate (17100309),1995,6576.265308840905,18434.1082807438,8963.824205410885,9470.28407533292,15195.802629431022,2.803127218112934,1.3630569608194225,1.440070257293512,2.310704011439792
Applegate (17100309),1996,6572.216539494779,18965.369607033135,10133.264455508075,8832.10515152506,14355.162094634206,2.885688487751964,1.541833625628994,1.3438548621229702,2.184219282546299
Applegate (17100309),1997,6537.851903766252,18308.795860370064,8879.785584097972,9429.010276272094,15319.875036561038,2.8004298858196743,1.358211491297716,1.4422183945219587,2.343258192761408
Applegate (17100309),1998,6247.088006547889,16501.944015109137,8699.043655574831,7802.900359534288,12605.380875019,2.641541786799324,1.3924957750646259,1.2490460117346953,2.017801071764423
Applegate (17100309),1999,6319.045916121509,18053.74322719329,6535.991027932286,11517.752199261005,18695.527555038734,2.857036246743128,1.034331941038329,1.8227043057047996,2.958599732175017
Applegate (17100309),2000,6821.853552094627,18409.08657283199,7984.151559683048,10424.935013148932,17105.674191450657,2.6985461403198174,1.1703786219848622,1.5281675183349532,2.5074818831603936
Applegate (17100309),2001,7121.386552959983,17849.676484494645,5158.418019821691,12691.258464672928,20916.058656054836,2.5064889192225466,0.7243558514145829,1.7821330678079599,2.9370767196117358
Applegate (17100309),2002,6662.770776349371,17861.742441636427,6010.0249871032465,11851.717454533156,19618.985150346423,2.6808279980214382,0.9020308800712227,1.7787971179502118,2.944568529955634
Applegate (17100309),2003,6675.209826845294,17609.04129662849,8149.651067069697,9459.390229558776,15574.633330460916,2.6379756971550554,1.2208831300395577,1.417092567115495,2.3332050578882693
Applegate (17100309),2004,6148.538871198909,16094.548512211853,6113.323308696487,9981.225203515367,16526.137993984416,2.617621657659548,0.9942725315330804,1.6233491261264676,2.6878154859517003
Applegate (17100309),2005,7022.903421054656,17984.14740600832,9242.878079457618,8741.26932655069,14431.453831662926,2.560785237640015,1.3161049676046348,1.244680270035378,2.0549127570795642
Applegate (17100309),2006,6461.661290689265,17527.750280176813,7608.0753315251895,9919.674948651622,16251.499072742085,2.71257645544388,1.1774178480211916,1.5351586074226882,2.515065142173142
Applegate (17100309),2007,6648.612413066929,17685.592699043915,5734.909824285125,11950.682874758782,19569.20126595842,2.6600426675926134,0.8625724388767124,1.7974702287158997,2.943351191219669
Applegate (17100309),2008,6149.62698067543,16337.160110357865,4818.296481833636,11518.863628524203,18730.651102681397,2.6566099312520435,0.7835103652586795,1.8730995659933598,3.045819065374297
Applegate (17100309),2009,5691.351192072961,14808.113107313335,5980.526395996707,8827.58671131663,14092.526792412275,2.601862476513205,1.050809587067218,1.5510528894459872,2.476130239870043
Applegate (17100309),2010,6354.397223798479,16048.143477904792,10380.156168585985,5667.98730931881,9132.056295076069,2.5255178284733772,1.633539075856045,0.8919787526173328,1.437123927486734
Applegate (17100309),2011,6524.976360283865,16473.789223089527,8051.324210319153,8422.465012770375,13588.19984819687,2.524727801829591,1.2339238896443887,1.2908039121852024,2.082490280103593
Applegate (17100309),2012,5490.513905930019,15230.90521459131,7621.890531740307,7609.014682850995,12333.048143262016,2.7740400034578183,1.3881925558021624,1.3858474476556544,2.246246590859506
Applegate (17100309),2013,6054.146858941506,16540.451529085985,5749.07320615943,10791.378322926552,17621.75575065203,2.732086273172746,0.9496091423135027,1.7824771308592426,2.9106918218586095
Applegate (17100309),2014,5695.2566331504,16137.95824376049,7326.275267952073,8811.682975808406,14465.238283380719,2.833578762689326,1.2863819384903563,1.547196824198968,2.53987470892582
Applegate (17100309),2015,5693.851836528546,15734.006195779402,5756.024966433619,9977.981229345789,16200.968227874298,2.7633325642298736,1.0109193445298672,1.7524132197000073,2.8453441875564818
Applegate (17100309),2016,6991.500691054018,18576.584286687637,7648.652502935908,10927.931783751716,17806.24445016072,2.6570238790732477,1.0939929552925238,1.5630309237807216,2.5468415490460754
Applegate (17100309),2017,6898.258415187373,17246.559899795815,9171.213689524511,8075.346210271302,13225.08317699083,2.5001324771808155,1.3294969740960914,1.170635503084724,1.9171626200424974
Applegate (17100309),2018,7808.669453573602,19808.470760229226,9327.121931123253,10481.34882910594,16909.997779637157,2.5367280402891135,1.1944572614550533,1.3422707788340558,2.1655415023232125
Applegate (17100309),2019,7675.2194194601,18631.68259041374,9738.508006239477,8893.17458417427,14269.900341571942,2.427511393768643,1.2688247037665168,1.158686690002127,1.8592172499187956
Applegate (17100309),2020,6485.347274850995,16670.80452216449,4649.857206458692,12020.947315705824,19083.411373154253,2.570533822731569,0.7169789078974997,1.853554914834073,2.9425427142747274
Applegate (17100309),2021,6458.859861769996,16705.558056572703,6019.429249639399,10686.128806933304,16978.418945342313,2.586456187949352,0.9319646777395516,1.6544915102098003,2.6287021717002417
Applegate (17100309),2022,8834.521697593,21768.289999527584,10664.1643647842,11104.12563474338,18103.098467418487,2.46400323013055,1.207101496812181,1.2569017333183687,2.049131700287832
Applegate (17100309),2023,8187.6760460408705,20196.628653523752,9829.399021441275,10367.229632082484,16905.082405406833,2.466710766272901,1.2005114718961378,1.2661992943767642,2.064698494462448
Applegate (17100309),2024,8798.639740756173,22940.209703020682,10932.904292148203,12007.305410872495,19697.983146483803,2.6072450263828117,1.242567557517545,1.3646774688652685,2.2387532308250773
Beaver-South Fork (17070303),1985,15574.97958661399,34035.2799165995,12838.34674503829,21196.933171561213,39616.65921352707,2.1852535810609557,0.8242930062054326,1.3609605748555231,2.5436090617785365
Beaver-South Fork (17070303),1986,14677.268470369545,30654.7514127733,13300.565647290243,17354.18576548307,32680.62592387982,2.088586951629255,0.9062017005508493,1.1823852510784063,2.2266149856054915
Beaver-South Fork (17070303),1987,15361.680441622033,37261.39668834237,13347.465978690068,23913.930709652323,45064.22160922961,2.425606809746132,0.8688805908581129,1.5567262188880204,2.9335476532326106
Beaver-South Fork (17070303),1988,11861.163297075716,24888.687970935498,8821.105289008934,16067.582681926557,29315.769345183606,2.0983344843647522,0.7436964712545281,1.3546380131102236,2.471576236743254
Beaver-South Fork (17070303),1989,15470.469025449844,31162.090920592414,16132.607990293807,15029.482930298596,27040.31029094906,2.014295162566107,1.0428001868433792,0.971494975722727,1.747866224770958
Beaver-South Fork (17070303),1990,11408.829288689483,24266.28161712388,7844.284085928365,16421.997531195524,29368.53628126725,2.1269738553438655,0.6875625787218197,1.4394112766220466,2.5741936826404013
Beaver-South Fork (17070303),1991,14632.145942272526,29088.75778384451,13427.605010555355,15661.152773289134,28212.07332482069,1.988003529940648,0.9176784501419418,1.0703250797987047,1.928088568561602
Beaver-South Fork (17070303),1992,8470.367714928605,17947.766831981233,7404.878123728984,10542.888708252256,18074.331238792354,2.11888874674817,0.8742097595926387,1.2446789871555322,2.133830767103208
Beaver-South Fork (17070303),1993,19844.907199426565,38323.00753961884,23901.9396233399,14421.067916278955,25637.929677832646,1.931125560553199,1.2044369561995516,0.7266886043536481,1.291914818254906
Beaver-South Fork (17070303),1994,14985.781870632085,32199.265725853696,11023.598577278042,21175.66714857564,37345.22150772491,2.1486543714449224,0.7356038325154854,1.413050538929436,2.492043580382752
Beaver-South Fork (17070303),1995,20482.19043662529,45702.20792927819,22537.842328379094,23164.3656008991,41858.52566931756,2.2313144715008435,1.1003628932224936,1.1309515782783501,2.043654744781013
Beaver-South Fork (17070303),1996,19245.057010894307,37512.81101380325,19463.63954323279,18049.171470570454,31938.727963804828,1.9492179728315624,1.0113578531991227,0.9378601196324395,1.6595808443552464
Beaver-South Fork (17070303),1997,16601.86849224771,33788.40792565339,18981.489325971666,14806.918599681734,24925.54285144199,2.03521717699613,1.1433345189329216,0.8918826580632093,1.5013697321528021
Beaver-South Fork (17070303),1998,17235.21491908531,35093.0439250031,20153.20272476948,14939.841200233612,26362.64728835369,2.036124532810034,1.169303824720686,0.8668207080893474,1.52958042079076
Beaver-South Fork (17070303),1999,18231.00312889277,35067.2959153519,14924.41649513242,20142.879420219484,35429.07917546417,1.923497882559008,0.8186283765965668,1.1048695059624416,1.9433422793568405
Beaver-South Fork (17070303),2000,18379.701272223076,40879.22905785333,15238.882912809055,25640.34614504429,45654.23666146934,2.2241508962734557,0.8291148309270573,1.3950360653463993,2.483948785961271
Beaver-South Fork (17070303),2001,16571.26368598186,35146.9645850684,12337.441432433874,22809.52315263453,39830.4763424537,2.120958621568511,0.7445081839395564,1.3764504376289544,2.4035871432151263
Beaver-South Fork (17070303),2002,14291.328502443046,31556.350687887345,8826.041466354676,22730.309221532658,38903.14651779367,2.208076784638525,0.6175801966098463,1.5904965880286777,2.722150464258332
Beaver-South Fork (17070303),2003,17605.96845067,38049.75008409086,15887.533287911789,22162.216796179066,38542.39049022788,2.16118472498131,0.9023947380359633,1.2587899869453463,2.1891661681786747
Beaver-South Fork (17070303),2004,20434.96615211681,45089.72188894822,23577.342034058387,21512.379854889838,37652.870621764676,2.206498486628395,1.1537744598425022,1.0527240267858933,1.8425707359375443
Beaver-South Fork (17070303),2005,21665.480157111342,49471.40209043445,21031.56385172319,28439.83823871127,49978.5874836532,2.2834205257249405,0.9707407220707231,1.3126798036542178,2.306830364304137
Beaver-South Fork (17070303),2006,21245.84267780608,47759.376551412744,21895.217864046568,25864.15868736616,43875.958888047455,2.2479398570198086,1.030564811953486,1.2173750450663219,2.065155030724262
Beaver-South Fork (17070303),2007,19968.831422002604,45699.125916418016,15326.534809972936,30372.591106445067,51443.19998436785,2.2885227958840173,0.7675228703210661,1.5209999255629505,2.5761747844536007
Beaver-South Fork (17070303),2008,20568.836819480784,44157.66720201132,15028.775741463318,29128.891460548024,49524.414870234774,2.1468237406691615,0.730657541472133,1.4161661991970298,2.4077401801996943
Beaver-South Fork (17070303),2009,20663.30755336705,47424.916683947005,19807.100558062757,27617.816125884267,46298.79772237067,2.2951270778631567,0.9585638943284869,1.3365631835346705,2.2406285926294682
Beaver-South Fork (17070303),2010,22615.656396411905,48551.47031211323,21849.617135432924,26701.853176680266,44742.89917886088,2.1468079219587093,0.9661279227296485,1.1806799992290589,1.9784037391883782
Beaver-South Fork (17070303),2011,24497.571757189304,53166.26949548818,21228.625335148216,31937.644160339943,54161.91136275686,2.1702669155315557,0.8665603899667423,1.3037065255648124,2.2109093872482264
Beaver-South Fork (17070303),2012,22084.999644752475,46585.04434403199,16850.779110485724,29734.265233546284,47867.16602786263,2.109352279527922,0.7629965760261883,1.3463557035017348,2.16740623943076
Beaver-South Fork (17070303),2013,22608.003610166867,47748.548038811365,21778.929248941153,25969.618789870237,40723.94779535403,2.1120196573809262,0.9633282807486426,1.1486913766322846,1.801306674289471
Beaver-South Fork (17070303),2014,21326.010826422946,48556.62514328017,16916.582591326307,31640.042551953837,49401.18996298683,2.276873323308946,0.7932370816564834,1.483636241652461,2.3164758925180093
Beaver-South Fork (17070303),2015,20733.024441176596,49256.27403616922,18175.26131853215,31081.012717637084,47616.9761653122,2.3757399300771738,0.8766333812077785,1.499106548869396,2.2966729384036717
Beaver-South Fork (17070303),2016,24218.015746735495,55064.96467178097,21044.66934922636,34020.29532255462,54109.83311084017,2.2737190877912257,0.8689675310027457,1.4047515567884805,2.2342802018424646
Beaver-South Fork (17070303),2017,23660.901418837,53819.45606455476,20254.554133658494,33564.90193089625,51433.57438590584,2.2746156248175664,0.8560347627978945,1.4185808620196714,2.1737791589359468
Beaver-South Fork (17070303),2018,22227.220188436113,49605.37112688103,15732.895107062552,33872.476019818554,51875.66983217761,2.231739763512516,0.7078210848537738,1.5239186786587455,2.333880232993163
Beaver-South Fork (17070303),2019,26920.71541590727,58499.04116320507,30604.71014438107,27894.331018824018,43584.34996212625,2.1730121306003025,1.1368460931129993,1.036166037487304,1.6189892909150754
Beaver-South Fork (17070303),2020,23378.732426168015,51954.42037541543,17535.43574618056,34418.984629234816,53065.77419378696,2.222294153008159,0.7500593028967215,1.472234850111435,2.26983111087708
Beaver-South Fork (17070303),2021,16838.71052292399,40296.0699965068,10682.795181492038,29613.274815014753,42056.53908210034,2.3930615079847284,0.6344188390761054,1.7586426689086225,2.4976104331056197
Beaver-South Fork (17070303),2022,20623.81575059499,46547.19375180227,16094.513346903797,30452.680404898492,45224.10115526367,2.2569632271108415,0.7803848493186561,1.4765783777921864,2.1928095994534362
Beaver-South Fork (17070303),2023,24382.141376355885,54197.51665538783,25204.331007789275,28993.185647598602,44629.1895706996,2.2228366171293237,1.0337209771177314,1.1891156400115943,1.8304048394198018
Beaver-South Fork (17070303),2024,21225.086799278422,48991.33991405302,17385.63110670028,31605.70880735273,46759.34721099257,2.308180898262265,0.8191076564780564,1.4890732417842085,2.2030226614942383
Brownlee Reservoir (17050201),1985,22509.820767527992,52631.05028256938,19727.83474715795,32903.21553541139,50054.236145150026,2.338137243566745,0.8764101212043743,1.4617271223623693,2.223662136721977
Brownlee Reservoir (17050201),1986,25371.964336476114,64397.136472331,21885.972503351033,42511.16396897993,61100.951284366645,2.5381218268445296,0.8626045746046778,1.67551725223985,2.408207361245759
Brownlee Reservoir (17050201),1987,23041.3833690207,59967.63048901626,13212.237282974058,46755.39320604216,66698.23355637198,2.6026054741853373,0.5734133698212757,2.0291921043640597,2.8947148045827937
Brownlee Reservoir (17050201),1988,22732.768138480285,54671.28886576723,15644.051507674669,39027.23735809258,55630.378836056334,2.404955196513172,0.68817186769233,1.7167833288208427,2.44714495380303
Brownlee Reservoir (17050201),1989,22623.086357735272,59088.12115035208,24031.437599637076,35056.683550715,51907.097178744,2.6118505767073956,1.0622528341019333,1.5495977426054621,2.294430404319964
Brownlee Reservoir (17050201),1990,23674.037003171306,62424.82428689769,19854.748022309806,42570.07626458786,59074.67348179755,2.6368474577671495,0.8386718336061619,1.7981756241609865,2.49533585986556
Brownlee Reservoir (17050201),1991,25662.98793262201,64959.8652860913,21063.2539997553,43896.61128633601,59359.46120559836,2.53126664192973,0.8207638976044691,1.7105027443252612,2.3130378022016065
Brownlee Reservoir (17050201),1992,19252.97244758478,50865.330958932565,14968.761158933485,35896.569799999066,55983.20412807467,2.641946904427916,0.7774779296903458,1.8644689747375693,2.9077693992699594
Brownlee Reservoir (17050201),1993,26421.6868235817,61218.63532269071,28777.478814706832,32441.156507983862,46055.56400166692,2.3169843671015085,1.0891613017312187,1.2278230653702893,1.7430970365056986
Brownlee Reservoir (17050201),1994,25002.10509993129,60310.57252290123,16049.748401771267,44260.82412112995,61273.88533567055,2.4122197823681244,0.6419358825035646,1.7702838998645591,2.4507490505605043
Brownlee Reservoir (17050201),1995,26062.665851317353,65557.09362266977,30203.296165351847,35353.79745731795,50237.69267013929,2.5153640842675404,1.1588720945760504,1.3564919896914909,1.9275730639657491
Brownlee Reservoir (17050201),1996,25933.27919269749,65916.16437820933,27196.94127551495,38719.223102694385,55341.957015539534,2.541759716864906,1.0487274313991612,1.493032285465745,2.1340130804253703
Brownlee Reservoir (17050201),1997,25844.392601609703,66392.87626270899,24764.465745135087,41628.4105175739,57171.76547923036,2.5689470550208924,0.9582142682506938,1.6107327867701986,2.2121535746856535
Brownlee Reservoir (17050201),1998,24588.04421532698,62435.528957469665,29633.23663607495,32802.29232139476,45716.821734414334,2.5392637336543595,1.205188846114204,1.3340748875401574,1.859311026694702
Brownlee Reservoir (17050201),1999,24745.387880590893,60574.339075141776,18058.419611613917,42515.919463527855,60331.12842172435,2.447904206126969,0.7297691068232591,1.71813509930371,2.438075681531152
Brownlee Reservoir (17050201),2000,25307.343737579766,67276.16081215296,19782.508456567557,47493.65235558539,65018.250583034016,2.658365157156032,0.7816904319038356,1.876674725252196,2.569145590988521
Brownlee Reservoir (17050201),2001,24610.721989997215,62848.45890498731,17919.244052408954,44929.21485257841,59296.0242944259,2.5537023631623423,0.7281072070820211,1.8255951560803232,2.4093573654005835
Brownlee Reservoir (17050201),2002,25475.450120373032,66703.84594154038,14952.214152581895,51751.631788958475,67630.58248519369,2.6183578946146464,0.586926397058022,2.0314314975566243,2.654735526384622
Brownlee Reservoir (17050201),2003,25606.136003368054,71285.36547857289,20899.181426485884,50386.18405208705,65211.69402234448,2.7839173184582204,0.8161786465453807,1.9677386719128414,2.546721380131973
Brownlee Reservoir (17050201),2004,25701.128100342088,65099.82599470704,25729.068110293898,39370.757884413135,52118.72105528812,2.532955975338707,1.0010871122015628,1.5318688631371438,2.0278767862564915
Brownlee Reservoir (17050201),2005,25113.74284700411,64358.46336984023,24140.505761109667,40217.95760873053,52292.25209365759,2.5626790782210205,0.9612468323888034,1.6014322458322157,2.082216594007041
Brownlee Reservoir (17050201),2006,23515.31696124027,59991.935390252,20038.906351364098,39953.029038887915,56401.452927738996,2.551185488553493,0.8521639910018539,1.6990214975516396,2.3984985199520867
Brownlee Reservoir (17050201),2007,24339.8675716563,64594.306178872255,17573.788696185882,47020.51748268635,60756.337229937046,2.6538478892174466,0.7220166109962941,1.9318312782211517,2.496165480402515
Brownlee Reservoir (17050201),2008,25622.773193902925,62938.19996768843,18787.559394981105,44150.64057270732,60170.48981022192,2.456338331975124,0.7332367676521331,1.7231015643229906,2.348320744006734
Brownlee Reservoir (17050201),2009,25657.006264133073,64943.47624239676,26731.374439751122,38212.101802645615,49494.20254424102,2.5312180062560055,1.0418742609545975,1.4893437453014071,1.9290716163339328
Brownlee Reservoir (17050201),2010,26555.51977133962,63171.29337505311,27912.035748663515,35259.257626389604,44347.96899362482,2.378838520917656,1.0510822604492167,1.3277562604684396,1.6700094509725216
Brownlee Reservoir (17050201),2011,27332.86839885634,66345.485904769,27618.411415131333,38727.07448963765,53011.43893710246,2.427315162705171,1.0104468734165837,1.4168682892885867,1.9394758780355654
Brownlee Reservoir (17050201),2012,24195.53978925026,61451.043142359005,19571.15429979763,41879.88884256134,57787.70632113278,2.539767398355826,0.8088744648917823,1.7308929334640424,2.3883619387903487
Brownlee Reservoir (17050201),2013,26935.427467769874,67643.07890124891,21380.94007273207,46262.13882851686,58649.786384599196,2.5113051939564945,0.7937850660924488,1.7175201278640462,2.177421778613975
Brownlee Reservoir (17050201),2014,27028.694521973666,73439.82958473613,21475.34979129688,51964.479793439205,64124.81461102348,2.7171060564923457,0.7945389213614423,1.9225671351309015,2.37247176547471
Brownlee Reservoir (17050201),2015,26634.360178429306,71985.77258196718,23488.87128330034,48496.9012986668,59671.4842114883,2.702740824248039,0.8819010903938875,1.8208397338541504,2.2403948813388492
Brownlee Reservoir (17050201),2016,27581.87319557688,73262.03182857024,20260.976956662944,53001.05487190726,65833.1138220226,2.656165928582355,0.7345758140861898,1.9215901144961642,2.386825338337782
Brownlee Reservoir (17050201),2017,27295.201747160827,71607.60134178925,23910.619076852767,47696.982264936465,61405.07574221282,2.623450158203637,0.8760008186911418,1.7474493395124941,2.2496655753277226
Brownlee Reservoir (17050201),2018,27165.832723573803,71277.40796897559,18923.175058938432,52354.23291003717,64773.27809219572,2.623788812007331,0.696579974245273,1.9272088377620586,2.384365638679176
Brownlee Reservoir (17050201),2019,28644.939127692356,72292.08749232534,28943.150576207016,43348.93691611831,55333.41380042999,2.5237298347908625,1.0104106155431263,1.5133192192477358,1.931699472418731
Brownlee Reservoir (17050201),2020,27665.39654568699,70697.48019002934,24922.686361538585,45774.793828490765,56154.23812355179,2.5554479247488326,0.9008613457024172,1.6545865790464158,2.0297644398777357
Brownlee Reservoir (17050201),2021,26708.87624212799,69325.8059267893,18089.729249572185,51236.07667721712,62756.43418090104,2.595609238603663,0.6772927878200732,1.9183164507835901,2.3496471215031924
Brownlee Reservoir (17050201),2022,27813.690421758994,71739.25611076537,22589.434098098376,49149.82201266694,59522.7458677441,2.579278586298022,0.8121696098417196,1.7671089764563004,2.1400520738225635
Brownlee Reservoir (17050201),2023,28217.714107481297,75757.72449285508,28177.04416337121,47580.68032948385,59976.408662168076,2.684757674002006,0.9985587087616249,1.6861989652403804,2.125487856093441
Brownlee Reservoir (17050201),2024,27182.097887779746,74435.66820746886,21948.971148831275,52486.697058637554,67736.43333577143,2.7384077753959124,0.8074789237919298,1.9309288516039813,2.491950165709016
Bully (17050118),1985,13709.799780058005,29744.144301735207,10034.680272239968,19709.46402949524,30312.91520489021,2.1695535149244436,0.7319348519470145,1.437618662977429,2.2110399634707107
Bully (17050118),1986,13925.47717667643,31194.157646602827,10883.327371994395,20310.830274608437,31238.95210574338,2.2400781855324463,0.7815407137518214,1.4585374717806252,2.243294912584039
Bully (17050118),1987,12724.395658797243,30996.907310833994,6616.2510829752855,24380.65622785868,37269.42284395299,2.4360219645798047,0.5199658404523927,1.9160561241274094,2.9289739051918033
Bully (17050118),1988,9413.36442757831,20016.903804930298,5056.186727477081,14960.717077453231,23319.076573379432,2.126434598270394,0.5371285438247757,1.5893060544456195,2.477230829931708
Bully (17050118),1989,12378.289341122174,28303.09439512415,11204.509404480905,17098.584990643274,26289.577477031413,2.2865109721662304,0.905174301206401,1.3813366709598318,2.1238457716200134
Bully (17050118),1990,10957.926230844085,23419.755212053307,6806.884171240368,16612.871040812923,25342.22817267587,2.1372433723939475,0.6211836097308748,1.516059762663071,2.312684684930916
Bully (17050118),1991,12047.840125272585,23797.048999980827,8459.210848349501,15337.838151631346,23993.847901711688,1.9752128806940334,0.7021350516267836,1.2730778290672515,1.991547667650414
Bully (17050118),1992,6289.973128340831,13676.241238219094,4423.053353532366,9253.187884686717,14622.079535919826,2.174292474573196,0.7031911366367123,1.4711013379364821,2.324664865424765
Bully (17050118),1993,14175.139490351608,28565.046030878155,14555.02629100333,14010.019739874804,21553.082374971676,2.0151509655563618,1.026799510573444,0.9883514549829161,1.5204846759809247
Bully (17050118),1994,11134.206780186469,24544.20997732464,6297.22569314122,18246.98428418342,27872.678489144342,2.2043968162151906,0.5655747030266451,1.6388221131885456,2.503337600909685
Bully (17050118),1995,12810.938444224357,29361.814831924352,14378.022424497454,14983.792407426867,23641.611182426244,2.291933175680954,1.1223239021166007,1.1696092735643508,1.8454238372431453
Bully (17050118),1996,12337.193038143627,27985.218042903747,11195.830371519505,16789.38767138424,25906.105200387912,2.268361851547609,0.9074860332414916,1.3608758183061171,2.099837874003631
Bully (17050118),1997,13077.391572504604,30320.39428162409,10052.68745252247,20267.706829101608,31124.51307304545,2.3185353220877114,0.768707383027238,1.5498279390604728,2.3800245561572972
Bully (17050118),1998,13900.279252695687,32806.909051814466,16816.801792845166,15990.107258969309,24580.764960313976,2.3601618683633427,1.2098175502181998,1.1503443181451438,1.768364830191956
Bully (17050118),1999,13650.95808609822,31727.5878340039,8786.372484450778,22941.215349553135,35409.870479860285,2.3242022745871918,0.6436451147995679,1.6805571597876248,2.5939476377061603
Bully (17050118),2000,12482.861927988539,32123.418194777718,9473.348646782651,22650.06954799506,34855.766373632,2.573401707083851,0.7589083898734724,1.814493317210378,2.7922896668014805
Bully (17050118),2001,12499.50044324419,28201.498298499126,7439.468641039038,20762.029657460083,31967.59489692374,2.256210032277062,0.5951812774293688,1.6610287548476932,2.557509801457849
Bully (17050118),2002,12655.08116918171,29127.1910018742,6147.728145572568,22979.46285630162,35067.96117112854,2.3016202434802393,0.4857912852067535,1.8158289582734848,2.771057783218949
Bully (17050118),2003,11783.661067320287,27872.125528361943,7996.47942085371,19875.646107508244,30243.770545143547,2.3653196887731194,0.678607384850062,1.6867123039230583,2.5665852380139156
Bully (17050118),2004,12831.492592171668,29315.407051776514,10842.625280131073,18472.781771645434,28176.353868417787,2.2846451292549923,0.8450010941631235,1.439644035091868,2.195875005656616
Bully (17050118),2005,12826.13507248711,30811.795929443677,10675.95713534715,20135.83879409653,30561.456238937964,2.402266602940817,0.8323596371792286,1.5699069657615885,2.38274866639244
Bully (17050118),2006,12857.467170308275,31781.10467664195,11878.16469567636,19902.939980965577,30229.49282001059,2.471801347471763,0.9238339509904862,1.547967396481276,2.351123469311242
Bully (17050118),2007,11763.43815802663,28781.936055804978,6864.503514515345,21917.43254128962,32338.707216183073,2.446728215778139,0.5835456796133569,1.8631825361647814,2.7490863454845615
Bully (17050118),2008,13068.85841017293,29485.998395658647,7790.847581877008,21695.15081378164,32846.91676478612,2.256203064584926,0.5961383418013416,1.6600647227835845,2.513373068547269
Bully (17050118),2009,12787.747230558165,29619.892235954612,11396.446509454987,18223.445726499616,27445.488041935805,2.3162713261311274,0.8912004830859915,1.425070843045135,2.1462332299117435
Bully (17050118),2010,13468.886626802932,30717.12895786918,10510.887270616424,20206.24168725278,30620.710993161916,2.2805989692379205,0.7803827860351781,1.5002161832027443,2.273440399463089
Bully (17050118),2011,13523.061896064395,30654.638225199724,12922.060874862096,17732.577350337655,26746.536591532604,2.266841523081479,0.9555573267488181,1.3112841963326627,1.9778462005943065
Bully (17050118),2012,12227.23092576624,29507.67782845814,6549.120097010237,22958.557731447894,33999.51996625683,2.413275581986196,0.5356176011372604,1.877657980848935,2.780639391917446
Bully (17050118),2013,12302.873625329938,29221.77410970681,8869.219825269707,20352.554284437156,30077.889325091954,2.375199079468976,0.7209063585770071,1.654292720891973,2.4447856851236516
Bully (17050118),2014,11734.410913670567,29213.496352737213,7559.382025218339,21654.114327518866,31822.269098847177,2.4895579818756426,0.6442063500956552,1.8453516317799867,2.711876150661666
Bully (17050118),2015,12096.393723826744,30280.024133906052,10315.058905847167,19964.965228058856,29562.891267249386,2.5032273936538867,0.8527383566830491,1.650489036970835,2.443942545373518
Bully (17050118),2016,13351.621043715038,34231.15567722935,9838.954585113197,24392.201092116124,36307.85599294269,2.5638201957014695,0.7369108629505818,1.8269093327508856,2.7193593852061704
Bully (17050118),2017,13374.342626916688,33451.14356211517,10027.857741999824,23423.285820115358,34791.54869031832,2.5011430090621936,0.7497832246213091,1.7513597844408855,2.6013651407657363
Bully (17050118),2018,12144.968122913617,31817.323536203552,7211.007658991034,24606.31587721252,36043.1689123533,2.6197947342632033,0.5937444698093691,2.0260502644538345,2.9677450403802648
Bully (17050118),2019,14132.693703754892,35042.26688876863,14083.114079721408,20959.1528090472,31359.576938147988,2.4795178911617044,0.9964918489657558,1.4830260421959471,2.218938412980401
Bully (17050118),2020,13206.997832279983,33464.254970042624,9655.64742206312,23808.607547979514,35227.080971138195,2.5338275507436454,0.7311008561281958,1.8027266946154505,2.6673042139098153
Bully (17050118),2021,12888.117754363993,33771.1458043265,8395.250984708748,25375.894819617744,37593.07543599365,2.6203318783994964,0.6513946524011286,1.968937225998367,2.916878643761957
Bully (17050118),2022,12600.55288418099,30287.581583554223,8344.269358570224,21943.312224983976,32628.35177930314,2.403670843807014,0.6622145421131324,1.7414563016938798,2.5894381047569337
Bully (17050118),2023,14456.327359786981,36712.27465045563,13813.818910985981,22898.455739469606,34365.77776052969,2.5395298360894754,0.9555552089538136,1.5839746271356587,2.377213583038014
Bully (17050118),2024,13525.754523647494,36292.81880556521,10856.331229271535,25436.487576293694,37523.243787166786,2.683238021369777,0.8026414504485554,1.8805965709212227,2.7742070670855177
Burnt (17050202),1985,17645.580073912,36057.83193491584,13310.610465650348,22747.2214692655,40667.44410526278,2.0434483753937522,0.7543311361766645,1.2891172392170882,2.3046816219653397
Burnt (17050202),1986,18212.2866661379,41289.74145146032,13138.813279925931,28150.928171534404,50026.575097450754,2.2671365879733445,0.721425789127014,1.5457107988463314,2.746858536466217
Burnt (17050202),1987,16084.140285440515,39530.59374490692,9021.52781632101,30509.065928585893,54631.19763209785,2.4577374384560864,0.5608958673711248,1.8968415710849607,3.3965879843481854
Burnt (17050202),1988,15055.229199247367,33390.29822141119,8862.487157480133,24527.811063931043,43765.5042359901,2.217853861904701,0.5886650438987127,1.6291888180059872,2.9069968750909485
Burnt (17050202),1989,19131.102369086908,43801.50349377514,19344.381472252382,24457.122021522722,43704.151714024454,2.289544149037226,1.0111482913556566,1.2783958576815673,2.284455483581753
Burnt (17050202),1990,16044.357893579014,37370.142568521405,11141.581498331965,26228.561070189422,46349.27573140781,2.3291765751172266,0.6944236455103542,1.6347529296068712,2.8888208577020644
Burnt (17050202),1991,18773.225689857518,41129.62824080678,14744.622860841971,26385.005379964827,47116.9145219983,2.1908663391303924,0.7854069995444601,1.4054593395859334,2.509793218298858
Burnt (17050202),1992,16123.367880419555,37999.01130024549,12330.292019242197,25668.719281003323,45774.741817717135,2.3567663767315032,0.764746677660086,1.592019699071419,2.839031036022358
Burnt (17050202),1993,18754.917687363264,36622.99730606824,16919.410874178844,19703.586431889304,35390.35182062347,1.952714371588214,0.9021319717963278,1.0505823997918815,1.8869905168642183
Burnt (17050202),1994,16771.752458812654,40162.04277513314,10187.517012792452,29974.52576234067,53357.30547259346,2.3946241082296766,0.6074211408623229,1.7872029673673526,3.181379262758977
Burnt (17050202),1995,19668.17392312907,43465.43409370683,18776.146203338918,24689.287890367974,43966.44698759686,2.2099374483664205,0.9546461342432426,1.2552913141231812,2.235410727982931
Burnt (17050202),1996,19326.79666609726,43076.3454329746,16103.046079006666,26973.299353967926,47824.05559215686,2.228840411434472,0.8331978836024263,1.3956425278320455,2.4744946831281673
Burnt (17050202),1997,19341.90816618851,44759.356383471975,16389.081866936176,28370.27451653579,50571.53585686675,2.314112754485908,0.8473353159429143,1.4667774385429933,2.614609449199567
Burnt (17050202),1998,19969.2050459295,45367.21432511283,21927.533134113313,23439.681190999458,41844.41711114301,2.2718588056343503,1.0980674034684719,1.1737914021658753,2.0954473157494333
Burnt (17050202),1999,18167.326522043928,39857.69765626025,10119.612253796524,29738.085402463716,52849.22215449882,2.1939220175240197,0.5570226440041993,1.63689937351982,2.9090258321923406
Burnt (17050202),2000,18532.937257591682,44166.18133209688,13307.584904023743,30858.59642807313,54780.117514939346,2.3831182676672045,0.7180505021443663,1.6650677655228379,2.955824905331704
Burnt (17050202),2001,17205.64009257512,37015.99042820676,10189.806943442089,26826.183484764668,47398.291236140976,2.1513870003697537,0.5922364346002665,1.559150565769487,2.754811270090156
Burnt (17050202),2002,17678.513186879714,37399.32785541861,9317.072113132159,28082.25574228643,50006.88874593378,2.115524504808181,0.5270280376319721,1.5884964671762078,2.8286818137538225
Burnt (17050202),2003,16964.95479577229,39678.96977221899,12804.077338910223,26874.892433308778,47932.46640790336,2.338878602971998,0.7547368969176995,1.584141706054299,2.825381321961922
Burnt (17050202),2004,18092.038158485113,39872.5733767113,16055.091570842029,23817.48180586926,42739.90193775992,2.203874048210051,0.8874119891965979,1.3164620590134524,2.362359705598732
Burnt (17050202),2005,17564.32572743378,38682.92136493445,13912.111302812107,24770.810062122342,44166.87080778395,2.202357321608735,0.7920663462237398,1.4102909753849946,2.514578213429483
Burnt (17050202),2006,18036.901041550573,41409.020515355674,14812.888771106187,26596.131744249527,47728.60695160742,2.2957946279110857,0.821254645517131,1.4745399823939571,2.6461644847780543
Burnt (17050202),2007,14874.787323832934,34570.72312646631,8697.264403953546,25873.458722512736,46048.43910530397,2.3241154561635864,0.5846984037222817,1.7394170524413028,3.0957376467173727
Burnt (17050202),2008,17709.455858660636,37891.59388924348,11060.048195984615,26831.545693258842,48068.46703341266,2.139624965987476,0.6245278389271236,1.5150971270603517,2.7142825514825315
Burnt (17050202),2009,17165.560883286427,37895.05076354694,15331.841684714072,22563.20907883289,40681.80066319539,2.207620888196212,0.8931745247918004,1.314446363404413,2.369966291215453
Burnt (17050202),2010,17860.872308420865,36158.34305859244,14281.602794438017,21876.74026415448,39243.55511386041,2.024444407541331,0.7996027600345516,1.2248416475067825,2.1971802068904696
Burnt (17050202),2011,19187.09267866559,40313.02882566402,16380.98751521622,23932.041310447807,42649.04621271543,2.1010493617143293,0.8537503721671433,1.2472989895471862,2.222798780772948
Burnt (17050202),2012,15988.543055113354,35030.79466900489,11186.07017748091,23844.724491524,42253.430160463206,2.190993547582909,0.699630362749247,1.4913631848336633,2.642731737020277
Burnt (17050202),2013,15234.874281421302,31566.875897457234,10238.814915378052,21328.06098207921,37391.504827125864,2.072014203356608,0.6720642865996034,1.3999499167570064,2.454336290304951
Burnt (17050202),2014,16097.623487456582,37420.338915584936,10308.204308583554,27112.134607001404,47850.902594230276,2.3245877843237674,0.6403556597416882,1.6842321245820808,2.972544526930708
Burnt (17050202),2015,16430.108402498765,38522.22068301205,13116.385075628232,25405.835607383804,44460.792043862406,2.344611474209958,0.7983139705659783,1.546297503643979,2.706055916046215
Burnt (17050202),2016,16183.809058136127,36203.63390036579,10701.1417440733,25502.492156292472,44377.68956416431,2.237027993243967,0.661225160630123,1.5758028326138425,2.742104124236081
Burnt (17050202),2017,17923.88217264431,38611.408715075435,13340.29588921065,25271.112825864773,43996.596059998825,2.1541878228816262,0.7442749154851511,1.4099129073964742,2.454635420843542
Burnt (17050202),2018,17931.626935201584,39679.32711914787,12469.44575237046,27209.881366777452,47514.316492087375,2.212812438187266,0.6953884216658381,1.5174240165214303,2.6497493319366354
Burnt (17050202),2019,18902.071137678347,41333.34162853082,17007.038804774555,24326.302823756232,42363.41201214863,2.186709664113961,0.8997447253742296,1.28696493873973,2.2412047708202585
Burnt (17050202),2020,18474.66433087001,40216.133656982434,13747.971332456833,26468.16232452562,45977.696312662796,2.1768262165274517,0.7441526994070918,1.432673517120361,2.4886891306510472
Burnt (17050202),2021,16958.607712225,37846.762459416255,9751.163682262442,28095.598777153795,48700.37551004382,2.2317140122377825,0.5749978917923252,1.6567161204454564,2.8717201515863264
Burnt (17050202),2022,19426.276426647004,42002.669961605774,13920.438338024978,28082.231623580836,49036.83826582355,2.1621575354498073,0.7165777955743659,1.4455797398754435,2.524253088387014
Burnt (17050202),2023,20002.13337684173,45967.908626335826,19426.623735768917,26541.28489056694,46578.35475134597,2.2981502902863853,0.9712275870663309,1.3269227032200561,2.3286693411050803
Burnt (17050202),2024,18138.52581277063,41331.7917105402,13308.14568401424,28023.646026525825,48665.683430617064,2.2786742504421222,0.7336949993281424,1.5449792511139724,2.683001029573939
Butte (18010205),1986,32103.971461457535,71837.9343189538,28902.62083246049,42935.31348649331,0.0,2.237665031729764,0.9002817881008762,1.3373832436288873,0.0
Butte (18010205),1987,27141.817573114553,61307.73333673023,18038.088114201644,43269.64522252857,0.0,2.25879247664898,0.6645865946748294,1.59420588197415,0.0
Butte (18010205),1988,25265.134915996197,51743.58132901068,17163.500097315566,34580.08123169504,0.0,2.0480231552711836,0.6793353827075265,1.3686877725636541,0.0
Butte (18010205),1989,28131.076774999514,58256.7170753853,28899.68957228671,29357.027503098572,0.0,2.0709024948223407,1.02732255161915,1.04357994320319,0.0
Butte (18010205),1990,27416.302254697926,65652.95901504603,26065.740725657248,39587.21828938875,0.0,2.394668632010579,0.9507387423550434,1.4439298896555341,0.0
Butte (18010205),1991,26219.175953774644,53566.58869012976,19616.070494941763,33950.518195188,0.0,2.0430309779593987,0.7481573993601327,1.2948735785992662,0.0
Butte (18010205),1992,23843.387171132483,56971.14514829158,15420.487948256352,41550.65720003523,0.0,2.389389759910762,0.6467406596880727,1.7426491002226892,0.0
Butte (18010205),1993,26656.46769351494,53012.49841775023,29989.15074630865,23023.347671441563,0.0,1.988729303044426,1.125023431127917,0.8637058719165085,0.0
Butte (18010205),1994,26146.181301179462,62392.002891487224,17437.47785678372,44954.52503470352,0.0,2.3862759220090277,0.6669225481121065,1.7193533738969218,0.0
Butte (18010205),1995,28554.500461866435,61735.98144076035,33414.82492603337,28321.156514726994,0.0,2.1620403243687156,1.1702122042253105,0.9918281201434056,0.0
Butte (18010205),1996,26497.74319507854,60357.61884208742,28132.844501812815,32224.774340274635,0.0,2.2778399804741754,1.0617071912387606,1.2161327892354163,0.0
Butte (18010205),1997,27318.77407102476,64928.62631026964,28492.341726640836,36436.2845836288,0.0,2.3767035131761345,1.042958284019809,1.3337452291563257,0.0
Butte (18010205),1998,28748.00925306317,55390.98530716009,33379.96793218472,22011.017374975378,0.0,1.926776383698918,1.161122762913679,0.7656536207852392,0.0
Butte (18010205),1999,27913.239578544264,62875.636843616485,23530.526882848884,39345.10996076758,0.0,2.252538142937244,0.8429880314191769,1.4095501115180666,0.0
Butte (18010205),2000,28434.537315397814,65503.097640302,23478.50916627692,42024.58847402513,0.0,2.303645630443612,0.8257039284955371,1.4779417019480763,0.0
Butte (18010205),2001,28445.046154680876,68112.31911347854,16060.993037192493,52051.326076286074,0.0,2.394523065390424,0.5646323423015265,1.8298907230888983,0.0
Butte (18010205),2002,29062.130939648974,71257.97031940238,19238.204676113917,52019.765643288425,0.0,2.4519182873196104,0.661968137025615,1.7899501502939943,0.0
Butte (18010205),2003,28689.45343879616,65870.27901999388,21978.366225115213,43891.91279487869,0.0,2.295975389022882,0.7660782479527587,1.5298971410701243,0.0
Butte (18010205),2004,29003.8731255072,67977.47979085657,24523.619529782074,43453.86026107447,0.0,2.34373800687586,0.8455291272190469,1.4982088796568123,0.0
Butte (18010205),2005,30920.767842113004,69474.3973074936,27252.49676972271,42221.900537770896,0.0,2.2468522664845305,0.8813654599031582,1.365486806581373,0.0
Butte (18010205),2006,29485.587938175027,70189.59989963676,21249.261846292895,48940.338053343825,0.0,2.380471437327597,0.720666038298034,1.6598053990295614,0.0
Butte (18010205),2007,29843.972736809643,74147.54038442034,25507.418252254,48640.122132166325,0.0,2.484506370459404,0.8546924525498267,1.629813917909577,0.0
Butte (18010205),2008,30461.790311387944,69607.88826944314,21190.432854036313,48417.45541540681,0.0,2.2850885505380383,0.6956397715768664,1.5894487789611715,0.0
Butte (18010205),2009,32558.974943410245,76021.25063225001,25490.871535838938,50530.37909641104,0.0,2.3348785016844116,0.7829138226907892,1.5519646789936212,0.0
Butte (18010205),2010,30727.046155777134,66083.36611686935,21609.33144795305,44474.034668916254,0.0,2.150657950713714,0.7032674516906071,1.4473904990231052,0.0
Butte (18010205),2011,30947.984867056042,65212.0526816874,27234.101874220774,37977.950807466674,0.0,2.1071502057991913,0.8799959671432864,1.2271542386559064,0.0
Butte (18010205),2012,29280.4892939896,68483.0670227361,24160.094511599356,44322.97251113675,0.0,2.3388634778310755,0.8251260513108534,1.5137374265202226,0.0
Butte (18010205),2013,31269.76921400469,70524.63712126124,25643.086895497196,44881.55022576403,0.0,2.2553616126362583,0.8200599985244698,1.4353016141117882,0.0
Butte (18010205),2014,31531.317279290844,78926.52295860971,28912.190790872744,50014.33216773695,0.0,2.50311530785449,0.9169357098144996,1.5861795980399904,0.0
Butte (18010205),2015,33293.995284426324,81751.49746992796,29225.598437311375,52525.89903261655,0.0,2.4554426938411993,0.8778038858851527,1.5776388079560457,0.0
Butte (18010205),2016,32911.203627569615,77819.71913007008,28428.516885808778,49391.202244261265,0.0,2.364535797921433,0.8637945061964946,1.5007412917249372,0.0
Butte (18010205),2017,32400.37433636075,76113.49714887507,29323.787523922092,46789.709624952986,0.0,2.349154869592295,0.9050447139746156,1.4441101556176794,0.0
Butte (18010205),2018,33228.26624640203,76005.55070135272,25563.352023914234,50442.198677438595,0.0,2.2873763601669297,0.7693254843436871,1.5180508758232456,0.0
Butte (18010205),2019,32530.85763854756,72286.65991427898,31362.027805131776,40924.63210914722,0.0,2.2220951171180507,0.9640701193186259,1.2580249977994256,0.0
Butte (18010205),2020,32525.96009243502,73449.12090957625,17264.169358005085,56184.95155157113,0.0,2.258169188575597,0.530781237784905,1.7273879507906913,0.0
Butte (18010205),2021,30536.530942998008,73987.22823513074,20089.786916926056,53897.4413182047,0.0,2.422908757161754,0.6578935555720884,1.7650152015896658,0.0
Butte (18010205),2022,32617.10376630201,75057.98200586201,19608.411930013794,55449.57007584823,0.0,2.301184757041712,0.6011696216348921,1.7000151354068205,0.0
Butte (18010205),2023,34018.38865876435,77734.00743589313,30408.61023036042,47325.39720553275,0.0,2.285058478684471,0.8938874364505233,1.391171042233949,0.0
Butte (18010205),2024,31578.037910003666,74315.15608059969,26779.371497510416,47535.784583089306,0.0,2.353381052122217,0.8480378538347035,1.5053431982875147,0.0
Chetco (17100312),1985,870.514995623,2090.2136622428675,1699.5237396109305,390.68992263193735,752.0083598416107,2.401123096962813,1.9523198889809306,0.4488032079818831,0.8638660604616262
Chetco (17100312),1986,653.5720890218977,1616.8742091199063,1485.3676424687847,131.506566651121,253.75456632515554,2.4739033937933868,2.272691363995836,0.2012120297975499,0.3882579605027374
Chetco (17100312),1987,771.5810726184612,1988.8505819454556,1543.5617961297214,445.2887858157344,851.606351194708,2.5776300800070575,2.000517963577622,0.5771121164294358,1.1037159689579614
Chetco (17100312),1988,363.90741036016254,895.8935350079649,816.1226089182131,79.77092608975194,144.75588716537044,2.461872194691751,2.2426655398704,0.21920665482135115,0.3977821914154048
Chetco (17100312),1989,753.0399551960459,1603.8192864320633,1567.9703399276714,35.84894650439225,67.01883849222162,2.129793081184552,2.0821874445154336,0.047605636669118524,0.0889977192176662
Chetco (17100312),1990,474.49071100654425,1066.2602728689026,956.9076656867319,109.35260718217042,195.9988530365729,2.247167854154676,2.0167047393969617,0.23046311475771378,0.4130720549213653
Chetco (17100312),1991,786.7852398254881,1772.1073070456441,1638.3976245718336,133.7096824738106,248.150493173474,2.2523392882137747,2.0823949683337175,0.16994431988005762,0.31539800267289547
Chetco (17100312),1992,343.49165406727826,829.0903767018435,735.7222246737186,93.36815202812465,175.76148204082983,2.4137133082699385,2.141892578646513,0.27182072962342496,0.5116906916358561
Chetco (17100312),1993,399.2605368903158,859.3245320941494,811.7995781316027,47.52495396254654,92.21708604613151,2.1522901782056705,2.0332577430626935,0.11903243514297662,0.23096969904507553
Chetco (17100312),1994,596.9600968710643,1355.4827685734972,1269.7542597423756,85.72850883112149,163.86256950452088,2.270642168007863,2.127033727040932,0.14360844096693073,0.27449501292196604
Chetco (17100312),1995,491.7542916879111,1182.980336587064,1128.550840757213,54.42949582985106,100.43355857812104,2.405632968705915,2.2949486355951136,0.11068433311080161,0.20423524568212734
Chetco (17100312),1996,613.6450094772861,1542.4277878832313,1380.4115718823598,162.0162160008718,304.54034901443464,2.513550609980678,2.2495279038579965,0.2640227061226818,0.49628098381154867
Chetco (17100312),1997,904.4785899174337,2239.4514404566667,2192.934019115527,46.51742134113959,86.2167831826831,2.4759584863817476,2.4245283896832883,0.05143009669845914,0.09532208295892719
Chetco (17100312),1998,838.9419271189084,1797.9204591338269,1607.3290426048825,190.59141652894434,372.02758280322547,2.1430809463871228,1.915900243685241,0.22718070270188157,0.44344855201222494
Chetco (17100312),1999,545.9166979927116,1302.1095444575376,1114.2113912179527,187.89815323958499,362.1421497586263,2.3851799170922625,2.0409915932500535,0.34418832384220927,0.6633652187049629
Chetco (17100312),2000,720.6031620426306,1813.3445986310712,1573.6004644398042,239.74413419126685,463.04574729688517,2.5164260915688215,2.183726837916249,0.33269925365257236,0.6425807874396915
Chetco (17100312),2001,796.6175205334976,2003.0049143976546,1897.4645747659688,105.5403396316855,197.4977421609477,2.5143872219333505,2.3819016351727114,0.1324855867606386,0.247920409820616
Chetco (17100312),2002,702.8340050793199,1744.6066533127994,1433.798719433058,310.807933879741,589.9722313323074,2.482245652180571,2.040024684450553,0.4422209677300176,0.8394190193824284
Chetco (17100312),2003,585.3148262411472,1293.2554500594306,1108.756551047579,184.49889901185094,339.78650631477296,2.209504000376397,1.894290903526124,0.3152130968502721,0.5805192198818185
Chetco (17100312),2004,608.6188102848438,1446.0514016116576,1299.856444418406,146.19495719325198,273.7684793628778,2.3759558153236857,2.1357480617630786,0.24020775356060767,0.4498192871080498
Chetco (17100312),2005,782.2468475847743,1792.9094813391923,1784.9070970529258,8.002384286266956,12.149786082788006,2.291999625022317,2.2817696262553366,0.010229998766980924,0.015531908016377528
Chetco (17100312),2006,717.7836794934021,1752.4728779317538,1578.5916966954642,173.88118123628968,327.7889978912702,2.4415056067708525,2.1992582748741287,0.24224733189672362,0.45666822366679793
Chetco (17100312),2007,701.0041457689326,1724.6934163164515,1562.7901925710812,161.90322374537038,306.2606197900368,2.460318425684391,2.229359415352464,0.23095901033192673,0.4368884572773803
Chetco (17100312),2008,621.4984206157865,1518.877502936659,1270.0841951160905,248.79330782056854,471.72788378283917,2.4438959980489425,2.043583946452638,0.4003120515963046,0.7590170274534999
Chetco (17100312),2009,602.6218147589118,1474.786622299764,1281.8681763255584,192.91844597420507,368.9874799356308,2.44728382906247,2.127151963190031,0.3201318658724379,0.612303555727152
Chetco (17100312),2010,619.094995531116,1409.8220964201641,1399.8844236595523,9.937672760611823,13.665515618271485,2.277230645695481,2.26117871047981,0.01605193521567136,0.022073374388284245
Chetco (17100312),2011,834.2664494598346,1964.4316948072124,1921.9986189523818,42.43307585483049,78.51578983465885,2.354681404339261,2.3038186663227616,0.05086273801649915,0.09411356513916595
Chetco (17100312),2012,758.7956256912227,1707.8646613624398,1640.1222529016716,67.74240846076809,125.21229521533094,2.250757125552306,2.1614809012737877,0.08927622427851813,0.16501451902977057
Chetco (17100312),2013,728.3525086542458,1904.5434341972177,1775.5778465228184,128.96558767439907,250.13106832965292,2.614864933624219,2.4378001385668298,0.17706479505738887,0.3434203429762496
Chetco (17100312),2014,762.4214608298519,2072.5019814681823,1923.733323508428,148.7686579597541,285.76340490012234,2.7183153779700575,2.523188842841012,0.19512653512904526,0.37481028483784457
Chetco (17100312),2015,853.8935423257508,2071.507203477652,1776.6286927731294,294.8785107045227,561.8798275222043,2.425954877039456,2.080620832351213,0.3453340446882427,0.6580209354807997
Chetco (17100312),2016,899.8205916668694,2243.395247419256,1958.7394335538595,284.65581386539634,547.7342247115415,2.4931583786757834,2.17681107955687,0.3163472991189129,0.6087149258241504
Chetco (17100312),2017,931.0818063643383,2325.1680523815544,2210.4551252440747,114.7129271374797,221.22372150350668,2.4972757887524453,2.3740718700920564,0.12320391866038868,0.23759858692474592
Chetco (17100312),2018,941.0068265851331,2176.0879714691337,1898.5677901553952,277.5201813137383,539.9268410393892,2.3125102921580796,2.017591941437028,0.2949183507210518,0.5737756898095594
Chetco (17100312),2019,701.4370247189478,1638.5755157766498,1582.2094371986484,56.366078578001606,109.30015512589345,2.3360265541061156,2.2556685510472008,0.08035800305891523,0.15582319049908708
Chetco (17100312),2020,984.7617280710001,2534.7330458036913,2469.243549829401,65.48949597428948,127.04066352358674,2.5739556824256886,2.507452797405396,0.0665028850202917,0.12900649964579783
Chetco (17100312),2021,742.9595087560001,1901.1138167225777,1801.0827717438788,100.03104497869873,185.09245954456296,2.5588390676980137,2.4242004450008103,0.13463862269720347,0.24912859632751574
Chetco (17100312),2022,881.028655961,2104.5866328567604,2062.458378114607,42.128254742153324,30.77158581142993,2.3887834051903107,2.340966283173773,0.047817122016537664,0.034926884163450043
Chetco (17100312),2023,1015.5215397075059,2316.887060717714,2162.972630642177,153.91443007553733,257.003317688689,2.281475055058933,2.1299130998887175,0.1515619551702156,0.25307520090879804
Chetco (17100312),2024,877.981620167398,2267.7231602428997,2190.0820141356253,77.64114610727371,140.10141786582378,2.5828822701442546,2.494450867568343,0.08843140257591095,0.15957215350261172
Clackamas (17090011),1985,7879.141069225006,16367.137304721979,10509.805335141413,5857.331969580575,9265.855230687188,2.077274307049798,1.3338770359362484,0.7433972711135509,1.175998138538035
Clackamas (17090011),1986,7385.799828333179,16007.472510251097,13263.712515063246,2743.7599951878647,4269.863263577679,2.167330943473951,1.7958396955440625,0.37149124792989063,0.5781179239650878
Clackamas (17090011),1987,3094.9960802193955,6759.854048697777,5032.894820946716,1726.959227751062,2572.19720332147,2.184123621965489,1.6261393198888796,0.5579843020766097,0.8310825398974768
Clackamas (17090011),1988,2491.941283924875,4628.439048087692,4106.87635372382,521.5626943638717,800.1675643237857,1.8573628030263118,1.648063050368257,0.20929975265805478,0.321102093972094
Clackamas (17090011),1989,4983.408856710029,9182.834199280747,8430.315913744866,752.5182855358811,1130.9561229729538,1.8426812776792942,1.6916765523650878,0.15100472531420636,0.22694427760029184
Clackamas (17090011),1990,5002.628155531108,9995.52277634521,8313.764974648018,1681.7578016971909,2579.4879095482293,1.9980543157687536,1.6618794593909572,0.3361748563777964,0.5156265525544295
Clackamas (17090011),1991,6032.032235711648,12193.6557147398,11544.367810031585,649.2879047082062,1008.5689211649806,2.021483844623588,1.9138438521075976,0.10763999251598899,0.16720217693697245
Clackamas (17090011),1992,5653.9454618810105,11398.123142595232,8522.019566363964,2876.1035762312854,4330.342732880451,2.015959159748101,1.5072695030080419,0.5086896567400625,0.7658975068075364
Clackamas (17090011),1993,4921.421868312387,8479.781787836619,8385.44438366894,94.33740416768082,143.5693739086261,1.7230349307047792,1.7038662012822743,0.019168729422505332,0.029172336318702485
Clackamas (17090011),1994,4838.144385923532,9753.160778509613,8210.076479815876,1543.084298693733,2260.7301759848037,2.0158887376090315,1.6969473882802881,0.31894134932874274,0.46727215966566543
Clackamas (17090011),1995,5090.787154983866,11517.643851234106,10543.47124912207,974.1726021120355,1507.8257879059738,2.2624485174082296,2.0710886014552865,0.19135991595294324,0.29618715966740367
Clackamas (17090011),1996,4809.684983854788,8367.25720925377,8021.976561039651,345.2806482141108,530.342856125985,1.7396684475887894,1.66787982746644,0.07178862012234757,0.11026561155382249
Clackamas (17090011),1997,5074.02825093968,8696.972635742677,8388.269246979224,308.7033887634477,511.6479193983739,1.7140173853253673,1.6531774819002565,0.06083990342510956,0.10083663198044271
Clackamas (17090011),1998,1588.3655197042694,3183.829698710315,3123.303846227919,60.525852482395806,90.13095371747424,2.004469159783258,1.9663634141399853,0.03810574564327286,0.05674446630789071
Clackamas (17090011),1999,7458.201816187411,14585.084268008173,13302.865655707148,1282.218612301021,2093.9733169893843,1.955576508583135,1.7836558977037034,0.17192061087943095,0.2807611497512159
Clackamas (17090011),2000,8041.946587553266,16454.02338771542,13864.335853161603,2589.687534553839,4186.928741366644,2.046024952861755,1.72400247902912,0.3220224738326374,0.520636228527912
Clackamas (17090011),2001,7837.811795165425,15951.26797034317,13902.322581198188,2048.9453891449516,3331.6756356993747,2.0351685377521243,1.7737504988029336,0.2614180389491869,0.4250772693667437
Clackamas (17090011),2002,9038.99702050367,18682.863705521355,15415.441169850503,3267.422535670855,5442.3797644495635,2.06691778558417,1.705437133664585,0.3614806519195852,0.6020999622086726
Clackamas (17090011),2003,8122.216638971615,15423.689853124211,11186.929454636494,4236.760398487738,6808.234122600999,1.8989508084676088,1.377324682643889,0.5216261258237223,0.8382236555885582
Clackamas (17090011),2004,8102.669250840308,16806.314088837935,14522.474825968013,2283.8392628699085,3742.683608298693,2.0741700751385097,1.792307494775493,0.2818625803630152,0.4619074890549862
Clackamas (17090011),2005,7240.119535320215,15599.523155486188,13958.157978527099,1641.3651769590829,2688.4280984602347,2.1545946968672878,1.927890542474277,0.22670415439301014,0.37132371714928203
Clackamas (17090011),2006,7129.5518071718925,14610.346912417259,11515.038494905737,3095.308417511541,4965.710301465944,2.049265831509934,1.6151139379227617,0.43415189358717476,0.6964968396008769
Clackamas (17090011),2007,7091.586055121221,14113.192834849322,10254.926907762889,3858.2659270864474,6116.683959030698,1.9901320699136713,1.4460695855699652,0.5440624843437081,0.8625269314208642
Clackamas (17090011),2008,6571.285106375366,12691.283147236762,10677.806969630958,2013.476177605794,3210.629828333701,1.9313243820335633,1.6249191439390605,0.30640523809450126,0.4885847709177607
Clackamas (17090011),2009,7205.395873065219,14454.212442583113,11225.644444961497,3228.567997621622,5086.726819212207,2.006026136137084,1.5579497147303913,0.44807642140669357,0.7059607700705391
Clackamas (17090011),2010,6369.551072288041,12698.067054835079,12523.081713608197,174.98534122686738,286.24833857102874,1.9935576166553506,1.966085454293989,0.027472162361359315,0.04494011199885142
Clackamas (17090011),2011,7386.348911922857,13740.316341899352,13216.412773922752,523.9035679766049,915.5742976357659,1.8602311515124992,1.7893025270697887,0.07092862444271121,0.12395492124097592
Clackamas (17090011),2012,4811.686362259417,9054.63112683106,7783.876713110711,1270.7544137203424,2063.680583975378,1.8817999439554678,1.6177024284383419,0.2640975155171244,0.4288892559918095
Clackamas (17090011),2013,7212.139926643747,14263.741879424255,12570.261629018185,1693.48025040605,2739.450169322623,1.97774059079606,1.7429309132758193,0.23480967752023785,0.37983874372740545
Clackamas (17090011),2014,8355.063676890471,19219.384239905532,16443.403557858146,2775.980682047391,4395.517781138888,2.30032767949633,1.9680763898113025,0.332251289685028,0.5260902790360037
Clackamas (17090011),2015,9195.508234884239,19074.05092610394,14444.075944507738,4629.974981596227,7538.672027446631,2.0742791413903903,1.5707751627813722,0.5035039786090206,0.8198211381996042
Clackamas (17090011),2016,8265.66795157086,18406.980508419467,14990.767250156516,3416.213258262969,5514.742523822879,2.2269199072921007,1.8136183715567202,0.41330153573538236,0.6671865548113171
Clackamas (17090011),2017,9845.522728673277,19626.191916324504,16077.425278463337,3548.7666378611407,5780.550051451166,1.9934128900202346,1.6329681746242675,0.3604447153959647,0.5871247480457665
Clackamas (17090011),2018,11613.213816091893,23000.669242180968,17066.284611970194,5934.38463021072,9649.886303980084,1.980560214116613,1.4695574267583218,0.5110027873582865,0.8309402080075958
Clackamas (17090011),2019,11837.233971738642,24123.99207622303,20664.907485449457,3459.0845907735556,5512.892999569946,2.037975436982912,1.745754754428852,0.2922206825540586,0.4657247641410114
Clackamas (17090011),2020,11882.767687994998,24699.38198769242,22250.79640041812,2448.585587274293,4066.625611728114,2.0785883083993872,1.8725264167957945,0.2060618916035922,0.34222882400003257
Clackamas (17090011),2021,12268.036911717014,24950.98512240736,18587.26963696842,6363.715485438907,10458.544894758514,2.033820512764928,1.5150973029120904,0.5187232098528347,0.8525035398915142
Clackamas (17090011),2022,15200.41873619902,28916.478008106522,25779.086668640946,3137.3913394655483,5113.183083389469,1.9023474622605894,1.6959458233377063,0.2064016389228812,0.3363843570448941
Clackamas (17090011),2023,13757.86751127654,24938.424262999426,17809.25751160825,7129.166751391223,11749.83696219961,1.8126664065167672,1.2944780502509579,0.5181883562658132,0.8540449275710017
Clackamas (17090011),2024,14432.856889836425,29700.554638420945,27503.959656499504,2196.594981921371,3632.005798517741,2.0578430774392276,1.9056490247518294,0.15219405268739322,0.2516484315087603
Coast Fork Willamette (17090002),1985,2709.1469451560006,5600.29067775833,3374.5715483713093,2225.719129387025,3381.469908820424,2.067178632658425,1.2456214508427086,0.8215571818157179,1.2481677728358544
Coast Fork Willamette (17090002),1986,3215.1403590434193,7056.386289872444,4948.670800136682,2107.7154897357664,3202.1923609352184,2.1947366216919644,1.539177220122679,0.6555594015692869,0.9959728047107551
Coast Fork Willamette (17090002),1987,1703.1480245676912,3846.1991350042313,2328.838104327546,1517.3610306766834,2282.793274082412,2.2582882283414616,1.3673726949944196,0.8909155333470408,1.340337563824995
Coast Fork Willamette (17090002),1988,1891.7377634609152,3629.5870330480248,3104.207494475596,525.379538572429,782.2224621263591,1.9186523117283083,1.640929072958019,0.2777232387702894,0.4134941307590599
Coast Fork Willamette (17090002),1989,2817.6327277232735,5677.06018779182,4081.194502864576,1595.8656849272431,2445.479108732083,2.014833278991277,1.4484480048477772,0.5663852741434997,0.867919755712129
Coast Fork Willamette (17090002),1990,2804.156657390677,6245.212873143431,4172.933806312199,2072.2790668312314,3195.6518765320743,2.227126953368834,1.488124351153475,0.7390026022153583,1.1396124635581848
Coast Fork Willamette (17090002),1991,2542.4243692616096,5390.911287304928,4558.581024240964,832.3302630639573,1254.7777312271012,2.1203821645520957,1.7930055577483717,0.3273766068037214,0.49353591257132395
Coast Fork Willamette (17090002),1992,3147.1219325302563,7508.325253050499,4706.615727942141,2801.7095251083624,4258.100013140037,2.3857751348750176,1.4955301474951328,0.8902449873798866,1.3530139932381218
Coast Fork Willamette (17090002),1993,5570.356834107119,9506.777822453041,9139.19940043427,367.5784220187682,539.7683068318361,1.706673038295023,1.640684730370457,0.06598830792456548,0.09690013098027254
Coast Fork Willamette (17090002),1994,1763.476527467808,3586.920604217935,2961.5130661169856,625.4075381009485,931.3840710658889,2.0340053005232948,1.679360637915294,0.35464466260800015,0.5281522359717891
Coast Fork Willamette (17090002),1995,2848.5450473808824,5945.115738481235,5185.184999342442,759.9307391387952,1170.4728106415157,2.0870709922412916,1.8202924345921796,0.2667785576491127,0.4109019837048799
Coast Fork Willamette (17090002),1996,2246.8230859865353,5039.8293278460305,4303.812931653865,736.0163961921655,1092.4648967269109,2.243091304909368,1.9155103748474023,0.32758093006196587,0.4862264873191969
Coast Fork Willamette (17090002),1997,3572.3717118033237,8446.035289181978,7273.19008727689,1172.845201905086,1736.216965165374,2.3642655273738136,2.0359555707055477,0.32830995666826535,0.4860124044283556
Coast Fork Willamette (17090002),1998,2381.8232277587235,4341.457216194767,4022.3692253111694,319.0879908835969,488.8352389205487,1.8227453513752334,1.6887773947423406,0.13396795663289257,0.2052357342154811
Coast Fork Willamette (17090002),1999,3445.6694651696516,7554.737639051206,5481.618253987601,2073.1193850636046,3091.9754296911096,2.192531151179134,1.5908717621925779,0.6016593889865557,0.8973511420483486
Coast Fork Willamette (17090002),2000,3690.0581369460892,8349.983316086496,5704.289290716452,2645.6940253700436,3993.364069595423,2.2628324558043373,1.5458535012235204,0.7169789545808168,1.0821954347040048
Coast Fork Willamette (17090002),2001,3870.6783505643753,8201.561090682068,5666.515098384957,2535.0459922971086,3832.2821060116703,2.1188950224929477,1.4639591785142092,0.6549358439787379,0.9900802285606846
Coast Fork Willamette (17090002),2002,3848.0909642605125,8668.84532560657,5888.498391169675,2780.346934436897,4218.025113872492,2.2527651778815114,1.5302388758113123,0.7225263020701996,1.0961344607099404
Coast Fork Willamette (17090002),2003,3841.2968358354524,7961.094341405032,5042.039154280736,2919.0551871242947,4406.237109405752,2.072501730961272,1.3125877456913926,0.759913985269879,1.147070194706114
Coast Fork Willamette (17090002),2004,3465.7431592228713,8001.080040110673,6157.870308937571,1843.2097311731006,2771.1448071550826,2.3086188654282065,1.7767820712710747,0.5318367941571315,0.7995817000404786
Coast Fork Willamette (17090002),2005,3557.394647774051,7987.650114907314,6465.26856899921,1522.381545908103,2323.0868719951063,2.2453651916031814,1.8174167358813247,0.4279484557218565,0.653030406240904
Coast Fork Willamette (17090002),2006,3737.5128727167425,8432.837368705752,6414.167613656786,2018.6697550489662,3009.0805663457827,2.256269785788336,1.7161593369963226,0.5401104487920132,0.8051023953152372
Coast Fork Willamette (17090002),2007,3861.6660731884317,8089.296455313208,4969.208107250793,3120.0883480624134,4627.63860548813,2.09476850198862,1.2868041961867265,0.807964305801893,1.19835286577932
Coast Fork Willamette (17090002),2008,2613.063753001608,5753.17813574013,3695.0234501006375,2058.1546856394957,3052.3300583059026,2.2016983432308126,1.4140579026654785,0.7876404405653356,1.1681039373033715
Coast Fork Willamette (17090002),2009,3608.176832919838,7612.692593622778,5480.616959805381,2132.075633817402,3201.0549674750214,2.109844651782871,1.5189435589192872,0.5909010928635852,0.8871668756003396
Coast Fork Willamette (17090002),2010,2668.521976314902,5575.554650167826,5434.769350267936,140.78529989989013,215.6786811156133,2.0893793267040635,2.036621544999635,0.0527577817044279,0.08082327334379122
Coast Fork Willamette (17090002),2011,3954.4929548340224,8284.166045371596,7416.407720733945,867.7583246376535,1293.1669558007725,2.0948743972966057,1.875438344546305,0.2194360527503013,0.3270120772929912
Coast Fork Willamette (17090002),2012,3771.952349434315,7659.731792235897,6272.569114091666,1387.1626781442283,2130.4190972975707,2.0307074646329077,1.6629502530784548,0.3677572115544522,0.5648054110803051
Coast Fork Willamette (17090002),2013,4030.709483777467,8862.39734441968,6795.075774999349,2067.3215694203286,3055.376141858328,2.198718955084327,1.6858262304310743,0.5128927246532522,0.7580244009535799
Coast Fork Willamette (17090002),2014,3956.471247011039,9137.62752417349,6724.852368117257,2412.7751560562274,3547.4945715181525,2.309539727118354,1.6997096524327386,0.6098300746856143,0.8966309496620625
Coast Fork Willamette (17090002),2015,3865.6844285586635,8983.461273988785,5667.583332973332,3315.877941015458,4885.128172506016,2.3238992835579975,1.4661267461727376,0.8577725373852612,1.2637162351939464
Coast Fork Willamette (17090002),2016,3494.891742542608,7777.342060336536,5319.033606046532,2458.308454290005,3595.2240157717497,2.2253456282106048,1.5219451696597681,0.7034004585508372,1.0287082635515765
Coast Fork Willamette (17090002),2017,7374.966200977686,15659.049480161437,12458.255262833718,3200.79421732771,4882.412120532653,2.1232706772385677,1.6892626926455812,0.43400798459298523,0.6620250164516551
Coast Fork Willamette (17090002),2018,10383.001892603812,19349.04261502645,15128.286396249036,4220.756218777429,6512.815690521019,1.8635306836271959,1.4570243319540817,0.40650635167311555,0.6272574885265438
Coast Fork Willamette (17090002),2019,12451.45593695704,24160.741237593655,20182.65590342269,3978.0853341709812,6248.546965392042,1.9403948710835015,1.6209073063912753,0.3194875646922274,0.5018326368441616
Coast Fork Willamette (17090002),2020,16394.095870465997,36475.12299496973,29916.173621721773,6558.949373247956,10497.65900976749,2.224893844904235,1.824813875562106,0.40007996934212875,0.6403316835958638
Coast Fork Willamette (17090002),2021,12210.36400908302,24996.287067252182,14807.202709319858,10189.084357932305,15985.81882023694,2.0471369279947753,1.2126749618852564,0.8344619661095173,1.3092008402325634
Coast Fork Willamette (17090002),2022,17108.965138106007,36103.53674942853,31181.689268741684,4921.8474806868635,7976.051588552459,2.1102116029809888,1.822535087133479,0.28767651584751086,0.4661913519706559
Coast Fork Willamette (17090002),2023,18168.189200287172,34483.03187041045,23410.963142295404,11072.068728114988,17984.1311812605,1.897989474364644,1.2885688763041594,0.6094205980604814,0.9898692149780254
Coast Fork Willamette (17090002),2024,19606.738144659696,42645.253404278126,35349.12611300529,7296.127291272876,11826.991975708028,2.1750304966404346,1.8029070339083078,0.3721234627321286,0.6032105844657979
Coos (17100304),1985,4008.014923870999,8198.139273391122,6729.190955998829,1468.9483173922902,2937.8966347845803,2.045436314262333,1.6789336077370887,0.3665027065252438,0.7330054130504876
Coos (17100304),1986,3379.338367988593,7977.573571542724,7498.550467748645,479.02310379408135,958.0462075881627,2.3606909704904853,2.218940411170438,0.14175055932004804,0.2835011186400961
Coos (17100304),1987,3367.3825041481864,8608.210262078936,7284.143226307379,1324.0670357715555,2648.134071543111,2.556350593220318,2.16314695979273,0.39320363342758763,0.7864072668551753
Coos (17100304),1988,3379.05498702339,7104.289394987433,6972.343925402907,131.94546958452557,263.89093916905114,2.102448590588223,2.0634005519823893,0.0390480386058341,0.0780960772116682
Coos (17100304),1989,3371.4104775951155,7376.032450952307,7182.839423594188,193.19302735812056,386.3860547162411,2.18781797706631,2.1305146529406973,0.05730332412561298,0.11460664825122596
Coos (17100304),1990,3833.4211931761492,8718.214783256653,7973.933766744978,744.2810165116754,1488.5620330233508,2.2742647739246333,2.080108958790996,0.1941558151336372,0.3883116302672744
Coos (17100304),1991,3411.1381099785976,8069.035826932637,7492.334291394669,576.701535537967,1153.403071075934,2.3654966661503085,2.196432407552586,0.1690642585977222,0.3381285171954444
Coos (17100304),1992,3386.8302163880626,8469.025066243414,7544.796098218564,924.2289680248505,1848.457936049701,2.5005756194284037,2.22768654351526,0.2728890759131436,0.5457781518262872
Coos (17100304),1993,3395.352932879142,7735.784674172936,7583.596989416752,152.18768475618302,304.37536951236603,2.278344792749795,2.2335224465122465,0.044822346237548015,0.08964469247509603
Coos (17100304),1994,3369.7670494929544,7582.59312958499,6977.720644153779,604.8724854312094,1209.7449708624188,2.2501831783078106,2.070683386023289,0.17949979228452126,0.3589995845690425
Coos (17100304),1995,3421.3306111152797,8653.852897487359,8101.015026920013,552.8378705673479,1105.6757411346957,2.5293822436722624,2.3677966112369533,0.16158563243530993,0.32317126487061987
Coos (17100304),1996,3371.606043161505,8766.997950716475,8010.180359040587,756.8175916758967,1513.6351833517933,2.600243871462453,2.3757758932978894,0.22446797816456635,0.4489359563291327
Coos (17100304),1997,3360.127932417482,8209.79050317834,8036.827531240067,172.96297193827033,345.92594387654066,2.4432970018709117,2.391821886810685,0.05147511506022634,0.10295023012045268
Coos (17100304),1998,3356.9609796684445,8347.805883288378,7667.673069408067,680.1328138803119,1360.2656277606238,2.4867151968244987,2.2841114674396295,0.2026037293848695,0.405207458769739
Coos (17100304),1999,3380.381779821009,8281.269244471243,7343.837291491854,937.4319529793906,1874.8639059587813,2.449802946491368,2.17248753833974,0.27731540815162825,0.5546308163032565
Coos (17100304),2000,3438.0551384863847,8849.066762838256,7907.56152868334,941.5052341549181,1883.0104683098361,2.573858302555929,2.3000100958720138,0.27384820668391574,0.5476964133678315
Coos (17100304),2001,3412.080173810844,8552.787166965973,7999.593140320279,553.194026645695,1106.38805329139,2.506619637080109,2.3444915514355538,0.1621280856445557,0.3242561712891114
Coos (17100304),2002,3399.7844476083546,8596.745320435031,7406.56089024115,1190.1844301938756,2380.3688603877513,2.5286148145311333,2.178538376293662,0.35007643823746953,0.7001528764749391
Coos (17100304),2003,3369.8367571912418,8422.71276404819,7294.139284451576,1128.573479596617,2257.146959193234,2.499442367964589,2.164537872312616,0.3349044956519742,0.6698089913039484
Coos (17100304),2004,3434.376320471143,8856.630320741895,8088.613928771642,768.0163919702559,1536.0327839405118,2.578817664200207,2.3551915032019584,0.22362616099824958,0.44725232199649917
Coos (17100304),2005,3413.1196493566003,8681.020557985401,8528.594268051502,152.4262899338982,304.8525798677964,2.5434269670627696,2.4987680316625314,0.04465893540023765,0.0893178708004753
Coos (17100304),2006,3415.502473787981,8813.060157131771,7634.679789354391,1178.3803677773778,2356.7607355547557,2.580311454834814,2.23530208159595,0.3450093732388631,0.6900187464777262
Coos (17100304),2007,3419.0203391201076,8624.778174520285,8020.867722420383,603.910452099903,1207.820904199806,2.5225875599031653,2.3459549598598093,0.17663260004335646,0.3532652000867129
Coos (17100304),2008,3408.229068826361,8607.073429871023,7641.208625764126,965.8648041069043,1931.7296082138087,2.525379971844119,2.241987985976368,0.28339198586775277,0.5667839717355055
Coos (17100304),2009,3416.2471591908716,8810.60866260546,7943.809457162314,866.799205443145,1733.59841088629,2.579031390893927,2.3253029090095994,0.2537284818843271,0.5074569637686542
Coos (17100304),2010,3386.6446949720735,8385.6991151719,8155.417990980533,230.281124191368,460.562248382736,2.476108322677484,2.408111486595668,0.06799683608181606,0.13599367216363212
Coos (17100304),2011,3453.1411633793596,8217.120997264623,7407.571935322895,809.5490619417261,1619.0981238834522,2.3796076118773763,2.1451691618866797,0.2344384499906961,0.4688768999813922
Coos (17100304),2012,3399.6279033270907,8248.785291950511,7893.756961967782,355.0283299827315,710.056659965463,2.4263788645450663,2.321947338484442,0.10443152606062515,0.2088630521212503
Coos (17100304),2013,3436.20448236176,10142.201105887534,9296.07623563874,846.1248702487909,1692.2497404975818,2.9515708852450575,2.7053326667129527,0.24623821853210417,0.49247643706420835
Coos (17100304),2014,3488.3648495887205,9985.815618956216,8998.776120817121,987.0394981391024,1974.0789962782048,2.86260642149675,2.579654511161033,0.28295191033571926,0.5659038206714385
Coos (17100304),2015,3442.2529784989833,9225.17633744145,8243.059093802045,982.1172436394044,1964.2344872788087,2.6799820916893062,2.3946697541667854,0.2853123375225208,0.5706246750450416
Coos (17100304),2016,3434.025618642508,9248.318444257422,8734.687517937893,513.6309263195291,1027.2618526390581,2.6931419480537655,2.543570866367261,0.14957108168650488,0.29914216337300975
Coos (17100304),2017,3403.339697533351,8776.437101900292,8418.594229677974,357.842872222318,715.685744444636,2.5787719951262043,2.4736273713081136,0.10514462381809048,0.21028924763618095
Coos (17100304),2018,3505.6397123170427,9159.240590427531,8573.196526629024,586.0440637985058,1172.0881275970116,2.6127158926933074,2.445544103265134,0.16717178942817304,0.3343435788563461
Coos (17100304),2019,3456.2567786546724,9062.903269628358,8943.937133580523,118.96613604783212,237.5825993050157,2.622173018393627,2.5877525040433764,0.03442051435025004,0.06873985774792268
Coos (17100304),2020,3507.6224801300023,9524.609249529132,9376.64907396099,147.96017556814382,295.92035113628765,2.715403183633412,2.673220714908141,0.04218246872527171,0.08436493745054342
Coos (17100304),2021,3539.907038088003,9302.431063368827,9069.861178164107,232.56988520472316,465.1397704094463,2.6278743942364415,2.562174961256321,0.0656994329801215,0.131398865960243
Coos (17100304),2022,3490.2510258710026,8776.005254929089,8651.51605914888,124.4891957802095,248.978391560419,2.5144338300821816,2.4787661388882105,0.0356676911939716,0.0713353823879432
Coos (17100304),2023,3605.88600987649,9394.067866559697,9124.962209276637,269.1056572830618,538.2113145661236,2.605203780937453,2.5305742289921107,0.07462955194534264,0.14925910389068528
Coos (17100304),2024,3488.9787751554068,9346.430241977385,9248.85623458448,97.57400739290475,195.1480147858095,2.6788441100680167,2.650877758398664,0.027966351669353042,0.055932703338706084
Coquille (17100305),1985,19026.566649792,39188.985764444005,31008.996191941795,8179.989572502193,16137.064034765266,2.0596982359333036,1.6297736088019217,0.42992462713138097,0.8481332618642302
Coquille (17100305),1986,19491.215009272917,43856.820322063475,37555.7129789081,6301.107343155333,12528.589908266042,2.2500813982708956,1.9268020470268798,0.3232793512440138,0.6427813711102968
Coquille (17100305),1987,19058.542786317426,47295.343545747375,31419.005565417083,15876.33798033037,31458.97953081196,2.4815823578968383,1.6485523535395121,0.8330300043573302,1.6506497838542566
Coquille (17100305),1988,16104.915269555393,30381.928344719952,29912.368440492544,469.55990422739063,913.8957995538394,1.8865003532277946,1.857344043097119,0.029156310130674393,0.05674638979824134
Coquille (17100305),1989,18508.097557697172,38495.33620770268,36036.46056407992,2458.8756436227827,4870.270061983538,2.079918591724366,1.9470645457611082,0.13285404596325906,0.2631426621132156
Coquille (17100305),1990,18786.14837994323,41165.42054275239,35633.31453741039,5532.10600534204,10997.309606280598,2.191264526937415,1.8967866013159889,0.2944779256214283,0.5853945888142629
Coquille (17100305),1991,18878.614884063754,40961.63801393926,35692.866211123095,5268.771802816056,10465.505211413441,2.169737465671633,1.8906506875805262,0.27908677809110094,0.5543576833196497
Coquille (17100305),1992,17576.46354872534,41586.07530991628,32484.30397404851,9101.771335867881,18059.18815449252,2.366009248369655,1.8481706450217228,0.5178386033479385,1.0274642623317811
Coquille (17100305),1993,18347.031796218627,40172.077235626355,38315.25996848098,1856.8172671453672,3702.011901404892,2.1895681918372176,2.088362869484854,0.1012053223523634,0.20177715624648815
Coquille (17100305),1994,17211.530282470794,36848.476718968646,30955.316529744665,5893.160189223927,11727.607906680387,2.140918100495529,1.7985220385238683,0.34239606197165734,0.6813808949123166
Coquille (17100305),1995,18993.00213042233,46583.912919942355,41166.958565784655,5416.954354157687,10771.419330844285,2.452688237491737,2.1674803321295295,0.28520790536220697,0.5671256843377593
Coquille (17100305),1996,19020.34441134103,45743.90426341633,39069.82662976444,6674.077633651841,13267.435158539041,2.4049987357821534,2.054107211984487,0.35089152379766425,0.6975391649915776
Coquille (17100305),1997,19656.768779327,45298.135079605694,42023.431705155526,3274.703374450193,6512.317816602317,2.304454795604336,2.1378606106081643,0.16659418499617265,0.3313015424717878
Coquille (17100305),1998,18510.78061634535,40360.15932134943,34610.695609948765,5749.463711400709,11453.153222743802,2.1803596594792274,1.8697588355288972,0.3106008239503325,0.6187288078294474
Coquille (17100305),1999,19338.756758050844,45125.99793632096,36123.30584825327,9002.692088067626,17907.10545156578,2.3334487578957073,1.8679228608227318,0.46552589707297237,0.9259698374411242
Coquille (17100305),2000,19602.267909350747,48293.26260393784,38910.59192624797,9382.67067768992,18615.97802837817,2.4636569006844766,1.9850045977428303,0.47865230294164907,0.9496849096475162
Coquille (17100305),2001,19813.52737585787,46711.10075100032,41663.037607908635,5048.063143091691,10014.793673959095,2.3575358322070534,2.1027572131691037,0.2547786190379503,0.5054523348609693
Coquille (17100305),2002,19555.314999398008,45592.28093387531,34750.25165495306,10842.029278922253,21552.145570714343,2.3314521364283225,1.777023364544259,0.554428771884064,1.1021119103107164
Coquille (17100305),2003,19492.378310428736,45587.234133926926,34391.52760684066,11195.706527086333,22241.804707733205,2.3387209814995753,1.764357691972387,0.5743632895271917,1.1410513562541253
Coquille (17100305),2004,18934.15311926615,46178.8031853479,40107.7645151871,6071.038670160799,12042.526661105476,2.438915693480866,2.1182761258213376,0.32063956765952784,0.6360214045618863
Coquille (17100305),2005,19298.049493871862,47192.2755573724,45779.64691223973,1412.6286451327037,2800.344020058491,2.4454427672785486,2.372242175395869,0.07320059188268156,0.14511021028046106
Coquille (17100305),2006,19176.25556662812,45988.20864882634,36866.65759862151,9121.55105020479,18100.498323112344,2.398185010052655,1.9225159714068207,0.4756690386458324,0.943901600613423
Coquille (17100305),2007,19490.7239989984,44773.03958498514,38409.868408571296,6363.17117641403,12634.848269931405,2.297146046872654,1.9706742761605531,0.3264717707121102,0.6482493041603119
Coquille (17100305),2008,19635.12981454334,45700.176208289486,37742.90940609692,7957.266802192564,15775.434712325208,2.32747003151669,1.922213388074548,0.4052566434421421,0.8034291018865923
Coquille (17100305),2009,19745.967852753773,46555.14745474598,38576.16056134332,7978.986893402524,15817.215248944512,2.357704003263299,1.9536221698023017,0.40408183346099064,0.8010351970029488
Coquille (17100305),2010,18854.75534110928,43579.05200162548,42122.138586129164,1456.9134154962867,2881.952776979896,2.3113029691034748,2.2340326259386507,0.07727034316482263,0.15285018155055743
Coquille (17100305),2011,18981.35917777049,40427.82807364198,32890.23079427346,7537.597279368538,14984.729139639678,2.1298700316986756,1.7327647870860574,0.39710524461261937,0.7894444754614117
Coquille (17100305),2012,18796.513555933478,42243.77561047529,38936.7530839414,3307.0225265338695,6560.1229323709085,2.24742612425272,2.071488043145654,0.17593808110706494,0.34900743230119297
Coquille (17100305),2013,19696.29585791373,50186.33324354673,42584.04320692288,7602.290036623941,15086.541949641902,2.54800870202112,2.1620330804389867,0.38597562158213794,0.765958333408173
Coquille (17100305),2014,20120.327258232715,51948.15760445113,42907.423588851685,9040.734015599455,17944.994389584208,2.581874386918597,2.132541038630228,0.4493333482883695,0.8918838227266698
Coquille (17100305),2015,19115.000058676982,47158.84929984347,37720.63444907357,9438.214850769908,18708.171339204793,2.4671121713356405,1.973352567788815,0.4937596035468263,0.9787167816780877
Coquille (17100305),2016,20189.572430330245,49690.503985350275,38266.39029824623,11424.113687104033,22673.441888376154,2.4611964496435585,1.8953541700942451,0.5658422795493132,1.1230273432791702
Coquille (17100305),2017,20501.969760234875,49180.13903356254,41469.88142089539,7710.257612667211,15327.608221852912,2.398800681530179,2.022726689477875,0.3760739920523071,0.7476163705783027
Coquille (17100305),2018,21184.771764704226,50227.83148915087,37719.59896176352,12508.23252738747,24851.545404090077,2.37094041167982,1.7805053262177615,0.5904350854620645,1.173085350180408
Coquille (17100305),2019,20998.64691396371,50605.60621227145,46661.72953823685,3943.876674034811,7832.487493708836,2.409946051267697,2.2221302986530844,0.18781575261462236,0.37299962829987765
Coquille (17100305),2020,21487.669267998026,54741.79663616363,48423.54135417828,6318.255281985422,12558.39496876209,2.547591176754176,2.2535501989644047,0.2940409777897742,0.5844465871161529
Coquille (17100305),2021,20896.055749435003,50945.00763144779,45014.3899990933,5930.617632354344,11773.630924034802,2.438020277239415,2.154205106401978,0.2838151708374294,0.5634379552396218
Coquille (17100305),2022,21715.30381586101,51598.39998374716,48270.398984567815,3328.000999179347,6619.058272114203,2.3761306966407405,2.2228746783321895,0.1532560183085512,0.30481076056967693
Coquille (17100305),2023,21760.47131986385,52219.89791557734,44315.30220012968,7904.595715447684,15682.064647423145,2.399759506491428,2.036504703814795,0.36325480267663346,0.7206675083874637
Coquille (17100305),2024,21829.219917335573,52808.81599579178,46228.24278092125,6580.573214870426,13083.099592151502,2.4191801720708264,2.117723077415575,0.3014570946552467,0.5993388513971413
Crooked-Rattlesnake (17050109),1985,1482.116992325,2996.639412135648,754.9201879786094,2241.7192241570388,4107.575553234302,2.0218642844346677,0.5093526299798807,1.5125116544547872,2.771424640905533
Crooked-Rattlesnake (17050109),1986,1529.287028075891,3568.2789384836847,974.6806153185372,2593.598323165147,4762.367016510443,2.3332957600334847,0.6373431523478329,1.6959526076856513,3.1141093392404753
Crooked-Rattlesnake (17050109),1987,989.1813909089153,2157.7175811890024,621.6381784613591,1536.0794027276436,2704.257334751719,2.1813163905220363,0.6284369926229233,1.5528793978991131,2.7338336119191404
Crooked-Rattlesnake (17050109),1988,812.8574450746187,1838.2674925316433,366.09525829972506,1472.1722342319183,2667.2893029969227,2.2614881658159556,0.45038064240909825,1.8111075234068574,3.2813740209417297
Crooked-Rattlesnake (17050109),1989,1703.156219164818,3366.513993225429,1129.051563030621,2237.4624301948093,4197.774992954647,1.976632533964663,0.6629172064934112,1.3137153274712525,2.4647034404237584
Crooked-Rattlesnake (17050109),1990,748.9418074633145,1676.4883330060024,357.3242767904803,1319.1640562155221,2460.0470054205875,2.2384760956052276,0.47710552839979253,1.7613705672054352,3.284697129878263
Crooked-Rattlesnake (17050109),1991,1263.3488268644735,2775.0787934505006,935.5424384340296,1839.5363550164718,3297.8143617211717,2.196605351142815,0.7405258298738979,1.4560795212689182,2.610375132817491
Crooked-Rattlesnake (17050109),1992,674.7005079151851,1552.1200760428767,344.89982569216386,1207.2202503507124,2238.5893618164614,2.300457844383289,0.5111895154161057,1.7892683289671822,3.317900810144149
Crooked-Rattlesnake (17050109),1993,1706.959114384242,3195.021604785568,1461.5235705836333,1733.4980342019353,3264.453163581277,1.8717622337065294,0.8562147495318624,1.0155474841746674,1.912437817679585
Crooked-Rattlesnake (17050109),1994,1027.2856651169006,2235.5337607687215,465.08389916021775,1770.4498616085043,3139.5638766815555,2.1761558996487382,0.4527308371496581,1.7234250624990808,3.0561741327562344
Crooked-Rattlesnake (17050109),1995,1693.4231612793517,3653.187487608225,1466.5450775433594,2186.6424100648646,4005.8258797237672,2.157279746220257,0.8660239868429638,1.2912557593772926,2.36551971847216
Crooked-Rattlesnake (17050109),1996,1744.1895441370277,3726.3991449356417,1250.9196754963882,2475.479469439253,4588.390146689597,2.1364645588328828,0.7171925090947071,1.4192720497381754,2.630671742135568
Crooked-Rattlesnake (17050109),1997,1844.6754038045608,4095.200570432144,1245.4889688162075,2849.7116016159384,5379.828107427045,2.2200114784346208,0.6751805581878753,1.5448309202467465,2.9164090854853866
Crooked-Rattlesnake (17050109),1998,1848.6511886125056,3893.864751460541,1822.4601083559812,2071.404643104559,3978.814859423811,2.106327454008811,0.9858323298533229,1.1204951241554875,2.152279934653377
Crooked-Rattlesnake (17050109),1999,1014.2300478987295,2191.148563366119,521.1335061441156,1670.0150572220043,2983.441250804606,2.1604058841539118,0.5138217973563238,1.646584086797589,2.9415823924618154
Crooked-Rattlesnake (17050109),2000,915.9927213665715,2094.6540663655524,575.8322739375612,1518.8217924279907,2753.913887872541,2.286758417949581,0.6286428489065676,1.658115569043013,3.006480099278487
Crooked-Rattlesnake (17050109),2001,1169.9343591857182,2826.744630291702,573.8549884807834,2252.8896418109193,4021.8923633071176,2.4161566057937938,0.4905018678827333,1.925654737911061,3.4377077070429665
Crooked-Rattlesnake (17050109),2002,1132.7504826304867,2682.6787294236437,540.694965847742,2141.983763575902,3951.7653766248877,2.3682874300736514,0.47732927430949634,1.8909581557641553,3.4886459438516866
Crooked-Rattlesnake (17050109),2003,1314.349488446954,3279.100884815196,763.7320204590401,2515.368864356154,4680.303447538408,2.4948470050304565,0.5810722545047529,1.9137747505257026,3.560927659407159
Crooked-Rattlesnake (17050109),2004,1238.314155144955,2895.5701478779515,828.2096120643648,2067.360535813587,3775.487137126397,2.3383162793120142,0.6688202736141831,1.6694960056978312,3.0488928204849963
Crooked-Rattlesnake (17050109),2005,1464.3171678304427,3469.5220879536205,1177.8983295769958,2291.6237583766247,4203.788311785984,2.3693788232327586,0.804401092505246,1.5649777307275128,2.8708181561610644
Crooked-Rattlesnake (17050109),2006,1389.5403393941156,3375.19960331408,839.0016771975925,2536.1979261164865,4731.1636348315915,2.429004403561091,0.6037979995337338,1.8252064040273568,3.4048407956940148
Crooked-Rattlesnake (17050109),2007,1004.6162640011244,2295.979052694969,520.4965893322756,1775.4824633626927,3298.425778883178,2.285428909492948,0.5181048804239675,1.7673240290689796,3.283269340819159
Crooked-Rattlesnake (17050109),2008,1182.9196786040973,2630.1130044104816,578.2259541221781,2051.887050288304,3729.59019878085,2.223407938833297,0.48881252428272465,1.7345954145505726,3.1528685051397134
Crooked-Rattlesnake (17050109),2009,1431.2290061623482,3389.520093887126,1145.8110746185932,2243.7090192685328,4152.934333099767,2.3682583844326053,0.8005784327212139,1.5676799517113913,2.901656069866354
Crooked-Rattlesnake (17050109),2010,1376.585781209843,3244.0756602464094,933.6575667841653,2310.4180934622445,4318.8174350222525,2.3566098855062134,0.6782414721468354,1.6783684133593784,3.1373398548592912
Crooked-Rattlesnake (17050109),2011,2165.300251343111,4644.148371135823,1835.9739884414414,2808.1743826943816,5319.755408367837,2.1448057230192954,0.8479073455529356,1.2968983774663596,2.45682112911041
Crooked-Rattlesnake (17050109),2012,1247.445236024589,3022.817763594452,643.5380301955496,2379.279733398902,4334.386877653802,2.4232067880011274,0.5158847952687716,1.907321992732355,3.4746109508316443
Crooked-Rattlesnake (17050109),2013,1004.9008049994801,2324.1131957960756,552.515447753008,1771.5977480430681,3232.6035078928444,2.312778718290785,0.549820882821657,1.7629578354691284,3.21683841012996
Crooked-Rattlesnake (17050109),2014,1042.2851829331096,2565.058681038541,532.6855055380427,2032.373175500498,3842.5931804199263,2.4609950549428063,0.5110746216683276,1.9499204332744784,3.686700380414533
Crooked-Rattlesnake (17050109),2015,1395.1717420327782,3475.6928574927365,1245.6099507053814,2230.082906787355,4203.442976956508,2.4912293969118235,0.8928004439729521,1.5984289529388716,3.012849852328612
Crooked-Rattlesnake (17050109),2016,1402.548209819722,3481.2031202522917,838.369845154024,2642.833275098267,4922.4208403290295,2.4820559435170875,0.5977476134398152,1.8843083300772718,3.5096268391100356
Crooked-Rattlesnake (17050109),2017,1449.544795715829,3426.0524533916623,1086.4465845850764,2339.6058688065855,4327.101894221141,2.363536789975348,0.7495088028987447,1.6140279870766032,2.9851453414961817
Crooked-Rattlesnake (17050109),2018,1301.1861011101344,3168.265587281385,766.8634772824895,2401.402109998895,4383.6580019263,2.4349058021587475,0.5893572615233315,1.8455485406354157,3.3689708168464834
Crooked-Rattlesnake (17050109),2019,1472.949874319232,3710.65234257711,1315.7012929541827,2394.9510496229286,4368.2258695536575,2.519197976300517,0.8932424082403168,1.625955568060201,2.9656310412956612
Crooked-Rattlesnake (17050109),2020,1512.6177257259997,3916.438239193968,1056.1197218054808,2860.318517388486,5233.391060208597,2.589179124761496,0.6982066280484602,1.8909724967130346,3.459823966889431
Crooked-Rattlesnake (17050109),2021,1495.1330729159997,4070.1980337298824,1102.3466778078123,2967.851355922071,5401.522196829111,2.722298173627891,0.7372900096831346,1.985008163944757,3.612736748772717
Crooked-Rattlesnake (17050109),2022,1499.6613727059996,4095.8572902162896,851.7802817704095,3244.07700844588,5918.901681230482,2.7311880967005875,0.5679817439275983,2.1632063527729892,3.9468254560363674
Crooked-Rattlesnake (17050109),2023,2109.2300545657313,5014.615401250418,1976.0041089633864,3038.611292287031,5603.1835572982945,2.3774625202194337,0.9368366929373313,1.4406258272821026,2.6565065983055756
Crooked-Rattlesnake (17050109),2024,1610.9233787783778,4098.14706393426,1224.802855119673,2873.344208814587,5169.447258854469,2.543973920747264,0.7603110559165674,1.783662864830697,3.208996360071855
Donner und Blitzen (17120003),1985,32254.116159645004,72014.73349492229,22128.055500928254,49886.67799399406,99648.31897812974,2.23273002237848,0.6860536928497191,1.546676329528762,3.0894760372570844
Donner und Blitzen (17120003),1986,32417.601799738964,77071.79749138559,30147.219112047427,46924.57837933813,93719.54647081699,2.37746758589669,0.9299645081176295,1.4475030777790594,2.8910080100857938
Donner und Blitzen (17120003),1987,32798.69207824946,75278.6836939616,26800.925354083498,48477.75833987809,96699.74672658196,2.2951733414968354,0.8171339665052254,1.4780393749916094,2.948280574599761
Donner und Blitzen (17120003),1988,26594.745637379092,56373.23021620841,17976.77126620939,38396.45894999905,76792.9178999981,2.119713081104843,0.6759519910934181,1.4437610900114257,2.8875221800228514
Donner und Blitzen (17120003),1989,32488.013251330114,80561.7985927823,32539.17780192741,48022.620790854904,95496.31801455574,2.479739157009977,1.0015748747146058,1.4781642822953718,2.9394323769750974
Donner und Blitzen (17120003),1990,25962.20879573475,57913.657102022116,16564.133102265212,41349.523999756915,82507.43214252565,2.2306906765011676,0.638009394061513,1.592681282439655,3.177981996511812
Donner und Blitzen (17120003),1991,33406.97668844343,80555.99238091605,28917.82188458167,51638.17049633439,103093.30943704884,2.411352369063167,0.8656222367642533,1.5457301322989137,3.085981422339011
Donner und Blitzen (17120003),1992,23717.469632143504,51278.73660143636,15484.968036262655,35793.76856517372,71587.53713034744,2.1620660802676848,0.6528929213964878,1.5091731588711979,3.0183463177423957
Donner und Blitzen (17120003),1993,33020.71295078498,77333.88024414782,38160.20163596683,39173.67860818097,78162.8901046805,2.341980936614193,1.1556443888065617,1.1863365478076304,2.367086689532619
Donner und Blitzen (17120003),1994,32824.495897392146,81220.21350754942,21039.17796781395,60181.03553973554,119660.81581621236,2.474378091332767,0.6409596672430689,1.8334184240897002,3.645473069571777
Donner und Blitzen (17120003),1995,32772.819094838145,76416.368562568,32721.83949511622,43694.52906745174,87012.76190955391,2.3316995813339685,0.9984444548522237,1.3332551264817438,2.6550282921269592
Donner und Blitzen (17120003),1996,33420.30493628376,79436.01849142852,34384.7557568237,45051.26273460483,89697.26912632023,2.3768789256374023,1.0288582292225843,1.3480206964148185,2.6839153412073653
Donner und Blitzen (17120003),1997,33437.486678823334,82165.70740133787,33988.86984892528,48176.83755241259,95850.66539063424,2.4572931629270793,1.0164899705351105,1.4408031923919686,2.866563097618772
Donner und Blitzen (17120003),1998,33809.53859449905,83243.50468891491,41867.948628387014,41375.5560605279,82393.91995514641,2.4621307521321505,1.2383472348007465,1.223783517331404,2.4370022005728362
Donner und Blitzen (17120003),1999,33172.71035093007,71120.75445231854,24507.10982235852,46613.64462996002,92407.28902364524,2.1439536805989237,0.73877321337632,1.4051804672226038,2.7856418135895367
Donner und Blitzen (17120003),2000,32250.399888708882,75563.49716448392,24101.705294532487,51461.79186995142,101903.31214799991,2.3430251229517096,0.7473304324195584,1.5956946905321505,3.1597534449077345
Donner und Blitzen (17120003),2001,29943.152736576605,72109.16922487512,19359.608038460858,52749.56118641424,104388.88591401803,2.40820229784258,0.6465454125280676,1.7616568853145118,3.486235628972475
Donner und Blitzen (17120003),2002,28150.73131326755,67326.7252363182,16265.47962803501,51061.24560828317,101183.71074824511,2.3916510191899296,0.5777995408726389,1.8138514783172899,3.59435460564951
Donner und Blitzen (17120003),2003,30555.961188738544,73616.5700865748,25256.856495088778,48359.71359148597,95900.56856060955,2.4092375831955932,0.8265770577165558,1.5826605254790358,3.1385223972582437
Donner und Blitzen (17120003),2004,22355.41578080764,52248.85243326662,18589.44653625058,33659.40589701604,66443.77433195604,2.33718992057946,0.8315410779436191,1.505648842635841,2.972155605757005
Donner und Blitzen (17120003),2005,33423.47081475799,75806.37132958995,34937.87111440865,40868.500215181295,80899.31051127611,2.2680580287346452,1.0453094864995882,1.2227485422350568,2.4204341601637425
Donner und Blitzen (17120003),2006,33740.421035178704,78641.76016194085,31805.101750919053,46836.658411021795,92795.26293431247,2.3307877539508697,0.9426409266724374,1.3881468272784323,2.750269856963597
Donner und Blitzen (17120003),2007,29946.837001715572,70974.73101346754,19562.173876754518,51412.557136713025,101488.41012358814,2.3700242870190795,0.6532300514953835,1.7167942355236963,3.388952566769377
Donner und Blitzen (17120003),2008,30810.958496906536,66079.74700692897,18372.59457919664,47707.152427732326,94247.05000177704,2.1446832630527695,0.5963006500119519,1.5483826130408176,3.058880820317212
Donner und Blitzen (17120003),2009,30882.441019867143,67590.66599100902,31342.719806926863,36247.94618408216,71625.96077940823,2.188643894681995,1.014904222977828,1.173739671704167,2.319310210398529
Donner und Blitzen (17120003),2010,33917.0779281594,78779.59180778958,27339.68070517363,51439.911102615966,101785.36184053254,2.322711643221582,0.8060741778251794,1.5166374653964032,3.001006220409866
Donner und Blitzen (17120003),2011,33917.0779281594,85790.62083354333,34147.59809653162,51643.02273701165,102245.61021484953,2.5294225232273417,1.0067965810280146,1.5226259421993253,3.0145760325054676
Donner und Blitzen (17120003),2012,32116.985384940384,66050.19779483731,21682.48866068045,44367.70913415683,87292.77362832954,2.056550358110764,0.675109709108855,1.3814406490019078,2.7179628655079506
Donner und Blitzen (17120003),2013,27683.23804845972,60424.56659070981,23167.773798069098,37256.79279264075,72915.78528175179,2.182713109100032,0.8368881471709969,1.3458249619290363,2.6339326763044175
Donner und Blitzen (17120003),2014,29858.001329745875,71786.80858884784,24174.013941655467,47612.79464719237,93451.89908534539,2.4042737421051226,0.8096326902354389,1.5946410518696834,3.1298779195995423
Donner und Blitzen (17120003),2015,28375.183168310825,62599.786996878654,28053.16217346421,34546.62482341446,67650.0235286966,2.206145652895365,0.9886513157311969,1.2174943371641684,2.3841264081864186
Donner und Blitzen (17120003),2016,31196.509512035198,71731.5141111769,29462.50251954104,42269.011591635914,82876.60855246226,2.2993442289915107,0.944416634437093,1.3549275945544195,2.6565987621304097
Donner und Blitzen (17120003),2017,31571.383842852247,75362.69067060453,29993.316420393527,45369.374250210996,89195.11773262385,2.3870569324970092,0.9500158931799249,1.4370410393170843,2.8251887271269425
Donner und Blitzen (17120003),2018,31238.85659364212,73567.39531041466,21142.46595647462,52424.92935394003,102571.65235581264,2.354996415758298,0.6768002501339193,1.6781961656243782,3.2834637224426615
Donner und Blitzen (17120003),2019,33669.963206797154,85792.2205739855,34978.53926114106,50813.68131284448,99947.70640036376,2.5480342834668175,1.0388647901486192,1.5091694933181994,2.96845309234513
Donner und Blitzen (17120003),2020,32818.793951495,77546.83140216464,23064.38712165863,54482.444280506,106835.43866772598,2.3628787674762233,0.7027798509520785,1.6600989165241449,3.2553127584647057
Donner und Blitzen (17120003),2021,27548.075574504994,63186.029123525346,19368.31888759216,43817.710235933206,85631.34868988943,2.2936639966968264,0.70307339019779,1.590590606499037,3.108433054000293
Donner und Blitzen (17120003),2022,29556.937057032,68064.63076860346,22895.71127877427,45168.91948982921,88238.07659237091,2.302830994878407,0.774630714765726,1.528200280112682,2.985359288823125
Donner und Blitzen (17120003),2023,34422.26809836972,82680.49109918548,39374.32482656227,43306.1662726232,84954.79373921457,2.4019477991080236,1.1438620114758529,1.2580857876321705,2.4680184785161825
Donner und Blitzen (17120003),2024,34439.16487750924,87110.74720996022,29616.635511408036,57494.11169855219,112666.36665547828,2.5294093953726664,0.8599696193780066,1.66943977599466,3.2714604740330366
Goose Lake (18020001),1985,51032.93024405703,116191.47836866864,29208.457986421767,86983.02038224689,156449.2967500194,2.2767941760937696,0.5723453042327155,1.7044488718610544,3.0656538043538757
Goose Lake (18020001),1986,54821.88324635376,134595.85296153967,50916.27404979454,83679.57891174532,138378.58733514466,2.4551482909973132,0.9287582081226846,1.5263900828746322,2.5241487366151056
Goose Lake (18020001),1987,50796.90331973359,113143.8043376497,42099.51667980121,71044.28765784853,117754.67488138411,2.227376019862525,0.828781164371616,1.39859485549091,2.318146721271467
Goose Lake (18020001),1988,47500.270265285944,99086.22931601813,34701.695213937965,64384.534102080215,103383.82972904645,2.0860140113441026,0.7305578477792071,1.3554561635648965,2.17648929472726
Goose Lake (18020001),1989,50649.242743216724,103112.59117339346,39870.5822742209,63242.00889917255,104740.20744789676,2.035817034741412,0.7871900963328938,1.248626938408518,2.0679520911874687
Goose Lake (18020001),1990,45061.4802509252,102012.07027167694,33084.83158971142,68927.23868196565,109274.53588301816,2.2638419710942017,0.7342153743170061,1.5296265967771985,2.425009903680973
Goose Lake (18020001),1991,50037.823330852516,97293.90212095775,42763.15618240528,54530.74593855255,89028.63595501952,1.9444071633101574,0.854616634693584,1.089790528616575,1.7792267934270014
Goose Lake (18020001),1992,16430.237243576852,35842.22101866318,10313.510940453409,25528.710078209777,35229.42838243101,2.181479213434678,0.627715278091028,1.55376393534365,2.1441825738823956
Goose Lake (18020001),1993,58545.48656094501,112326.53925116101,63502.00168324596,48824.53756791508,83097.78062483488,1.9186199628596594,1.0846609262891902,0.8339590365704697,1.4193712531252307
Goose Lake (18020001),1994,33502.16064482762,77537.8137126426,21189.106192433155,56348.707520209275,87900.22077192804,2.3144123310331515,0.6324698402908688,1.6819424907422775,2.6237179656500422
Goose Lake (18020001),1995,57644.2921250901,112941.42849396804,60787.82854857805,52153.5999453901,86192.25211648826,1.9592820785947245,1.0545333511367678,0.9047487274579588,1.495243482727624
Goose Lake (18020001),1996,53371.50060888126,118512.59541776062,52440.90906934931,66071.68634841131,111417.47328155364,2.2205220776205716,0.9825638865515224,1.2379581910690494,2.0875836731300987
Goose Lake (18020001),1997,50922.82834175598,119013.08361742776,38336.11066915863,80676.97294826919,132967.78912145103,2.3371263437824163,0.7528276004599607,1.584298743322457,2.611162683837405
Goose Lake (18020001),1998,51025.36063728256,103525.94170598424,53913.90680291676,49612.03490306733,85524.72281665535,2.02891151405878,1.0566100097982185,0.9723015042605587,1.676121868586368
Goose Lake (18020001),1999,54926.165425580715,123429.32754542245,36859.43206221366,86569.8954832089,145142.696385039,2.2471863198361524,0.6710723710023847,1.5761139488337697,2.6425055392168666
Goose Lake (18020001),2000,50089.57688277945,120248.76838657331,38467.27539397126,81781.49299260197,131631.57933895447,2.400674469021403,0.7679696613128332,1.6327048077085682,2.6279235627603943
Goose Lake (18020001),2001,37510.37744157147,86694.87785280583,20806.62658241089,65888.2512703951,99763.12937905104,2.3112238203373785,0.5546898752170809,1.7565339451203017,2.6596141170386347
Goose Lake (18020001),2002,50244.78214626022,117965.98012319395,26579.131634521065,91386.84848867275,144498.34820059885,2.347825487227718,0.5289928724767967,1.8188326147509186,2.875887645009006
Goose Lake (18020001),2003,48140.92809787617,118783.9087343175,43293.30874117671,75490.59999314079,121176.39136120942,2.4674204139316935,0.8993035749779549,1.5681168389537385,2.517117890100572
Goose Lake (18020001),2004,47038.737423392835,110111.59380846801,33401.700897385526,76709.89291108242,120813.55637520284,2.340870521616263,0.7100892312805684,1.630781290335693,2.5683843358244784
Goose Lake (18020001),2005,58912.79671417489,137337.6593490688,56551.42479730604,80786.23455176283,131891.98723901206,2.331202506229419,0.9599175043696291,1.3712850018597915,2.2387663562962
Goose Lake (18020001),2006,49085.483723138,117682.6151008884,31252.57929658088,86430.03580430752,139631.28998569868,2.3975034200470753,0.6366969809823629,1.7608064390647125,2.8446554743817067
Goose Lake (18020001),2007,37817.689445453965,94903.77097333672,26695.29678386994,68208.47418946694,103833.64892714476,2.509507385696326,0.7058944418688954,1.8036129438274349,2.745637040488906
Goose Lake (18020001),2008,52682.09286229542,118548.39270893864,28507.165708085748,90041.22700085296,142143.16769205697,2.250259742315282,0.5411168038179502,1.7091429384973327,2.698130616481048
Goose Lake (18020001),2009,49378.134966821264,115971.40758019582,35682.41130379353,80288.99627640235,127931.37986721235,2.3486388794983992,0.7226358656067038,1.6260030138916968,2.5908507875636353
Goose Lake (18020001),2010,56547.919429756555,128872.4617046582,40720.119634482784,88152.34207017532,144271.32226046515,2.278995637757154,0.7200993430901563,1.558896294666996,2.5513108831471336
Goose Lake (18020001),2011,62082.86221182365,144938.928363474,41859.86045605521,103079.06790741874,169175.06224605237,2.334604481812542,0.6742579024986226,1.6603465793139185,2.724988124240075
Goose Lake (18020001),2012,43033.75768279968,101576.00191055302,26188.331786801566,75387.67012375164,118981.08187127505,2.360379557352769,0.6085532195406881,1.7518263378120849,2.764831338882382
Goose Lake (18020001),2013,44221.026829608556,98627.05542086145,34259.459156643774,64367.59626421755,101513.96891677826,2.2303203360900903,0.7747323301345203,1.455588005955567,2.2956040642821245
Goose Lake (18020001),2014,33318.05400561511,78055.79000127854,23440.196180652627,54615.593820625916,82180.63950369167,2.342747568274058,0.7035283686346819,1.6392191996393763,2.4665498017933976
Goose Lake (18020001),2015,38592.091946453686,92638.9228185339,35126.987817611116,57511.93500092268,85587.78466763283,2.400463881229084,0.910212067963292,1.4902518132657896,2.2177544763933867
Goose Lake (18020001),2016,53518.85702842457,125432.81861890084,47245.16176763397,78187.65685126674,124882.54617021672,2.343712582506794,0.8827759857154915,1.4609365967913,2.333430740194806
Goose Lake (18020001),2017,53191.069400181295,127747.40036569707,46822.39018302513,80925.0101826721,130839.14212694329,2.4016700887247375,0.8802678853993023,1.5214022033254377,2.459795292750729
Goose Lake (18020001),2018,50257.59658210232,116884.44063941021,38332.2474895169,78552.19314989315,118332.93783833097,2.3257069296671258,0.7627154917146941,1.5629914379524283,2.354528387465141
Goose Lake (18020001),2019,59462.437822712614,134262.03069555052,46325.56213857103,87936.4685569794,143042.73019122257,2.257930142316954,0.779072702614225,1.4788574397027274,2.4055981461389924
Goose Lake (18020001),2020,46051.52162225506,108356.09497175219,24139.980743029097,84216.11422872324,130553.98459314482,2.3529319152700383,0.5241950730975001,1.8287368421725416,2.8349548504397895
Goose Lake (18020001),2021,26863.123161165986,54084.946159900384,16882.874865907062,37202.07129399335,50021.67767999652,2.0133528717199556,0.6284777374774269,1.3848751342425296,1.8620946410396961
Goose Lake (18020001),2022,38710.38610201901,83851.18627558721,30388.86477535807,53462.32150022905,77105.94748286008,2.166115988990712,0.7850313012965036,1.381084687694206,1.9918671769289968
Goose Lake (18020001),2023,57197.46644250369,126364.67430761266,52091.543388982944,74273.1309186297,120029.69645741019,2.209270482891713,0.9107316569930007,1.2985388258987116,2.098514216150938
Goose Lake (18020001),2024,42628.688049444994,109566.89356991,29053.304092735932,80513.58947717403,127432.75623670786,2.5702619194572307,0.6815434727673773,1.8887184466898526,2.9893661303603496
Guano (17120008),1985,6528.705560083999,12796.508470448467,4364.358695598385,8432.149774850084,15876.297357741425,1.9600376142991238,0.6684875976459616,1.2915500166531626,2.431768014598158
Guano (17120008),1986,11595.498491953573,27227.925706303162,11011.521651882955,16216.404054420207,31050.402282015173,2.3481461987337027,0.9496376252839966,1.3985085734497058,2.6777979664748246
Guano (17120008),1987,6693.071667048908,13318.629297509595,5479.889459698582,7838.739837811016,14868.24028559707,1.9899128472027867,0.8187405921076534,1.1711722550951338,2.22143748419666
Guano (17120008),1988,2642.158726637569,5436.148858430645,1793.040180582981,3643.1086778476633,6975.330857238081,2.057464906867548,0.6786269736583227,1.3788379332092249,2.6400120427719114
Guano (17120008),1989,4700.844835150267,9352.823794795213,4442.285675928711,4910.5381188665015,8981.064202329431,1.9896048737580256,0.9449972997857329,1.0446075739722926,1.910521303569541
Guano (17120008),1990,2966.997313896686,5874.980068259394,2221.9162659694452,3653.063802289949,5649.14184850964,1.9801096687019,0.7488770736537359,1.231232595048164,1.9039929096162131
Guano (17120008),1991,12368.708934606939,24456.56526508325,10977.715241430176,13478.850023653074,25237.59407795938,1.977293296687998,0.8875392977124038,1.0897539989755944,2.0404388373426783
Guano (17120008),1992,2655.1445841468976,5326.928193287287,1741.1690838943614,3585.7591093929263,5386.534819719593,2.0062667114600234,0.6557718529869823,1.3504948584730412,2.0287161956757602
Guano (17120008),1993,10647.717947692674,19994.21562249242,13088.688297419378,6905.527325073039,13026.95796058949,1.8777935066194253,1.2292482165397378,0.6485452900796874,1.2234506985050624
Guano (17120008),1994,3763.59570822242,8256.9395081641,2433.0077938805,5823.9317142836035,8627.490065204445,2.1938965150069016,0.64645832934846,1.5474381856584427,2.2923530405659025
Guano (17120008),1995,12991.554950500868,27197.058721150024,13109.936890823574,14087.121830326449,26293.524604947263,2.0934413797866043,1.0091122225764162,1.0843291572101879,2.0238935758751158
Guano (17120008),1996,14955.647098309495,31449.980754101576,15427.972210777833,16022.00854332373,30187.076411502603,2.1028833154037523,1.0315817235699367,1.0713015918338145,2.0184400055090084
Guano (17120008),1997,10713.732084491516,22727.255480154978,10326.605265277929,12400.650214877045,22221.043503921836,2.1213201245767044,0.9638662964352108,1.1574538281414932,2.074071232011442
Guano (17120008),1998,22829.36520107255,48916.3209956922,26416.99825173551,22499.322743956684,42851.8126743496,2.142692999339029,1.1571499259425053,0.9855430733965236,1.8770479291441873
Guano (17120008),1999,15111.910379635578,30276.399834782882,10683.606841216355,19592.792993566527,36593.38630521809,2.0034793136136235,0.7069660005139594,1.2965133130996642,2.421493073075023
Guano (17120008),2000,9657.22486577939,21308.903832107906,7100.3844438668875,14208.519388241028,24976.646306665665,2.2065245583766537,0.7352406661904779,1.4712838921861766,2.586317151542263
Guano (17120008),2001,7091.725569485825,16417.199037294104,4448.590361954833,11968.608675339268,20185.875658839544,2.314979461124919,0.6272930781608588,1.6876863829640596,2.846398307584693
Guano (17120008),2002,8368.140442734748,18132.40664323223,4796.774178179931,13335.632465052304,22832.401858664954,2.166838232139717,0.5732186512649305,1.593619580874787,2.72849171388945
Guano (17120008),2003,6154.097377722125,14351.05543485436,4762.149082472234,9588.906352382124,15488.011839805473,2.331951308863795,0.7738176356635575,1.5581336732002375,2.5166991825433542
Guano (17120008),2004,10234.189102524086,23764.138761689806,8666.740315982677,15097.39844570713,26644.159725544403,2.3220343618459025,0.8468419167518778,1.4751924450940248,2.6034461019459845
Guano (17120008),2005,11848.364120167165,23306.007201800167,11839.819629797985,11466.187572002176,20492.167815108856,1.9670232080503742,0.9992788464059239,0.9677443616444498,1.7295356225783967
Guano (17120008),2006,13715.871067071816,30928.536999890683,13671.183443589634,17257.35355630105,31705.62200257498,2.2549451543141092,0.996741904085883,1.2582032502282263,2.3116010530816236
Guano (17120008),2007,3465.6640273691046,8510.350063792466,2106.501926400215,6403.848137392252,8699.767191503024,2.455618893402354,0.6078205820774056,1.8477983113249488,2.5102742570540784
Guano (17120008),2008,8963.821253594291,17990.114249725608,5316.183752480134,12673.93049724548,21804.461128743118,2.006969320423695,0.5930711470120473,1.4138981734116483,2.4324961990958953
Guano (17120008),2009,8595.337085209369,18214.168148357487,8138.922392720182,10075.245755637307,16833.687067737486,2.1190754903260225,0.9468997331966685,1.172175757129354,1.9584673528050989
Guano (17120008),2010,15601.95527207698,34422.07153218575,13086.008768399079,21336.06276378664,39016.503921707495,2.206266518004405,0.838741589768513,1.36752492823589,2.500744505500271
Guano (17120008),2011,21863.705016552212,50043.37250482426,20695.12249663367,29348.250008190582,55636.71663035883,2.288878873317137,0.9465514870862989,1.3423273862308376,2.5447066994472487
Guano (17120008),2012,4721.849931427249,9968.404723980726,3041.9466321894406,6926.458091791288,10269.01572598845,2.1111227312909597,0.6442277235333413,1.466895007757619,2.1747865508475592
Guano (17120008),2013,5050.588476728848,11656.392181991105,4073.0839467546602,7583.308235236443,11295.9925011769,2.307927528781891,0.8064573000793572,1.5014702287025332,2.2365695706994244
Guano (17120008),2014,4389.277669370109,11284.843549561847,3519.0979752565686,7765.74557430528,10871.128441659435,2.5710024290127214,0.8017487706038846,1.7692536584088372,2.476746576668392
Guano (17120008),2015,3996.2666755985947,10620.543477881662,4122.332893728067,6498.210584153595,8629.947649174293,2.6576163054210657,1.0315459973928263,1.6260703080282393,2.1595024430849894
Guano (17120008),2016,8570.824511100574,21775.00396287817,8474.09639321717,13300.907569661,21722.97465917904,2.5405961742275895,0.9887142575655207,1.551881916662069,2.5345256609844653
Guano (17120008),2017,5566.608499532718,12311.967364648699,4698.804485802907,7613.162878845787,10968.962604476319,2.2117537753341576,0.844105434430559,1.3676483409035978,1.970492914203881
Guano (17120008),2018,4754.95437447015,12200.322469918867,3263.470353647184,8936.852116271688,12276.756402790897,2.565812731121813,0.6863305295144575,1.8794822016073567,2.58188731919408
Guano (17120008),2019,13917.874509516168,29973.56867840457,15005.054651173125,14968.514027231453,25717.185830958617,2.15360245258071,1.0781139491460143,1.0754885034346964,1.8477811258734098
Guano (17120008),2020,5720.718230474,14238.802874333842,3582.009516256022,10656.79335807782,15275.790981870869,2.4889886725209434,0.6261468179248584,1.8628418545960852,2.6702575387295675
Guano (17120008),2021,4413.840241324,11179.877452084324,2970.206732228089,8209.670719856236,10828.662020863814,2.5329139345403098,0.6729302760938011,1.859983658446509,2.453342538201063
Guano (17120008),2022,5930.805635274,14676.821160332245,4233.184720568718,10443.636439763533,15082.806720406003,2.4746757966642052,0.7137621734543905,1.7609136232098157,2.543129491666301
Guano (17120008),2023,14655.669798183695,33796.16768933452,17907.50859705463,15888.659092279897,27511.96655677645,2.306013178157367,1.2218826463512396,1.0841305318061278,1.8772234183514465
Guano (17120008),2024,12952.240698198962,31992.344505650253,11207.484047645183,20784.860458005085,36105.4011131212,2.4700239326234,0.8652930646358052,1.6047308679875958,2.7875795358050857
Harney-Malheur Lakes (17120001),1985,83034.45808513495,174039.46026541406,51219.262409725394,122820.19785568886,221047.605739885,2.0959908004333814,0.616843459822553,1.4791473406108309,2.662118966480707
Harney-Malheur Lakes (17120001),1986,61096.565259309886,137944.9342271056,39988.275960227766,97956.65826687767,171783.18201558522,2.257818154615256,0.65450939493091,1.6033087596843432,2.811666765332752
Harney-Malheur Lakes (17120001),1987,41406.373263564135,95829.01720440433,28363.43310104824,67465.58410335614,116958.79303070121,2.3143542805457398,0.6850016281432421,1.629352652402499,2.824656781366071
Harney-Malheur Lakes (17120001),1988,35267.804962199356,80131.01315125517,21164.529912347785,58966.48323890738,102943.44327841094,2.272072595307278,0.6001090778128181,1.6719635174944592,2.918907014166249
Harney-Malheur Lakes (17120001),1989,80835.31350816498,161085.25977153858,64576.22803766098,96509.03173387755,178839.82975286557,1.992758520757982,0.7988616018806964,1.193896918877285,2.2123973049823253
Harney-Malheur Lakes (17120001),1990,30532.537898415936,64610.27284162016,15872.730051137705,48737.54279048249,83812.54036547538,2.116112098397566,0.5198627806161243,1.596249317781443,2.74502370698191
Harney-Malheur Lakes (17120001),1991,70440.54784453048,121829.43323170571,51026.381035933686,70803.05219577193,125879.9744406094,1.729535572332512,0.7243893268484247,1.005146245484086,1.787038549422407
Harney-Malheur Lakes (17120001),1992,18934.031511343088,39901.18175576853,13164.502124817325,26736.67963095122,37745.20742200533,2.107379072009273,0.6952825718564308,1.4120965001528432,1.9935113871228511
Harney-Malheur Lakes (17120001),1993,82182.6780773863,131847.4771471142,68085.8053924898,63761.67175462434,116563.15351547771,1.6043219840434217,0.8284690519378992,0.7758529321055216,1.418342115910575
Harney-Malheur Lakes (17120001),1994,53495.51856562027,107793.7163849447,31739.23754445445,76054.47884049018,132271.1971920697,2.0150046073993946,0.5933064749250261,1.4216981324743674,2.4725659408239826
Harney-Malheur Lakes (17120001),1995,81264.9354846706,153046.16655048204,62789.28347098881,90256.88307949324,163626.90672514957,1.8832989362226453,0.7726491517714065,1.110649784451239,2.0134994970372593
Harney-Malheur Lakes (17120001),1996,78633.73313952048,161084.61332032926,66980.26746252975,94104.3458577996,171043.15785252268,2.0485433781264777,0.8518006813142918,1.1967426968121873,2.1751880652676046
Harney-Malheur Lakes (17120001),1997,76140.43380129176,157330.6568132733,55265.40562889789,102065.25118437527,185754.8625829303,2.0663220441305667,0.725835182041743,1.3404868620888222,2.439634939140298
Harney-Malheur Lakes (17120001),1998,83032.01947104732,174956.7396706667,76745.06190891062,98211.67776175583,181848.0490626973,2.1070996560751225,0.9242827333095407,1.182816922765579,2.190095462222335
Harney-Malheur Lakes (17120001),1999,85026.0686387908,173721.41778944805,50298.43011503512,123422.9876744131,223661.81456035704,2.0431547708909643,0.5915648097139922,1.4515899611769743,2.630508715045041
Harney-Malheur Lakes (17120001),2000,76926.02945118658,170721.52350600596,53427.932864733346,117293.59064127282,207501.0102382508,2.219294622691235,0.694536468941713,1.5247581537495247,2.6974095987876328
Harney-Malheur Lakes (17120001),2001,50499.739794266476,106310.98046945271,29377.248066141357,76933.73240331128,123434.34369506757,2.1051787772087254,0.5817306818970328,1.5234480953116913,2.4442570238566215
Harney-Malheur Lakes (17120001),2002,44837.98252548781,92895.16814781522,21560.767357677396,71334.40079013773,109714.42802051781,2.071796341305269,0.48085944423171456,1.5909368970735522,2.44690822023831
Harney-Malheur Lakes (17120001),2003,35512.1761394426,79111.41207361524,26574.964666894255,52536.447406720996,76809.7641558516,2.227726393419972,0.7483338830756142,1.479392510344358,2.162913470981033
Harney-Malheur Lakes (17120001),2004,44480.19522949695,98613.68648674717,34169.577854802534,64444.108631944575,99794.11549558783,2.217024587638314,0.7681975692440991,1.4488270183942131,2.2435628931189933
Harney-Malheur Lakes (17120001),2005,76181.10208875533,155247.5134205421,67697.43954118631,87550.07387935596,149533.48056797456,2.0378743436878857,0.8886382276580211,1.149236116029867,1.9628684341394735
Harney-Malheur Lakes (17120001),2006,90035.62495473746,196080.14740039114,69555.23299253204,126524.91440785915,222563.86713594923,2.1778062572338914,0.7725301293515618,1.40527612788233,2.471953376764321
Harney-Malheur Lakes (17120001),2007,43061.64013747414,104813.26780926708,26835.848716197557,77977.41909306958,118382.35109693641,2.434028696414049,0.6231961585885768,1.8108325378254737,2.7491370676778955
Harney-Malheur Lakes (17120001),2008,55361.67795576553,107861.89692055518,31712.624833845046,76149.27208671012,116358.22939090585,1.9483133622997806,0.5728262943761154,1.3754870679236648,2.10178292435206
Harney-Malheur Lakes (17120001),2009,45582.5840235877,100666.6546015863,38835.32989885933,61831.324702726895,90432.20591415059,2.20844554467325,0.8519773665916602,1.3564681780815877,1.9839201276381015
Harney-Malheur Lakes (17120001),2010,58218.13221763921,115284.2541383716,41975.79919103205,73308.45494733952,115030.46069895758,1.9802121735441423,0.7210090326174019,1.2592031409267397,1.9758528196839866
Harney-Malheur Lakes (17120001),2011,99718.06976113665,212414.56832101534,80783.0972297494,131631.47109126614,231876.59872731974,2.130151223643121,0.8101149312582581,1.320036292384865,2.3253217725007502
Harney-Malheur Lakes (17120001),2012,60146.59131943777,135223.6447030407,37690.67539538086,97532.96930765982,153068.4579062277,2.2482345505644648,0.6266469066419104,1.6215876439225538,2.544923237516206
Harney-Malheur Lakes (17120001),2013,63981.553436807706,133430.55191877155,43881.38158068317,89549.17033808841,134977.61950140522,2.085453458871644,0.6858442664106811,1.3996091924609635,2.1096333591637126
Harney-Malheur Lakes (17120001),2014,48573.523103731844,116933.41176435887,33916.115629075895,83017.29613528306,113116.85210158552,2.407348783711656,0.698242858699911,1.7091059250117466,2.328775943635328
Harney-Malheur Lakes (17120001),2015,44316.55279659537,108888.52270429635,36944.30576459378,71944.21693970246,94021.96321995692,2.457062109593094,0.83364574709051,1.6234163625025813,2.1215992058655826
Harney-Malheur Lakes (17120001),2016,50778.697427838495,116955.41806355926,36350.97999004608,80604.43807351301,108996.48544758538,2.3032378534278943,0.7158706668619136,1.587367186565977,2.146500224872449
Harney-Malheur Lakes (17120001),2017,71669.29871373675,154234.51104752545,52516.61793543298,101717.89311209219,155504.0261628767,2.15203042049529,0.7327631060713476,1.4192673144239387,2.1697439343448113
Harney-Malheur Lakes (17120001),2018,54371.31981896845,123309.79649496824,33700.49075925669,89609.30573571155,122916.57545778445,2.2679198685176907,0.6198210908152287,1.648098777702462,2.2606877277770754
Harney-Malheur Lakes (17120001),2019,102153.12463807416,214849.2289366476,93813.94190456418,121035.28703208343,194503.42304840143,2.1032076081652202,0.9183658575001451,1.1848417506650752,1.9040379208910343
Harney-Malheur Lakes (17120001),2020,58045.63293448201,131012.53536707131,36504.77542866439,94507.75993840714,130748.87170654557,2.2570610180950115,0.6288978788441933,1.628163139250822,2.2525186667208206
Harney-Malheur Lakes (17120001),2021,51729.25737977202,115475.05210357594,32162.681998496748,83312.37010507919,110705.55768058283,2.232296730181377,0.621750313606348,1.6105464165750287,2.140095630367055
Harney-Malheur Lakes (17120001),2022,48885.95957714802,115496.83982060477,32649.101961461412,82847.73785914334,109464.31989379313,2.3625769202369167,0.6678625569359468,1.6947143633009694,2.239177073348536
Harney-Malheur Lakes (17120001),2023,78199.56852912858,160213.6790973405,74673.04266807523,85540.63642926494,129521.79095957337,2.0487795791055095,0.9549035125463672,1.0938760665591383,1.6562980256256499
Harney-Malheur Lakes (17120001),2024,61229.586934251194,147360.34049696312,43474.12223451515,103886.21826244786,153313.26558467085,2.406685197063305,0.7100182184994649,1.6966669785638386,2.5039082126962544
Illinois (17100311),1985,2177.6867318229993,6096.043604835911,2242.6785626584733,3853.3650421774346,6758.041536507748,2.799320726784587,1.0298444353293494,1.7694762914552364,3.103312077789266
Illinois (17100311),1986,2847.528793847739,7899.44159769733,4139.751949837193,3759.689647860137,6374.839506804523,2.7741393220551656,1.4538051235096838,1.3203341985454817,2.2387269693559397
Illinois (17100311),1987,2666.0160003290493,7600.391202966044,2533.9386978138823,5066.452505152164,8577.634702735746,2.850842306283224,0.9504589235402693,1.900383382742956,3.217398058255113
Illinois (17100311),1988,2216.1023509101638,6313.830531129573,2956.2664005797933,3357.5641305497816,5739.870997773282,2.8490699125590715,1.33399362144336,1.5150762911157123,2.5900748651865695
Illinois (17100311),1989,2530.1746136836937,6552.2284522311,3092.581103191996,3459.647349039106,5980.404314835456,2.5896348879620126,1.222279714003411,1.367355173958602,2.3636330403807806
Illinois (17100311),1990,2843.127362364591,7774.653996768947,3287.90604608012,4486.747950688825,7610.429789552087,2.7345429894153144,1.1564399434239951,1.5781030459913186,2.676781170725533
Illinois (17100311),1991,2928.2727957530783,7907.1779816109565,4098.304534930789,3808.873446680169,6586.88663355141,2.7002873479133727,1.3995637772801175,1.3007235706332552,2.249410178964364
Illinois (17100311),1992,1827.3534808447182,5081.0025515629595,2124.4719376931826,2956.5306138697792,5056.131897152422,2.7805252814109065,1.1625949549241656,1.617930326486742,2.766915076997122
Illinois (17100311),1993,4487.217662679073,11976.333083066336,7217.580084141007,4758.752998925322,8523.299838516054,2.6689886658887683,1.6084755914942142,1.0605130743945523,1.8994620897055516
Illinois (17100311),1994,2548.9099300964535,6133.051632490926,3117.170776845073,3015.8808556458525,5159.2482593016,2.4061468630469984,1.2229426940665242,1.183204168980474,2.0240998704518245
Illinois (17100311),1995,2561.784294954379,6843.500243017249,4085.6823878113178,2757.8178552059308,4755.673084112196,2.671380356455468,1.594858082258669,1.0765222741967986,1.8563909121774385
Illinois (17100311),1996,2803.23279486528,8197.95622640658,4725.992438828802,3471.9637875777835,5833.601561425473,2.9244650110482757,1.6859079443867333,1.2385570666615442,2.0810264392279376
Illinois (17100311),1997,2491.9729219729884,6964.197297444618,4467.9037350476,2496.293562397019,4461.119033219561,2.7946520750838664,1.792918251900664,1.001733823183203,1.7901956292877876
Illinois (17100311),1998,1574.7004977455229,4150.10213671981,2475.418025908643,1674.6841108111669,2945.021972362892,2.63548664819847,1.5719929151306329,1.063493733067837,1.8702108601472087
Illinois (17100311),1999,1820.9686066814888,4801.494758000031,2081.6210201799845,2719.873737820045,4757.122642976104,2.636780634428518,1.1431394327953328,1.4936412016331846,2.6124133197691015
Illinois (17100311),2000,2343.204527203278,5948.725645596953,3024.037832800082,2924.6878127968685,5171.0550476893895,2.538713789827399,1.2905564997390175,1.2481572900883806,2.2068304271592036
Illinois (17100311),2001,2180.3864803300335,5306.529352927707,2559.93940631052,2746.5899466171854,4970.186733872843,2.4337563091679444,1.174075985796351,1.2596803233715927,2.2794980517034453
Illinois (17100311),2002,1797.911151928931,4691.777179650942,1984.1522957545064,2707.6248838964366,4928.021846882802,2.60957120968812,1.103587512445074,1.5059836972430467,2.7409707323944557
Illinois (17100311),2003,2713.508143854023,6695.173646108049,3740.248346757289,2954.925299350763,5097.265777436751,2.4673497521178716,1.37838110242226,1.0889686496956126,1.8784781571346432
Illinois (17100311),2004,2036.8446103489614,5263.936295906172,3021.5249247041156,2242.411371202056,4036.332439651059,2.5843583104772683,1.4834341850881076,1.1009241253891608,1.9816594840583035
Illinois (17100311),2005,2319.2486527499063,5931.851237703407,4580.344572691645,1351.5066650117633,2387.2140894677327,2.5576607452892466,1.9749260465283804,0.582734698760867,1.0293049374577583
Illinois (17100311),2006,2182.2418763938613,5731.896113900498,3265.174983882078,2466.721130018425,4282.400825945076,2.6266089822143885,1.4962479728772118,1.1303610093371792,1.9623859629262141
Illinois (17100311),2007,2580.0719656135357,6855.966553917264,3201.262078025153,3654.704475892115,6232.978367337169,2.6572772563291385,1.2407646455954184,1.416512610733722,2.415815702200764
Illinois (17100311),2008,1920.3662274314022,5286.765481551241,2197.08903947724,3089.676442074005,5254.8667690343245,2.752998571851884,1.1440989786703186,1.6088995931815677,2.736387827473411
Illinois (17100311),2009,2137.1029429547375,5600.35634740292,2768.327823523718,2832.028523879201,4897.716689576044,2.62053653796383,1.2953647519179659,1.3251717860458638,2.2917551565412704
Illinois (17100311),2010,2338.302969154408,5912.420874283511,4795.839251479185,1116.581622804328,1925.8627624715512,2.528509330175293,2.050991387661577,0.4775179425137168,0.823615582700985
Illinois (17100311),2011,2399.9912470805766,6410.534193849019,3337.501182515478,3073.0330113335385,5359.712647114963,2.6710656556131154,1.3906305644136483,1.2804350911994662,2.233221747635406
Illinois (17100311),2012,2516.253970751145,6880.285621069187,4130.677546619189,2749.608074449999,4887.482571956392,2.7343367168200845,1.6415980241398729,1.092738692680212,1.9423645739930595
Illinois (17100311),2013,2152.652291807326,5741.77614094219,2586.0551025436716,3155.7210383985207,5490.618125526368,2.6673031045443496,1.201334331784939,1.4659687727594117,2.5506293545050647
Illinois (17100311),2014,2298.018220257391,6084.462980776219,3310.0203828785757,2774.442597897644,4833.1470964038235,2.6477000604872165,1.440380391112754,1.2073196693744626,2.1031804943054295
Illinois (17100311),2015,2136.315410400351,5555.96953360447,3034.035790309533,2521.9337432949374,4340.998473182727,2.600725298594025,1.4202190254953722,1.1805062730986529,2.0320026022605027
Illinois (17100311),2016,2670.8048647970486,6373.009818793034,3617.55605890601,2755.4537598870274,4886.545136464521,2.3861757565269794,1.3544816046232955,1.031694151903685,1.829615184872686
Illinois (17100311),2017,2809.5506968679624,6277.4840497021305,4403.862023290956,1873.6220264111755,3347.4933991843604,2.2343373467865018,1.56746131265768,0.6668760341288222,1.191469298958046
Illinois (17100311),2018,2704.793465918843,6577.264024877269,3127.7284910684552,3449.535533808813,6286.284560770735,2.431706563829232,1.156364998096421,1.2753415657328107,2.3241273834692686
Illinois (17100311),2019,2702.627734507844,5947.149394323517,3941.633432326157,2005.515961997361,3749.4998727576976,2.2005063140545733,1.4584448246417259,0.7420614894128478,1.387353435651948
Illinois (17100311),2020,2812.375893991,6959.8836651882575,3327.9385126152906,3631.945152572962,6725.4438578195095,2.4747345047505696,1.1833192425400374,1.2914152622105304,2.3913744504030485
Illinois (17100311),2021,1279.7348318969996,3438.0132886404485,1430.3448876477637,2007.6684009926857,3645.9447714726157,2.6865044249394625,1.117688486705882,1.5688159382335811,2.8489845557052575
Illinois (17100311),2022,3304.8477626270005,8192.282168337813,4565.57798852479,3626.7041798130253,6661.448775874505,2.4788682434878107,1.3814790624109246,1.0973891810768868,2.0156597986768885
Illinois (17100311),2023,3331.5448089887514,7637.177718563172,4993.715659914614,2643.4620586485566,4872.557369118971,2.2923833105763753,1.4989189538862584,0.7934643566901165,1.4625519536679967
Illinois (17100311),2024,3397.496267716472,8869.512903298424,4868.098911589213,4001.413991709212,7341.030769461653,2.6106026922171743,1.4328489358021173,1.1777537564150573,2.1607178318979323
Imnaha (17060102),1985,948.99039369,1970.9318797712774,1191.4202344162115,779.511645355066,1375.82493725461,2.076872319126033,1.2554607953232921,0.821411523802741,1.4497775176679406
Imnaha (17060102),1986,1009.6670142245804,2369.5054533879033,1211.9059039817964,1157.599549406107,2008.2254495601837,2.3468187234062237,1.2003025620407481,1.1465161613654755,1.9889977797308667
Imnaha (17060102),1987,823.7912687477672,1916.2233108416892,820.758740946422,1095.4645698952672,1982.597228977197,2.326102962652799,0.9963188153159782,1.3297841473368206,2.4066742440605293
Imnaha (17060102),1988,850.2240801879965,1707.9362853470207,901.7979923816168,806.1382929654037,1465.7873462914306,2.0088072369925962,1.0606591996103152,0.9481480373822807,1.7240012138533225
Imnaha (17060102),1989,751.8385181287467,1607.2325711195244,1000.5423781467301,606.690192972794,1163.0258172908138,2.1377364053118355,1.3307942517190836,0.8069421535927517,1.5469090625809814
Imnaha (17060102),1990,788.2464449804653,1793.8775551127026,981.5732644693069,812.3042906433956,1463.9930634937996,2.275782614100035,1.2452618983820887,1.030520715717946,1.8572783585850248
Imnaha (17060102),1991,701.3269220483644,1503.7710426775204,634.210005037872,869.5610376396482,1635.165038592947,2.1441798331161435,0.9043000989973917,1.2398797341187513,2.3315303992852905
Imnaha (17060102),1992,616.4889775476852,1283.0057473391842,692.2826522696985,590.7230950694857,1103.6242890855126,2.0811495323773963,1.1229440873760808,0.9582054450013155,1.790176838968946
Imnaha (17060102),1993,1011.6155010333371,1988.8527624013125,1373.5380049206647,615.3147574806476,1151.9677108723592,1.9660164957632171,1.3577668625259636,0.6082496332372533,1.138740667472628
Imnaha (17060102),1994,862.503031898062,1843.8774486141667,889.5486841249271,954.3287644892399,1725.7253225940633,2.1378214109653033,1.0313571677160918,1.1064642432492118,2.0008339203125542
Imnaha (17060102),1995,1001.1924799257533,2243.318052355472,1286.8468036828829,956.4712486725892,1757.3008921428107,2.240646126828512,1.285314092429373,0.9553320343991392,1.7552078420256703
Imnaha (17060102),1996,943.7665754637829,1949.3410213189336,1166.3701642807832,782.9708570381504,1458.1392681111397,2.0654906329576193,1.2358672097574648,0.8296234232001544,1.545021095279397
Imnaha (17060102),1997,976.6638767293118,2388.9173620723263,1380.6776089994337,1008.2397530728922,1826.5166657312984,2.445997460326291,1.4136671191557715,1.032330341170519,1.8701589249394635
Imnaha (17060102),1998,1107.0943165983838,2479.6477806762305,1616.7916455314207,862.8561351448104,1561.7028131238476,2.239780065256863,1.4603919659700844,0.7793880992867794,1.4106321292681518
Imnaha (17060102),1999,1016.56796386572,2136.4145819140094,985.9569068978165,1150.4576750161932,2071.8202326095657,2.101595424854655,0.9698878402074581,1.1317075846471971,2.038053830391251
Imnaha (17060102),2000,995.078161503146,2332.305007917773,1150.1110385571465,1182.1939693606269,2083.993071382974,2.3438410148551925,1.155799698005442,1.188041316849751,2.094300882088432
Imnaha (17060102),2001,813.8721251455496,1808.9904338347192,715.5281905321385,1093.4622433025806,1916.3188819108889,2.222696143465052,0.8791653730666551,1.3435307703983967,2.3545699904247024
Imnaha (17060102),2002,991.0013915610964,2154.8903855904414,964.8646148751071,1190.0257707153344,2073.38513768031,2.1744574769929472,0.9736258930526659,1.2008315839402814,2.0922121354584227
Imnaha (17060102),2003,964.1466686738564,2306.1448656050015,1021.0245645255934,1285.1203010794088,2228.62695935122,2.391902539866686,1.0589929911078468,1.33290954875884,2.311502006656937
Imnaha (17060102),2004,1059.6648798802846,2516.328582930482,1507.0354237812132,1009.2931591492685,1724.6413504258737,2.3746456362833914,1.4221811559438209,0.9524644803395703,1.6275346887222635
Imnaha (17060102),2005,972.5441973614376,2249.9963195648397,1076.4274423570032,1173.5688772078363,2040.2344514303438,2.3135157514375138,1.1068159629941818,1.2066997884433315,2.097832115975402
Imnaha (17060102),2006,959.0961640460497,2203.910705849948,1172.8744158642248,1031.0362899857237,1769.5223519884332,2.2979037853227515,1.222895534183276,1.0750082511394758,1.84498949982608
Imnaha (17060102),2007,896.5389279850489,2072.5754507910747,942.9291914368529,1129.6462593542215,1933.9317639881988,2.3117517668185825,1.0517437246769252,1.260008042141657,2.157108524372352
Imnaha (17060102),2008,926.0355937944161,2031.426444734839,1021.2469733649067,1010.1794713699322,1721.3136756757328,2.1936807379196965,1.1028161122623414,1.090864625657355,1.8587986112096162
Imnaha (17060102),2009,964.6487242022505,2239.743034441879,1414.703166482891,825.0398679589887,1412.277240732196,2.321822419134086,1.4665474913190069,0.8552749278150799,1.464032663185376
Imnaha (17060102),2010,1053.115738504933,2342.740411,1465.1650671636928,877.5753438363067,1505.770311073898,2.2245801912768832,1.3912668983978247,0.833313292879058,1.4298241456457397
Imnaha (17060102),2011,1012.9742217925517,2100.6360279821765,1209.4393014475693,891.1967265346069,1548.8733263080296,2.0737309822799896,1.1939487456130466,0.8797822366669428,1.5290352834124
Imnaha (17060102),2012,680.8359172079364,1394.8167792690672,775.9807151471434,618.8360641219238,1036.1516820549255,2.0486827207781864,1.1397470308696251,0.9089356899085612,1.5218816397115413
Imnaha (17060102),2013,889.4628111198087,1817.1958797177597,909.0936029766135,908.1022767411462,1552.366786164185,2.043026259220395,1.0220703908149797,1.0209558684054152,1.745285768844904
Imnaha (17060102),2014,842.7879701277479,1990.2873022428387,882.6078570735314,1107.6794451693074,1911.8999608114207,2.361551627203643,1.0472478112611736,1.3143038159424698,2.268542063458285
Imnaha (17060102),2015,830.8417874124874,1991.7629461496265,931.7182347753202,1060.0447113743064,1822.5204057309154,2.397283064387778,1.1214147493435482,1.2758683150442298,2.1935829821545676
Imnaha (17060102),2016,949.1372080296605,2296.8612749686517,1124.4103594796427,1172.4509154890095,1994.1602453994537,2.419946510933617,1.1846657679913701,1.2352807429422474,2.1010242023270638
Imnaha (17060102),2017,1000.702845565568,2203.204176349137,1287.4486611214315,915.7555152277058,1563.8708453128904,2.2016567516643266,1.2865444190815738,0.9151123325827534,1.5627724576210595
Imnaha (17060102),2018,1049.8973059386246,2518.8367910214615,1284.7400222983983,1234.0967687230632,2119.836865104708,2.3991268258085316,1.2236816067927907,1.1754452190157412,2.0190897272657926
Imnaha (17060102),2019,1037.8120289538288,2418.423493649652,1177.6001103416077,1240.8233833080442,2121.6120701910627,2.330309753768758,1.1346949905068,1.1956147632619578,2.0443124679618174
Imnaha (17060102),2020,1123.886009555,2768.5793182382654,1395.7690454329722,1372.8102728052922,2354.759864189865,2.4633986851873684,1.2419133555952204,1.221485329592147,2.0951945697074974
Imnaha (17060102),2021,835.7035543730001,2021.6885515152055,827.1299338036602,1194.5586177115454,2028.9624762030965,2.4191455701441997,0.9897408351029781,1.4294047350412216,2.427849523417856
Imnaha (17060102),2022,1069.4691564910001,2466.797809193005,1403.7290902602087,1063.0687189327962,1829.3728487037995,2.306562834674666,1.3125475211140616,0.994015313560604,1.7105428778386598
Imnaha (17060102),2023,964.179512450722,2422.8429534512434,1266.346022738602,1156.4969307126416,1981.7423163953058,2.512854631491739,1.3133923780643735,1.1994622534273656,2.0553665482459524
Imnaha (17060102),2024,956.5310356029396,2311.40596818508,765.5945506072973,1545.8114175777832,2604.08911770238,2.416446390292092,0.8003865239194382,1.6160598663726544,2.7224303454627785
Jordan (17050108),1985,24993.61285633001,55309.26984784452,20318.218212381445,34991.051635463096,55568.16796163532,2.2129361675631705,0.8129364221641749,1.3999997453989963,2.223294738582055
Jordan (17050108),1986,25967.030959801596,63296.62255328342,24314.245264014622,38982.37728926882,62668.21337480045,2.4375764272500042,0.9363506094190908,1.5012258178309144,2.4133761565507554
Jordan (17050108),1987,21124.861989432633,48129.449269381956,15715.22098691278,32414.2282824692,49989.45120790159,2.2783320096224973,0.743920646429504,1.5344113631929945,2.3663800138863866
Jordan (17050108),1988,15865.066692227163,32700.8286874205,10133.97892179245,22566.849765628067,32695.98674988046,2.0611844451584784,0.6387605623339379,1.4224238828245415,2.0608792502523383
Jordan (17050108),1989,17185.964561731984,39575.47897823166,15610.022538508118,23965.456439723574,35278.03679841508,2.302779040191578,0.9083006358145868,1.3944784043769936,2.0527237020474685
Jordan (17050108),1990,19785.05113390712,44368.57623739064,14747.567679194373,29621.008558196292,45483.63556810639,2.2425302789009676,0.7453894144311998,1.4971408644697692,2.2988889571358087
Jordan (17050108),1991,24980.332118102466,58208.13480626908,22477.271277501924,35730.86352876723,55858.86906633708,2.3301585635880104,0.8997987365113272,1.430359827076686,2.236113947654759
Jordan (17050108),1992,9261.526936832663,19402.047404880148,5950.739181736799,13451.308223143345,19930.111084240394,2.0949080575168555,0.6425224719771624,1.452385585539693,2.151924970922372
Jordan (17050108),1993,27060.67412116338,57117.095572543694,30555.923605243624,26561.171967300037,42222.45757982222,2.1107048300719917,1.129163429869868,0.9815414002021221,1.5602884610624406
Jordan (17050108),1994,14735.451481878963,30412.518281230885,9010.706396660647,21401.811884570245,31111.099994394142,2.0639013550844316,0.611498494480582,1.45240286060385,2.1113095878095938
Jordan (17050108),1995,28036.13615939014,70066.53056024644,29503.18086013149,40563.34970011492,65258.906909712816,2.4991507446641883,1.0523269216699818,1.4468238229942054,2.3276712075695802
Jordan (17050108),1996,23047.193498266937,52654.69299367852,22520.10690519947,30134.586088479035,47864.499627506644,2.284646631601282,0.9771301181158087,1.3075165134854725,2.076803825641759
Jordan (17050108),1997,25360.97751231906,61082.61341454902,25127.98570966839,35954.62770488064,57026.498299115934,2.4085275650308917,0.99081298019615,1.4177145848347417,2.2485922820370545
Jordan (17050108),1998,25156.4050272018,55890.64736000846,31925.940617950568,23964.7067420579,37650.430833472725,2.2217263277313872,1.269097893098351,0.9526284346330365,1.4966538657952535
Jordan (17050108),1999,24148.03837493786,56120.30878091739,16939.047684672627,39181.26109624471,62133.78440592117,2.3240110815444983,0.7014668198578352,1.622544261686661,2.5730365109245055
Jordan (17050108),2000,19586.411144714326,47606.83585958156,15215.801730442628,32391.03412913898,49551.78887733972,2.4306053573489366,0.7768550153481707,1.6537503420007686,2.5299065005439743
Jordan (17050108),2001,20805.706741118644,47601.86877987106,14968.13046724539,32633.738312625646,50340.41695130502,2.2879236630685917,0.7194242739980392,1.5684993890705514,2.4195485199172047
Jordan (17050108),2002,21981.621696398703,50327.4494896743,14798.503929313494,35528.94556036081,56342.77351003133,2.2895239570936456,0.6732216637018171,1.616302293391829,2.5631763792596836
Jordan (17050108),2003,18672.681760206637,44455.71969336085,15525.595358296043,28930.12433506481,44152.7989119894,2.3807892333976612,0.8314603953344639,1.5493288380631975,2.3645665619430978
Jordan (17050108),2004,25237.565083698286,60503.26952883255,24145.035133319434,36358.23439551316,58249.698974847255,2.397349717699726,0.9567101680865183,1.4406395496132094,2.3080554237965103
Jordan (17050108),2005,28272.422236888597,70872.89657501475,28348.5248202048,42524.37175481,68885.10553598117,2.5067854455902596,1.0026917602842287,1.504093685306033,2.4364769653907814
Jordan (17050108),2006,24984.934071518488,60424.26946843136,23417.959330297155,37006.31013813429,59631.302654928404,2.418428213397283,0.9372832148871827,1.4811449985101037,2.386690414480819
Jordan (17050108),2007,17587.358525120948,41225.95708590326,13450.322378356434,27775.63470754685,42799.55949500649,2.3440675884907938,0.7647721719634379,1.579295416527357,2.433541082014882
Jordan (17050108),2008,26100.50442598107,58782.57775083593,19706.145292863053,39076.432457972856,62723.946136007275,2.252162517300713,0.7550101320358805,1.4971523852648316,2.4031698817885814
Jordan (17050108),2009,26015.150431808346,60122.35828593384,26166.468793951062,33955.88949198279,53507.09025270898,2.311051725167928,1.0058165476513141,1.3052351775166142,2.0567665135346145
Jordan (17050108),2010,24639.916388645073,56200.129513741835,21560.67534711615,34639.454166625714,55125.0303293311,2.280857151757252,0.8750303778243361,1.4058267739329169,2.237224731603985
Jordan (17050108),2011,31026.109586974846,66647.92733369411,32487.140616451252,34160.78671724296,54153.71406238825,2.1481238937437954,1.0470903715910862,1.1010335221527128,1.7454239278882282
Jordan (17050108),2012,21757.781398638508,51131.69539571615,13788.479076460384,37343.21631925567,57697.66929682517,2.3500417831624927,0.6337263355961099,1.7163154475663782,2.6518176756953533
Jordan (17050108),2013,15501.535677936767,32064.63846763337,10368.18177829513,21696.456689338247,32182.62580735679,2.0684814158942175,0.6688486865886516,1.3996327293055661,2.0760927482276554
Jordan (17050108),2014,17270.096992946135,38905.39000252749,12659.216729998434,26246.173272529093,39429.6451864548,2.252760364832818,0.7330136440559085,1.5197467207769118,2.283116603372847
Jordan (17050108),2015,17420.81004290161,40018.449237989145,17321.41324984667,22697.035988142503,33829.80761479233,2.29716351532662,0.9942943644520458,1.302869150874576,1.9419193212876362
Jordan (17050108),2016,17711.5893289329,42472.45898963058,15825.48162371854,26646.977365912026,39736.26514758986,2.398003826807873,0.893509968519127,1.5044938582887453,2.2435177560648603
Jordan (17050108),2017,23766.917387337802,58959.772291726054,23254.113111398176,35705.65918032787,55830.71014373825,2.4807496626860748,0.9784236101139128,1.5023260525721616,2.3490934576767173
Jordan (17050108),2018,20833.97059512083,46922.62193493551,15404.606239898807,31518.01569503671,48656.64251193941,2.2522169607902036,0.7393984823760122,1.5128184784141918,2.3354474025865457
Jordan (17050108),2019,25645.015101048895,59875.70265049348,29906.415124042116,29969.28752645124,46683.0301214577,2.3347891360003343,1.1661687468773971,1.1686203891229325,1.8203549476384724
Jordan (17050108),2020,26144.272950110008,61109.942590332954,24790.76668639598,36319.17590393688,56864.25968132611,2.3374122014005296,0.9482293400815978,1.3891828613189283,2.175017824738815
Jordan (17050108),2021,21112.64878378999,50726.41970476092,18776.183098657773,31950.236606103146,48667.27642533807,2.4026554045510378,0.8893333702909829,1.513322034260055,2.305124142580544
Jordan (17050108),2022,24141.857343191,55534.998885411,21774.211151523214,33760.7877338877,52229.430968386325,2.300361488179954,0.9019277531960249,1.3984337349839255,2.1634388036476895
Jordan (17050108),2023,28629.582806422957,68757.81475136656,34990.19295009182,33767.62180127474,54593.346015424206,2.4016352322095647,1.2221691523301512,1.1794660798794134,1.9068858384892833
Jordan (17050108),2024,24554.436194274953,66777.48989462179,25238.732988103304,41538.75690651855,65566.87307084251,2.7195692609790587,1.0278685606305185,1.6917007003485431,2.6702658758717464
Lake Abert (17120006),1985,26726.406492796992,59447.526089169456,17183.390091793823,42264.13599737568,83375.06701762776,2.224299256437303,0.6429367934826892,1.5813624629546155,3.119576402465408
Lake Abert (17120006),1986,31721.371507338117,83025.37762273227,30942.15558946574,52083.222033266524,103217.42467939203,2.617332532533342,0.975435617035281,1.6418969154980607,3.253876480577604
Lake Abert (17120006),1987,29499.173218385036,71539.0226450774,25281.245600985443,46257.77704409194,91351.34344364099,2.425119582690253,0.8570153954426487,1.5681041872476036,3.096742500793455
Lake Abert (17120006),1988,29056.8312698453,61989.2970851219,22466.74832029688,39522.54876482504,78248.92289063075,2.1333811835653727,0.7732002196541128,1.3601809639112608,2.6929613268545283
Lake Abert (17120006),1989,31125.089404639624,68651.46450198864,24764.464407126914,43887.00009486173,86646.95960890406,2.20566320660127,0.7956431573634429,1.410020049237827,2.783830063343951
Lake Abert (17120006),1990,28335.63123991829,66270.17486459196,18397.34780188328,47872.82706270868,94805.7036575155,2.3387576688686136,0.6492655006028492,1.6894921682657644,3.345812304472554
Lake Abert (17120006),1991,31760.37602236062,65451.087613409225,24769.622870003237,40681.464743406,80397.86342229597,2.0607781081473644,0.7798907309083619,1.2808873772390028,2.5313889031317687
Lake Abert (17120006),1992,8731.838026995787,20321.905108500807,5221.73343561459,15100.17167288622,29060.716155823913,2.327334181609025,0.5980107990403416,1.7293233825686842,3.3281327557815836
Lake Abert (17120006),1993,31966.96814583904,68369.75157800749,38177.69117979,30192.06039821745,59490.60801095836,2.1387624646194916,1.1942856452828599,0.9444768193366307,1.861002511703692
Lake Abert (17120006),1994,16571.140401948767,36802.786270685894,9008.98193804118,27793.804332644722,54235.11037209776,2.2208964125581776,0.5436549156859308,1.677241496872247,3.272865298137219
Lake Abert (17120006),1995,31875.08669336985,68730.65391816341,32457.519272092235,36273.13464607118,71593.40633086368,2.1562499446459444,1.0182723449296072,1.1379775997163373,2.246061540775524
Lake Abert (17120006),1996,27494.51669282138,60481.06271399462,29187.34685666329,31293.715857331314,61457.289863750295,2.1997499861412653,1.0615697370772077,1.1381802490640571,2.2352562349203375
Lake Abert (17120006),1997,29539.469049962438,72199.11624251324,25284.02141303773,46915.09482947556,92160.85989458885,2.444157548004575,0.8559402801137985,1.5882172678907787,3.1199226952491905
Lake Abert (17120006),1998,24757.18595171387,53782.087364119216,26897.605496570195,26884.48186754902,52705.80646330257,2.1723828980004103,1.0864564958647147,1.0859264021356954,2.128909423150893
Lake Abert (17120006),1999,35221.46442249176,79068.37331076867,27849.295545094014,51219.07776567466,100454.74498408979,2.2448917047377823,0.7906910175861394,1.4542006871516429,2.852088822290458
Lake Abert (17120006),2000,27605.9936182664,66124.36816474142,21726.235061078038,44398.133103663364,86363.92043453554,2.3952902793177526,0.7870115222624036,1.6082787570553485,3.1284481779127145
Lake Abert (17120006),2001,17080.358897323105,39419.429223277504,9463.441042468454,29955.988180809054,56853.68933878115,2.3078806165750683,0.5540539926214079,1.7538266239536608,3.328600393033396
Lake Abert (17120006),2002,31347.527509382853,74786.72151200852,18655.681030240317,56131.04048176822,108821.664454324,2.3857295121480813,0.5951244806996773,1.790605031448405,3.4714592537402447
Lake Abert (17120006),2003,30567.82967982163,76314.85121191652,23840.665624958383,52474.185586958185,101635.740510578,2.4965740784107195,0.7799266704464803,1.7166474079642406,3.3249249807770807
Lake Abert (17120006),2004,29455.91845442894,71688.5811347549,23561.031039519024,48127.55009523589,93282.28616876395,2.43375813406273,0.7998742621443002,1.63388387191843,3.1668435772281343
Lake Abert (17120006),2005,38532.16473978652,86106.02942047235,39305.110260682035,46800.919159790355,90769.75597247748,2.2346533085270255,1.0200597481640423,1.2145935603629843,2.355687945005406
Lake Abert (17120006),2006,35596.322145027414,91332.42311772742,30583.756469602922,60748.66664812449,117756.47928682884,2.5657825756722454,0.8591830455123377,1.7065995301599073,3.3081080345059943
Lake Abert (17120006),2007,26403.391597181984,65906.82303453583,19420.513138086488,46486.30989644931,89428.6648489749,2.4961498901364636,0.7355310042880713,1.7606188858483909,3.3870142977586095
Lake Abert (17120006),2008,35666.240913940994,84277.4834340973,21468.514514382787,62808.968919714556,121878.56578720268,2.362948302778818,0.6019281529047069,1.761020149874112,3.417196841160896
Lake Abert (17120006),2009,34248.09486554218,83112.7564621556,28213.617844105298,54899.13861805032,106194.19184380397,2.426784812073658,0.8238010889327361,1.6029837231409225,3.100732822094827
Lake Abert (17120006),2010,29466.52898832717,67790.60442357571,18274.368014615495,49516.2364089602,95818.07736185325,2.300596872147045,0.6201737578883036,1.6804231142587407,3.251759900184053
Lake Abert (17120006),2011,33300.03654826083,75372.96954839128,27388.56712745569,47984.40242093556,93052.3182144867,2.2634500547516008,0.8224785906094184,1.4409714641421814,2.7943608434071394
Lake Abert (17120006),2012,27379.08631476698,64411.082181452046,16540.776076904767,47870.30610454728,92557.16994712519,2.3525650725134595,0.6041390821717618,1.7484259903416977,3.380579208635032
Lake Abert (17120006),2013,28084.044483309906,65883.86412655997,23536.978710730837,42346.88541582914,82300.352627137,2.345953559705909,0.8380907787237928,1.5078627809821166,2.9305021460155913
Lake Abert (17120006),2014,22200.82663471979,56648.34644829386,17806.848989514663,38841.49745877921,75507.36295144193,2.5516323054251377,0.8020804487372826,1.7495518566878558,3.401105922486519
Lake Abert (17120006),2015,33267.85703766672,86281.08601562574,34131.665311122815,52149.420704502925,101403.34271608554,2.593527016721759,1.0259652514581288,1.5675617652636302,3.048087606041894
Lake Abert (17120006),2016,33422.41889298435,85099.64253903115,25298.91101095973,59800.73152807135,116173.14580748102,2.5461844282280324,0.7569443460081277,1.7892400822199028,3.4759047865283845
Lake Abert (17120006),2017,36370.07270632019,91649.23649828335,31525.827780941258,60123.40871734209,117065.81430913188,2.5199079814420347,0.8668068396647135,1.6531011417773211,3.2187401783441807
Lake Abert (17120006),2018,33079.533171287374,80757.80325987586,27315.466840506084,53442.336419369756,103472.00374303221,2.441322337945586,0.8257512794713673,1.6155710584742182,3.1279765408795015
Lake Abert (17120006),2019,39155.874352318955,91010.55151459857,38083.31778233354,52927.23373226508,102419.79144117629,2.3243141168474146,0.9726080291213854,1.3517060877260307,2.6156941489702836
Lake Abert (17120006),2020,26426.744822495002,63606.684922910026,13839.691318026365,49766.99360488371,95091.54213437371,2.4069057823862847,0.5237001912640307,1.8832055911222558,3.5983070473904823
Lake Abert (17120006),2021,19478.388957858,43474.32774727092,11484.292637384357,31990.035109886587,59849.4058610306,2.2319262563925983,0.5895915038061373,1.6423347525864618,3.0726055419940708
Lake Abert (17120006),2022,27655.201443835,69787.4847055983,21711.21819245682,48076.26651314146,92070.86017251003,2.5234849526346728,0.785068162911421,1.738416789723251,3.329242072580701
Lake Abert (17120006),2023,39810.73772548418,93925.3455586472,45384.13608864718,48541.20946999996,93930.13209132836,2.3592967858649465,1.1399973645701944,1.2192994212947508,2.3594170180674787
Lake Abert (17120006),2024,31099.325842587397,82458.33880808631,26276.13888228604,56182.199925800305,108616.80677607165,2.6514510065413672,0.844910240668417,1.8065407658729513,3.492577534505004
Little Deschutes (17070302),1985,1366.0518095219998,3015.5804293439423,1360.8922380074634,1654.688191336479,3184.2049744096967,2.2075154165632527,0.9962230045166869,1.2112924120465658,2.3309547648298152
Little Deschutes (17070302),1986,1221.2875991963074,2781.3255409060766,1405.8964122467924,1375.429128659285,2630.368740111977,2.2773714747749696,1.151159164452313,1.1262123103226573,2.1537668456168255
Little Deschutes (17070302),1987,917.0860183587818,2172.00537500353,1074.0452395765592,1097.9601354269712,2195.9202708539424,2.368376936866351,1.1711499445806315,1.1972269922857204,2.3944539845714408
Little Deschutes (17070302),1988,999.4061134975635,2521.106254352145,1063.899489916853,1457.206764435292,2912.3996735759742,2.522604395053354,1.0645317009254485,1.4580726941279056,2.914130336249013
Little Deschutes (17070302),1989,946.4999779488533,1913.015139164736,1428.3288152783914,484.68632388634484,968.0892505758846,2.0211465226976593,1.5090637596988672,0.5120827629987924,1.0228095859799355
Little Deschutes (17070302),1990,959.6115151326226,2051.7892165801013,1194.5035119045367,857.2857046755647,1712.8057425292575,2.138145681064003,1.2447782181307516,0.8933674629332518,1.7848949450054694
Little Deschutes (17070302),1991,1196.8399917810639,2879.249019060302,1411.4840388596276,1467.7649802006747,2901.899335661042,2.405709233341694,1.1793423085396266,1.2263669248020672,2.4246343334020897
Little Deschutes (17070302),1992,961.5059801427539,2119.696518735127,1035.363631596498,1084.3328871386295,2089.1137215976123,2.2045588509188656,1.0768145523575199,1.1277442985613462,2.1727516674284684
Little Deschutes (17070302),1993,1037.449267246274,1899.172668309968,1458.2534464270882,440.91922188287975,817.4070594378553,1.83061738850227,1.4056142237179121,0.42500316478435807,0.7879007535544539
Little Deschutes (17070302),1994,923.906587001272,1961.2796344175897,968.7824670952631,992.4971673223267,1916.541790648604,2.122811615385625,1.048571880236989,1.0742397351486361,2.0743891402150654
Little Deschutes (17070302),1995,1175.0305557045097,2366.847671602851,1608.8667720345265,757.9808995683239,1465.073888772018,2.0142860627005286,1.369212710447264,0.6450733522532642,1.2468389708330674
Little Deschutes (17070302),1996,1220.3383644136595,2745.676551105006,1720.6362353811578,1025.0403157238488,1895.4248876403735,2.2499305366214815,1.4099665187596377,0.8399640178618442,1.5531961814140582
Little Deschutes (17070302),1997,1186.4955779848863,2901.2185250049915,1760.9281796240086,1140.2903453809831,2198.850755807951,2.4451996103789506,1.4841422187301565,0.9610573916487941,1.8532313112724978
Little Deschutes (17070302),1998,1391.291451822238,2997.11752815934,1897.6222089431574,1099.4953192161827,2126.9340813493004,2.154198190633514,1.3639286049359067,0.7902695856976073,1.5287480409396303
Little Deschutes (17070302),1999,1349.950320063244,2819.342417191277,1637.866361996865,1181.4760551944119,2254.949391682487,2.0884786464284057,1.2132789908299235,0.8751996555984822,1.6703943531617111
Little Deschutes (17070302),2000,1091.09703137445,2311.8763999403172,1059.767284272693,1252.1091156676243,2392.1831228349656,2.1188549995668646,0.9712860119669732,1.1475689875998913,2.192456815524045
Little Deschutes (17070302),2001,1000.5281996251824,2060.763959587784,855.6160752247,1205.1478843630834,2301.418049701975,2.0596760394757356,0.8551643777209185,1.2045116617548166,2.300203083295535
Little Deschutes (17070302),2002,773.7623195253572,1561.2517509157205,801.7832911494954,759.468459766225,1431.5997668339235,2.0177407344847533,1.0362139263143841,0.981526808170369,1.8501802565316159
Little Deschutes (17070302),2003,910.8499769699134,1842.2457314373523,968.7945653895322,873.4511660478198,1564.2274843795776,2.0225567085875924,1.063615952006038,0.958940756581554,1.7173272480976811
Little Deschutes (17070302),2004,906.1970144054831,1921.9543641134474,1209.3551920602877,712.5991720531605,1418.8302258744695,2.1209012318081393,1.3345389278883175,0.7863623039198228,1.5656973078920406
Little Deschutes (17070302),2005,981.75344370524,2085.698143753803,1051.1922931413062,1034.5058506124974,2062.7483549680214,2.124462264050901,1.0707294177385278,1.0537328463123738,2.101085937812445
Little Deschutes (17070302),2006,1230.5931812719798,2731.288155430058,1375.6287586762287,1355.6593967538292,2486.327950824555,2.219489102488698,1.1178582651127122,1.1016308373759858,2.0204304628558143
Little Deschutes (17070302),2007,954.9217714874618,2266.212875750806,848.1325076343182,1418.0803681164875,2576.186808308976,2.373192174915829,0.8881696207566824,1.4850225541591466,2.697798799053564
Little Deschutes (17070302),2008,973.8017224648055,2110.4207921959496,668.2763776931212,1442.1444145028283,2672.1526413666293,2.167197637373478,0.6862550787049707,1.480942558668507,2.744041810280536
Little Deschutes (17070302),2009,938.6929396183588,2164.363823200765,1018.0641532622657,1146.2996699384994,2102.45320599994,2.305720786693808,1.0845550342332144,1.2211657524605934,2.2397667195139737
Little Deschutes (17070302),2010,877.0598364453356,1894.4531756938188,971.4690953234482,922.9840803703705,1712.6600562372178,2.160004479707918,1.1076428938540237,1.0523615858538944,1.9527288618967134
Little Deschutes (17070302),2011,973.8017224648055,1982.7995760784597,865.5345963883469,1117.2649796901128,2054.4711184518237,2.0361430159106346,0.8888201534472316,1.1473228624634029,2.10974274439741
Little Deschutes (17070302),2012,894.7860322903525,1990.4389525945198,751.4942232027335,1238.944729391786,2328.382961310023,2.224485944980235,0.8398591351265955,1.384626809853639,2.6021673084794834
Little Deschutes (17070302),2013,878.9843169280081,1962.1784290644582,683.6083993601065,1278.570029704352,2393.306646726351,2.2323247312558907,0.7777253657372097,1.4545993655186813,2.7228092704666214
Little Deschutes (17070302),2014,735.2010587633163,1923.7524175615501,837.40463092118,1086.34778664037,2005.9234762184562,2.6166344493538944,1.1390144518151002,1.4776199975387938,2.728401234340747
Little Deschutes (17070302),2015,874.3564865393496,2115.342237137004,766.2058600175766,1349.136377119428,2491.683345324919,2.419313254607856,0.8763083156735914,1.5430049389342655,2.8497339285339462
Little Deschutes (17070302),2016,874.3564865393496,1958.9274484990126,1023.5061535032664,935.4212949957463,1690.7480219910635,2.2404219316223406,1.1705822159039985,1.0698397157183421,1.9337055857879462
Little Deschutes (17070302),2017,898.9312607730687,2134.692654049841,798.8323939440361,1335.860260105805,2484.1829566521387,2.374700655324896,0.8886468062719846,1.4860538490529112,2.7634848903972644
Little Deschutes (17070302),2018,804.7497331927586,1997.4539077468703,745.782370358646,1251.6715373882246,2261.148484134323,2.482080857389272,0.926725837360435,1.5553550200288373,2.809753630067646
Little Deschutes (17070302),2019,906.9452980062184,2044.3911906181906,1248.5397718657623,795.8514187524286,1372.8975767185323,2.2541504929927685,1.376642863258112,0.8775076297346567,1.5137600688119108
Little Deschutes (17070302),2020,811.9960009419999,1926.5452297107176,843.5447093857149,1083.0005203250025,1893.092219707363,2.3726043323806083,1.038853280566795,1.3337510518138134,2.3314058412986998
Little Deschutes (17070302),2021,818.531810827,2062.318483536657,788.9589123948122,1273.3595711418448,2275.1681087580364,2.5195337019987076,0.963870801304217,1.5556629006944906,2.779572007664956
Little Deschutes (17070302),2022,845.345909622,2057.65669500023,917.1680254175435,1140.488669582686,2036.8534620957,2.4341002559772478,1.0849618067326534,1.3491384492445944,2.409491119447763
Little Deschutes (17070302),2023,768.5509674448996,1865.2731554240238,948.764934236401,916.5082211876227,1654.0407465804328,2.4269999446168837,1.2344853814843733,1.1925145631325105,2.1521549209409034
Little Deschutes (17070302),2024,888.0557188932435,2095.128522444126,725.9887582054637,1369.1397642386626,2516.7911424782847,2.3592309332293024,0.8175036123974756,1.5417273208318272,2.834046433049138
Lost (18010204),1985,172439.88758393086,389923.701180043,126573.71848897738,263349.9826910651,405668.4669365845,2.2612152364704903,0.7340164753202518,1.5271987611502358,2.3525210589060226
Lost (18010204),1986,272354.6858808565,615002.57970548,251197.98648241683,363804.5932230631,348899.25355793675,2.2580943585252555,0.9223193119295374,1.3357750465957177,1.2810473681755021
Lost (18010204),1987,263981.70033196546,584831.1675954016,183036.7694370729,401794.39815832954,389790.45771062386,2.215423140543294,0.6933691585700762,1.5220539819732208,1.4765813585579979
Lost (18010204),1988,262808.87520656944,558346.327080783,183487.73835945752,374858.58872132463,361307.75838041643,2.1245337572481873,0.6981793830791864,1.426354374168998,1.3747928341325089
Lost (18010204),1989,271354.6115602354,569568.5447951432,275279.6905597164,294288.8542354278,307741.5807542008,2.0989823667275695,1.0144647587778683,1.0845176079497048,1.134093793301494
Lost (18010204),1990,269792.08635604254,602920.5573202583,216777.49594358436,386143.06137667364,371986.2814457224,2.2347599792997217,0.8034983489378735,1.4312616303618468,1.3787887052951395
Lost (18010204),1991,268907.0766365464,575965.2544915729,194993.64673337564,380971.60775819776,354744.53076822666,2.1418746642731343,0.7251339353814336,1.4167407288917029,1.3192086099232627
Lost (18010204),1992,249420.34009800057,566696.4430711337,149991.17333040893,416705.26974072494,371254.9675659387,2.2720538463241255,0.6013590281830079,1.6706948181411183,1.4884710983076508
Lost (18010204),1993,277143.1048489001,557105.8623866423,313429.26195149985,243676.60043514203,230803.12674808947,2.0101739954540068,1.1309293158218139,0.8792446796321914,0.832794042896808
Lost (18010204),1994,265635.72957061697,635105.3638493306,162693.5251467584,472411.8387025712,443218.3772561217,2.390888322425366,0.6124685312843343,1.778419791141028,1.6685194343869165
Lost (18010204),1995,280348.04620379704,616732.3952439812,320491.63717910554,296240.75806487637,294824.5616938796,2.1998811962315297,1.1431919769689651,1.056689219262567,1.0516376542876242
Lost (18010204),1996,275979.88654269854,630107.0171736281,305949.03228476364,324157.984888864,333509.6291778545,2.2831628241724795,1.1085917749930967,1.174571049179381,1.208456287723907
Lost (18010204),1997,278854.6005758111,639335.4242788545,261032.54975279968,378302.87452605605,372415.04227950017,2.292719657336408,0.9360883744208974,1.3566312829155147,1.3355169378970069
Lost (18010204),1998,280767.7684452126,588708.153881877,344061.198769485,244646.95511239217,251877.82697946957,2.096779687860624,1.2254298300505355,0.8713498578100896,0.8971037821551783
Lost (18010204),1999,277452.1484819919,593849.9564573709,213560.54636009556,380289.4100972762,384566.8088923218,2.1403689238179204,0.7697202834021548,1.3706486404157687,1.3860653485524628
Lost (18010204),2000,274327.14614544663,638894.8434461891,239039.59361766715,399855.2498285237,387356.40470754914,2.328952319970007,0.8713668952431335,1.45758542472688,1.4120236008366998
Lost (18010204),2001,240181.11473611897,534385.9574235292,122032.49781501631,412353.45960851316,397770.00999089057,2.2249291248841354,0.5080853169871011,1.716843807897035,1.656125255426142
Lost (18010204),2002,270775.4224096995,643074.3052293133,155384.10422367038,487690.20100564323,465384.3317744093,2.3749360244974644,0.573848626440567,1.8010873980568984,1.718709651093277
Lost (18010204),2003,267498.3464206053,630326.2585133624,225459.10806447582,404867.15044888784,374522.781575116,2.356374411086111,0.8428429972795853,1.5135314138065306,1.4000938195940438
Lost (18010204),2004,270961.14458399575,643815.6315439164,205310.14427250726,438505.48727140913,400632.19268864044,2.3760441096909335,0.7577106473613333,1.6183334623295997,1.4785595672904597
Lost (18010204),2005,274226.79614144954,653526.3672532404,238798.51606594044,414727.8511873004,387748.15278730873,2.3831601304058685,0.8708066440843558,1.5123534863215142,1.4139688689915755
Lost (18010204),2006,271314.27951361693,644794.7609139733,222862.2125519367,421932.5483620358,407192.62760263553,2.3765603567563494,0.8214171880354404,1.555143168720906,1.5008153213778748
Lost (18010204),2007,269768.39950973203,661484.0052768036,201953.81349778472,459530.1917790188,430052.6871528936,2.452044073653409,0.7486192373339826,1.703424836319426,1.5941551639645593
Lost (18010204),2008,272739.3736126913,629279.0212639889,166197.73021406194,463081.2910499264,429551.87845385465,2.3072540386398646,0.6093646399953758,1.6978893986444867,1.5749536737729988
Lost (18010204),2009,243409.8083981045,592505.4085819161,188844.65285694803,403660.7557249676,398844.4951078388,2.434188714420475,0.7758300871265079,1.6583586272939648,1.63857199400739
Lost (18010204),2010,234987.2786512503,514845.9096748703,167530.7064303983,347315.2032444715,354530.55093186675,2.1909522618837776,0.712935216714579,1.4780170451691963,1.5087223145301973
Lost (18010204),2011,276110.8213562437,608448.3863744461,230029.0902525104,378419.2961219358,364203.6266157752,2.203638319518864,0.8331042192501477,1.3705341002687168,1.319048724084133
Lost (18010204),2012,265806.2392138001,635070.4044228194,196824.08350208192,438246.32092073717,404633.224104819,2.38922309085455,0.7404795466210532,1.6487435442334957,1.5222864041929203
Lost (18010204),2013,243487.5405114498,559213.7934462284,189711.80562144818,369501.987824781,362044.18622518895,2.2966834042990047,0.7791437920106928,1.5175396122883154,1.4869105230793693
Lost (18010204),2014,225901.41433668885,553889.546694508,190898.67217720242,362990.8745173055,349221.4930368733,2.451908272999911,0.8450530189805828,1.6068552540193275,1.5459021983651031
Lost (18010204),2015,233589.8858261698,573366.5437387824,214560.6713243579,358805.872414425,346506.4000155854,2.454586343543417,0.9185357943281293,1.53605054921529,1.4833964184281698
Lost (18010204),2016,249863.2753645042,596433.2783852378,222354.6911136877,374078.5872715488,372065.9530528395,2.3870385814608097,0.8899054524491982,1.4971331290116066,1.489078186900673
Lost (18010204),2017,274436.71972299606,662059.5933677492,255136.93140125822,406922.6619664908,384881.8904359736,2.4124307929201385,0.9296749052341896,1.4827558876859481,1.4024431235894959
Lost (18010204),2018,269560.77785008744,643173.8816478688,224261.58420660812,418912.2974412603,386469.0858159653,2.386006921250098,0.8319518365959314,1.5540550846541654,1.433699252904274
Lost (18010204),2019,273317.85239308194,633860.2473430213,286615.1019540315,347245.1453889892,315383.3170955985,2.319132254966691,1.0486512294916823,1.2704810254750065,1.1539067585018874
Lost (18010204),2020,257884.8202049639,589804.6006046575,124623.59172092022,465181.0088837367,407779.20202268113,2.287085374532272,0.4832529174143356,1.803832457117934,1.5812454633761803
Lost (18010204),2021,202670.00061498286,459840.0541499504,123010.6746398005,336829.3795101502,333380.628063899,2.2689103111196007,0.606950581075326,1.661959730044276,1.644943144285228
Lost (18010204),2022,199723.4747361961,448409.40581675083,120715.47782871049,327693.9279880413,316661.92676068965,2.2451512342704354,0.6044130665569333,1.6407381677135071,1.58550179030758
Lost (18010204),2023,233486.51190106815,515959.0113985492,207190.06563745328,308768.94576109643,308213.89315847674,2.2098022159719832,0.8873748806750898,1.3224273352968954,1.3200500990355784
Lost (18010204),2024,211455.58064303338,516758.9644536581,179048.08354390727,337710.880909751,324643.1542787462,2.4438180486048253,0.8467408757878351,1.597077172816991,1.5352782522528423
Lower Columbia (17080006),1985,355.146869948,625.3970030061382,608.1015080753874,17.295494930750795,31.970300364396635,1.7609531603015613,1.7122536041622007,0.048699556139360514,0.09001994124030341
Lower Columbia (17080006),1986,368.7695968402871,719.7239713255077,709.2148808082918,10.509090517215874,18.405893429196997,1.9516900999764843,1.923192385936985,0.028497714039499106,0.04991163476301581
Lower Columbia (17080006),1987,370.7159728249589,725.6220343187711,708.0571498142633,17.564884504507813,29.141919381468142,1.9573530344250591,1.909972058712957,0.04738097571210246,0.0786098294049717
Lower Columbia (17080006),1988,369.6420053146983,679.8932159491858,674.9243946926999,4.968821256485864,9.278038855301137,1.8393288808460828,1.8258866281122368,0.013442252733846118,0.02510006633959847
Lower Columbia (17080006),1989,304.5635312637211,498.8425740013084,482.94668373296645,15.895890268342011,24.376907552985063,1.6378933220647531,1.5857009594322824,0.05219236263247087,0.08003882622400099
Lower Columbia (17080006),1990,354.57429589736756,646.7922222753397,640.2432532684983,6.548969006841341,9.860215480337086,1.824137366298417,1.8056674177358258,0.018469948562591116,0.02780860201775921
Lower Columbia (17080006),1991,363.675991491358,636.7247412210635,628.7107472437846,8.013993977278762,13.717693593381487,1.7508022418801708,1.7287661598599768,0.022036082020193512,0.03771954683378504
Lower Columbia (17080006),1992,365.3885496568414,667.9365530008994,641.9867911521794,25.949761848719948,42.6669364000653,1.8280171987551312,1.7569975626086483,0.07101963614648282,0.11677141070823488
Lower Columbia (17080006),1993,363.9728391700488,625.7878975519176,623.0696316001611,2.718265951756516,5.171086211335233,1.7193258128240394,1.71185749195165,0.007468320872389428,0.014207340918972505
Lower Columbia (17080006),1994,304.3170535212959,548.023912922275,544.038330856094,3.985582066180971,7.442811537263493,1.8008320814788799,1.7877352733307224,0.013096808148157436,0.024457425080657368
Lower Columbia (17080006),1995,369.4915841461648,718.6005277271196,709.9555354172277,8.644992309891938,15.282169922002666,1.94483598154932,1.921438987731804,0.023396993817515803,0.04135999459180453
Lower Columbia (17080006),1996,368.4350161892634,608.3489119698996,604.5313345450642,3.817577424835498,7.105602734092867,1.6511701799195804,1.6408085767681733,0.010361603151407371,0.01928590503580895
Lower Columbia (17080006),1997,210.46992731102426,362.08443483134556,362.08443483134556,0.0,0.0,1.7203618562393062,1.7203618562393062,0.0,0.0
Lower Columbia (17080006),1998,370.93438073574976,690.6959088947781,685.389946718462,5.30596217631612,10.61192435263224,1.8620433822413014,1.8477390673762526,0.014304314865048972,0.028608629730097944
Lower Columbia (17080006),1999,311.133884646247,440.7535885265121,440.23833501532454,0.5152535111874861,1.0305070223749722,1.4166042667697223,1.4149482159934677,0.00165605077625447,0.00331210155250894
Lower Columbia (17080006),2000,359.93904209881873,608.0506851943642,602.9430665928637,5.107618601500681,9.819364725236934,1.6893157287100524,1.675125496464843,0.014190232245210066,0.027280632487045115
Lower Columbia (17080006),2001,369.12752928363716,716.5940710839631,710.7305461657212,5.8635249182418985,11.093078690335865,1.9413184177150142,1.9254335962019151,0.015884821513099265,0.03005215761572732
Lower Columbia (17080006),2002,378.66629631949843,675.2167669084334,670.8639451592932,4.352821749140362,8.705643498280724,1.7831446143248026,1.7716494752235725,0.011495139101230395,0.02299027820246079
Lower Columbia (17080006),2003,350.1122988650103,563.7062667048583,558.6002975957235,5.105969109134631,9.7994240800904,1.6100727353259918,1.5954889314273935,0.01458380389859796,0.02798937401473199
Lower Columbia (17080006),2004,380.41857804794796,785.1212283725387,778.7369219230924,6.384306449446325,11.669928556895535,2.0638351376035637,2.0470528172389635,0.016782320364600194,0.03067654744092087
Lower Columbia (17080006),2005,395.68162421972437,790.7300740223955,786.3363635617175,4.393710460678096,8.065064987698243,1.9983997881673128,1.9872956322203637,0.011104155946949516,0.020382713004684958
Lower Columbia (17080006),2006,378.95067347683977,762.0422902203997,751.109070672356,10.933219548043624,19.04977318582127,2.010927393870889,1.9820760939174351,0.028851299953453775,0.05026979635909139
Lower Columbia (17080006),2007,360.17599884034456,703.5044676816855,695.2791171152368,8.225350566448888,14.727454708410026,1.9532241735894467,1.9303871422688372,0.02283703132060986,0.04088960606988772
Lower Columbia (17080006),2008,374.72962203009547,697.1143306575487,690.0196195010676,7.094711156481139,12.661398143831676,1.8603128487172593,1.8413799682098535,0.018932880507405804,0.033788089863936104
Lower Columbia (17080006),2009,389.8857901019228,706.658391857758,699.9139589463197,6.744432911438436,13.221555781926138,1.812475370474583,1.7951768869631033,0.017298483511479928,0.03391135588314157
Lower Columbia (17080006),2010,373.4046418133316,654.6485578558567,651.5494551209639,3.099102734892755,6.19820546978551,1.7531880553941306,1.7448884726148624,0.008299582779268247,0.016599165558536494
Lower Columbia (17080006),2011,365.87821954462277,706.8488608817399,699.9664925157882,6.882368365951735,13.76473673190347,1.9319238564172911,1.9131133123665478,0.01881054405074352,0.03762108810148704
Lower Columbia (17080006),2012,358.49188460374955,531.499787131563,527.9403581466843,3.559428984878731,6.549498151073983,1.4825992162111108,1.4726703192465027,0.00992889696460789,0.01826958553974887
Lower Columbia (17080006),2013,384.4880117149092,732.3466405457199,726.3985341581937,5.948106387526156,11.896212775052312,1.904732054659591,1.8892618547930302,0.015470199866560645,0.03094039973312129
Lower Columbia (17080006),2014,383.13193663560907,797.8122534166872,795.5386474320708,2.273605984616469,4.547211969232938,2.0823433839071326,2.076409120100827,0.0059342638063056095,0.011868527612611219
Lower Columbia (17080006),2015,307.7269842279331,674.3164598855699,664.1250487717765,10.191411113793409,19.952973581141705,2.1912815399578487,2.158163186234782,0.0331183537230672,0.06483985676850021
Lower Columbia (17080006),2016,370.49810110614743,797.308333298345,787.9299538794356,9.378379418909311,15.610677000528167,2.151990336571028,2.1266774418735666,0.025312894697461386,0.04213429692060883
Lower Columbia (17080006),2017,403.187915466604,766.3810294325065,748.738567384902,17.642462047604475,30.370183761234838,1.9008035708252413,1.8570461530782658,0.0437574177469756,0.07532513400380025
Lower Columbia (17080006),2018,473.8319832598373,956.7952962030073,938.6897663784873,18.105529824519813,30.659699870574713,2.019271239607997,1.9810603748623148,0.03821086474568182,0.0647058471225268
Lower Columbia (17080006),2019,547.9230498562288,1044.3051937812422,1035.9665418835555,8.338651897686665,13.171276532535302,1.9059340432114704,1.8907153881469048,0.01521865506456549,0.024038551646971877
Lower Columbia (17080006),2020,542.565437923,1020.7028988425834,1016.9364416424337,3.766457200149696,6.368621749538479,1.8812530756657595,1.8743111347736743,0.006941940892085031,0.011737979060955785
Lower Columbia (17080006),2021,507.9933576770001,983.8302477734372,968.0492884181051,15.780959355332223,24.635547236807966,1.9366990392795467,1.905633752466552,0.03106528681299472,0.04849580582994966
Lower Columbia (17080006),2022,911.8465457510005,1462.3808429169069,1456.8446992208567,5.536143696050195,9.145017558007739,1.603757616598179,1.5976862620244874,0.006071354573691569,0.010029119044889144
Lower Columbia (17080006),2023,683.3639312886049,1315.485465951878,1280.2531034691374,35.23236248274108,58.17509076246846,1.9250144845533403,1.873457238304912,0.051557246248428945,0.08513046723547278
Lower Columbia (17080006),2024,536.1391276976568,974.2604232024263,973.0448584794334,1.2155647229929814,2.3107228770681267,1.8171783644782549,1.8149111083497704,0.002267256128484752,0.004309931429535964
Lower Columbia-Clatskanie (17080003),1985,9559.171203905997,20149.829343905534,15247.535123342444,4902.294220563094,4115.11051356093,2.1079054777962405,1.5950687353640147,0.5128367424322263,0.43048821135031495
Lower Columbia-Clatskanie (17080003),1986,12079.999833006703,24335.815800959386,20886.922821787593,3448.892979171778,2317.1213685346875,2.0145543160079846,1.7290499263681574,0.28550438963982594,0.19181468547735547
Lower Columbia-Clatskanie (17080003),1987,11034.279603742281,24796.047691837874,17841.494732294625,6954.552959543249,3912.667130634442,2.2471831947622825,1.6169152289963427,0.6302679657659399,0.3545919870752105
Lower Columbia-Clatskanie (17080003),1988,10616.11416173067,20262.881581142334,18644.151655083842,1618.7299260584932,1419.0931960069581,1.9086910024184425,1.75621243056079,0.1524785718576526,0.1336735056149409
Lower Columbia-Clatskanie (17080003),1989,10971.09281915515,20919.311215593945,18522.96039847144,2396.350817122507,2065.8726740159136,1.9067664051724682,1.6883423286813315,0.21842407649113688,0.18830144891391049
Lower Columbia-Clatskanie (17080003),1990,11437.951539660968,24657.72141384101,20363.78802628451,4293.9333875565,2062.595986506232,2.155781245299094,1.7803701961556058,0.37541104914348816,0.1803291419232022
Lower Columbia-Clatskanie (17080003),1991,11801.385472946738,25507.49437578408,22355.28201607006,3152.212359714018,1023.838002237451,2.161398289570064,1.8942930105382003,0.26710527903186343,0.08675574614391478
Lower Columbia-Clatskanie (17080003),1992,10153.263026542054,21883.680509464244,15895.645625661104,5988.034883803146,3099.310748595836,2.1553347384242123,1.5655701604605,0.5897645779637131,0.3052526799014073
Lower Columbia-Clatskanie (17080003),1993,9333.710376719215,17655.54197135183,16524.915735200095,1130.6262361517358,177.007298730055,1.8915887957472415,1.7704551639418427,0.12113363180539884,0.018964301610596236
Lower Columbia-Clatskanie (17080003),1994,9142.852818912637,15552.115190877264,13097.393670094552,2454.721520782713,1657.6320193869076,1.7010134034649027,1.4325281101541598,0.268485293310743,0.18130358786460815
Lower Columbia-Clatskanie (17080003),1995,11990.905674113186,27355.739231137413,24254.96402702765,3100.7752041097638,1198.0160196877137,2.2813738990704358,2.0227799872857792,0.2585939117846566,0.09991038644179107
Lower Columbia-Clatskanie (17080003),1996,11766.19820232752,25197.47253174572,22985.811547772413,2211.660983973314,606.4558600163405,2.141513520209213,1.9535461797019105,0.18796734050730307,0.05154221011646523
Lower Columbia-Clatskanie (17080003),1997,10997.599162792349,21607.945503565512,20985.083957196395,622.8615463691117,120.46479654438036,1.964787512593716,1.908151374364891,0.05663613822882447,0.010953735880094916
Lower Columbia-Clatskanie (17080003),1998,9296.446145503212,19755.266716307888,18128.127067836238,1627.1396484716486,353.9305245942638,2.125034277304313,1.9500061404222733,0.17502813688203991,0.03807159413981693
Lower Columbia-Clatskanie (17080003),1999,11974.749546155192,24616.167704938318,21323.21555156075,3292.9521533775546,1493.2954279606818,2.0556728648109375,1.7806815473988036,0.27499131741213273,0.12470368772264999
Lower Columbia-Clatskanie (17080003),2000,12313.652142902147,26786.76739398065,22105.93391118831,4680.833482792341,1643.7424618557618,2.1753714562597186,1.7952378104111577,0.3801336458485612,0.13348943455441448
Lower Columbia-Clatskanie (17080003),2001,13185.480121481192,27305.80171185339,23199.24405608965,4106.557655763739,1215.8272352226077,2.0708993119915293,1.7594538721646156,0.3114454398269138,0.0922095535407798
Lower Columbia-Clatskanie (17080003),2002,13862.779721187437,29783.098306507745,24159.7204371433,5623.377869364424,2597.376500461058,2.1484218104532236,1.742776046583092,0.4056457638701299,0.18736332486704016
Lower Columbia-Clatskanie (17080003),2003,13244.023143678014,27935.421689772655,21294.390688350577,6641.0310014220695,3291.9022124386793,2.1092851761669964,1.607849099728837,0.5014360764381586,0.24855757021310074
Lower Columbia-Clatskanie (17080003),2004,13867.613429625573,30464.443862044405,24441.22351209594,6023.22034994845,2933.8325504525615,2.1968050967560715,1.7624678994787826,0.434337197277288,0.21156001826420792
Lower Columbia-Clatskanie (17080003),2005,13138.200311875966,27510.064415191988,25039.397616121405,2470.6667990705814,581.7038221581338,2.093898993937923,1.905846845209662,0.1880521487282608,0.04427576139422356
Lower Columbia-Clatskanie (17080003),2006,12697.88805786217,28657.53149220119,23677.3033251787,4980.228167022481,2265.175580860507,2.2568738487544993,1.8646646763056307,0.39220917244886766,0.17838994725252558
Lower Columbia-Clatskanie (17080003),2007,12577.646374633649,26453.002832452148,19690.851213915823,6762.151618536318,2649.3343758399424,2.1031759078393275,1.565543395593308,0.5376325122460187,0.21063832587812836
Lower Columbia-Clatskanie (17080003),2008,11408.386008850377,22273.713447032227,17114.822732104727,5158.8907149275,2382.9558370236164,1.9523982997904143,1.500196672765755,0.4522016270246593,0.20887756034683358
Lower Columbia-Clatskanie (17080003),2009,13004.185894855445,27703.96725365992,21498.65201342065,6205.315240239276,2748.6398523895314,2.130388436281876,1.6532101422762406,0.477178294005636,0.21136577672862353
Lower Columbia-Clatskanie (17080003),2010,12151.393856748686,25224.025298639564,24799.562158319874,424.46314031968467,152.21870817251713,2.0758133261091323,2.040882095558659,0.03493123055047259,0.012526851649037558
Lower Columbia-Clatskanie (17080003),2011,11732.157467084618,22343.72528327748,21333.286839928332,1010.43844334915,526.2297961507633,1.9044856281518852,1.8183600842198333,0.08612554393205216,0.04485362539900589
Lower Columbia-Clatskanie (17080003),2012,10456.316230482551,20837.89428936532,19464.97247152283,1372.921817842493,638.8710975499531,1.9928523420722581,1.8615516251103794,0.1313007169618792,0.061099060459504646
Lower Columbia-Clatskanie (17080003),2013,11763.21971829606,25216.80417310406,23995.7451084411,1221.0590646629557,1291.0712219608793,2.1436991552476754,2.0398960219300366,0.10380313331763814,0.10975491854094986
Lower Columbia-Clatskanie (17080003),2014,11233.455766758107,25787.638341523838,23561.261602116636,2226.376739407203,1125.5111985963172,2.2956104405408597,2.0974188256332313,0.19819161490762863,0.10019278323300253
Lower Columbia-Clatskanie (17080003),2015,13453.491831257272,29935.629752712553,23053.696224007428,6881.933528705141,4227.846553662112,2.2251197033591965,1.7135845855605643,0.5115351177986334,0.31425644781968887
Lower Columbia-Clatskanie (17080003),2016,12367.794151842629,27377.452536515746,22300.82210368895,5076.630432826805,2832.1970167914787,2.213608360585213,1.8031365844139993,0.41047177617121466,0.2289977486704467
Lower Columbia-Clatskanie (17080003),2017,13470.480365671563,29819.792461975252,24429.739939391613,5390.052522583648,2447.153516455372,2.213714110594645,1.813576002950039,0.40013810764460667,0.18166787301006326
Lower Columbia-Clatskanie (17080003),2018,13569.185727144388,29855.21882285517,23070.02742000003,6785.191402855151,3001.240138544954,2.200221842577591,1.7001777323933114,0.5000441101842802,0.221180562997317
Lower Columbia-Clatskanie (17080003),2019,14462.232313262955,30725.939614216488,25574.090613280587,5151.84900093589,2629.774995330847,2.12456410246145,1.768336316228804,0.3562277862326452,0.18183741889688396
Lower Columbia-Clatskanie (17080003),2020,15824.279560892008,34246.06053577159,29041.75622717337,5204.3043085982035,3331.1231171312184,2.164146582723868,1.8352656192290058,0.32888096349486123,0.21050709476617996
Lower Columbia-Clatskanie (17080003),2021,13891.070731267006,31289.34094369396,24490.39884593598,6798.942097757993,3351.9763689881365,2.2524787000951405,1.7630317575744003,0.4894469425207412,0.2413043914205455
Lower Columbia-Clatskanie (17080003),2022,11981.249092039003,24600.776184340517,22469.298828689494,2131.47735565102,1931.3711574614847,2.05327307656817,1.8753719796727475,0.17790109689542222,0.16119948284397104
Lower Columbia-Clatskanie (17080003),2023,13946.275726530368,30068.277131557195,22304.1314266922,7764.145704865006,6501.787720900937,2.1560076482897523,1.599289434975279,0.5567182133144741,0.46620243629146196
Lower Columbia-Clatskanie (17080003),2024,12824.782131074357,27811.1336671951,24461.262797116877,3349.8708700782354,2108.782854005565,2.1685462866311718,1.9073433409716496,0.2612029456595229,0.16443030629705582
Lower Columbia-Sandy (17080001),1985,4308.701595901001,9345.63989383855,6429.37280919763,2916.267084640921,3659.9780851958685,2.169015348551717,1.4921833564232174,0.6768319921284998,0.8494387470874559
Lower Columbia-Sandy (17080001),1986,3936.4630110413727,8731.612270222784,7381.952956441994,1349.6593137807877,1917.4354827085936,2.218136496070587,1.8752755800667698,0.34286091600381674,0.48709602435749677
Lower Columbia-Sandy (17080001),1987,2024.6573419499132,4618.355321197537,3375.5113161760883,1242.8440050214494,783.0108639556768,2.2810552805689466,1.6672012820328355,0.6138539985361116,0.3867374729205152
Lower Columbia-Sandy (17080001),1988,2787.143068375768,5367.165310292126,4888.659192958514,478.50611733361325,821.8951004274056,1.9256870489321127,1.7540036779695787,0.17168337096253436,0.2948880198340059
Lower Columbia-Sandy (17080001),1989,2551.1575368648464,4867.699637648557,4415.755560788711,451.9440768598463,594.2803389404926,1.9080356925470552,1.7308831371563573,0.17715255539069796,0.23294537101413662
Lower Columbia-Sandy (17080001),1990,2188.397646250708,4570.802678166307,3871.8993226128814,698.9033555534254,792.9176934174513,2.0886527117214166,1.7692850882226308,0.3193676234987859,0.36232797763053926
Lower Columbia-Sandy (17080001),1991,2822.326502263333,5764.291237013053,5420.211639340543,344.07959767250935,302.5420398175305,2.042389933407933,1.9204764703849342,0.12191346302299842,0.10719597451779952
Lower Columbia-Sandy (17080001),1992,1953.4176491082503,4346.710333208054,3201.254383353499,1145.4559498545573,922.27695258553,2.225182277426622,1.638796692972901,0.5863855844537221,0.4721350567332881
Lower Columbia-Sandy (17080001),1993,2465.6444742687045,4658.374958621949,4578.809068201206,79.56589042074334,43.817447531306,1.889313324461993,1.8570435097133189,0.03226981474867423,0.017771194504553216
Lower Columbia-Sandy (17080001),1994,2478.6820759961893,4967.902084765195,4361.795749639823,606.1063351253702,656.1615356041256,2.0042514257374378,1.7597237628334426,0.24452766290399477,0.2647219431481193
Lower Columbia-Sandy (17080001),1995,2260.034531236674,5109.796470961237,4816.396526218745,293.39994474249363,282.31770058168615,2.2609373442472114,2.131116343422969,0.1298210008242429,0.12491742788868099
Lower Columbia-Sandy (17080001),1996,2396.463538200563,4615.171740073021,4273.442389914221,341.72935015879807,379.7673513681033,1.9258259792003443,1.7832286291002903,0.14259735010005326,0.15846990589026858
Lower Columbia-Sandy (17080001),1997,2870.502439979829,5140.584968144061,4894.336728684654,246.24823945940776,450.5524561101833,1.7908310742213422,1.705045312108861,0.08578576211248165,0.1569594402133131
Lower Columbia-Sandy (17080001),1998,2021.275473484392,3961.0858103229393,3810.582378321241,150.50343200169962,297.4437659501434,1.9596961731765288,1.8852365391602648,0.07445963401626453,0.1471564711748036
Lower Columbia-Sandy (17080001),1999,3349.6948861347523,7019.415314044058,6325.907436053511,693.5078779905477,1044.0396712432394,2.0955387140181694,1.8885025804105524,0.20703613360761752,0.31168202082069857
Lower Columbia-Sandy (17080001),2000,3760.742306239798,8343.573076559998,7242.245699888475,1101.3273766715242,1581.5060872474855,2.2185973930509406,1.9257489905309892,0.2928484025199518,0.42053029919743806
Lower Columbia-Sandy (17080001),2001,3926.2110842695697,8324.422367571136,7376.175853932729,948.2465136384036,783.4541684043262,2.120217733815452,1.878700786996782,0.2415169468186693,0.1995445867755935
Lower Columbia-Sandy (17080001),2002,4229.824558014489,9048.204720744692,7479.799173811175,1568.4055469335187,1920.096794990811,2.139144211927311,1.768347379713131,0.37079683221418047,0.45394241975182975
Lower Columbia-Sandy (17080001),2003,4054.679594285548,8226.95042455094,5838.490878981909,2388.4595455690323,3110.579594111693,2.0290013633002153,1.4399389010195458,0.5890624622806698,0.7671579274711571
Lower Columbia-Sandy (17080001),2004,4421.196516686818,9590.977103838797,8526.222043854588,1064.7550599842061,831.0689599264604,2.169317076868173,1.928487460730205,0.2408296161379677,0.18797376610376318
Lower Columbia-Sandy (17080001),2005,3442.0294264143186,7250.456115072322,7039.1352515981725,211.3208634741482,88.15071237518818,2.106448033079535,2.045053769029245,0.0613942640502898,0.02561009842005268
Lower Columbia-Sandy (17080001),2006,3456.808693713538,7616.046058257718,6313.737303705121,1302.3087545525927,1284.543366036299,2.203201488155263,1.826464193748158,0.3767372944071037,0.3715980489091965
Lower Columbia-Sandy (17080001),2007,3378.7460273513866,6967.946596605421,5606.057387569626,1361.8892090357967,1108.517767197986,2.062287765993357,1.6592124244284316,0.4030753415649259,0.328085555476615
Lower Columbia-Sandy (17080001),2008,4012.1539269757986,7843.420780466838,6739.312141255841,1104.1086392109937,1222.5042012580707,1.9549152209070142,1.679724223924695,0.27519099698231836,0.30470022424576954
Lower Columbia-Sandy (17080001),2009,3512.0208931184843,7364.193812038235,5828.502969136351,1535.690842901884,1456.3599586087316,2.0968536452809166,1.6595866444179823,0.4372670008629344,0.4146786146581158
Lower Columbia-Sandy (17080001),2010,3519.1579126048377,7247.162645112125,7073.772752808378,173.3898923037474,190.693616269698,2.0593456801567234,2.0100754011269863,0.04927027902973706,0.05418728599437839
Lower Columbia-Sandy (17080001),2011,3477.29489080481,6524.388304554698,6221.467996635202,302.920307919498,379.35694660432495,1.876282716719676,1.7891689350497568,0.08711378166991984,0.10909542000808675
Lower Columbia-Sandy (17080001),2012,2633.1363846507775,5497.800363663087,4783.513907927261,714.2864557358264,746.2631200276943,2.0879284475013016,1.816660138005605,0.27126830949569647,0.28341225482198795
Lower Columbia-Sandy (17080001),2013,2914.0985534469546,6257.12780840782,5534.714558455831,722.4132499519931,983.8931655570493,2.1471915563756583,1.8992887361029946,0.24790282027266486,0.3376320833052289
Lower Columbia-Sandy (17080001),2014,3282.9892024593746,7858.573407098941,6971.01582380192,887.5575832970196,707.1057655110518,2.3937250238934307,2.1233745814880374,0.2703504424053928,0.215384736867651
Lower Columbia-Sandy (17080001),2015,4351.520876394368,9560.816480789359,7006.186624787376,2554.6298560019823,2881.0435326983225,2.1971206739817752,1.610054696690928,0.5870659772908469,0.6620773781247556
Lower Columbia-Sandy (17080001),2016,3395.954917969005,7713.32666103932,6709.422315922093,1003.9043451172297,1044.2586271503378,2.2713277553320337,1.9757100662380849,0.2956176890939494,0.3075007331884342
Lower Columbia-Sandy (17080001),2017,4139.440438149814,8723.22793011518,7168.978244356884,1554.2496857582992,1955.5857691411384,2.107344714933055,1.7318713365908864,0.37547337834216904,0.4724275655999575
Lower Columbia-Sandy (17080001),2018,4705.548042254497,9962.737080390596,7309.016550046759,2653.7205303438454,3803.686871549066,2.11723203990864,1.5532763632235498,0.5639556766850922,0.808340885565938
Lower Columbia-Sandy (17080001),2019,4668.100415338389,9885.22365313287,8454.780027520486,1430.4436256123945,1968.127261406716,2.1176116136345566,1.8111821244761295,0.3064294891584294,0.4216120233703342
Lower Columbia-Sandy (17080001),2020,5382.437793137002,11575.258632182235,10446.173945980387,1129.0846862018498,1365.7699365173366,2.1505605967135426,1.9407886068465139,0.20977198986702913,0.2537456054315746
Lower Columbia-Sandy (17080001),2021,4620.206244932999,9988.68299054468,7619.820713153408,2368.8622773912784,2999.9129178379358,2.161956081830614,1.649238217776555,0.5127178640540605,0.6493028143771621
Lower Columbia-Sandy (17080001),2022,5831.239443457999,11738.876083385676,10162.045933645313,1576.8301497403645,2542.991138290957,2.013101365020328,1.7426905604169618,0.2704108046033665,0.4360978764375574
Lower Columbia-Sandy (17080001),2023,5317.348345847032,10588.338516695347,6636.503298877182,3951.835217818166,5878.065087661186,1.9912817118639738,1.248085110703804,0.74319660116017,1.1054504435941435
Lower Columbia-Sandy (17080001),2024,5954.864062551049,13237.100824651323,12107.345037661911,1129.7557869894108,693.5153958308831,2.2229056256542963,2.0331857974395398,0.1897198282147563,0.11646200291829716
Lower Crooked (17070305),1985,65664.247566491,139302.40941700654,35442.25186604806,103860.15755095835,152413.13656181886,2.121434640303313,0.5397496077322681,1.581685032571043,2.3210977390319862
Lower Crooked (17070305),1986,66603.27178321335,153898.4114033889,41496.029709290604,112402.38169409844,165502.23323554394,2.3106734441561976,0.6230329021126142,1.6876405420435858,2.484896444340397
Lower Crooked (17070305),1987,63185.85237936108,145994.40526969824,44415.25976289586,101579.14550680223,149983.4750762593,2.3105552868569927,0.7029304518396208,1.6076248350173696,2.373687612470187
Lower Crooked (17070305),1988,63490.705150584414,143236.70340685663,34963.83410277852,108272.86930407827,158303.65459393855,2.2560263438110226,0.5506921685599941,1.7053341752510311,2.493335901979369
Lower Crooked (17070305),1989,65844.31552148642,148392.76202646072,52030.21700044691,96362.54502601395,142099.05935682615,2.253691314902301,0.7902005904134325,1.4634907244888704,2.158106713258431
Lower Crooked (17070305),1990,63077.88756375713,137423.44697748707,40518.681735958555,96904.76524152866,142187.41258547085,2.1786310906271837,0.6423595225030888,1.5362715681240973,2.254156219828261
Lower Crooked (17070305),1991,63657.63413261908,141391.83128630466,41903.23122678349,99488.600059521,147356.9473787224,2.2211292206012643,0.6582593242388768,1.562869896362385,2.3148354378318716
Lower Crooked (17070305),1992,56557.641209835594,135051.27877205596,41543.35753331793,93507.92123873782,138046.47980670928,2.387852037021834,0.7345312966498572,1.6533207403719734,2.4408104166604185
Lower Crooked (17070305),1993,67444.43957497993,146333.1632990079,56577.483941137616,89755.67935787012,132942.757007687,2.169684620721403,0.8388754402538818,1.3308091804675186,1.9711448096457338
Lower Crooked (17070305),1994,61753.90882752972,143307.6072773906,30385.776136983804,112921.83114040652,166411.36664766335,2.320624070577124,0.49204619940491784,1.8285778711722016,2.69475033738233
Lower Crooked (17070305),1995,66591.11240088168,150668.35180051555,55283.06036992171,95385.29143059402,141105.82520011274,2.2625895013359267,0.8301867678244363,1.4324027335114933,2.118988857711956
Lower Crooked (17070305),1996,66352.13072141726,146621.5011579079,46982.19436789254,99639.30679001557,146490.6221218921,2.2097481959321787,0.7080736346681862,1.5016745612639961,2.20777570409819
Lower Crooked (17070305),1997,69094.93103914704,159156.1661907554,58069.40633601476,101086.7598547406,148824.40262707917,2.303442000695861,0.8404293261847884,1.463012674511072,2.153912022037621
Lower Crooked (17070305),1998,68191.95884604106,156689.8869412858,66920.87218684441,89769.01475444152,132719.21368231945,2.2977765940856614,0.9813601679625245,1.3164164261231386,1.946259000741765
Lower Crooked (17070305),1999,67866.8864459123,150549.46047939314,43090.76160252864,107458.69887686441,158380.1082355301,2.218305102288377,0.6349305804218759,1.5833745218664996,2.3336875541174837
Lower Crooked (17070305),2000,65769.00362887369,154290.7837933508,31650.66948859184,122640.11430475868,179862.13415728536,2.3459498438503723,0.4812399115424134,1.8647099323079548,2.7347553442078127
Lower Crooked (17070305),2001,64805.28746460579,152700.78779377937,35252.207207607586,117448.58058617121,171749.2709598687,2.3563013724332107,0.5439711570890109,1.812330215344191,2.650235461939301
Lower Crooked (17070305),2002,65152.61955876618,152731.4601680158,27454.06600382729,125277.39416418847,182058.93808202317,2.344210581283773,0.42138084684475885,1.922829734439014,2.7943456351407354
Lower Crooked (17070305),2003,63772.91202685893,152520.77886098725,40244.382722166905,112276.39613882027,163850.42585535083,2.39162324588143,0.6310576300046855,1.7605656158767433,2.5692793483594216
Lower Crooked (17070305),2004,66396.37042916723,158482.6315543147,54034.70497939545,104447.92657491926,152555.48699960663,2.3869170939605295,0.8138201626102527,1.5730969313502772,2.2976479890923462
Lower Crooked (17070305),2005,66720.3948738862,158103.27911173325,54350.34986189603,103752.92924983718,151370.203050585,2.3696394394933886,0.8145987439766832,1.5550406955167049,2.268724628154592
Lower Crooked (17070305),2006,64609.959283291406,154738.9772772016,46788.5068699896,107950.47040721221,158388.90518762832,2.3949709765134957,0.7241686481311472,1.6708023283823517,2.451462699320859
Lower Crooked (17070305),2007,65046.64729095953,155345.14451338965,42984.30967821854,112360.83483517123,162788.82162160354,2.388211398790729,0.6608228320507564,1.7273885667399744,2.5026473830916207
Lower Crooked (17070305),2008,65784.01369528865,150316.29301182463,31156.89560909088,119159.39740273342,172622.44623053024,2.2849972898900517,0.4736241201914119,1.811373169698635,2.624078959823231
Lower Crooked (17070305),2009,65496.10977858134,159715.74401785046,47316.2495202195,112399.4944976306,162803.07853880734,2.4385531378549294,0.7224283958265403,1.7161247420283836,2.4856908156711244
Lower Crooked (17070305),2010,65793.4196642774,149164.63525210985,52551.069422960994,96613.565829149,140355.12617700978,2.267166473687625,0.7987283483836553,1.468438125303972,2.1332699667109067
Lower Crooked (17070305),2011,66544.77476837797,152859.05771193776,44156.71848133263,108702.33923060526,158524.30033008696,2.297085807923964,0.6635640233967081,1.6335217845272583,2.382220104912243
Lower Crooked (17070305),2012,64857.01905933923,154025.9268235814,47224.20361699913,106801.72320658207,154542.96775532805,2.37485362505883,0.7281278773203034,1.6467257477385235,2.382825637020613
Lower Crooked (17070305),2013,65965.78278780953,153062.05711940193,46106.01179749059,106956.04532191134,153677.92856816715,2.320325032930372,0.6989382957191402,1.621386737211232,2.3296612588150296
Lower Crooked (17070305),2014,67103.51644533667,169966.0674507222,44310.10445541894,125655.96299530327,182110.85596256575,2.5328936016218853,0.6603246268251006,1.8725689747967846,2.7138794747204558
Lower Crooked (17070305),2015,66818.10452147074,175341.26750876923,44587.76108362817,130753.50642514112,188608.29666888248,2.624158059623296,0.6673005976890699,1.956857461934227,2.8227124672217654
Lower Crooked (17070305),2016,66785.92859809179,169804.54094137368,54339.152391511394,115465.38854986256,167086.30417362088,2.542519726920819,0.8136317564515225,1.728887970469301,2.501818986138869
Lower Crooked (17070305),2017,67741.93473009283,170926.15138991136,45881.51954313893,125044.6318467724,180724.72661321255,2.5231955962128914,0.677298629363727,1.845896966849164,2.6678412320711242
Lower Crooked (17070305),2018,66856.14356032938,169299.30659524415,33329.462600320716,135969.84399492363,195459.25270021212,2.532292435361195,0.4985250543242149,2.033767381036983,2.9235795289902473
Lower Crooked (17070305),2019,68390.76227378566,161528.07018097374,56942.06910221435,104586.0010787594,152363.88231239206,2.3618404710030236,0.8325988365835247,1.529241634419499,2.2278430192434557
Lower Crooked (17070305),2020,65680.17052467403,157618.15424019806,33556.1050148289,124062.04922536916,179394.54002614273,2.3997829631240943,0.5109016122639769,1.8888813508601177,2.7313348700693414
Lower Crooked (17070305),2021,61064.43511236497,146736.2677696265,32894.19984281047,113842.06792681603,164062.50491317123,2.4029742926404927,0.5386801627212582,1.864294129919235,2.6867112519960106
Lower Crooked (17070305),2022,59063.13784303497,137447.30610996066,32422.0964902017,105025.20961975893,152768.7046389377,2.327125024668312,0.5489396207896374,1.7781854038786737,2.5865321453955388
Lower Crooked (17070305),2023,63783.0167141453,151873.5862970003,40927.847993118405,110945.738303882,161611.86383562305,2.3810975730051815,0.6416731302713963,1.7394244427337868,2.533775794266909
Lower Crooked (17070305),2024,61960.900067282746,151373.04741706373,30915.320317072343,120457.72709999164,175371.7170437028,2.443041454412205,0.4989488578039004,1.9440925966083087,2.830361031767911
Lower Deschutes (17070306),1985,34953.19891965206,75283.27176196614,22107.004531401868,53176.2672305642,75245.00254923166,2.153830667545537,0.6324744290850141,1.5213562384605208,2.152735797435867
Lower Deschutes (17070306),1986,37231.9102063207,82686.71633595518,24835.364543563443,57851.35179239179,82329.71205003945,2.2208561386656385,0.6670451342930895,1.5538110043725506,2.211267474427425
Lower Deschutes (17070306),1987,33017.71337408069,72477.9569580687,23052.17863453618,49425.778323532446,70403.03630599707,2.195123451976077,0.6981761084834065,1.4969473434926686,2.132280800561565
Lower Deschutes (17070306),1988,34230.4164687022,73095.60800322081,21638.668152186972,51456.939851033865,73663.91543276589,2.1353993186163573,0.6321473819043889,1.5032519367119692,2.152001729225784
Lower Deschutes (17070306),1989,37139.76951974174,78576.7796156017,30763.046258708415,47813.733356893346,67721.69638398584,2.115704556912611,0.8283047163864664,1.2873998405261462,1.823428019605458
Lower Deschutes (17070306),1990,33345.956145264376,70531.45391551423,24079.46137100721,46451.99254450694,65929.58704462726,2.1151426460305816,0.7221103892211187,1.3930322568094606,1.9771388997640198
Lower Deschutes (17070306),1991,31922.711811435678,63790.9262620542,22415.119093948564,41375.80716810555,59236.112642909226,1.9982928342322837,0.7021683880226864,1.2961244462095947,1.8556102937874177
Lower Deschutes (17070306),1992,27444.336609584876,58729.51314580511,20133.265650443947,38596.24749536105,55343.36122143994,2.13995018284734,0.7336036551676912,1.406346527679645,2.0165676441277647
Lower Deschutes (17070306),1993,34585.84266936949,68814.80538753522,31442.403951708886,37372.40143582624,54193.87540577606,1.9896813284378978,0.9091119812314259,1.0805693472064692,1.5669381233198105
Lower Deschutes (17070306),1994,33105.40156804327,71254.17087397567,18782.305050531348,52471.86582344433,73710.35122914983,2.1523427446582466,0.5673486549295313,1.5849940897287154,2.226535481759648
Lower Deschutes (17070306),1995,35087.0080527867,75921.50543886182,35148.20214842633,40773.30329043543,58335.910175032644,2.1638067664430545,1.0017440670788333,1.1620626993642198,1.662607141859149
Lower Deschutes (17070306),1996,37770.807198704446,83249.68734430171,31341.199049806255,51908.488294495524,73307.54985440247,2.2040748800083154,0.8297730807003053,1.3743017993080118,1.9408520836938046
Lower Deschutes (17070306),1997,39691.86249928701,89515.8945125151,37045.6184889577,52470.27602355735,74589.79596555684,2.2552706997340595,0.9333303139811883,1.3219403857528702,1.8792213634947643
Lower Deschutes (17070306),1998,41641.91531694837,89246.56895118214,41696.06354017676,47550.50541100512,67106.07635110308,2.143190779576331,1.0013003297955017,1.141890449780823,1.611503117480063
Lower Deschutes (17070306),1999,37322.97641841424,79986.37144646318,27212.341125751936,52774.030320711245,74798.02218243382,2.143086621757204,0.7291042606217771,1.4139823611354274,2.0040744163568456
Lower Deschutes (17070306),2000,39391.00321786814,87766.3978215031,22160.863642489425,65605.53417901378,92378.2080652835,2.228082319611789,0.5625869318412546,1.665495387770537,2.345160075115321
Lower Deschutes (17070306),2001,34575.016923887895,76344.04680926609,20228.40304887489,56115.64376039125,77905.99061946086,2.2080696873504624,0.5850583701348553,1.6230113172156084,2.2532451912014997
Lower Deschutes (17070306),2002,35444.93020703336,83369.92632026684,18074.788482932403,65295.13783733444,90809.67284547094,2.3520973474430398,0.5099400218129309,1.8421573256301091,2.5619932756265245
Lower Deschutes (17070306),2003,34358.95800443756,80339.24901764009,24979.287217807832,55359.961799832316,76978.05395746452,2.338232987370107,0.7270094516423252,1.6112235357277835,2.2404071144277014
Lower Deschutes (17070306),2004,37048.187085707934,87005.84898685933,30659.30090141687,56346.548085442446,78457.11930589456,2.348450918410082,0.8275519887245522,1.5208989296855293,2.117704683481285
Lower Deschutes (17070306),2005,37613.52496781182,84026.92648752531,31396.64222263791,52630.28426488749,72909.12644657068,2.233955114800654,0.8347168272451446,1.3992382875555116,1.9383752655185456
Lower Deschutes (17070306),2006,35307.532722620315,81556.70523934808,30248.56493263144,51308.140306716705,71351.34117490373,2.3098953382006644,0.8567170402493809,1.4531782979512855,2.02085321949419
Lower Deschutes (17070306),2007,36108.32816814824,83787.18712477043,26815.816799593227,56971.37032517713,78614.99595872402,2.320439393776212,0.7426490829128973,1.577790310863313,2.1771984455395423
Lower Deschutes (17070306),2008,39365.431450711265,89983.35266235707,24247.906282864045,65735.44637949309,90756.09395353994,2.285846981634726,0.6159695293375459,1.6698774522971822,2.305476927572202
Lower Deschutes (17070306),2009,37203.78192152193,88011.03690536637,28250.697816854656,59760.33908851153,82598.82962970341,2.3656475863399544,0.7593501616703107,1.6062974246696387,2.2201729330619746
Lower Deschutes (17070306),2010,38500.822069314934,84133.65538112348,35459.41498076629,48674.240400357296,67557.87511605666,2.1852430898658084,0.9210041000404342,1.264238989825377,1.7547125356032367
Lower Deschutes (17070306),2011,39232.61675150103,85135.4752205468,31461.195118534994,53674.2801020118,74273.35988912712,2.1700177625110753,0.8019142673508082,1.3681034951602669,1.8931533514466745
Lower Deschutes (17070306),2012,36397.35200070308,82698.06979567122,29332.58966351218,53365.480132159275,73652.98568311568,2.2720902826687435,0.8058990022940561,1.4661912803746937,2.0235808825238975
Lower Deschutes (17070306),2013,38526.98843512119,88928.73574583863,33351.89379537923,55576.84195045922,76561.86191664252,2.3082192343061836,0.8656761182240669,1.4425431160821123,1.9872267474415093
Lower Deschutes (17070306),2014,38570.41457739935,93800.92970541486,29153.415070058803,64647.51463535604,89341.08370104319,2.43193988794661,0.7558491499114319,1.6760907380351773,2.316311211064693
Lower Deschutes (17070306),2015,36546.27346670557,89502.93237263555,24337.853054399562,65165.07931823592,89817.04330249068,2.4490303355874197,0.6659462305116242,1.7830841050757935,2.4576252181858136
Lower Deschutes (17070306),2016,36107.395670699756,83214.54680782983,27622.606954079223,55591.93985375037,76885.30766670754,2.3046399570533507,0.7650124424923361,1.539627514561008,2.1293506839402996
Lower Deschutes (17070306),2017,37653.1683330184,88710.13049443264,29781.28038992075,58928.850104511796,81621.9076539179,2.3559805036815966,0.7909369040746905,1.5650435996069036,2.1677301344743123
Lower Deschutes (17070306),2018,39261.64988419035,92133.94587865767,22605.801394506943,69528.14448415067,95696.95081995583,2.346665159269265,0.5757730880181302,1.7708920712511333,2.4374154194291897
Lower Deschutes (17070306),2019,37582.78025039847,81233.47733675045,30047.1762900744,51186.30104667595,70600.29439564179,2.1614547086598037,0.7994931745305305,1.3619615341292706,1.8785277173551642
Lower Deschutes (17070306),2020,34424.96418354903,75441.44585656372,18608.124543163034,56833.32131340065,77726.2883845786,2.191474926577138,0.5405415803469584,1.6509333462301785,2.2578466013836076
Lower Deschutes (17070306),2021,29141.10171426,63177.20380174939,14763.864340081933,48413.339461667434,66303.78087375409,2.1679758171543,0.5066337053707662,1.6613421117835327,2.2752667872302434
Lower Deschutes (17070306),2022,33737.380792772,66587.61264284875,24041.460253898047,42546.15238895062,58582.68309003467,1.9737042733653671,0.7126060082011099,1.2610982651642548,1.7364324589947304
Lower Deschutes (17070306),2023,30066.565661957877,60950.38627890657,20992.088052362556,39958.29822654405,54615.78330748627,2.027181519970698,0.6981870922132978,1.3289944277574017,1.8164955692491884
Lower Deschutes (17070306),2024,34158.08346597688,72884.43431939518,20725.94472970404,52158.489589691184,71258.65552359188,2.133738984272687,0.6067654454427484,1.5269735388299401,2.0861432578490238
Lower Grande Ronde (17060106),1985,3739.352437763001,6505.219079433236,4312.836402637122,2192.3826767961136,4176.323069267295,1.7396646044214181,1.1533645128184806,0.5863000916029371,1.1168573005024645
Lower Grande Ronde (17060106),1986,3873.118645748057,7210.94226003386,4887.864845711822,2323.07741432204,4427.8243178334005,1.8617922453653968,1.2619971895458877,0.5997950558195098,1.1432193854154982
Lower Grande Ronde (17060106),1987,2936.1129379558874,5556.804225418471,3000.0454043013556,2556.7588211171137,4777.269139164741,1.8925716901363816,1.0217745256045832,0.870797164531798,1.6270726774190984
Lower Grande Ronde (17060106),1988,3427.1593234429192,5932.35287840351,4155.273413891571,1777.0794645119404,3312.3955097150733,1.7309825189112822,1.2124541119136503,0.5185284069976324,0.966513429083141
Lower Grande Ronde (17060106),1989,3619.967338276987,6701.982229481431,5019.839862355371,1682.1423671260618,3223.233399024294,1.8513930108196517,1.3867086062562897,0.46468440456336246,0.890404000318542
Lower Grande Ronde (17060106),1990,3339.956549891204,6316.705160362836,4350.603397607298,1966.1017627555382,3810.5052439972524,1.8912536932759192,1.3025928129960298,0.5886608802798894,1.1408846753175206
Lower Grande Ronde (17060106),1991,4209.701505691774,7828.668361649828,4867.279275666511,2961.3890859833155,5807.326360225375,1.8596730317018886,1.1562053198037086,0.7034677118981799,1.379510246123986
Lower Grande Ronde (17060106),1992,1556.7900684493065,2939.906937352647,1965.8927608313802,974.0141765212666,1778.1732321109605,1.8884414777138456,1.2627860369057815,0.6256554408080637,1.1422048920713954
Lower Grande Ronde (17060106),1993,4438.587287396876,7557.425522821875,6256.469485815067,1300.9560370068102,2539.630029795485,1.7026646167984054,1.4095632417954171,0.2931013750029888,0.572170797903789
Lower Grande Ronde (17060106),1994,2527.5500288949747,4803.115469994294,2741.049963710145,2062.065506284147,3861.9782838029405,1.9003048070602102,1.084469123211979,0.8158356838482307,1.5279532510347056
Lower Grande Ronde (17060106),1995,4314.46805090836,8197.095270491092,5863.258623895691,2333.8366465954014,4533.739533860031,1.8999086732755597,1.3589760208471706,0.5409326524283891,1.0508223679870583
Lower Grande Ronde (17060106),1996,2098.3135041808237,3708.1070935307034,2489.3364598300327,1218.7706337006712,2323.2541412918167,1.7671844965694672,1.1863510647337054,0.580833431835762,1.1072006812436779
Lower Grande Ronde (17060106),1997,3010.060091862737,6179.857515016448,4012.378011508135,2167.479503508314,4113.38094140004,2.053067821377653,1.3329893387693554,0.7200784826082981,1.3665444595342038
Lower Grande Ronde (17060106),1998,4250.060994656598,8243.528132165331,6108.240731588682,2135.2874005766507,4066.22473098723,1.93962584125958,1.437212486895667,0.5024133543639132,0.9567450293300503
Lower Grande Ronde (17060106),1999,3211.7128935485066,5558.012853067669,3211.5784769003844,2346.4343761672835,4355.930795175327,1.7305447396099032,0.999958147987514,0.7305865916223888,1.3562640682874412
Lower Grande Ronde (17060106),2000,3657.7729302341822,6999.532363260639,4663.813965837853,2335.7183974227883,4355.484246089168,1.913604943982268,1.2750419599007916,0.6385629840814772,1.1907475748666323
Lower Grande Ronde (17060106),2001,2163.5787889989,4210.914308805727,2128.2969334637532,2082.617375341973,3810.7205269244573,1.946272689590445,0.9836928261108199,0.9625798634796247,1.7613042549227886
Lower Grande Ronde (17060106),2002,3386.3419074976296,6313.855810248602,3744.9201851246744,2568.935625123929,4816.89169287339,1.8645062969776398,1.105889566801605,0.758616730176035,1.422446942586751
Lower Grande Ronde (17060106),2003,1837.703402852624,3655.746142764662,2066.686118154461,1589.0600246102,2984.039586304134,1.9893015037627577,1.1246026507576752,0.8646988530050819,1.6237873759563588
Lower Grande Ronde (17060106),2004,3870.0365176314162,7642.93698267419,5990.0019267973275,1652.9350558768658,3191.6133519141817,1.9749004816502114,1.5477895103851362,0.4271109712650758,0.8246985105627761
Lower Grande Ronde (17060106),2005,3165.854584945127,6503.2072861111,3779.7223604869746,2723.484925624128,5262.045922031996,2.0541711918912466,1.1939027074904287,0.8602684844008189,1.6621249589463383
Lower Grande Ronde (17060106),2006,2983.736619314226,5639.630410667877,3646.1440105750894,1993.4864000927882,3772.301747812273,1.8901234023678921,1.2220059863772792,0.668117415990613,1.2642877804272443
Lower Grande Ronde (17060106),2007,2599.1724360565668,4756.266211583194,2651.072883445256,2105.1933281379374,3967.6218570723795,1.8299156091387856,1.0199680662462827,0.8099475428925029,1.5264942802686874
Lower Grande Ronde (17060106),2008,2233.2050681842743,4172.906956691331,2470.8328594369086,1702.0740972544231,3105.2304846719335,1.868573117686925,1.1064066147072824,0.7621665029796428,1.3904815679093308
Lower Grande Ronde (17060106),2009,3467.5340864706586,6666.531646662124,4503.512377033771,2163.019269628354,4053.5272860186124,1.9225569180914626,1.298765135317691,0.6237917827737717,1.1689942146017638
Lower Grande Ronde (17060106),2010,4666.079866880321,9011.145392386823,6722.633233956676,2288.512158430148,4324.2153992556105,1.9312025617794568,1.440745427799833,0.49045713397962404,0.9267341157078658
Lower Grande Ronde (17060106),2011,2477.878118216061,4460.281680818467,2900.308343411234,1559.9733374072348,2939.9613664791013,1.8000407881359515,1.170480631024459,0.6295601571114933,1.1864834451969395
Lower Grande Ronde (17060106),2012,2520.7398934082503,4853.576100438312,3244.968694221733,1608.6074062165799,2929.6871651155743,1.9254569315661811,1.2873080251982147,0.6381489063679667,1.1622330303799784
Lower Grande Ronde (17060106),2013,4093.0083014727124,7470.179128491733,4905.244241337503,2564.9348871542284,4832.057285910778,1.8251072507729522,1.1984447330762897,0.626662517696662,1.1805637638634026
Lower Grande Ronde (17060106),2014,3397.724731263547,6688.576847833114,4048.956982645376,2639.6198651877357,4998.117469356413,1.9685458290041535,1.19166716049409,0.7768786685100629,1.4710189508193947
Lower Grande Ronde (17060106),2015,3196.7351262734783,6104.120365711711,3569.537380776738,2534.582984934977,4860.537279358575,1.9094858111774344,1.1166196884562798,0.7928661227211558,1.5204691935251564
Lower Grande Ronde (17060106),2016,4132.527583102452,8271.53209699689,5163.283233574945,3108.24886342195,5870.649620090577,2.001567304914907,1.2494249898505612,0.7521423150643473,1.420595386730183
Lower Grande Ronde (17060106),2017,3033.9403572518117,5731.454344140997,3873.3223824281363,1858.13196171286,3561.478263130449,1.889112398152953,1.2766639835783222,0.6124484145746304,1.1738787991061528
Lower Grande Ronde (17060106),2018,6604.0703991980345,13080.39784245646,8544.431921740725,4535.965920715743,8765.817543929377,1.980656936068531,1.2938129676476977,0.6868439684208345,1.3273355694381839
Lower Grande Ronde (17060106),2019,5486.801437609765,10019.59768787326,6450.699165284531,3568.8985225887322,6828.496116549635,1.8261272622685125,1.1756757080851592,0.6504515541833539,1.2445312982793773
Lower Grande Ronde (17060106),2020,11155.017609363997,22491.792945227186,13285.669504370215,9206.12344085698,18025.68895132599,2.016293809016188,1.1910039024248298,0.8252899065913593,1.6159265348173415
Lower Grande Ronde (17060106),2021,2470.962287538,4536.40694574224,1946.6645930589675,2589.742352683271,4750.343156361106,1.8358867590254455,0.7878163915640216,1.0480703674614233,1.9224668787212529
Lower Grande Ronde (17060106),2022,11026.794948966999,21217.09974083286,14375.192147796495,6841.907593036364,13394.504492450946,1.9241402274212505,1.303660058459977,0.6204801689612738,1.2147232767492204
Lower Grande Ronde (17060106),2023,8639.548090433229,16743.549012719755,10420.468252551726,6323.080760168031,12278.8026789786,1.9380121318220653,1.206135800562364,0.7318763312597014,1.4212320540903294
Lower Grande Ronde (17060106),2024,7021.30745881086,13625.883041921406,6622.511766459883,7003.371275461524,13285.917080868185,1.9406475392019233,0.9432020752985915,0.9974454639033321,1.8922283575826073
Lower John Day (17070204),1985,9347.676384525004,19226.327394248827,6441.952840292903,12784.374553955924,19809.372449141072,2.05680284632851,0.6891501775732736,1.3676526687552366,2.1191761069023864
Lower John Day (17070204),1986,10189.824462121613,22506.76163844249,8020.534187772521,14486.227450669967,23086.10206811615,2.208748710255641,0.7871121055703225,1.4216366046853182,2.2656035100441185
Lower John Day (17070204),1987,8566.131799317645,20477.433200345917,6205.408988142749,14272.024212203167,22343.26853405081,2.3905111058385877,0.724412037255492,1.6660990685830956,2.608326495260161
Lower John Day (17070204),1988,9120.445353046354,19736.881866279233,6798.381768567015,12938.500097712233,20243.9695939343,2.1640261086249306,0.7454001976226152,1.418625911002317,2.2196251181059417
Lower John Day (17070204),1989,9833.561850378224,20516.49330097307,8976.427476186711,11540.065824786354,18040.871711784544,2.086374562253244,0.9128358180653996,1.1735387441878442,1.8346222850157439
Lower John Day (17070204),1990,8530.85504691815,18878.62066400345,6755.868907008242,12122.751756995218,18429.701484442558,2.2129810622938115,0.7919333841510836,1.4210476781427288,2.1603580629470964
Lower John Day (17070204),1991,10480.924515835239,22306.7281770278,9036.324239555921,13270.403937471887,20807.619750188984,2.128316842977487,0.862168621279857,1.2661482216976305,1.9852847636438489
Lower John Day (17070204),1992,7137.445946306083,16791.617360992448,5933.365016295318,10858.252344697126,16416.872734649907,2.352608690463399,0.8313008688165372,1.5213078216468612,2.3001046674330756
Lower John Day (17070204),1993,11934.020352966345,25050.191922268972,12222.869790584979,12827.322131684017,20470.87661741308,2.099057248217483,1.0242038666832705,1.0748533815342145,1.7153378335176708
Lower John Day (17070204),1994,9411.94595569965,21611.878079863334,7328.606648019297,14283.27143184403,22013.19259016514,2.2962178258977035,0.778649461281837,1.5175683646158658,2.3388566714872048
Lower John Day (17070204),1995,10410.019868089315,22187.284373474155,10595.795503429516,11591.488870044639,18200.166348489878,2.1313392918188994,1.0178458482975306,1.113493443521369,1.7483315670011674
Lower John Day (17070204),1996,10170.895731027678,20245.828758325242,9595.438967817878,10650.38979050737,16915.643723936533,1.9905649702575,0.943421230693154,1.0471437395643464,1.6631419858462513
Lower John Day (17070204),1997,10388.168890441537,21623.36552330395,10193.700798233545,11429.66472507043,18181.142060885217,2.0815377331033047,0.9812798488108018,1.1002578842925055,1.750177750538329
Lower John Day (17070204),1998,10138.194229932094,21986.835500034533,10007.965393723502,11978.870106311022,18838.25556433754,2.1687131851469568,0.9871546319536764,1.1815585531932797,1.8581470365520627
Lower John Day (17070204),1999,8761.423229109716,19024.72839090813,6283.772008681602,12740.956382226523,19670.245797064512,2.1714198587848963,0.71720904747574,1.4542108113091556,2.24509709012919
Lower John Day (17070204),2000,8349.153410270254,19197.529197055595,6062.354700180527,13135.174496875057,19895.82376941059,2.2993384183647656,0.7261041212541686,1.573234297110596,2.3829749906064523
Lower John Day (17070204),2001,8458.89666402582,17909.488789374973,6169.135330220436,11740.353459154538,17733.44531962767,2.117236975543257,0.7293073287508841,1.3879296467923727,2.0964253405582847
Lower John Day (17070204),2002,8055.856718993121,17534.336034365595,5049.4791423871775,12484.856891978412,18534.05424349817,2.176594823617613,0.6268084597982148,1.5497863638193976,2.3006931342014596
Lower John Day (17070204),2003,8388.070264370965,18671.7469301759,6841.063290601625,11830.683639574248,17809.330533536468,2.2259883789345114,0.815570575232258,1.4104178037022501,2.1231737422590626
Lower John Day (17070204),2004,9471.22652314492,21443.601823084588,9288.106380552412,12155.495442532181,18530.049223363505,2.264078656621998,0.9806656358450496,1.283413020776949,1.9564571893705065
Lower John Day (17070204),2005,8505.56517430606,17923.91641947956,7001.945679966053,10921.97073951351,16635.25094511718,2.107316333736977,0.8232193318696565,1.284097001867321,1.955807827488006
Lower John Day (17070204),2006,9451.426706944465,21307.96098509915,9880.824322514556,11427.136662584582,17693.09712573308,2.254470319221019,1.0454320420486982,1.2090382771723192,1.8720027858580357
Lower John Day (17070204),2007,8425.335253453388,18793.533419206356,7107.4051128699675,11686.128306336392,17642.104883803146,2.2305976977596513,0.843575347337873,1.387022350421779,2.093935060515482
Lower John Day (17070204),2008,8809.095825596929,18704.937189913377,6515.360472958088,12189.57671695529,18402.177132474262,2.123366297771642,0.7396173911545104,1.3837489066171316,2.0889972701854767
Lower John Day (17070204),2009,8216.300431277345,18427.48897178144,6461.048550748652,11966.440421032798,17833.057635972513,2.242796393086203,0.7863695594860554,1.4564268336001485,2.1704485839011736
Lower John Day (17070204),2010,10104.367062777897,21078.708303662374,10084.850649130402,10993.857654531967,16683.460574198944,2.0860988296151035,0.9980685169564564,1.0880303126586466,1.6511138669592549
Lower John Day (17070204),2011,10429.20959201406,21739.127945545737,9393.693446480973,12345.434499064784,19004.042240059738,2.0844463574873404,0.9007100071777241,1.183736350309618,1.8221939133922163
Lower John Day (17070204),2012,8953.84673903717,19102.531319431837,7690.988686193231,11411.542633238583,17011.102010426308,2.1334440800899817,0.8589591613917062,1.274484918698273,1.8998652206387392
Lower John Day (17070204),2013,8943.788564325128,18968.357277603132,8837.140643700586,10131.216633902553,14905.35633522447,2.12084142432256,0.9880757556087654,1.1327656687137957,1.666559560081593
Lower John Day (17070204),2014,9739.692791470485,22346.016468449754,8641.68457054238,13704.33189790738,20445.33929952966,2.2943245692532757,0.8872645940239837,1.4070599752292925,2.099177021007749
Lower John Day (17070204),2015,9010.452978364177,20772.845385273777,6568.478600627436,14204.366784646343,20665.081891724825,2.3054163242573216,0.7289842826325836,1.5764320416247382,2.2934564934022346
Lower John Day (17070204),2016,9891.791404644153,21721.06405296288,7984.4018948153,13736.66215814756,20498.161462821085,2.1958675799375365,0.8071745114910791,1.3886930684464551,2.072239559479316
Lower John Day (17070204),2017,11717.000269855036,25796.71272619349,10828.572991866478,14968.13973432701,23131.54482382754,2.2016482147365055,0.9241762176728575,1.2774719970636474,1.97418659137009
Lower John Day (17070204),2018,11524.967642080996,24869.039566349922,8611.982800799107,16257.056765550808,25287.647390493974,2.1578402941059767,0.7472457249558137,1.4105945691501627,2.194162116183428
Lower John Day (17070204),2019,11718.607189196975,25745.848293664803,11592.14598268792,14153.702310976869,21724.92872446356,2.197005828252278,0.9892085122005253,1.2077973160517517,1.8538831768754145
Lower John Day (17070204),2020,14471.046048983995,31588.75638507511,9266.173976190983,22322.582408884136,36787.604432458225,2.1828937782485283,0.6403250977728425,1.5425686804756864,2.542152399206902
Lower John Day (17070204),2021,8134.813133512002,18943.67216846829,4907.281658992185,14036.39050947611,20315.06595602425,2.3287163279053504,0.6032445464267953,1.725471781478556,2.4972996456838987
Lower John Day (17070204),2022,15377.813088275989,33343.41246601713,13569.344305738734,19774.068160278413,32811.45310976028,2.168280513920284,0.882397531290322,1.2858829826299631,2.1336878606474716
Lower John Day (17070204),2023,10082.846901233977,22279.27591557675,8106.960775979074,14172.315139597671,21620.97766910033,2.2096215616295956,0.8040348976227055,1.4055866640068897,2.1443326355033987
Lower John Day (17070204),2024,16935.901516442253,35893.79663325953,12477.752039971072,23416.04459328846,39212.80019030177,2.1193909635345936,0.7367633797266134,1.3826275838079802,2.3153653882689356
Lower Klamath (18010209),1998,6.037271638529894,16.448612660355096,8.595922332277475,7.852690328077625,0.0,2.7245109455370495,1.423809105659295,1.3007018398777555,0.0
Lower Klamath (18010209),2001,6.037271638529894,17.66925296359922,8.495261582400158,9.173991381199059,0.0,2.926695040659421,1.4071358870426436,1.519559153616777,0.0
Lower Klamath (18010209),2003,6.037271638529894,18.278693782841184,7.116585870249162,11.16210791259202,0.0,3.027641437596824,1.178775164733533,1.8488662728632912,0.0
Lower Klamath (18010209),2005,15.560446971538829,43.88459964943691,27.400561772034678,16.484037877402226,0.0,2.82026600712081,1.7609109701123795,1.05935503700843,0.0
Lower Klamath (18010209),2015,15.560446971538829,38.959742021241354,16.976679009255612,21.983063011985745,0.0,2.5037675391009984,1.0910148686800047,1.4127526704209938,0.0
Lower Klamath (18010209),2016,15.560446971538829,35.64151384802225,17.205067073913117,18.436446774109132,0.0,2.290519926144354,1.1056923432458217,1.184827582898532,0.0
Lower Klamath (18010209),2017,0.910601630299261,1.725422787280299,1.4114138187182053,0.3140089685620936,0.0,1.894816272965879,1.5499794550712114,0.34483681789466747,0.0
Lower Klamath (18010209),2018,15.560446971538829,35.741150311515334,20.47863983694198,15.262510474573356,0.0,2.2969231138982353,1.316070153665822,0.9808529602324136,0.0
Lower Klamath (18010209),2019,0.910601630299261,1.766330720474986,1.3086196973008712,0.45771102317411483,0.0,1.9397403449568802,1.4370935146149533,0.502646830341927,0.0
Lower Klamath (18010209),2022,451.522834144,1141.5239815341972,857.0429042681991,284.48107726599824,0.0,2.52816445861106,1.8981164172859313,0.6300480413251289,0.0
Lower Klamath (18010209),2023,342.30540321565474,936.373262556993,601.8164056251868,334.55685693180624,0.0,2.7354907452835957,1.7581270992851912,0.9773636459984043,0.0
Lower Klamath (18010209),2024,465.4471798701948,1314.606291862829,905.7898090499258,408.81648281290296,0.0,2.8243941497925715,1.9460635883593385,0.8783305614332325,0.0
Lower Malheur (17050117),1985,36924.17607017695,79959.71527394038,26838.691780767942,53121.02349317248,85233.43550123868,2.165511157837927,0.7268595981602718,1.4386515596776566,2.308336828944988
Lower Malheur (17050117),1986,39797.77068546957,93738.33035277297,30865.593770679887,62872.73658209307,100183.49769682281,2.3553663619404053,0.7755608728593715,1.5798054890810334,2.517314311110408
Lower Malheur (17050117),1987,37819.28583654472,94870.41643630862,20110.48873561885,74759.92770068963,118910.54032541481,2.508519511614772,0.5317522076576632,1.976767303957105,3.144177307825092
Lower Malheur (17050117),1988,32426.490670623338,74905.2529672223,17398.871893203137,57506.38107401897,91252.8242711425,2.310001835477141,0.5365635174627633,1.7734383180143718,2.814144311762132
Lower Malheur (17050117),1989,35381.136261396015,86293.49354015535,32476.41844037019,53817.07509978526,85262.21226206825,2.438968972127367,0.9179020764181864,1.5210668957091833,2.4098212005445667
Lower Malheur (17050117),1990,35238.50296531823,80421.84930076906,21525.172160928818,58896.67713984016,93644.48423111637,2.2822152626608547,0.6108424124065065,1.6713728502543463,2.6574478581931067
Lower Malheur (17050117),1991,38498.58249080813,84838.39774910385,26439.407372731905,58398.990376371934,92744.17319181513,2.2036758825954115,0.6867631393712884,1.5169127432241227,2.4090282600394084
Lower Malheur (17050117),1992,26593.522685835636,63161.08247119081,17257.85385384314,45903.22861734767,72936.97039053563,2.375055129677572,0.6489495226984388,1.7261056069791332,2.7426592276691366
Lower Malheur (17050117),1993,41018.98851837988,87973.7619760527,41072.49427935968,46901.26769669315,74242.36764155472,2.1447082230375627,1.0013044144410295,1.1434038085965361,1.8099512036550591
Lower Malheur (17050117),1994,35587.25900885853,84685.59067192735,20581.602210987367,64103.98846094003,103671.58345035293,2.379660390558516,0.5783418780823808,1.8013185124761366,2.913165732279257
Lower Malheur (17050117),1995,35909.722750352914,87938.39259656164,38012.968244327145,49925.42435223442,79948.30044082006,2.4488741728226624,1.0585703629236056,1.3903038098990548,2.226369192450375
Lower Malheur (17050117),1996,37841.016136572354,85191.85870036464,34207.67361020866,50984.18509015598,81749.5109105282,2.2513100174926044,0.903984012658366,1.3473260048342386,2.1603413242256844
Lower Malheur (17050117),1997,38800.56734924716,93604.51310663759,29608.448614534987,63996.06449210248,101937.63133549437,2.4124521753534043,0.7630931874791123,1.649358987874289,2.6272201233024557
Lower Malheur (17050117),1998,37166.14453673372,90572.9741302599,43437.15792768128,47135.81620257847,75169.77890005267,2.4369752434434173,1.1687291880584898,1.2682460553849235,2.022533675123538
Lower Malheur (17050117),1999,39835.984562642785,95601.04294420613,26422.38825084005,69178.65469336601,110634.2071515372,2.3998664522492676,0.663279407825113,1.736587044424153,2.777242946702195
Lower Malheur (17050117),2000,39634.476968635994,106224.42201154222,30067.78277672716,76156.63923481516,121099.10488379655,2.6801015210974257,0.7586269600711708,1.9214745610262574,3.055398081312542
Lower Malheur (17050117),2001,37706.73199493851,92466.53143042055,21890.917817861795,70575.61361255884,112786.59099297234,2.4522552482891546,0.5805572814106584,1.8716979668784983,2.9911526410751272
Lower Malheur (17050117),2002,37463.39710456421,92460.65133491714,18054.855042054853,74405.79629286216,119068.23838179356,2.4680263532121747,0.4819332051405239,1.986093148071647,3.1782552460328626
Lower Malheur (17050117),2003,35519.51616004537,90160.9955144899,24000.43976443189,66160.555750058,105551.4555348742,2.5383508916123345,0.6756972605226285,1.862653631089706,2.971646771855672
Lower Malheur (17050117),2004,39004.71842551155,92131.2072011823,32416.63582460383,59714.571376578475,94950.51250532092,2.3620528725807355,0.831095240092832,1.5309576324879037,2.4343340072214774
Lower Malheur (17050117),2005,37857.27412012094,92807.78144281817,30982.29094250799,61825.49050031026,98031.92767020984,2.451517802056734,0.8183973004554246,1.6331205016013115,2.589513639020998
Lower Malheur (17050117),2006,37823.47729573643,95410.95992185193,34462.837183737145,60948.1227381147,96179.34394125047,2.522532742715512,0.9111493613946989,1.611383381320811,2.54284774478131
Lower Malheur (17050117),2007,37327.44102266057,95431.49732758423,22492.497205673484,72939.00012191094,116126.84292105385,2.5566043294971688,0.6025727076232963,1.9540316218738776,3.1110314487016697
Lower Malheur (17050117),2008,39360.31156591257,92059.24836082113,24317.518145804926,67741.73021501618,107340.10035845623,2.3388851535552306,0.6178182330971375,1.7210669204580924,2.727115108799509
Lower Malheur (17050117),2009,40037.339530436555,95343.66488928812,36077.79449924258,59265.870390045464,93307.9442897207,2.3813686425594653,0.901103692762005,1.4802649497974585,2.3305230912955044
Lower Malheur (17050117),2010,39370.47786199809,92611.13285821563,30791.48699868102,61819.64585953476,98777.18379853056,2.3522989277101836,0.7820958411175941,1.570203086592593,2.5089150338679054
Lower Malheur (17050117),2011,40442.13642846961,93693.6367585207,39882.798294280095,53810.83846424054,85366.89034071699,2.3167331163188556,0.9861694217075099,1.330563694611344,2.1108402740222743
Lower Malheur (17050117),2012,37104.76039081409,91408.50894130627,21249.034440662832,70159.47450064351,111358.99714666637,2.4635251104851763,0.5726767729221987,1.8908483375629797,3.0012051276912484
Lower Malheur (17050117),2013,39222.042852330764,94881.78287224546,27117.547157590474,67764.23571465493,107940.06531291231,2.4190933457869885,0.6913853839711211,1.727707961815866,2.7520255821274233
Lower Malheur (17050117),2014,36603.08758969172,91338.6639771647,24844.62461823327,66494.03935893133,106523.81827589273,2.4953814006359343,0.6787576200328546,1.8166237806030767,2.910241329091929
Lower Malheur (17050117),2015,38939.56988950379,97139.84619588841,31565.987010971032,65573.85918491741,103139.10012415712,2.4946306924173958,0.8106403614766089,1.6839903309407873,2.6486964395556507
Lower Malheur (17050117),2016,40861.1914418494,106075.38165868372,29217.998539947475,76857.38311873635,120423.31998576662,2.595993359852032,0.7150549827096538,1.880938377142381,2.9471318808004927
Lower Malheur (17050117),2017,41943.75744985299,105508.27768946094,34331.23864820035,71177.03904126071,111274.02053762563,2.5154703370484692,0.8185065128999471,1.696963824148525,2.6529340074184424
Lower Malheur (17050117),2018,41435.58889347355,105623.10145976572,24582.18308198246,81040.91837778318,126494.63885817726,2.5490913555328336,0.5932625488968098,1.955828806636022,3.0528017638021607
Lower Malheur (17050117),2019,42866.802879728595,104785.98478625566,43057.92486630887,61728.059919946456,96873.81549996138,2.4444553301596517,1.0044585080701378,1.4399968220895059,2.259879650268304
Lower Malheur (17050117),2020,42316.04972687002,105808.86510215593,31919.76375578772,73889.10134636823,115418.43360879313,2.500442876523254,0.7543181360692838,1.7461247404539708,2.7275332729251485
Lower Malheur (17050117),2021,41450.95573180497,105284.42886238349,26568.23591832488,78716.19294405854,122520.17672178306,2.5399759065530936,0.6409559309132961,1.899019975639796,2.9557865327523523
Lower Malheur (17050117),2022,38991.37077568195,92579.34859745824,24467.930401252965,68111.41819620508,105477.13654853057,2.3743548060946327,0.6275216776044475,1.7468331284901801,2.705140508020157
Lower Malheur (17050117),2023,42552.046398538754,110695.45390103108,40631.17333945579,70064.280561575,109838.56417972024,2.601413169751394,0.9548582683640585,1.6465549013873284,2.581275719409164
Lower Malheur (17050117),2024,40863.420046760235,109269.12540900998,31489.894885212234,77779.23052379777,121650.2577526717,2.6740083253915783,0.7706132978878952,1.9033950275036835,2.9769964827580915
Lower Owyhee (17050110),1985,20250.41995519099,41835.21474520724,14738.20258124895,27097.01216395827,38762.33580397064,2.0658936870335474,0.7277973797017953,1.3380963073317511,1.9141497257707147
Lower Owyhee (17050110),1986,23406.68002451171,51333.45552913306,18430.68899166009,32902.76653747296,49577.57600230833,2.1931113457942844,0.7874114984422945,1.405699847351989,2.1180951741293597
Lower Owyhee (17050110),1987,20039.583308098034,46743.01721969479,11205.136354305825,35537.88086538892,50817.55363118107,2.33253438961507,0.5591501670485238,1.773384222566544,2.5358587975552167
Lower Owyhee (17050110),1988,18730.123267835308,41663.563886405995,10064.895377860266,31598.66850854574,45304.24845678183,2.224414825819839,0.5373640757156369,1.687050750104203,2.4187907259842487
Lower Owyhee (17050110),1989,20019.995288635047,46041.31405133168,16504.394248819077,29536.919802512635,44215.036476753594,2.2997664778407025,0.8243955111312286,1.4753709667094754,2.2085438003001725
Lower Owyhee (17050110),1990,15887.624506252381,32745.426542158264,9283.810198946536,23461.616343211717,33445.30082744396,2.0610649835833983,0.5843422467149199,1.4767227368684779,2.105116520992926
Lower Owyhee (17050110),1991,21185.44843345488,42321.03472560059,14339.575805747067,27981.458919853518,40067.0515153613,1.9976463967016895,0.6768596780374404,1.3207867186642486,1.8912534063753708
Lower Owyhee (17050110),1992,12383.391861719576,27550.49799563131,7536.514244003709,20013.983751627602,28795.1688019185,2.2247941681307344,0.6085985429647203,1.6161956251660141,2.325305467473106
Lower Owyhee (17050110),1993,23563.92359852989,46733.76554104843,24768.27258635097,21965.492954697467,32703.237690009766,1.9832760595083605,1.051109866435665,0.9321661930726958,1.3878519658776207
Lower Owyhee (17050110),1994,19686.854569138468,42890.046035140185,11237.314904927212,31652.731130213015,45036.85311210158,2.1786134440377047,0.5708029622234863,1.607810481814221,2.2876611880245363
Lower Owyhee (17050110),1995,20079.98264768209,47483.29823008245,20179.863488895855,27303.434741186593,39031.18099666415,2.3647081306399254,1.0049741497772309,1.3597339808626945,1.9437855939168192
Lower Owyhee (17050110),1996,20523.02523845967,42837.235148557724,18126.92108208794,24710.314066469768,35173.88824342427,2.0872768342301575,0.8832480042035183,1.2040288300266382,1.7138744329714715
Lower Owyhee (17050110),1997,21252.90297688995,48971.77496470391,17550.964773429605,31420.81019127431,44945.77319338326,2.304239332290511,0.8258149389057218,1.4784243933847896,2.11480630397911
Lower Owyhee (17050110),1998,20914.89750290147,48210.200546423905,24310.842732476198,23899.357813947696,34036.67728746497,2.305065111590235,1.1623696807074295,1.142695430882805,1.627389150854942
Lower Owyhee (17050110),1999,21229.14082029032,48816.596419294016,13715.240959501969,35101.35545979204,50162.54966960699,2.2995088135001795,0.646057279265549,1.6534515342346299,2.3629100251510318
Lower Owyhee (17050110),2000,21666.19037792402,54364.280142299336,16262.993076022904,38101.28706627656,54430.27938493775,2.5091757800527708,0.7506161808950729,1.7585595991577039,2.5122219659067295
Lower Owyhee (17050110),2001,21602.349944604033,50809.54674806211,12531.888678580792,38277.65806948126,54642.623364855346,2.3520379439438543,0.5801169183314283,1.7719210256124236,2.5294758905849646
Lower Owyhee (17050110),2002,21205.781858201102,49139.13154638072,9487.25402193557,39651.87752444512,56521.64923404711,2.3172515814302175,0.44738996587699403,1.869861615553222,2.665388600712592
Lower Owyhee (17050110),2003,19842.05219637817,46409.0487008233,12893.155892812667,33515.89280801064,47735.27276895052,2.338923829123607,0.6497894353471207,1.6891343937764867,2.405762886646563
Lower Owyhee (17050110),2004,21796.400785887,50638.23004395794,17618.562080179567,33019.66796377841,47042.474751417554,2.323238159427946,0.8083243767286317,1.5149137826993158,2.1582680192721173
Lower Owyhee (17050110),2005,20779.676692910503,48151.48453762046,16731.3489200419,31420.13561757852,44632.52469086927,2.3172393511804983,0.8051785004792789,1.5120608507012177,2.1478931241551393
Lower Owyhee (17050110),2006,23498.836393302332,55953.98060352994,21219.680458135004,34734.30014539497,52025.23050589818,2.3811383537049524,0.9030098385715415,1.4781285151334125,2.2139492200867648
Lower Owyhee (17050110),2007,21328.19007038447,51147.56171263391,12808.405051158574,38339.15666147535,54442.62322213829,2.3981201191401382,0.6005387709360227,1.7975813482041156,2.552613374246664
Lower Owyhee (17050110),2008,21701.136050657697,49656.80846526161,13086.981695316112,36569.82676994548,52003.156073416525,2.288212393551473,0.6030551425863939,1.6851572509650783,2.396333351029356
Lower Owyhee (17050110),2009,21917.86428236006,50518.042145810934,17243.05107003921,33274.99107577173,47329.15137396232,2.304879777290567,0.7867121927530488,1.5181675845375187,2.1593870079784083
Lower Owyhee (17050110),2010,22158.195635313994,50321.65187867867,16460.91989790083,33860.731980777826,48216.27258294993,2.271017582247535,0.7428817837345342,1.5281357985130002,2.176001754678374
Lower Owyhee (17050110),2011,25498.861928759576,58365.712161101925,24938.922809447213,33426.7893516547,50307.64197866921,2.2889536138580597,0.9780406231118566,1.3109129907462025,1.9729367576961696
Lower Owyhee (17050110),2012,21556.868553269764,49417.62353584134,12967.850491490171,36449.773044351125,51686.23690218923,2.292430526897917,0.6015646687943086,1.6908658581036062,2.397669066565302
Lower Owyhee (17050110),2013,22177.04561971469,49773.86008242945,14347.073894461202,35426.78618796823,50181.44915930605,2.24438642260726,0.6469335068557153,1.5974529157515438,2.262765294340935
Lower Owyhee (17050110),2014,19651.82515831504,46428.31302094353,13512.24230553418,32916.0707154094,46646.727743635405,2.3625445803083016,0.687582053915074,1.67496252639323,2.373658801045171
Lower Owyhee (17050110),2015,20001.5211108481,45592.7116944939,16345.785142267176,29246.926552226687,41225.62217472864,2.279462218989238,0.8172271024628128,1.4622351165264231,2.061124348806119
Lower Owyhee (17050110),2016,21536.507317619602,53964.878613621106,16766.621739097543,37198.25687452364,52502.936784836806,2.5057395713125206,0.7785209315430787,1.7272186397694458,2.437857541639666
Lower Owyhee (17050110),2017,23130.207256266174,56431.77187886465,19841.829088452887,36589.94279041166,53622.95591864345,2.439743459867909,0.8578318762395682,1.5819115836283364,2.3183084926364645
Lower Owyhee (17050110),2018,22176.335115441496,55307.79757251634,13178.67991752894,42129.117654987465,59768.869712138854,2.494000802414157,0.5942677114557381,1.899733090958422,2.6951644354671336
Lower Owyhee (17050110),2019,22498.26547195184,53392.58748554779,23367.18163761464,30025.405847933107,42676.518030463914,2.373186837541379,1.038621473586311,1.3345653639550663,1.8968803654516353
Lower Owyhee (17050110),2020,22578.925113371,54639.207518070296,18370.852087265775,36268.35543080459,51500.94931353917,2.4199206668927538,0.8136282836770982,1.6062923832156588,2.280930073285059
Lower Owyhee (17050110),2021,22229.40409319299,57074.37540706172,15508.256549879205,41566.118857182606,58929.91487135451,2.567517112370045,0.6976460765598341,1.869871035810215,2.6509894113355843
Lower Owyhee (17050110),2022,20766.488346558006,50359.79189230893,14711.251451194232,35648.54044111465,50282.92000789528,2.4250509307056696,0.7084130549993825,1.7166378757062848,2.4213492030408474
Lower Owyhee (17050110),2023,22747.758859056463,58137.70099329654,21823.12030854543,36314.58068475109,51794.92565986515,2.555755112119559,0.9593525429806061,1.5964025691389518,2.276924332668678
Lower Owyhee (17050110),2024,21451.563095992868,57956.90633966876,16752.023569518176,41204.882770150565,58487.04804949826,2.701756794146859,0.7809232126607799,1.9208335814860782,2.7264702244669334
Lower Rogue (17100310),1985,672.5190373399998,1790.75894590667,809.7707141276469,980.9882317790227,1421.113139223991,2.662763202941616,1.2040859353669982,1.458677267574617,2.1131195703320005
Lower Rogue (17100310),1986,785.3238223251712,2049.230109667828,1168.2964994301403,880.9336102376883,1211.571475919249,2.6094078027590046,1.4876621162096817,1.1217456865493236,1.5427667434461012
Lower Rogue (17100310),1987,642.944825359017,1859.88604150466,688.3539956648381,1171.5320458398226,1624.1543350170227,2.8927615063487124,1.070626853992432,1.8221346523562814,2.5261177490776188
Lower Rogue (17100310),1988,612.1885620412083,1694.098445868543,838.196120112711,855.9023257558318,1121.4353845511173,2.7672820939678187,1.3691796483716228,1.398102445596196,1.8318463527184128
Lower Rogue (17100310),1989,655.4772050523463,1662.915015356624,969.3222532707797,693.5927620858442,933.313742520436,2.536953234283447,1.4788039092730458,1.0581493250104006,1.4238691068530775
Lower Rogue (17100310),1990,775.0527622077205,2015.6875088865786,1009.8023768055933,1005.8851320809848,1404.9951539543497,2.6007100512034014,1.3028821082182762,1.2978279429851245,1.8127735587345721
Lower Rogue (17100310),1991,1357.7175158052119,3517.337490905937,1835.5531839584887,1681.7843069474507,2239.6885215860343,2.590625406213409,1.351940416611544,1.2386849896018663,1.6495983115145703
Lower Rogue (17100310),1992,1188.2259954080769,3230.8949235179284,1410.5451974744917,1820.3497260434376,2398.4061820103693,2.719091263786339,1.187101782763188,1.5319894810231518,2.0184764441100076
Lower Rogue (17100310),1993,1457.2837513852526,3812.5916445736802,2351.7178798028554,1460.8737647708226,2027.268700247224,2.6162314929741988,1.6137679964985399,1.0024634964756571,1.3911283223463926
Lower Rogue (17100310),1994,1333.1342050755468,3026.429745132016,1365.5819319118352,1660.847813220182,2213.5260101061594,2.270161348804723,1.024339430128454,1.2458219186762702,1.6603924808760886
Lower Rogue (17100310),1995,1317.2951796143068,3338.1512391980496,1997.7116995239267,1340.4395396741209,1757.248945763993,2.5340950842736953,1.5165254761721971,1.0175696081014967,1.3339826737075748
Lower Rogue (17100310),1996,1351.0926642678733,3518.219620119412,2402.0210338164197,1116.1985863029938,1514.8458332886785,2.6039809949126296,1.7778358933789495,0.826145101533681,1.1212005463071175
Lower Rogue (17100310),1997,1395.5654486820642,3487.1075697846254,2456.985966219112,1030.1216035655148,1407.7630736521228,2.498705863689703,1.7605666352226086,0.7381392284670955,1.0087402744038825
Lower Rogue (17100310),1998,489.3925453911218,1328.510727186378,745.6937768595968,582.8169503267815,821.1498373712345,2.714611695044587,1.523712986399577,1.19089870864501,1.6778960879246183
Lower Rogue (17100310),1999,876.527390994155,2138.249856739068,1126.3342194068432,1011.9156373322253,1408.989203830265,2.4394558329932745,1.284996032045682,1.154459800947593,1.6074673972620448
Lower Rogue (17100310),2000,1008.1451722604239,2262.8344731943466,1434.7242014762621,828.1102717180842,1157.2075618710576,2.244552208806106,1.4231325417740972,0.8214196670320084,1.1478580602398876
Lower Rogue (17100310),2001,1331.0143958752267,2911.151181531086,1433.0320259288683,1478.119155602217,2026.848943656396,2.187167314307535,1.0766465264160863,1.1105207878914485,1.522785140369285
Lower Rogue (17100310),2002,663.1707017721108,1875.2899679397317,803.1566422652775,1072.1333256744545,1483.290496837053,2.8277635952984976,1.2110858337364712,1.6166777615620267,2.2366646971487665
Lower Rogue (17100310),2003,1042.4093533902571,2749.230671695072,1438.3391460310888,1310.8915256639818,1822.146810885693,2.637381046854263,1.3798217958742773,1.2575592509799847,1.7480146402749301
Lower Rogue (17100310),2004,846.9140381520132,2319.443186872678,1097.255127022522,1222.188059850155,1628.9201750780373,2.7386996582719996,1.2955920879724216,1.443107570299577,1.9233595166663908
Lower Rogue (17100310),2005,1304.4225739604606,3294.06854406784,2383.630944254164,910.4375998136766,1233.2231214078704,2.5253078333859693,1.8273456714391516,0.6979621619468183,0.9454168810216034
Lower Rogue (17100310),2006,919.8463640920656,2572.522729832449,1312.9448030427134,1259.577926789736,1726.5175538833694,2.796687392868762,1.427352277832457,1.3693351150363053,1.876962959556326
Lower Rogue (17100310),2007,1292.1706127790703,3157.733799644863,1422.2576607075985,1735.4761389372654,2356.98109094443,2.443743704133255,1.1006732753724757,1.3430704287607798,1.8240478986557918
Lower Rogue (17100310),2008,1218.3843699047875,3097.43914974578,1255.4971063199587,1841.9420434258213,2511.6993667493,2.5422512191188353,1.0304606143446107,1.5117906047742247,2.061499990307312
Lower Rogue (17100310),2009,1174.778425281334,3024.431172312249,1446.432031019758,1577.9991412924917,2144.4584758966284,2.5744694550276264,1.2312381636335965,1.3432312913940303,1.8254152695927124
Lower Rogue (17100310),2010,1207.6171605094964,2909.1916944359546,2290.388761271367,618.8029331645872,824.5236662874227,2.4090347417790583,1.89661826294771,0.5124164788313482,0.6827690871331724
Lower Rogue (17100310),2011,1356.7286128682904,3204.145438461207,1997.8170526657243,1206.3283857954832,1661.1906874906788,2.3616701292141626,1.4725251857422645,0.8891449434718984,1.2244089729770777
Lower Rogue (17100310),2012,1296.801410179947,3203.907276135898,2037.0397413470173,1166.8675347888811,1606.936739996705,2.470622911869996,1.5708185735735383,0.8998043382964582,1.2391540658285705
Lower Rogue (17100310),2013,1234.5430157920157,3245.4783833202723,1784.8611895104114,1460.6171938098616,1949.951093902704,2.6288904815828955,1.4457667061243236,1.1831237754585724,1.5794922242152263
Lower Rogue (17100310),2014,1329.577461761295,3617.805369507436,2006.7489950522215,1611.0563744552155,2213.033432575008,2.7210188752108655,1.509313336579785,1.211705538631081,1.6644637083749876
Lower Rogue (17100310),2015,1213.958091748524,3456.7917354690208,1529.3330681949983,1927.458667274022,2600.250320785908,2.8475379495926685,1.259790662124278,1.58774728746839,2.1419605326248443
Lower Rogue (17100310),2016,1432.0704872947563,3853.9289282096015,1773.599848928692,2080.32907928091,2836.058737476205,2.6911586841579576,1.2384864185554858,1.452672265602472,1.9803904644621535
Lower Rogue (17100310),2017,1505.6847141287965,3727.040764922775,2520.980542812736,1206.060222110037,1652.0294509700964,2.475312879216733,1.6743083855184113,0.8010044936983205,1.0971948080949845
Lower Rogue (17100310),2018,1567.5725294040337,3989.8173106271956,2241.398854646916,1748.4184559802798,2471.2683854300635,2.5452202279559346,1.4298533641049835,1.115366863850951,1.5764938075111592
Lower Rogue (17100310),2019,1440.9184120876105,3425.8176253057327,2044.1833961123746,1381.634229193357,1928.4400564965863,2.3775236658558545,1.4186669966627399,0.958856669193114,1.3383409083534799
Lower Rogue (17100310),2020,1467.8455605209997,3957.277064725577,1647.2842715699028,2309.992793155676,3182.5218309544057,2.6959764509019424,1.1222463151949125,1.573730135707031,2.1681585015148297
Lower Rogue (17100310),2021,1110.1880863049996,3130.1045583093915,1420.3885251285594,1709.7160331808323,2280.9071119206783,2.819436271134209,1.2794125091505792,1.54002376198363,2.0545231389684084
Lower Rogue (17100310),2022,1547.2852018109998,4089.4162752214907,2141.055734898811,1948.3605403226798,2643.653988198548,2.6429621833357464,1.3837498945849416,1.2592122887508046,1.7085757590806905
Lower Rogue (17100310),2023,1747.7048772351882,4486.013932067222,2435.9775096304465,2050.0364224367736,2938.200649435866,2.566802891323362,1.393815135129727,1.1729877561936337,1.6811766607208898
Lower Rogue (17100310),2024,1707.038529525991,4586.559367084148,2322.1678821404075,2264.3914849437388,3233.7298132205487,2.6868516953496884,1.360348839217604,1.3265028561320833,1.8943508053790024
Lower Snake-Asotin (17060103),1985,50.943346133,95.23830753080613,50.417280247302415,44.821027283503724,0.0,1.869494541684862,0.9896735113487802,0.8798210303360822,0.0
Lower Snake-Asotin (17060103),1986,24.858042834371286,63.16535129837337,15.565010113464966,47.60034118490841,0.0,2.5410428214016294,0.6261558971948984,1.9148869242067312,0.0
Lower Snake-Asotin (17060103),1987,57.77501782640785,140.31617249135292,43.843732794855214,96.4724396964977,0.0,2.428665152695411,0.7588700868356131,1.6697950658597982,0.0
Lower Snake-Asotin (17060103),1988,72.526977421398,172.6524609866267,65.75536195480359,106.8970990318231,0.0,2.380527455094084,0.9066331493831625,1.4738943057109217,0.0
Lower Snake-Asotin (17060103),1989,65.63758431050702,145.3697132098191,72.66820875653318,72.70150445328595,0.0,2.214732835415286,1.1071127848454458,1.1076200505698404,0.0
Lower Snake-Asotin (17060103),1990,131.4797773309139,287.38547266216847,116.02750838672881,171.3579642754396,0.0,2.1857769954908313,0.8824741777186452,1.3033028177721855,0.0
Lower Snake-Asotin (17060103),1991,94.65983603070794,216.7435971976769,83.86499866590324,132.87859853177363,0.0,2.289710253959923,0.8859617994552323,1.4037484545046899,0.0
Lower Snake-Asotin (17060103),1992,80.90264895073119,174.70313113660555,64.92781796701894,109.77531316958662,0.0,2.1594241153092257,0.802542547235496,1.3568815680737298,0.0
Lower Snake-Asotin (17060103),1993,153.08982283990738,274.7676973802945,144.42657881791496,130.34111856237953,0.0,1.794813608659218,0.9434107123433545,0.8514028963158632,0.0
Lower Snake-Asotin (17060103),1994,172.3773347929286,382.2159500553182,118.59070563976212,263.625244415556,0.0,2.217321381111166,0.6879715699411489,1.5293498111700161,0.0
Lower Snake-Asotin (17060103),1995,168.83613599709173,363.4213740482483,165.90393791888263,197.51743612936573,0.0,2.152509425200944,0.9826328761855838,1.1698765490153604,0.0
Lower Snake-Asotin (17060103),1996,171.46835132210936,345.4465085309573,151.3424741800649,194.1040343508924,0.0,2.014637137800572,0.8826262865020654,1.1320108512985063,0.0
Lower Snake-Asotin (17060103),1997,157.58674358868402,332.1431174911189,133.90415590085064,198.2389615902682,0.0,2.107684377044069,0.8497171326184192,1.2579672444256493,0.0
Lower Snake-Asotin (17060103),1998,141.97138830431967,288.5622373267648,143.80301259465764,144.75922473210713,0.0,2.0325379696099293,1.0129013621139764,1.0196366074959529,0.0
Lower Snake-Asotin (17060103),1999,154.415267906858,313.5204723375844,124.19710126895183,189.3233710686326,0.0,2.030372233182909,0.8043058368027861,1.2260663963801228,0.0
Lower Snake-Asotin (17060103),2000,166.19409485565797,367.9740623294997,146.70923107841088,221.26483125108882,0.0,2.2141223648715718,0.8827583868478,1.3313639780237716,0.0
Lower Snake-Asotin (17060103),2001,170.409184404952,378.314013420543,115.05013997357277,263.26387344697036,0.0,2.220033003159831,0.6751404883211769,1.544892514838655,0.0
Lower Snake-Asotin (17060103),2002,170.3098081179479,361.82206612743374,124.99267090461848,236.8293952228152,0.0,2.1244934165908647,0.7339135208117604,1.390579895779104,0.0
Lower Snake-Asotin (17060103),2003,163.36895357851688,362.20644375845114,101.63630137561533,260.5701423828358,0.0,2.21710695835712,0.6221273941548988,1.5949795642022215,0.0
Lower Snake-Asotin (17060103),2004,164.1299863828795,342.71646287217527,155.19779528232,187.51866758985523,0.0,2.088079518100321,0.9455785545505215,1.142500963549799,0.0
Lower Snake-Asotin (17060103),2005,151.2477387399589,315.489386304462,121.76192814059613,193.72745816386592,0.0,2.0859114254057363,0.80504957730272,1.2808618481030163,0.0
Lower Snake-Asotin (17060103),2006,152.71090192775762,304.2984573740273,121.77062092787492,182.5278364461524,0.0,1.9926439666892979,0.7973931094027622,1.195250857286536,0.0
Lower Snake-Asotin (17060103),2007,150.96012662357737,274.02086222106533,94.07996087829187,179.94090134277346,0.0,1.8151870189162123,0.6232106648458402,1.191976354070372,0.0
Lower Snake-Asotin (17060103),2008,136.4452553910861,251.5556635401892,83.14614431181734,168.40951922837183,0.0,1.8436380423721437,0.6093736573946801,1.2342643849774635,0.0
Lower Snake-Asotin (17060103),2009,140.42325657788123,278.03091478397386,115.61445216374292,162.41646262023093,0.0,1.9799492018601133,0.8233283786551489,1.1566208232049644,0.0
Lower Snake-Asotin (17060103),2010,137.09943286584073,252.63714765862449,111.0755433505738,141.56160430805068,0.0,1.842729341600149,0.810182369311967,1.0325469722881817,0.0
Lower Snake-Asotin (17060103),2011,119.22333865146778,185.46323912597404,95.62327792996018,89.83996119601385,0.0,1.5555950808268257,0.8020516705164668,0.7535434103103588,0.0
Lower Snake-Asotin (17060103),2012,120.29000915450301,242.9596787632001,101.0535054018939,141.90617336130617,0.0,2.019782694098373,0.8400822820796252,1.179700412018748,0.0
Lower Snake-Asotin (17060103),2013,140.01625496006025,251.90107818682336,126.14237437220062,125.75870381462275,0.0,1.79908452956893,0.9009123576986318,0.8981721718702983,0.0
Lower Snake-Asotin (17060103),2014,154.49779026343,308.5636368393357,115.07360137418206,193.4900354651536,0.0,1.9972042079903678,0.7448236067193788,1.2523806012709888,0.0
Lower Snake-Asotin (17060103),2015,154.49779026343,338.1718239705303,113.4649824713628,224.7068414991674,0.0,2.1888457006014304,0.7344116849690648,1.454434015632365,0.0
Lower Snake-Asotin (17060103),2016,158.39570069669838,297.11290629883524,150.5225107131702,146.59039558566505,0.0,1.8757637043934507,0.9502941686617867,0.9254695357316639,0.0
Lower Snake-Asotin (17060103),2017,212.39054504723515,437.86722760727525,176.20758383124843,261.6596437760269,0.0,2.0616135596332437,0.8296394916829292,1.2319740679503148,0.0
Lower Snake-Asotin (17060103),2018,243.49444996827964,492.8510559148462,204.03590900357898,288.8151469112673,0.0,2.0240751112768716,0.8379489102530223,1.1861262010238494,0.0
Lower Snake-Asotin (17060103),2019,280.14281616841,600.5907031123965,219.02175851527375,381.5689445971229,0.0,2.1438732976516763,0.781821791866357,1.36205150578532,0.0
Lower Snake-Asotin (17060103),2020,698.594809386,1413.6032485376622,699.7832746089364,713.8199739287261,0.0,2.023495207157477,1.0017012225212223,1.0217939846362551,0.0
Lower Snake-Asotin (17060103),2021,268.645983868,523.7164513947962,157.07830066199418,366.6381507328021,0.0,1.9494668926527705,0.5847036996435244,1.3647631930092463,0.0
Lower Snake-Asotin (17060103),2022,763.1740559839999,1564.1518194325254,988.608627904289,575.5431915282359,0.0,2.0495348435499205,1.2953907698416511,0.7541440737082685,0.0
Lower Snake-Asotin (17060103),2023,258.4693139330375,538.4053812697877,179.30768965921408,359.0976916105737,0.0,2.083053392594504,0.6937291198353547,1.3893242727591497,0.0
Lower Snake-Asotin (17060103),2024,855.1752314503303,1710.0625218716482,732.622739893515,977.4397819781329,0.0,1.9996632958738478,0.8566931231755005,1.142970172698347,0.0
Lower Willamette (17090012),1985,16646.355459946008,33746.706354499154,20314.58796831285,13432.118386186292,21686.9685526458,2.027272962883649,1.220362500199713,0.8069104626839356,1.3028058066420831
Lower Willamette (17090012),1986,16636.1929979454,32043.70733493567,24615.61336396241,7428.0939709733075,11975.227568257964,1.9261442409866925,1.4796422094287125,0.4465020315579827,0.7198298053969996
Lower Willamette (17090012),1987,14733.075524183985,31282.50130465601,18224.97461143086,13057.52669322513,20739.088680457633,2.123283848868252,1.2370108726799782,0.8862729761882723,1.407655085078124
Lower Willamette (17090012),1988,11771.080330970924,21311.565545678364,17888.77135691191,3422.7941887664506,5793.049564243998,1.8105020904160718,1.519722137129989,0.2907799532860825,0.4921425562785336
Lower Willamette (17090012),1989,13206.888534315847,21593.81263677334,17558.576652129694,4035.2359846436602,6708.940766678833,1.6350416360875235,1.3295013891051422,0.3055402469823825,0.5079879904526183
Lower Willamette (17090012),1990,15749.23690627861,29924.668621992307,23729.101624849238,6195.566997143049,10090.927184152835,1.9000710193179267,1.5066826263429542,0.3933883929749712,0.6407248328412645
Lower Willamette (17090012),1991,14999.206881028884,29664.37761565544,24964.191906053784,4700.185709601622,7556.978382325115,1.9777297460424512,1.6643674631642484,0.31336228287820034,0.5038251983765383
Lower Willamette (17090012),1992,15549.837191358656,32494.38215511242,20385.493529708583,12108.888625403803,19343.501811096885,2.089692757244441,1.3109779400801183,0.7787148171643202,1.243968124749656
Lower Willamette (17090012),1993,11733.621810919796,22451.33206978943,20244.219842915147,2207.1122268743015,3651.950367967037,1.9134187577867294,1.725317226781166,0.18810153100556481,0.3112381178476692
Lower Willamette (17090012),1994,10939.95742825531,16775.50208408231,13578.393835737115,3197.1082483452033,4942.758297844503,1.5334156640093657,1.2411742847067533,0.29224137930261346,0.45180781828990796
Lower Willamette (17090012),1995,16218.609434242948,34962.794635485705,30607.469652984553,4355.3249825011635,6883.593021766379,2.155720857403932,1.8871821149081915,0.26853874249574106,0.42442559885761816
Lower Willamette (17090012),1996,15466.496550765138,32821.59502436547,29257.150796928086,3564.4442274374105,5454.420002242923,2.1221092260057928,1.8916469350960232,0.23046229090977136,0.3526603445285797
Lower Willamette (17090012),1997,14838.19718268452,26646.868963683628,25630.178044634635,1016.6909190489956,1597.2660344145827,1.7958292800407905,1.7273107864170891,0.06851849362370155,0.10764555927848952
Lower Willamette (17090012),1998,11303.137132005491,22168.80061334099,18877.24403683938,3291.556576501597,5119.892987485748,1.9612962626604555,1.670088915703532,0.2912073469569225,0.4529621226118254
Lower Willamette (17090012),1999,16947.16200533349,33057.782020464176,26589.189753194634,6468.592267269553,10508.594235557348,1.9506382254480408,1.5689464551543602,0.3816917702936813,0.6200798831243933
Lower Willamette (17090012),2000,17027.828806625206,37105.89393621437,28170.49075478938,8935.403181424976,14399.990120767025,2.1791324283091904,1.6543794910498968,0.5247529372592928,0.8456738838696958
Lower Willamette (17090012),2001,17869.06552112826,35777.474428759124,28404.26543444464,7373.208994314489,11941.276055583394,2.002201759597114,1.5895775523828948,0.41262420721421933,0.6682652789797043
Lower Willamette (17090012),2002,18482.017550414494,37829.19191944706,28279.030414201065,9550.161505245967,15539.251246208874,2.046810734610447,1.5300835169679219,0.5167272176425234,0.8407767822869737
Lower Willamette (17090012),2003,16815.833552279066,34445.5850286332,23886.38090893301,10559.204119700184,17040.712853572702,2.048401878000556,1.4204696326632982,0.6279322453372574,1.0133730689349716
Lower Willamette (17090012),2004,16777.63384777717,35842.85120522702,25666.907216783286,10175.943988443716,16680.697870797183,2.136347206669775,1.529828785730941,0.6065184209388323,0.9942223094233975
Lower Willamette (17090012),2005,16430.99995360769,33811.200705968724,29314.56300286018,4496.637703108528,7306.775947981179,2.0577689003367645,1.7841009728944524,0.27366792744231117,0.4446945388966944
Lower Willamette (17090012),2006,16730.227043183528,35364.885507936706,27022.777971814037,8342.107536122689,13559.206601829264,2.1138317738697743,1.6152068888284483,0.4986248850413271,0.8104616014373668
Lower Willamette (17090012),2007,17144.243175790627,34721.66431709356,21695.688764961622,13025.975552131897,21014.36006467786,2.0252666717959293,1.2654795281717708,0.7597871436241564,1.2257385671215995
Lower Willamette (17090012),2008,16497.291751747598,31850.550091664674,20401.518259307835,11449.031832356815,18476.037377389297,1.9306532593927526,1.2366586325992963,0.6939946267934548,1.1199436644158327
Lower Willamette (17090012),2009,17396.62261730824,36750.64629276125,25339.733421534263,11410.912871227001,18366.021346966856,2.1125161533479098,1.456589246025448,0.6559269073224627,1.055723386716117
Lower Willamette (17090012),2010,15636.92986089253,32165.986105267788,30602.71442081284,1563.2716844549261,2544.232560917419,2.0570525283044154,1.957079471037935,0.09997305726647912,0.16270665556161795
Lower Willamette (17090012),2011,16328.145803216532,30079.19871517085,25684.891379431272,4394.307335739613,7192.911711234558,1.8421686747337505,1.5730439750465437,0.26912469968720915,0.4405222612488924
Lower Willamette (17090012),2012,13078.597372616468,24312.96051413514,20333.828056677954,3979.1324574572195,6330.106444343253,1.858988377839416,1.5547407323091271,0.3042476455302917,0.4840049941132846
Lower Willamette (17090012),2013,17524.88751046277,35932.43515438324,29301.615555479417,6630.819598903852,10599.299889533691,2.0503660941007884,1.672000207589673,0.37836588651111724,0.6048141469213802
Lower Willamette (17090012),2014,16934.758316105195,37591.31477106417,28930.63532139993,8660.679449664245,13818.252575099988,2.2197727342417575,1.7083583232414061,0.5114144110003517,0.8159698719738229
Lower Willamette (17090012),2015,18620.67705434597,41579.06969004826,25943.274634690762,15635.795055357485,25451.622358632376,2.232951549972986,1.3932508769135081,0.8397006730594777,1.366847310887232
Lower Willamette (17090012),2016,18007.786161886263,39127.03347236524,26892.03831914065,12234.995153224638,19782.185430896967,2.1727842123746544,1.4933561559087165,0.6794280564659403,1.09853511436993
Lower Willamette (17090012),2017,17476.860955241784,36838.99681739446,26573.100099237425,10265.896718157015,16470.268803112696,2.107872627226312,1.520473279915146,0.5873993473111654,0.9424042936138836
Lower Willamette (17090012),2018,18707.079416987854,38524.545318883655,23992.650299172157,14531.895019711548,23205.245739962495,2.0593564853260635,1.2825438842893075,0.7768126010367589,1.240452623453871
Lower Willamette (17090012),2019,18720.430428315973,38325.46188214304,30380.01069398374,7945.451188159303,12958.586465423756,2.0472532417936864,1.6228265055290516,0.4244267362646345,0.6922162668772284
Lower Willamette (17090012),2020,18991.222113624,39844.024899936325,32243.265539664302,7600.759360271994,12260.489152811268,2.0980232162812134,1.6977983484556003,0.4002248678256114,0.6455871601867995
Lower Willamette (17090012),2021,19240.357087504985,40740.44855473278,28079.265815851726,12661.182738881042,20478.345225088986,2.117447632049944,1.4593942143665763,0.6580534176833667,1.06434330360677
Lower Willamette (17090012),2022,19890.728727119007,39492.56419268138,32981.99258346191,6510.5716092194425,10419.61679294238,1.9854759840365848,1.658159086876203,0.3273168971603807,0.5238428886085144
Lower Willamette (17090012),2023,21033.111997037307,44343.620084417,27521.662381458715,16821.957702958298,27164.527719812726,2.108276706303051,1.3084921710746074,0.7997845352284443,1.291512531461777
Lower Willamette (17090012),2024,20323.44391296888,43738.71207428435,35733.0478604011,8005.664213883176,13010.787213146352,2.1521309213923936,1.758218145183503,0.39391277620888693,0.6401861450678571
Mckenzie (17090004),1985,4449.891249517997,9620.317239177723,5867.1226837567865,3753.1945554209565,7093.815680778286,2.161921876230071,1.3184867572645291,0.8434351189655467,1.5941548417720712
Mckenzie (17090004),1986,4960.832476418632,11284.767291711118,8160.806180081326,3123.9611116297997,5938.612776367643,2.2747729026032175,1.6450477251295628,0.6297251774736561,1.1971000441149544
Mckenzie (17090004),1987,3457.53001894087,7976.465181072828,5622.963656875635,2353.501524197194,4404.625482324777,2.306983637850301,1.6262949637666755,0.6806886740836258,1.2739225569107357
Mckenzie (17090004),1988,2216.422395462856,4113.716996876282,3716.463042846543,397.2539540297385,735.2231192327149,1.8560167075090457,1.676784646489025,0.17923206102002046,0.33171615696437595
Mckenzie (17090004),1989,3808.8293724508503,7590.30185603165,6541.39239299201,1048.909463039639,1973.1447665341325,1.9928175073769587,1.717428572754061,0.2753889346228975,0.5180449354874833
Mckenzie (17090004),1990,4674.654207367563,11014.76080957036,7948.778881818453,3065.981927751917,5860.7664124164,2.3562728537675306,1.700399329920629,0.6558735238469035,1.253732608324151
Mckenzie (17090004),1991,4379.4605671126965,9810.79699428953,7924.698100849165,1886.0988934403715,3585.5394332602127,2.240183886564281,1.8095146604034347,0.4306692261608475,0.8187171406875111
Mckenzie (17090004),1992,4395.0795284036385,10534.55607951262,6520.793386506039,4013.762693006585,7650.850663820062,2.396897715145313,1.4836576549672793,0.9132400601780342,1.7407763874067987
Mckenzie (17090004),1993,4565.466816846107,8257.394152361303,7985.861056697677,271.5330956636304,491.97076954075766,1.808663710333489,1.7491882817394848,0.0594754285940051,0.10775913817299815
Mckenzie (17090004),1994,3587.790829787961,7719.399661459438,6434.720560089058,1284.679101370386,2404.2040518583867,2.151574611699327,1.7935049353112238,0.35806967638810505,0.6701070842528676
Mckenzie (17090004),1995,4401.410195171225,9378.950725836597,8628.81260206977,750.1381237668247,1402.8230359664267,2.130896760344269,1.9604654461736868,0.17043131417058088,0.31872126744866003
Mckenzie (17090004),1996,3233.3713176764813,6936.088437567518,6201.587703817525,734.5007337499991,1341.0125977801897,2.1451567902667703,1.9179942835251043,0.22716250674166782,0.41474129199112486
Mckenzie (17090004),1997,5704.881076196907,13791.117897303006,12219.2403948694,1571.877502433602,3007.779499382032,2.4174242570708757,2.1418922203046544,0.27553203676622057,0.5272291322481227
Mckenzie (17090004),1998,2519.654324828607,5252.434532733433,4704.301561519558,548.1329712138731,1002.4562933598239,2.084585365927414,1.8670424411648436,0.21754292476256976,0.3978546912096815
Mckenzie (17090004),1999,4982.7327241221965,11031.1077818347,8968.137444210337,2062.9703376243588,3908.7777543285183,2.2138670469783306,1.799843166540755,0.4140238804375746,0.7844646644210932
Mckenzie (17090004),2000,5178.53737378091,12136.554706736624,8925.267992805693,3211.286713930937,6101.867097756512,2.3436259759723597,1.723511360175673,0.6201146157966877,1.1782993261090378
Mckenzie (17090004),2001,5084.785008314837,11171.177126630526,8250.317464783817,2920.8596618467104,5585.343541824051,2.19698121127304,1.6225499114107242,0.5744312998623162,1.0984424184485049
Mckenzie (17090004),2002,4769.092109786716,10842.144326227904,7823.789094828748,3018.355231399155,5733.872090544749,2.2734189394200626,1.6405196030442457,0.6328993363758165,1.2022984581862437
Mckenzie (17090004),2003,5010.214694290336,10841.44392054844,7982.409861051087,2859.034059497345,5462.665114095168,2.163868133815383,1.5932271066443278,0.5706410271710538,1.0903055951515304
Mckenzie (17090004),2004,5197.814472664099,11948.528063265465,9707.60782345229,2240.9202398131715,4325.281257386083,2.298760012713832,1.8676326126116485,0.4311274001021828,0.8321345981341257
Mckenzie (17090004),2005,5057.936543729895,11697.574029253949,9678.937451528123,2018.6365777258234,3838.018656354096,2.3127166440541695,1.9136138557385982,0.39910278831557106,0.758811152170725
Mckenzie (17090004),2006,5310.836158513148,12182.2917675657,9421.844887595646,2760.446879970063,5299.111894465643,2.2938556950279416,1.774079374015831,0.5197763210121122,0.9977923882986465
Mckenzie (17090004),2007,5362.554448089977,11923.292307640739,7938.563818674826,3984.7284889659213,7587.413269267952,2.2234351973596373,1.4803698303711146,0.7430653669885241,1.414887875305475
Mckenzie (17090004),2008,4761.539482825364,10407.224920714283,7679.807698556731,2727.417222157554,5179.309848239287,2.1856848941928604,1.6128833387305546,0.5728015554623064,1.08773850703555
Mckenzie (17090004),2009,4827.523956081933,10506.039987461829,8126.7721218265615,2379.267865635266,4504.806181312214,2.1762792029702607,1.6834245041058962,0.4928546988643644,0.9331504560711409
Mckenzie (17090004),2010,4259.167719463494,9606.357908219119,9316.872059206966,289.4858490121511,520.520073755902,2.255454243870252,2.1874865403000765,0.06796770357017455,0.1222116873625886
Mckenzie (17090004),2011,5493.927197032787,12215.177421079254,10163.249617060743,2051.9278040185127,3926.1476161882188,2.2233963034087063,1.8499061331846203,0.37349017022408626,0.7146340814834041
Mckenzie (17090004),2012,5728.954590889708,12659.87241131258,10526.386985981464,2133.485425331106,4048.9913817774036,2.2098049845681356,1.8374010160109706,0.37240396855716307,0.7067592031914839
Mckenzie (17090004),2013,5475.500538595701,11955.700952315181,10053.377226218723,1902.3237260964634,3628.3623586114263,2.183490051373724,1.8360654254993658,0.3474246258743591,0.6626540045126159
Mckenzie (17090004),2014,5097.785331585057,12076.49156723157,9653.029684311992,2423.461882919588,4575.145871592451,2.368968244387925,1.8935732002097803,0.475395044178147,0.8974771540977969
Mckenzie (17090004),2015,4624.474926126173,11173.507040010467,7540.943200958631,3632.5638390518293,6862.699133311284,2.4161677203362593,1.6306593335290331,0.7855083868072246,1.4839953168607674
Mckenzie (17090004),2016,4224.450956775918,9791.367128373247,7269.220601802016,2522.1465265712372,4746.625418710709,2.3177845425494006,1.720749199405987,0.5970353431434149,1.1236076515688354
Mckenzie (17090004),2017,6636.832775614599,15265.11479437718,11856.428085095598,3408.686709281575,6565.283068294754,2.3000601808840306,1.7864587651897923,0.5136014156942377,0.9892192993647909
Mckenzie (17090004),2018,6563.793275287035,13685.225791736582,9775.06265762971,3910.1631341068796,7470.567383896423,2.08495685616152,1.4892398720772093,0.5957169840843118,1.1381478773902634
Mckenzie (17090004),2019,7029.348993320748,15237.485066615904,12929.052400324534,2308.4326662913727,4424.526776939806,2.1676950569810214,1.8392958455483792,0.32839921143264245,0.6294362082667924
Mckenzie (17090004),2020,8555.112425255988,19257.089641457824,15638.42599219964,3618.6636492581856,6950.831566489731,2.250945245863512,1.8279626514354899,0.42298259442802205,0.8124769402176204
Mckenzie (17090004),2021,6299.90068983599,13956.735938316806,9306.321569434667,4650.414368882136,8913.891623936994,2.215389833181664,1.4772171860501098,0.738172647131554,1.4149257365784056
Mckenzie (17090004),2022,8774.471934590982,19615.001136134197,17248.634699564744,2366.366436569453,4592.589848092158,2.235462291332583,1.9657746731819459,0.2696876181506369,0.5234035600464018
Mckenzie (17090004),2023,9038.728617807274,18597.360849850644,12659.223938281919,5938.136911568705,11426.95270522622,2.057519551279793,1.4005536036718569,0.6569659476079338,1.2642212404423656
Mckenzie (17090004),2024,8529.157848338267,19386.12357787128,16508.21076115888,2877.9128167124204,5589.285272903844,2.2729235315592464,1.9355030185512592,0.33742051300798975,0.6553150231582128
Middle Columbia-Hood (17070105),1985,31843.920291346007,78265.82347114463,28325.044622165664,49940.778848978975,53366.75886739495,2.4577948555038422,0.8894961538345314,1.568298701669311,1.6758853300451846
Middle Columbia-Hood (17070105),1986,33412.00052746511,79878.27225457763,28257.03601121407,51621.23624336338,55304.35116475717,2.3907060634970545,0.8457151791311152,1.5449908843659341,1.6552241796864648
Middle Columbia-Hood (17070105),1987,33003.09812234563,84859.44606555751,22839.441355681145,62020.00470987618,64667.564205405826,2.571256969602534,0.6920393131279118,1.8792176564746166,1.9594392006979768
Middle Columbia-Hood (17070105),1988,34775.15505295642,86122.91834730444,30746.17790321346,55376.74044409087,59537.50980100707,2.476564611032056,0.8841420794930306,1.592422531539022,1.712070290135068
Middle Columbia-Hood (17070105),1989,34955.829299259356,81707.90473905834,32604.29063065502,49103.6141084032,52351.04758238954,2.3374614871685955,0.9327282826428563,1.4047332045257357,1.4976342610615379
Middle Columbia-Hood (17070105),1990,32869.437677759786,71484.58883271276,34467.5434764243,37017.045356288436,37948.4474936142,2.1748041306189085,1.0486198095121604,1.126184321106747,1.1545207394676846
Middle Columbia-Hood (17070105),1991,32846.51592753665,78703.05795246562,31669.355860865126,47033.70209160048,48907.93301664284,2.3960854212390132,0.9641617981868006,1.431923623052212,1.4889838887186573
Middle Columbia-Hood (17070105),1992,33031.46287735228,83518.13016606709,29842.794707827485,53675.33545823971,56602.52131463464,2.5284417610014644,0.9034657295874391,1.6249760314140285,1.7135941427966137
Middle Columbia-Hood (17070105),1993,33429.4239675461,70705.6632271281,31354.844392031344,39350.818835096914,40930.80754320201,2.115072736394455,0.9379415099246462,1.1771312264698133,1.2243946405698882
Middle Columbia-Hood (17070105),1994,34656.75789395394,86573.46413505627,29759.36538123156,56814.09875382478,59418.45457332443,2.4980254760114042,0.8586886711184039,1.6393368048930022,1.7144839328346495
Middle Columbia-Hood (17070105),1995,35506.41807696703,84616.18267744627,40977.65091111027,43638.531766336135,45065.3886377694,2.38312359455759,1.1540913764458947,1.2290322181116997,1.2692181041771506
Middle Columbia-Hood (17070105),1996,34353.808537966535,82800.01101967166,35346.42883784558,47453.58218182599,50157.79728034063,2.4102134390183902,1.0288940394711126,1.381319399547275,1.4600360022647305
Middle Columbia-Hood (17070105),1997,34771.17086120818,79486.17261166574,33009.644361285566,46476.52825038015,49220.33846992048,2.2859791788128434,0.9493394540277668,1.3366397247850759,1.415550217344917
Middle Columbia-Hood (17070105),1998,36180.05103684387,87266.23401188888,37891.73758521011,49374.49642667882,52173.15573198834,2.411998643203171,1.0473102303427695,1.3646884128604027,1.4420420711639663
Middle Columbia-Hood (17070105),1999,34398.25857702905,79696.82047064348,27074.851075762712,52621.969394880834,54797.91518803186,2.316885324068833,0.787099469443582,1.5297858546252532,1.5930432950645232
Middle Columbia-Hood (17070105),2000,34889.0148248874,83749.45139579712,25474.239448503453,58275.21194729369,61401.80558716781,2.400453317932499,0.7301507244146056,1.6703025935178943,1.7599180113096233
Middle Columbia-Hood (17070105),2001,34330.52407951457,81778.40691580737,29976.09811239588,51802.30880341147,55491.167245710254,2.382090256658957,0.8731616809276433,1.5089285757313131,1.6163798466106867
Middle Columbia-Hood (17070105),2002,34663.92195937391,83019.06384707941,24041.177082351645,58977.88676472786,63504.301090042674,2.394970307871616,0.693550404092413,1.701419903779206,1.8319998863507039
Middle Columbia-Hood (17070105),2003,35580.10358042837,91152.55250068179,31808.330174130566,59344.22232655106,63100.86513208213,2.561896771734591,0.8939920622273694,1.6679047095072168,1.7734873927346342
Middle Columbia-Hood (17070105),2004,36766.54174861327,88837.8390542242,38220.199656631274,50617.63939759292,53577.69683159724,2.4162685645455055,1.0395375207697588,1.3767310437757467,1.4572405856914197
Middle Columbia-Hood (17070105),2005,37354.45257607938,89065.92550957193,38648.66866228603,50417.25684728586,54727.0710556241,2.384345623274023,1.0346469027640208,1.3496987205100015,1.4650749049035618
Middle Columbia-Hood (17070105),2006,36227.81928103441,87619.47138743046,29987.34347697646,57632.12791045407,61858.48143272041,2.4185687443047406,0.8277435427275388,1.5908252015772038,1.707485646675506
Middle Columbia-Hood (17070105),2007,36510.38086729236,85255.72360811965,27520.60089996394,57735.12270815554,62519.62464897438,2.335109127401504,0.7537746867115849,1.581334440689915,1.712379415493369
Middle Columbia-Hood (17070105),2008,37091.39071936053,83925.94853166999,29835.75138674771,54090.1971449222,58608.54187762344,2.2626800156043574,0.8043848129742517,1.4582952026301035,1.5801117386259567
Middle Columbia-Hood (17070105),2009,37808.62702041714,93481.98523140495,34221.72237034961,59260.262861055555,63082.36932366102,2.4725040975680894,0.9051299945874641,1.567374102980631,1.668464958793551
Middle Columbia-Hood (17070105),2010,39136.01232417988,86460.03033801267,47022.221021455305,39437.80931655735,41895.61145366087,2.209219212775902,1.2015077221447774,1.0077114906311242,1.0705130381353645
Middle Columbia-Hood (17070105),2011,39750.70763873708,88264.09651539777,39911.463946936026,48352.63256846159,52025.99822667754,2.2204408866770557,1.0040441118598424,1.216396774817209,1.308806844383776
Middle Columbia-Hood (17070105),2012,37819.61502429786,89948.67788061454,38681.98403138823,51266.69384922611,53861.03612678643,2.3783604836491716,1.0228021624899228,1.3555583211592435,1.4241561182519304
Middle Columbia-Hood (17070105),2013,37872.67984981676,89372.07288167077,42178.64182133388,47193.43106033692,49371.859361510404,2.359803246986315,1.113695729707861,1.2461075172784546,1.3036272996073521
Middle Columbia-Hood (17070105),2014,39055.23441409437,99831.93038505361,37610.211418331826,62221.71896672174,66326.27060191841,2.556172863451716,0.9630005294439852,1.59317233400773,1.698268403632533
Middle Columbia-Hood (17070105),2015,38460.0170518603,97482.75540006124,31235.633173544364,66247.12222651679,69703.53009342044,2.534651902743918,0.8121585887865203,1.7224933139573957,1.8123634734594822
Middle Columbia-Hood (17070105),2016,38520.225833392375,93420.5192011131,29083.037268047712,64337.48193306521,67543.8778040456,2.4252329050503336,0.7550069252926404,1.6702259797576886,1.7534652599438612
Middle Columbia-Hood (17070105),2017,39290.80558898141,94027.30128452426,42613.83159545084,51413.46968907354,54644.6028631568,2.39311207482325,1.0845751558578716,1.308536918965382,1.3907732876436911
Middle Columbia-Hood (17070105),2018,39804.33345244368,99776.00255615127,30220.868272554526,69555.13428359636,73399.69472140529,2.506661810462393,0.7592356321871582,1.7474261782752252,1.8440126577951557
Middle Columbia-Hood (17070105),2019,39619.22616171901,92181.16155694393,34268.21646009349,57912.945096850715,60147.851897534136,2.326677486851357,0.8649390657004861,1.4617384211508784,1.5181480741703721
Middle Columbia-Hood (17070105),2020,39139.23539376,95668.3287056797,34150.07528834902,61518.253417330576,65294.753887780666,2.4443075533594145,0.8725279107980121,1.5717796425613997,1.6682685093585314
Middle Columbia-Hood (17070105),2021,37396.94814953797,96954.7532129278,25174.656963236463,71780.09624969159,74576.15790783045,2.5925846361911122,0.6731741013349906,1.9194105348561286,1.9941776427751583
Middle Columbia-Hood (17070105),2022,40794.988328988016,97424.84346927062,46222.17741957802,51202.666049692416,56654.74576839878,2.3881571599823865,1.133035681903445,1.2551214780789368,1.388767299343512
Middle Columbia-Hood (17070105),2023,38487.581649658605,92122.89960115819,30040.641133215944,62082.2584679424,65525.56950756637,2.3935746454460682,0.7805281559820325,1.6130464894640397,1.7025119973509064
Middle Columbia-Hood (17070105),2024,44323.06251599705,110986.2883047877,37813.44585215632,73172.84245263154,82257.35435980649,2.504030227259919,0.8531325162494969,1.6508977110104257,1.8558589973361659
Middle Columbia-Lake Wallula (17070101),1985,182566.19270379795,475322.2747390756,102976.67814045446,372345.59659862233,207141.225579015,2.6035613039828016,0.5640511894090248,2.0395101145737833,1.1346088917737824
Middle Columbia-Lake Wallula (17070101),1986,182839.64540653207,485681.00251906127,123364.04257146841,362316.95994759264,195854.06161565016,2.6563221638238312,0.6747116704212397,1.9816104934025902,1.0711793997422243
Middle Columbia-Lake Wallula (17070101),1987,180297.6658199453,494492.8042168523,86454.84530345995,408037.9589133924,219568.96706678334,2.742646733489488,0.4795117280652889,2.2631350054241994,1.2178136975220546
Middle Columbia-Lake Wallula (17070101),1988,180047.81395723013,462357.30120532215,109417.7148667587,352939.5863385625,172505.5494301479,2.5679695356654197,0.6077147645499911,1.9602547711154235,0.9581096578663605
Middle Columbia-Lake Wallula (17070101),1989,193821.87958382524,472454.006380203,132459.20852324425,339994.79785695847,175545.4293389238,2.437567974238292,0.6834068930074404,1.75416108123085,0.9057049168847982
Middle Columbia-Lake Wallula (17070101),1990,197237.4778667288,519780.45413555496,125526.79841065701,394253.6557248977,210909.45563872298,2.6353026805928077,0.6364246783538476,1.9988780022389587,1.0693173423218898
Middle Columbia-Lake Wallula (17070101),1991,199950.40969787684,503353.0822350569,115407.96599043172,387945.1162446245,205439.1138684071,2.517389601729842,0.5771829433348602,1.9402066583949784,1.027450327202748
Middle Columbia-Lake Wallula (17070101),1992,195358.53637903405,516524.3111837637,142882.82059912235,373641.4905846423,196033.17363497475,2.6439812703224024,0.7313876488197144,1.9125936215026926,1.0034533287792031
Middle Columbia-Lake Wallula (17070101),1993,209386.63536492092,504108.3444377964,142543.70482702315,361564.63961077295,187804.5450160461,2.4075478530863816,0.680767922836129,1.7267799302502513,0.8969270874845409
Middle Columbia-Lake Wallula (17070101),1994,214020.46814599374,595648.9475387346,125071.57293011056,470577.3746086258,228925.11299847247,2.783140101966386,0.5843907081111194,2.1987493938552745,1.069641212270929
Middle Columbia-Lake Wallula (17070101),1995,223484.97541562552,577424.4563266796,182466.63872136606,394957.8176053135,196023.00553605205,2.5837283032240363,0.8164604281877306,1.7672678750363056,0.8771193910082717
Middle Columbia-Lake Wallula (17070101),1996,229224.79051356055,592666.2078448103,179962.2695240858,412703.93832072546,206470.50465550745,2.5855240461425972,0.7850907797576961,1.8004332663849052,0.9007337478329728
Middle Columbia-Lake Wallula (17070101),1997,233829.93388073734,612401.2880482719,172180.27474087535,440221.01330739737,209658.01776924462,2.619002956057034,0.7363483018760729,1.8826546541809646,0.896626083280589
Middle Columbia-Lake Wallula (17070101),1998,234960.9015618336,612265.7983480361,143582.80617949204,468682.99216854485,222443.9717727704,2.6058199227113064,0.6110923358953234,1.9947275868159864,0.946727605717119
Middle Columbia-Lake Wallula (17070101),1999,246312.83159643167,663620.7674657342,135907.296143033,527713.4713227012,262275.44841281476,2.69421922993048,0.5517670162052649,2.1424522137252153,1.064806273846654
Middle Columbia-Lake Wallula (17070101),2000,256386.29150206072,717628.425345273,172071.9029911605,545556.522354114,278515.2176470026,2.799012463345783,0.671143148812921,2.1278693145328678,1.0863108788511964
Middle Columbia-Lake Wallula (17070101),2001,256399.1612457114,683139.1482585106,140437.985188806,542701.163069705,258687.2075326886,2.664357968019433,0.5477318432185588,2.1166261248008755,1.0089237666607829
Middle Columbia-Lake Wallula (17070101),2002,260561.68557792227,727160.9153284403,128285.9036337388,598875.0116947014,296865.8873211996,2.790743826037229,0.4923436972293237,2.2984001288079052,1.1393305453284703
Middle Columbia-Lake Wallula (17070101),2003,261601.00522282635,770719.4608666073,147345.93388822715,623373.5269783811,304390.5896116391,2.946163988208395,0.5632468184238089,2.38291716978459,1.1635681191376366
Middle Columbia-Lake Wallula (17070101),2004,266010.46503235726,724694.2554150969,184377.0203940351,540317.235021062,270515.20262372325,2.7243073137252165,0.6931194243489919,2.0311878893762256,1.0169344374884577
Middle Columbia-Lake Wallula (17070101),2005,267086.9985961048,725950.5435739536,131346.78972056555,594603.753853388,289404.7350947274,2.718030257518274,0.4917753032194249,2.226254954298849,1.0835598011731453
Middle Columbia-Lake Wallula (17070101),2006,269403.3361502791,732245.7737019067,215631.22036173358,516614.55334017496,248944.87692913794,2.718027861739039,0.8004029328035112,1.917624928935535,0.924060111825308
Middle Columbia-Lake Wallula (17070101),2007,270525.82175303175,756726.9827397738,174342.3414514167,582384.6412883584,274929.09620435454,2.797244927808054,0.6444573028987125,2.152787624909346,1.0162767251672657
Middle Columbia-Lake Wallula (17070101),2008,272481.5722639347,733032.8732053705,137401.95598944736,595630.9172159234,282956.56484703394,2.6902108172487,0.5042614619690878,2.185949355279613,1.0384429394474897
Middle Columbia-Lake Wallula (17070101),2009,276623.6621301157,742885.8233632004,174546.90605446137,568338.9173087395,269726.11406661797,2.68554691830292,0.6309905114782248,2.054556406824697,0.9750652275716987
Middle Columbia-Lake Wallula (17070101),2010,281986.53671497497,721507.6028928896,216040.2810401207,505467.32185276796,241104.77127967955,2.5586597548172016,0.7661368643939511,1.7925228904232469,0.8550222790366134
Middle Columbia-Lake Wallula (17070101),2011,277477.0685686709,725203.6920947256,189272.60943175785,535931.0826629674,254903.587808338,2.6135626119866187,0.6821198249213739,1.9314427870652435,0.9186474007499963
Middle Columbia-Lake Wallula (17070101),2012,278154.0289803519,740670.7733438703,200444.4996545327,540226.273689338,252290.65123334658,2.662807999075179,0.7206241102791705,1.9421838887960101,0.9070177849236465
Middle Columbia-Lake Wallula (17070101),2013,289972.11801942915,786706.0427282632,207632.06918259818,579073.9735456638,269468.3772267311,2.713040302293999,0.7160414959919909,1.9969988063020037,0.929290647208625
Middle Columbia-Lake Wallula (17070101),2014,289700.27382914105,831951.63687171,152175.97331905333,679775.6635526598,318170.16689832363,2.8717668294727847,0.5252876405936828,2.3464791888791128,1.098273614632389
Middle Columbia-Lake Wallula (17070101),2015,290184.4411153444,838294.7033249547,151674.25908052854,686620.444244426,311471.2008067165,2.8888340811895694,0.5226822585578944,2.3661518226316742,1.073355964949585
Middle Columbia-Lake Wallula (17070101),2016,293767.60813248105,804498.7141649402,202083.01824989,602415.695915051,271904.8910052385,2.7385548709037164,0.6879009552297413,2.050653915673978,0.9255781899637381
Middle Columbia-Lake Wallula (17070101),2017,294212.1459727369,803068.0770416367,213865.20361195103,589202.8734296857,270263.77997639123,2.729554466170995,0.7269081393797006,2.002646326791295,0.9186017085828782
Middle Columbia-Lake Wallula (17070101),2018,293252.60242370947,818407.1427021577,174700.79111796763,643706.3515841917,298903.60314101435,2.7907924292507134,0.5957348363631881,2.1950575928875304,1.0192700786646045
Middle Columbia-Lake Wallula (17070101),2019,305529.2788745109,773609.9072775241,201004.7991769502,572605.1081005741,264476.8291000667,2.532031987661865,0.657890464434043,1.8741415232278227,0.865634973100874
Middle Columbia-Lake Wallula (17070101),2020,295324.86918532767,826661.559926213,129321.98674149511,697339.5731847173,328109.7682167063,2.7991599969437426,0.43789738093590963,2.361262616007831,1.1110129977262593
Middle Columbia-Lake Wallula (17070101),2021,300020.7511268836,871921.2762340694,138596.2891014576,733324.9871326126,328317.7964077336,2.9062032308069243,0.46195567666865484,2.4442475541382724,1.0943169603254632
Middle Columbia-Lake Wallula (17070101),2022,309056.56162932375,832889.4273749122,246500.65086081417,586388.7765140968,266440.9900071638,2.6949417381206198,0.7975907373112567,1.897351000809359,0.8621107689883891
Middle Columbia-Lake Wallula (17070101),2023,301699.7423894247,810966.2076472514,160979.89512504468,649986.312522209,289230.0724689109,2.6879910510512843,0.5335765083858004,2.1544145426654913,0.9586686093207917
Middle Columbia-Lake Wallula (17070101),2024,308525.6328316849,859660.7377448188,176590.74721113092,683069.9905336878,313623.53028986085,2.7863511042980464,0.5723697755365091,2.2139813287615366,1.0165234162600587
Middle Fork John Day (17070203),1985,3282.267789079,6200.500651177304,3069.3331582000155,3131.1674929772876,6236.502423608907,1.8890904245558695,0.9351257592121288,0.9539646653437406,1.9000589910303634
Middle Fork John Day (17070203),1986,2967.651978152996,5545.948876056843,3298.5093665581567,2247.439509498687,4477.343359412684,1.868800289550301,1.1114879341785486,0.7573123553717529,1.5087157767735582
Middle Fork John Day (17070203),1987,2873.6622443662923,6216.4921830671165,2713.286957996381,3503.205225070734,6987.892045434262,2.163264731356066,0.9441913235682721,1.2190734077877932,2.4317026328107154
Middle Fork John Day (17070203),1988,2669.6135034066488,5537.567548142163,2623.847138512748,2913.7204096294136,5812.36257714446,2.0742956016201473,0.9828565577618262,1.0914390438583204,2.1772299884336825
Middle Fork John Day (17070203),1989,3415.2600858118385,7039.472873740532,4873.905778787021,2165.567094953514,4279.523231654081,2.0611820759961783,1.4270965186619011,0.6340855573342781,1.2530592470636976
Middle Fork John Day (17070203),1990,2615.520750874224,5786.263045550184,2662.75588044523,3123.507165104954,6221.227946710307,2.2122795407439058,1.0180595506861179,1.194219990057788,2.378580993720235
Middle Fork John Day (17070203),1991,3969.8091966544466,8259.401743609162,4475.698103450487,3783.7036401586784,7524.141490327322,2.080553833813919,1.1274340608667988,0.9531197729471208,1.8953408382116415
Middle Fork John Day (17070203),1992,1859.38438031471,3809.3009423970443,2064.3931036627187,1744.907838734326,3489.815677468652,2.0486893311173784,1.1102562361599004,0.9384330949574783,1.8768661899149566
Middle Fork John Day (17070203),1993,4145.808062294398,7622.681240259857,5155.443315458157,2467.2379248016996,4916.387554054184,1.8386478885955146,1.2435315957692938,0.5951162928262207,1.185869553095839
Middle Fork John Day (17070203),1994,3181.163111918188,6651.525449842364,3322.4504147651587,3329.0750350772064,6628.0729557225995,2.090909901765963,1.0444137247529495,1.046496177013014,2.0835376000968346
Middle Fork John Day (17070203),1995,3846.9318424664452,7628.979928043021,4518.255747683552,3110.7241803594657,6173.664349389139,1.983133634920792,1.1745089158602535,0.8086247190605377,1.604828107750128
Middle Fork John Day (17070203),1996,3310.612579880958,6632.565166058573,3767.3852398329486,2865.179926225624,5707.771486769854,2.003425349847811,1.137972248014721,0.8654531018330901,1.7240831867361213
Middle Fork John Day (17070203),1997,3562.836317338318,7167.785742871127,4337.53301237909,2830.2527304920377,5621.833724247164,2.0118201074771664,1.2174381941911727,0.794381913285994,1.5779096269140587
Middle Fork John Day (17070203),1998,3581.5925252370575,7293.04356295136,4557.611960592949,2735.431602358411,5435.564929725314,2.036257198875143,1.27250990403809,0.7637472948370527,1.5176391204260586
Middle Fork John Day (17070203),1999,2532.6458760042005,4262.577373311701,2038.8414782038487,2223.73589510785,4423.896572196433,1.6830530528163865,0.8050243018659065,0.878028750950479,1.7467489687804645
Middle Fork John Day (17070203),2000,2762.9540477918404,5320.87432973395,2776.5007535325453,2544.3735762014044,5063.954210957536,1.9257918292149685,1.0049029790240382,0.9208888501909303,1.832804354818952
Middle Fork John Day (17070203),2001,2349.3894948169104,4424.396818745782,1972.8600591692416,2451.536759576539,4886.105712769375,1.8832112889355448,0.8397330725797716,1.0434782163557725,2.0797342133132135
Middle Fork John Day (17070203),2002,1722.1627720753943,3372.794607289646,1336.2631829901118,2036.5314242995332,4073.0628485990665,1.9584644738459072,0.7759215357905854,1.1825429380553212,2.3650858761106424
Middle Fork John Day (17070203),2003,2370.9610865547465,4519.619233484333,2387.8963129343933,2131.72292054994,4249.589515863045,1.906239313295441,1.0071427685910508,0.8990965447043906,1.7923489086183784
Middle Fork John Day (17070203),2004,3130.856023436268,6126.891711864094,3883.2665403928486,2243.625171471247,4473.669854633659,1.9569381875119027,1.2403210212556415,0.7166171662562619,1.4288967046538241
Middle Fork John Day (17070203),2005,3026.389708525418,5737.565450414923,3234.9403571927487,2502.625093222177,4996.916331703084,1.8958448854924577,1.0689107050819788,0.8269341804104796,1.6511146326022197
Middle Fork John Day (17070203),2006,3192.1963152369035,6212.782335784034,3738.238173430244,2474.5441623537913,4919.988085085826,1.9462406826702208,1.1710552247638994,0.7751854579063215,1.5412548600478846
Middle Fork John Day (17070203),2007,2711.960909117357,5405.904600301086,2665.6234388627663,2740.2811614383186,5455.823944656295,1.9933563873015074,0.9829136658648697,1.0104427214366372,2.0117634905113597
Middle Fork John Day (17070203),2008,3218.477777767903,6217.126576390133,3053.1609013284487,3163.965675061683,6302.467313114252,1.931697841549762,0.9486350728964469,0.983062768653315,1.9582137110436024
Middle Fork John Day (17070203),2009,3236.0926880073343,5883.931193286956,3316.5362448548235,2567.3949484321315,5120.06764221645,1.818220848584551,1.0248582363371748,0.793362612247376,1.5821758323520694
Middle Fork John Day (17070203),2010,3500.0794042398134,6567.1407801594905,3613.9736935322885,2953.167086627201,5890.101809166569,1.8762833700870898,1.0325404872685202,0.8437428828185695,1.6828480525417817
Middle Fork John Day (17070203),2011,3614.586023774957,6851.483410494367,4048.231842504812,2803.251567989557,5584.387848309493,1.8955098496560052,1.1199710882179998,0.7755387614380059,1.5449591769508748
Middle Fork John Day (17070203),2012,3064.5690172435575,5640.835650585965,2687.8878465021407,2952.9478040838267,5884.390742373201,1.8406619719922783,0.8770851076866186,0.9635768643056605,1.9201364724576986
Middle Fork John Day (17070203),2013,2973.2623199264135,5576.206847820495,3174.3093805453404,2401.897467275153,4784.656982841226,1.875450682722977,1.067618339381472,0.8078323433415046,1.6092280021090246
Middle Fork John Day (17070203),2014,3116.8945049433496,6758.025917797856,3293.58409384664,3464.4418239512142,6894.555173639854,2.1681920601033253,1.0566877026550188,1.1115043574483061,2.2119950363110426
Middle Fork John Day (17070203),2015,3013.6459754571056,6461.522403530571,3080.823456524049,3380.698947006521,6733.368305680757,2.144088076752445,1.022291099091941,1.1217969776605035,2.234293065780379
Middle Fork John Day (17070203),2016,2926.9293460310982,5653.629871018486,2897.379716340113,2756.250154678372,5486.83614622144,1.931590825273859,0.9899042217294879,0.9416866035443711,1.8746049178336206
Middle Fork John Day (17070203),2017,3427.558567936198,6541.844272680812,4298.2961580520205,2243.548114628787,4464.581847554395,1.9086017475756185,1.2540401784119217,0.6545615691636956,1.302554503172971
Middle Fork John Day (17070203),2018,4043.5689095417783,7933.7577071769265,3972.516198888948,3961.241508287977,7890.374645520767,1.962068134527226,0.982428218179944,0.9796399163472818,1.9513392307724795
Middle Fork John Day (17070203),2019,4017.043160640604,7999.997808085122,5107.136554579121,2892.8612535060033,5754.0731267048905,1.9915140286442305,1.2713671101718207,0.7201469184724105,1.4324150616761806
Middle Fork John Day (17070203),2020,3803.4303490489997,8104.236653464255,4062.9385709380826,4041.298082526177,8057.5830730552125,2.130770359838617,1.0682300444791817,1.0625403153594368,2.1185041748089093
Middle Fork John Day (17070203),2021,2454.703660610999,4940.591736641598,2301.819839965697,2638.771896675899,5241.2171416650435,2.0127039430135683,0.9377180133396438,1.074985929673924,2.135173066210548
Middle Fork John Day (17070203),2022,4492.682076139002,9185.69612906731,5714.008886399327,3471.687242667986,6910.655899937891,2.044590730747071,1.271848038557389,0.7727426921896828,1.5382027445567414
Middle Fork John Day (17070203),2023,3725.007210062766,7834.968489161657,4987.387882399619,2847.580606762036,5650.878098417399,2.1033431742081485,1.3388934842667277,0.7644496899414202,1.5170113183008263
Middle Fork John Day (17070203),2024,3854.3669144943424,8140.373757643712,4693.945905934153,3446.427851709557,6822.043165790881,2.111987244139069,1.2178253939142574,0.894161850224811,1.7699516722542932
Middle Fork Willamette (17090001),1985,2216.1577014879995,4820.022793138241,2837.645447715297,1982.377345422944,3380.4624323825074,2.1749457585540606,1.280434802004393,0.8945109565496681,1.5253708840813793
Middle Fork Willamette (17090001),1986,2012.3210820506267,4389.110740760818,3129.7993365903844,1259.3114041704332,2099.8947109966375,2.1811185003777616,1.5553180675327456,0.6258004328450161,1.0435187156399366
Middle Fork Willamette (17090001),1987,1339.3262882753233,2991.8948761314914,2028.531475933529,963.3634001979634,1543.6004201337682,2.233880498219902,1.5145909504589121,0.7192895477609905,1.1525200644881635
Middle Fork Willamette (17090001),1988,996.2412401979284,1862.251375052255,1712.1755920086814,150.07578304357398,261.476449514132,1.869277540329762,1.7186355301538356,0.15064201017592652,0.2624629848310467
Middle Fork Willamette (17090001),1989,1701.4080433503875,3545.13451591837,2979.811265500265,565.3232504181061,959.0160237627259,2.0836474411731025,1.751379557153418,0.3322678840196852,0.5636602151440673
Middle Fork Willamette (17090001),1990,2055.793375820134,4719.056256787957,3407.9640352679157,1311.0922215200396,2140.448079742428,2.295491517918403,1.657736655517897,0.6377548624005053,1.0411786052615926
Middle Fork Willamette (17090001),1991,1943.4726694985925,4061.2463421656635,3455.975550442743,605.2707917229231,952.5294461347977,2.0896853379540694,1.7782475692515758,0.311437768702495,0.49011723245922784
Middle Fork Willamette (17090001),1992,2086.4624115373863,4672.278211825194,3076.6043011622764,1595.6739106629157,2652.9585097887057,2.23933016285804,1.4745553450422888,0.7647748178157503,1.271510330173599
Middle Fork Willamette (17090001),1993,2356.1549013984854,4277.819263608548,4167.319704417106,110.499559191445,185.60938298285737,1.815593389496364,1.7686951320321136,0.04689825746425181,0.07877639236396967
Middle Fork Willamette (17090001),1994,1284.9706194893238,2546.292437818239,2180.4900576765235,365.80238014171636,595.110411033881,1.981595842891873,1.6969182210120097,0.284677621879864,0.4631315315757112
Middle Fork Willamette (17090001),1995,1590.8983304988715,3364.9279132427687,3163.3207518374224,201.60716140534598,334.5941900809187,2.115111851420197,1.9883864928348207,0.12672535858537629,0.21031777057431267
Middle Fork Willamette (17090001),1996,1592.9587770703474,3476.232013966743,3058.445183046397,417.7868309203477,642.6921938070452,2.182248570399275,1.9199776083793356,0.2622709620199403,0.40345814534450003
Middle Fork Willamette (17090001),1997,2421.493216257575,5684.8268751204905,4972.421088148869,712.4057869716238,1131.9519211231782,2.347653438363295,2.053452413066744,0.29420102529655195,0.4674602900075901
Middle Fork Willamette (17090001),1998,1049.3997518155625,2025.3293874008405,1919.6874402864432,105.6419471143973,177.49598688457093,1.9299884375776017,1.829319510477489,0.10066892710011277,0.16914048871984752
Middle Fork Willamette (17090001),1999,2287.6750880266586,4916.11922797116,4182.115015052555,734.0042129186046,1178.6187077798595,2.148958675863271,1.8281070755812767,0.3208516002819939,0.5152037166241699
Middle Fork Willamette (17090001),2000,2734.952448248654,5867.617028579473,4505.197888254805,1362.4191403246698,2199.86604994856,2.1454182987118635,1.647267356015546,0.498150942696318,0.8043525770831078
Middle Fork Willamette (17090001),2001,2592.3428712804225,5557.037675153464,4433.362874894286,1123.6748002591778,1789.5379324204566,2.1436352948206676,1.710176120608821,0.43345917421184604,0.6903168374238086
Middle Fork Willamette (17090001),2002,2560.802393330325,5561.05126681789,4030.7458770539192,1530.3053897639686,2530.1294469997324,2.171604994318105,1.57401675644794,0.5975882378701645,0.9880221346205857
Middle Fork Willamette (17090001),2003,2797.547243092875,5745.487846842363,4014.7158289718022,1730.7720178705663,2821.680504169921,2.0537590065826175,1.4350841934427054,0.6186748131399141,1.0086265785632864
Middle Fork Willamette (17090001),2004,2348.400375011664,5239.690777417389,4241.980608225125,997.7101691922685,1633.6646202128002,2.2311743913732616,1.8063276830315003,0.4248467083417635,0.6956499571350503
Middle Fork Willamette (17090001),2005,2394.747564069865,5104.280825435646,4429.947727366585,674.3330980690658,1031.0389640054952,2.1314483839628338,1.8498599993720861,0.2815883845907496,0.43054181554453624
Middle Fork Willamette (17090001),2006,2422.70135996053,5255.036398681732,4276.5535609960225,978.4828376857075,1488.3123730576683,2.169081375662143,1.7652004624563775,0.4038809132057649,0.614319369962262
Middle Fork Willamette (17090001),2007,2688.8438106153153,5608.240639837484,3799.760660175779,1808.47997966171,2981.466082895362,2.085744295632439,1.4131578209097393,0.6725864747227015,1.1088282893654142
Middle Fork Willamette (17090001),2008,2028.7652173830484,4190.548244785611,2964.5489750789106,1225.999269706698,1927.3629574262468,2.0655658963786343,1.461257788569025,0.604308107809608,0.9500177452334269
Middle Fork Willamette (17090001),2009,2495.246211563202,5126.66444993674,3740.472714826832,1386.191735109906,2175.630993252618,2.054572581326565,1.4990395326493775,0.5555330486771867,0.87191034823359
Middle Fork Willamette (17090001),2010,1960.2021054769814,4291.503606469857,3985.20831395535,306.2952925145078,444.10603186853416,2.189316904863539,2.0330599088840478,0.1562569959794917,0.22656134825468346
Middle Fork Willamette (17090001),2011,2477.1342686515745,5277.404439634493,4395.537735371737,881.8667042627544,1357.3730436416529,2.1304474716694477,1.774444684326475,0.3560027873429718,0.5479610293310978
Middle Fork Willamette (17090001),2012,2207.3410588677507,4397.761927762186,3852.4726933865986,545.2892343755883,781.5330582843817,1.9923345828659598,1.7453001555467433,0.24703442731921677,0.35406085305424745
Middle Fork Willamette (17090001),2013,2432.16574613394,5091.469563453475,4227.100911264822,864.3686521886538,1335.227548154886,2.0933892238004925,1.73799870259008,0.3553905212104129,0.5489870705881386
Middle Fork Willamette (17090001),2014,2264.305947238539,5057.120827273844,4138.793295189878,918.3275320839638,1392.4369306256806,2.2334087994784078,1.8278419045965906,0.4055668948818162,0.614950878137225
Middle Fork Willamette (17090001),2015,2336.8420325054994,5361.843266774455,3777.1426734687852,1584.7005933056755,2433.8306918292033,2.2944825504638966,1.6163448880706044,0.6781376623932949,1.0415041573091337
Middle Fork Willamette (17090001),2016,2560.159463424936,5558.627092673351,4248.5966839492185,1310.0304087241348,2066.519002552777,2.171203462942546,1.6595047084549652,0.5116987544875815,0.8071837055759895
Middle Fork Willamette (17090001),2017,2956.9316960958017,6113.653840292949,5111.768369657616,1001.8854706353292,1640.1597781412179,2.0675668120319246,1.7287407674674944,0.33882604456442916,0.554683011551065
Middle Fork Willamette (17090001),2018,3776.8482484167694,6925.135397248106,5464.381879817863,1460.7535174302466,2406.3911895912847,1.8335752303924517,1.4468100173493856,0.3867652130430671,0.6371426732858617
Middle Fork Willamette (17090001),2019,3997.8074955497063,8156.646391146056,7274.9549078313985,881.6914833146595,1405.542701852747,2.04027992849228,1.819736171871647,0.2205437566206337,0.35157838475648817
Middle Fork Willamette (17090001),2020,5361.7895779369965,11598.62907488032,9885.685577816546,1712.9434970637649,2980.1818610034757,2.163201092897609,1.843728746554087,0.3194723463435202,0.5558185038194153
Middle Fork Willamette (17090001),2021,3978.683331926997,7983.555665711564,5758.026977468716,2225.52868824285,3816.9360222342007,2.006582328793904,1.4472192172881295,0.5593631115057751,0.9593465234101812
Middle Fork Willamette (17090001),2022,5540.577677964999,11950.781638794519,10778.013339562547,1172.7682992319847,1913.3354451295422,2.1569558868063603,1.9452869296331585,0.21166895717320422,0.345331399781456
Middle Fork Willamette (17090001),2023,5807.262528160264,11202.401884111221,7818.576453814177,3383.825430297038,5896.065587730261,1.929033142515796,1.3463445841996564,0.5826885583161385,1.0152917246532902
Middle Fork Willamette (17090001),2024,5949.549834316144,12657.999322401618,11297.768308411032,1360.2310139905826,2359.302708736334,2.127555810927426,1.8989282589494647,0.22862755197796084,0.3965514659828911
Middle Owyhee (17050107),1985,2367.2143433960005,5040.595747891652,1503.2886483167028,3537.307099574948,5253.606712632854,2.129336433751252,0.6350454290337259,1.494291004717526,2.2193202433439305
Middle Owyhee (17050107),1986,2506.7661448506824,5992.457472253036,2034.7687402431186,3957.68873200992,5964.963721327591,2.3905131655629495,0.8117106354028574,1.5788025301600932,2.379545349126653
Middle Owyhee (17050107),1987,1755.7409181963847,4620.6149798448705,1194.903839938651,3425.71113990622,4652.337058320014,2.631718001190903,0.6805695689806766,1.9511484322102268,2.649785631868287
Middle Owyhee (17050107),1988,1500.9732454233244,3695.764500356379,687.3569563476367,3008.407544008741,3907.6916831517474,2.4622454208462923,0.4579408450107178,2.0043045758355738,2.603438598966931
Middle Owyhee (17050107),1989,2074.2612033733594,4711.760896377458,1560.2072901141812,3151.553606263278,4487.132874573282,2.271536915753304,0.7521749370700396,1.5193619786832653,2.1632438900539057
Middle Owyhee (17050107),1990,1650.2241722627784,3762.8770100172633,926.8624772438659,2836.014532773399,3815.1664551373897,2.280221725789913,0.5616585266551738,1.71856319913474,2.311907993630983
Middle Owyhee (17050107),1991,2169.925167006011,5342.943195884823,1720.7452659966782,3622.197929888146,5131.432057246107,2.462270716578136,0.792997515380175,1.6692732011979619,2.364796784363897
Middle Owyhee (17050107),1992,1217.78114886059,3203.949191640107,604.3901627239464,2599.5590289161596,3358.05640831276,2.6309728924921063,0.49630441667572256,2.134668475816383,2.757520439082758
Middle Owyhee (17050107),1993,2643.4746323855907,5381.284990493646,2663.22703090712,2718.057959586524,4070.3678501908344,2.035686261016748,1.0074721346970914,1.028214126319656,1.5397794252776889
Middle Owyhee (17050107),1994,1470.5768579770743,3764.2789556389694,703.996878760803,3060.282076878166,3917.948772779919,2.5597294933752135,0.47872158122304553,2.0810079121521676,2.66422577747446
Middle Owyhee (17050107),1995,2141.801057605324,5347.391625004036,2018.5790168878343,3328.812608116202,4924.313017232474,2.4966798881791457,0.942468026953325,1.5542118612258207,2.2991458519206183
Middle Owyhee (17050107),1996,2051.1479161923808,5011.826767688711,1866.8729239905488,3144.9538436981593,4455.462006095641,2.44342532692247,0.9101600665914391,1.5332652603310295,2.17217976866655
Middle Owyhee (17050107),1997,1960.401704188531,5078.206536202227,1914.7864166983618,3163.420119503865,4450.670131913178,2.5903907986573844,0.9767316630093164,1.6136591356480683,2.270284769904056
Middle Owyhee (17050107),1998,2082.020977196563,5093.393659479455,2345.8867817542227,2747.5068777252354,3913.681431622025,2.4463700007181,1.1267354207511178,1.3196345799669837,1.879751200629971
Middle Owyhee (17050107),1999,2139.9265052601154,4987.681446873534,1409.7178703761363,3577.9635764973964,5234.050017135268,2.330772311391724,0.6587692927354906,1.6720030186562331,2.4459017654435993
Middle Owyhee (17050107),2000,1770.0295088062098,4407.990347296796,1379.515202422623,3028.4751448741727,4215.034514518673,2.4903485085227475,0.7793741265664165,1.7109743819563308,2.381335731154837
Middle Owyhee (17050107),2001,1765.056176506785,4541.7837923407205,1055.3069387830215,3486.4768535576995,4793.470348365,2.5731667086819554,0.597888584414109,1.9752781242678465,2.7157607855018737
Middle Owyhee (17050107),2002,1900.7413711682018,4790.977982871163,1080.2973279210146,3710.680654950149,5185.1797148529095,2.520583839308244,0.5683557712310225,1.9522280680772222,2.727977511041432
Middle Owyhee (17050107),2003,1792.7073898162337,4510.153363760754,1233.9947383357971,3276.1586254249564,4446.782338390213,2.515833531663569,0.6883414132979566,1.8274921183656123,2.4804841903653014
Middle Owyhee (17050107),2004,2112.5343562755493,5258.681876548172,1723.532077424722,3535.1497991234487,5071.682537801557,2.4892763807256415,0.8158599041500807,1.6734164765755601,2.4007574232984594
Middle Owyhee (17050107),2005,2175.1457634806866,5499.0596952431015,1971.2233962641506,3527.8362989789493,5157.149913580474,2.5281338784594647,0.9062488727696953,1.6218850056897685,2.370944513312965
Middle Owyhee (17050107),2006,2104.576920298256,5149.392683352454,1646.6910797042062,3502.7016036482487,5010.88339972534,2.4467590771748524,0.7824333070567175,1.6643257701181355,2.3809457147402378
Middle Owyhee (17050107),2007,1468.7897256174986,3837.456157947426,945.7092928682601,2891.746865079166,3732.099256912643,2.6126654421783275,0.6438697632301802,1.9687956789481473,2.540935024136024
Middle Owyhee (17050107),2008,2076.7049879599685,4932.624300140494,1486.6973532618974,3445.9269468785965,4832.120932077699,2.3752166671425057,0.7158924170169882,1.6593242501255174,2.326821074776002
Middle Owyhee (17050107),2009,2105.1930279850685,5079.448761434405,1886.3814117963366,3193.0673496380714,4616.188629006514,2.412818536785707,0.8960610199254926,1.5167575168602159,2.192762643444996
Middle Owyhee (17050107),2010,1855.4880245910635,4465.092194266752,1602.0497012737217,2863.0424929930323,3986.469498237102,2.406424689941519,0.8634115014710494,1.5430131884704708,2.1484749270293415
Middle Owyhee (17050107),2011,2924.96420750192,6001.866019378796,2826.7272588701867,3175.1387605086097,4999.050525317184,2.0519451157676625,0.9664143074367282,1.0855308083309343,1.7090980164802247
Middle Owyhee (17050107),2012,1608.8711183497855,4093.5610857935103,899.3810620232022,3194.1800237703073,4503.000072467284,2.54436855699931,0.559013740606951,1.9853548163923587,2.7988569258959646
Middle Owyhee (17050107),2013,1419.0076452001001,3504.6369484153975,829.604001327779,2675.0329470876177,3542.779504200171,2.469780173679892,0.584636738310732,1.8851434353691592,2.4966599131328775
Middle Owyhee (17050107),2014,1413.2826369323757,3676.367420894086,807.1136935689987,2869.2537273250864,3703.8178288473114,2.6012966725989695,0.5710914947068852,2.0302051778920833,2.6207198277668615
Middle Owyhee (17050107),2015,1460.7692516426278,3882.311327994699,1294.7236087780789,2587.587719216621,3321.959117423805,2.6577170375328336,0.8863299986100944,1.7713870389227397,2.274116266952004
Middle Owyhee (17050107),2016,1602.46082896654,4433.988158238087,1175.6426719410454,3258.3454862970416,4238.0129697082375,2.7669869229175834,0.7336483055871272,2.0333386173304566,2.644690524161779
Middle Owyhee (17050107),2017,1808.8324760720543,4584.335355266083,1531.558734777254,3052.7766204888276,4094.1110870187063,2.5344167665659865,0.8467112101520256,1.68770555641396,2.2633998124078456
Middle Owyhee (17050107),2018,1642.8375789987108,4082.4451199605646,1096.7116562401281,2985.7334637204353,3914.879247868946,2.4849961871755846,0.6675715665748043,1.8174246206007796,2.382998354746071
Middle Owyhee (17050107),2019,2009.6779402535676,4772.178039210164,2259.0250564857633,2513.1529827244008,3272.5640702953915,2.3745984088415892,1.124073171744491,1.2505252370970983,1.628402245328165
Middle Owyhee (17050107),2020,2029.4135650299995,4993.400292034839,1816.4220028115797,3176.97828922326,3966.413769537881,2.460513903168389,0.8950477291131779,1.5654661740552114,1.9544630221683021
Middle Owyhee (17050107),2021,1591.169387593,4156.424019101105,1248.2924298857997,2908.1315892153066,3415.5252465403755,2.6121819911258015,0.7845125978536588,1.8276693932721435,2.146550375574484
Middle Owyhee (17050107),2022,1865.4495997119998,4717.002220355371,1468.645237482452,3248.356982872918,3983.759390060061,2.528614131994567,0.7872875459670372,1.7413265860275293,2.135549194507908
Middle Owyhee (17050107),2023,2099.379863922139,5100.389931479845,2460.4658053413964,2639.924126138448,3609.2056745726277,2.4294745410919143,1.1719964774477083,1.257478063644206,1.7191770468017047
Middle Owyhee (17050107),2024,2114.7866506454093,5590.640830107267,1962.8585595818922,3627.7822705253734,5148.981496986488,2.6435956688118236,0.928159140300441,1.715436528511382,2.434752222128448
Middle Rogue (17100308),1985,28237.35481254307,74201.95250345544,24190.993264285353,50010.9592391702,76187.92096036975,2.627794033685295,0.8567018201556075,1.7710922135296918,2.6981252835526566
Middle Rogue (17100308),1986,28922.5528578241,77886.53360539553,29415.319770786085,48471.213834609574,73476.20176929407,2.692934264422158,1.017037462612111,1.6758968018100515,2.540446624144292
Middle Rogue (17100308),1987,26588.57255927939,76129.71282901056,21785.613054218436,54344.099774791954,82606.78226710997,2.863249339891372,0.8193600091034325,2.043889330787933,3.106852843752241
Middle Rogue (17100308),1988,27317.89213918046,72137.8745612665,21546.249324130862,50591.62523713564,75806.24012064558,2.640682311568371,0.7887229810541763,1.851959330514195,2.7749666677950278
Middle Rogue (17100308),1989,29659.180312292745,76790.25953066967,35043.22963382282,41747.02989684685,63067.727587006564,2.5890890686160555,1.1815306176650662,1.407558450950989,2.1264150567528355
Middle Rogue (17100308),1990,28490.386598717636,74993.20707327954,23916.749412028985,51076.457661250264,76453.10071144093,2.632228482173528,0.8394673525807995,1.792761129592718,2.683470104785525
Middle Rogue (17100308),1991,30012.083934945982,77894.4650436495,31523.351219033648,46371.11382461593,69911.71156016544,2.595436731834187,1.0503552931333753,1.5450814387008143,2.329452087089509
Middle Rogue (17100308),1992,26582.598881387683,72209.5834064533,23239.337590830717,48970.24581562247,72817.84164541558,2.7164230152459705,0.8742312102185834,1.842191805027383,2.7393048351040044
Middle Rogue (17100308),1993,28859.742953330304,73237.64536049827,34822.88715257877,38414.758207919724,57805.19763690709,2.5377095519850057,1.2066249934689852,1.3310845585160282,2.002969940875256
Middle Rogue (17100308),1994,30526.876802763854,80218.98286415594,22005.884768482712,58213.09809567307,87142.8946141941,2.6278149377172135,0.7208691839215708,1.9069457537956374,2.854628568039568
Middle Rogue (17100308),1995,29057.7799635974,78074.99371452653,39459.87881596626,38615.11489856014,57957.80041011983,2.686887773681824,1.3579798203923443,1.328907953289475,1.9945708337914112
Middle Rogue (17100308),1996,29066.93063820024,78522.95547964962,38036.887958708394,40486.067520941164,60553.020116766,2.7014532926449917,1.3085966465519991,1.39285664609299,2.08322718592056
Middle Rogue (17100308),1997,30523.285093334158,82135.3305682162,38073.51661122185,44061.813956994454,65824.57234807627,2.690907296415266,1.2473597286399738,1.4435475677752954,2.1565363016070442
Middle Rogue (17100308),1998,29663.812189416924,74312.0154999089,41370.549447130245,32941.466052778575,49293.680877986284,2.5051404393134944,1.3946470933324577,1.1104933459810338,1.6617446389972983
Middle Rogue (17100308),1999,30389.802364304924,82111.80903400532,22894.954313327384,59216.85472067796,88680.3399624708,2.7019527159035337,0.7533762161026492,1.9485764998008854,2.9180953169551516
Middle Rogue (17100308),2000,30736.30520203805,81570.77388310323,32842.098967468104,48728.674915635245,72816.51643731052,2.6538900283204656,1.0685116103444479,1.5853784179760215,2.369071882865161
Middle Rogue (17100308),2001,29116.208776405398,74006.73807353427,19223.129241122217,54783.608832412305,81272.02902188952,2.541771102201546,0.6602208889469108,1.8815502132546438,2.79129847041587
Middle Rogue (17100308),2002,30583.605136414808,79589.14786097659,23087.262430938394,56501.88543003853,85089.14586933347,2.602346829485208,0.7548901552959567,1.847456674189262,2.7821816783797297
Middle Rogue (17100308),2003,30022.37443628851,78338.65137769654,32877.47733993358,45461.17403776282,67857.84585459137,2.6093422938262805,1.0950991704438295,1.5142431233824463,2.260242473445756
Middle Rogue (17100308),2004,27461.65006972852,72184.77800036917,25489.002749402618,46695.775250966704,69047.98129909804,2.6285666672280477,0.9281671962421375,1.7003994709859156,2.514342041493381
Middle Rogue (17100308),2005,28963.194770738915,72676.59658820924,30462.44813466542,42214.14845354369,62718.05326740632,2.50927417239321,1.0517640880363508,1.4575100843568547,2.165439750823671
Middle Rogue (17100308),2006,27733.187216890667,71838.94946577268,28126.4418731786,43712.507592594004,64597.59968382248,2.590360383173693,1.0141799301036853,1.576180453070005,2.3292526451658557
Middle Rogue (17100308),2007,29051.599413144122,75395.44953999552,25427.981596893107,49967.46794310219,74245.50634712318,2.5952254286517373,0.8752695930878235,1.7199558355639062,2.555642644360968
Middle Rogue (17100308),2008,28017.291956906396,71848.92640147722,20028.092454748636,51820.833946728584,76393.47810263553,2.5644493590597044,0.7148475479198344,1.84960181113987,2.7266546038830914
Middle Rogue (17100308),2009,26401.874376795884,69181.95457270331,23659.093718607986,45522.860854095234,66876.17472202628,2.6203425402821416,0.8961141690531459,1.7242283712289923,2.533008595056512
Middle Rogue (17100308),2010,29195.31366684242,72078.37123070692,38115.30513151268,33963.066099194184,50211.479739924114,2.4688335961455166,1.305528194232105,1.1633054019134097,1.7198472437359043
Middle Rogue (17100308),2011,29359.965509153622,71983.15457675821,34830.72298227776,37152.43159448056,55286.62743748946,2.4517452022999096,1.1863339202976415,1.2654112820022714,1.8830617297643835
Middle Rogue (17100308),2012,27749.26467407818,74287.33787101194,32099.720379234343,42187.617491777564,62129.022058492694,2.677092122747564,1.1567773328862339,1.520314789861329,2.238943005813418
Middle Rogue (17100308),2013,26574.48019630125,69577.73205233311,21984.60792936729,47593.12412296615,71302.346910233,2.618216105766661,0.827282707581509,1.790933398185164,2.683113512796279
Middle Rogue (17100308),2014,24581.237581113302,68492.71548855312,28012.546464922703,40480.169023630384,61375.208974297064,2.7863819005263863,1.1395905666867565,1.6467913338396287,2.4968315273700443
Middle Rogue (17100308),2015,24568.65621602011,68214.25862433521,21651.283327678997,46562.975296656274,69804.23751011693,2.7764749534757125,0.8812563103700061,1.895218643105709,2.8411906982768045
Middle Rogue (17100308),2016,26683.292746633928,68108.48653595783,24728.633769715027,43379.85276624297,67040.87071280924,2.5524768319513207,0.9267459606473988,1.6257308713039285,2.5124661843417497
Middle Rogue (17100308),2017,28657.99909014983,73205.9708682262,35843.105856968425,37362.86501125782,56886.084759987556,2.5544690206019354,1.2507190660525989,1.3037499545493383,1.9849984844036137
Middle Rogue (17100308),2018,32378.285043784163,82261.67404632311,30567.113882284295,51694.56016403891,77142.64831741572,2.540643333489812,0.9440621651501716,1.596581168339643,2.382542750893016
Middle Rogue (17100308),2019,32334.841634259836,77985.16459311731,36696.90551624298,41288.25907687432,61849.94249452345,2.4117998002034264,1.1349028992107817,1.2768969009926443,1.9127955904070792
Middle Rogue (17100308),2020,29324.432568066008,73871.77561423066,20787.94285011322,53083.832764117346,79236.44495926567,2.519120376592597,0.7088949735638216,1.8102254030287723,2.702062342565268
Middle Rogue (17100308),2021,26380.21768154105,62888.49488938021,20514.460943477177,42374.03394590305,62048.87424003456,2.383926306013198,0.7776456279142723,1.6062806780989267,2.352098644108302
Middle Rogue (17100308),2022,34494.63630563601,77691.63110351827,35863.5621038557,41828.068999662704,63594.35147255685,2.25228149719104,1.039685178475009,1.2125963187160345,1.8436011590058798
Middle Rogue (17100308),2023,34499.30422638432,78842.04749903022,35105.87485613691,43736.172642893245,66563.013002286,2.2853228280103552,1.0175821119687594,1.2677407160415939,1.9294016066382011
Middle Rogue (17100308),2024,35519.80091602122,88921.47346152869,35972.999570496875,52948.473891031885,80677.86888801883,2.5034338923172466,1.012759042640671,1.4906748496765774,2.271349129426822
Middle Snake-Payette (17050115),1985,64881.80918024692,141685.3162704239,47516.50930619288,94168.80696423101,88566.37938563636,2.183744844056531,0.7323548758356625,1.4513899682208682,1.3650417660147514
Middle Snake-Payette (17050115),1986,70030.04245627657,162857.9033440834,54945.5544122138,107912.34893186984,100852.04285729253,2.325543404400535,0.7845997586895538,1.5409436457109844,1.4401253993278635
Middle Snake-Payette (17050115),1987,69001.98619014511,171697.99780696526,37744.90188165001,133953.09592531552,121165.02281555424,2.488305153040468,0.5470118175676623,1.9412933354728092,1.7559642773421946
Middle Snake-Payette (17050115),1988,64560.71732692429,154534.94059116067,36104.88999534011,118430.05059582033,107264.03334894024,2.393637291987053,0.5592392942679246,1.8343979977191247,1.6614442619305754
Middle Snake-Payette (17050115),1989,63078.29340569293,146473.40663395324,56911.570180621275,89561.83645333184,79260.89045328904,2.3220889267231466,0.9022369995743242,1.4198519271488204,1.2565477943976144
Middle Snake-Payette (17050115),1990,60034.71045710586,142826.90714057823,36915.57236451903,105911.3347760592,94380.82265803035,2.379072140984614,0.614903812868304,1.76416832811631,1.5721042366892801
Middle Snake-Payette (17050115),1991,71997.4875620548,164331.83799449322,49739.09757210664,114592.74042238685,103860.29734295372,2.2824662854082964,0.690844906625893,1.591621378782407,1.4425544676602262
Middle Snake-Payette (17050115),1992,54399.80911271176,131896.64045760117,34355.52433067958,97541.11612692151,91121.44284875182,2.424579104392124,0.6315375897642925,1.7930415146278298,1.6750324005725088
Middle Snake-Payette (17050115),1993,74905.86430233062,162328.8069558874,74695.69601667988,87633.11093920779,76666.62789162796,2.16710411751883,0.9971942345554886,1.1699098829633447,1.0235063516815004
Middle Snake-Payette (17050115),1994,70155.91281999712,163141.15316666034,41729.34642647096,121411.80674018942,109115.52070392427,2.3254084596581412,0.5948086875234343,1.7305997721347075,1.555328928352596
Middle Snake-Payette (17050115),1995,68743.75497582986,163223.06703588492,66178.11437609531,97044.9526597895,82722.69470620008,2.3743693822555048,0.9626782010869698,1.4116911811685335,1.203348503951889
Middle Snake-Payette (17050115),1996,69370.39852482855,156400.95732487412,62256.713771360795,94144.24355351354,83376.63801467532,2.2545777543557897,0.8974535982963732,1.3571241560594196,1.2019051322709897
Middle Snake-Payette (17050115),1997,70487.22530837602,169383.30946821463,56383.97981371545,112999.32965449948,97763.8844416348,2.4030355674688018,0.7999177094436618,1.603117858025144,1.3869730864553906
Middle Snake-Payette (17050115),1998,65403.838325465185,160035.97333655038,73376.99002418689,86658.9833123635,76535.7151208224,2.44688962351373,1.1219064798467238,1.3249831436670065,1.1702021942498593
Middle Snake-Payette (17050115),1999,71645.91311581599,169073.5108131272,46671.57219512268,122401.93861800403,112037.9185700747,2.3598486425850838,0.6514198809871798,1.708428761597897,1.5637726382098702
Middle Snake-Payette (17050115),2000,71087.69216602338,184738.48246885274,53700.17095450344,131038.31151434919,120986.29166064155,2.5987407501906383,0.7554074315577463,1.8433333186328902,1.7019302213114662
Middle Snake-Payette (17050115),2001,66369.62313327065,161652.22819885542,38492.58029375667,123159.64790509877,111814.16141560089,2.4356357708142573,0.5799728622304109,1.8556629085838465,1.6847189442537183
Middle Snake-Payette (17050115),2002,66991.09625618413,168386.48368332253,32389.27333655835,135997.21034676436,122910.00984618055,2.5135651316913377,0.4834862414058258,2.0300788902855142,1.8347215781654624
Middle Snake-Payette (17050115),2003,67814.1248261848,178866.33041187422,46788.826584778275,132077.5038270958,117274.09072995787,2.637596973644188,0.6899569478291327,1.9476400258150532,1.7293460769499645
Middle Snake-Payette (17050115),2004,69764.96429608927,168383.8267986381,58186.10007507027,110197.72672356802,98885.56141008585,2.4135872281680073,0.8340303856262697,1.5795568425417406,1.417410048264426
Middle Snake-Payette (17050115),2005,68914.47200210093,166501.61828366472,55598.67387525522,110902.94440840933,100501.40325716721,2.416061727623608,0.8067779126793605,1.6092838149442448,1.4583497535046532
Middle Snake-Payette (17050115),2006,63399.118139239275,157781.1137543407,59507.70124558381,98273.41250875694,87642.8902729751,2.488695716678843,0.9386203308836409,1.5500753857952025,1.3823992012079858
Middle Snake-Payette (17050115),2007,67940.12899321294,174629.1970552558,42507.88312607814,132121.31392917762,124121.14807797261,2.5703394980704384,0.6256668004019329,1.944672697668505,1.8269195233699367
Middle Snake-Payette (17050115),2008,70446.6829827716,170751.5071482501,46850.757150590645,123900.74999765947,115531.39484511592,2.423840270662694,0.6650527060592539,1.75878756460344,1.6399834591696847
Middle Snake-Payette (17050115),2009,72613.22057649322,175132.92723805216,62660.60732400519,112472.319914047,102441.30099224251,2.4118600696626755,0.8629366226498162,1.5489234470128599,1.4107802983938358
Middle Snake-Payette (17050115),2010,71145.96185212847,168066.8407269871,58570.13162017987,109496.7091068073,99763.02700390204,2.362282220265732,0.823239015896833,1.5390432043688997,1.4022303502095028
Middle Snake-Payette (17050115),2011,74699.61910423369,173608.617501626,74603.00329359427,99005.61420803171,88702.44476196005,2.324089728749186,0.9987066090590824,1.3253831196901036,1.1874551145727694
Middle Snake-Payette (17050115),2012,67894.2995134566,165316.5106895781,44140.15073319472,121176.3599563835,111312.24837418213,2.434910027414194,0.6501304387777972,1.7847795886363984,1.6394932884184206
Middle Snake-Payette (17050115),2013,73401.06744208123,177873.47982376834,47595.578297198954,130277.90152656958,116735.49265109177,2.423309170048834,0.6484316911978878,1.7748774788509487,1.5903786786643743
Middle Snake-Payette (17050115),2014,71794.95493257522,182631.4931905505,52644.31605045413,129987.17714009632,111860.6637431832,2.543792852325977,0.733259267310551,1.8105335850154256,1.5580574407802734
Middle Snake-Payette (17050115),2015,72942.22564466353,184851.9096007725,58072.55456296107,126779.35503781121,110517.02721625751,2.5342235991163,0.7961445383619121,1.7380790607543852,1.5151309990819146
Middle Snake-Payette (17050115),2016,75442.76040505662,191642.43225086626,54687.29740543972,136955.13484542634,121922.1265233821,2.540236216463008,0.7248846292450117,1.8153515872179937,1.6160878243157466
Middle Snake-Payette (17050115),2017,74410.54336696913,182848.38669878713,63014.04602248698,119834.34067630014,106825.15149131711,2.4572913786832205,0.8468429764277053,1.610448402255515,1.4356184843925874
Middle Snake-Payette (17050115),2018,75772.92311836025,189466.52241094655,47302.40306700847,142164.11934393825,131167.2472532094,2.5004515414430095,0.6242652536067571,1.8761862878362547,1.7310569772835749
Middle Snake-Payette (17050115),2019,78146.2403897255,191553.04575233394,78015.32486608712,113537.7208862463,100149.50136793386,2.4512125573416443,0.9983247367629525,1.4528878205786853,1.2815651894253035
Middle Snake-Payette (17050115),2020,78676.52581433793,193787.25251822025,62308.09276531192,131479.15975290828,118291.48405686456,2.463088583442568,0.7919527727030997,1.6711358107394676,1.5035168728218962
Middle Snake-Payette (17050115),2021,75276.97924109393,196719.0605485296,50558.46015124554,146160.60039728406,132434.27680151563,2.613269853968052,0.6716324254898571,1.9416374284781948,1.759293188125426
Middle Snake-Payette (17050115),2022,73930.6138988029,182793.86576574596,49782.58519311942,133011.28057262654,120082.62723853323,2.472505720241365,0.6733690222194342,1.7991366980219312,1.6242611944613872
Middle Snake-Payette (17050115),2023,77368.88011074359,199782.43592050814,73702.10904657381,126080.32687393413,115658.71429357967,2.582206639601676,0.9526066415990349,1.6295999980026386,1.4948996822498803
Middle Snake-Payette (17050115),2024,75362.76594112982,198448.50438655485,59682.338337881745,138766.16604867295,125580.62494223591,2.6332433783225837,0.7919340219612301,1.8413093563613516,1.6663484065902536
Middle Snake-Succor (17050103),1985,158830.56142205172,374651.66210575687,109433.04142886266,265218.6206768944,42131.64900246459,2.3588134345896794,0.6889923478773853,1.6698210867122953,0.26526160094914275
Middle Snake-Succor (17050103),1986,157085.45076925206,379865.77810167114,123009.33548071393,256856.44262095672,43387.538139512784,2.418211083467357,0.783072747210729,1.6351383362566245,0.27620341621100325
Middle Snake-Succor (17050103),1987,145183.47416863154,374933.9694793476,71494.53884733257,303439.4306320149,53038.97676718358,2.582483795944016,0.4924426781817551,2.09004111776226,0.36532378819905126
Middle Snake-Succor (17050103),1988,138347.9532463463,356267.95311077725,67642.21412965772,288625.73898111994,44565.83873137948,2.5751588278027966,0.48892818825596984,2.0862306395468297,0.32212864509837946
Middle Snake-Succor (17050103),1989,149779.67077118746,367275.1513478796,111186.168815874,256088.98253200518,38209.36098282328,2.4521028084575742,0.7423315076298221,1.709771300827749,0.25510378535411676
Middle Snake-Succor (17050103),1990,131239.18859545808,310698.06009305356,74889.32828643004,235808.73180662366,37338.08501600959,2.36741832541173,0.5706323628476152,1.7967859625641156,0.2845040830837763
Middle Snake-Succor (17050103),1991,154209.69342064264,364786.10564271925,94461.08209002353,270325.0235526959,40866.049075346666,2.3655199459328453,0.6125495745092954,1.7529703714235512,0.26500311471260796
Middle Snake-Succor (17050103),1992,103844.90987164198,269651.6428645423,52147.17565372375,217504.4672108185,31779.855502776558,2.596676555431042,0.5021640032061324,2.094512552224909,0.30603190413529374
Middle Snake-Succor (17050103),1993,160070.56899650698,370752.2880578673,144510.3653457152,226241.92271215364,32560.084670654633,2.31618023464362,0.9027916015521171,1.4133886330915126,0.20341081358538277
Middle Snake-Succor (17050103),1994,155950.45930885983,399866.764230944,79034.81487447518,320831.9493564695,48575.90961750969,2.564062754307174,0.5067943706273206,2.0572683836798578,0.31148295319416225
Middle Snake-Succor (17050103),1995,167136.73575496048,418351.4658364464,145703.47373554984,272647.99210089614,41907.03718404279,2.5030491588024812,0.8717621118864377,1.6312870469160408,0.25073504633644866
Middle Snake-Succor (17050103),1996,156288.27836975773,387685.12714295357,127348.55565089427,260336.5714920595,37330.0908826781,2.480577118046825,0.8148311375572528,1.6657459804895736,0.23885406680570098
Middle Snake-Succor (17050103),1997,170508.19081061418,451366.31762248534,127776.59548668427,323589.7221358017,49090.90746314179,2.6471826102701668,0.7493868469263597,1.8977957633438107,0.2879093797767624
Middle Snake-Succor (17050103),1998,170352.81972110787,431329.8311809333,174458.26453743334,256871.5666434996,34345.15046698258,2.5319794053722293,1.0240996587144648,1.5078797466577625,0.201611869549389
Middle Snake-Succor (17050103),1999,168480.32910420097,425766.0796774943,88091.14451536149,337674.9351621323,51171.88921343822,2.5270966761595557,0.522857148865606,2.004239527293947,0.3037261945386494
Middle Snake-Succor (17050103),2000,168876.0183176208,463442.93168346735,115935.55839359133,347507.37328987685,55106.308150391465,2.744279124415565,0.6865128604319684,2.0577662639836016,0.3263122182733366
Middle Snake-Succor (17050103),2001,157798.6945163552,415962.49289555417,75080.10370515857,340882.3891903967,58069.05712049964,2.636032536076788,0.47579673542468265,2.1602358006521127,0.36799453441917424
Middle Snake-Succor (17050103),2002,161464.6282955744,426038.3705370518,62557.73813035135,363480.6324067021,59934.45161200655,2.6385863890706345,0.3874392725559323,2.251147116514712,0.37119245400479645
Middle Snake-Succor (17050103),2003,157397.53227134986,428826.3244494337,93756.41093127121,335069.91351816454,52577.932714340575,2.7244793375168466,0.5956663333808642,2.128813004135995,0.3340454704442086
Middle Snake-Succor (17050103),2004,158250.29398535434,419766.11808480637,114687.35025773644,305078.7678270688,48484.87818829087,2.652545581518191,0.7247212461314635,1.9278243353867202,0.3063809675625502
Middle Snake-Succor (17050103),2005,157283.47718164005,409928.6396738297,114197.5645046388,295731.0751691914,47313.542512129236,2.606304533822205,0.7260620540119217,1.880242479810286,0.3008169920956721
Middle Snake-Succor (17050103),2006,158382.3601057951,426353.7490640855,125471.30941314425,300882.4396509415,48139.23787789664,2.691926984667313,0.7922050746644566,1.8997219100028582,0.3039431780517789
Middle Snake-Succor (17050103),2007,157530.9781134576,436997.11176060437,91956.87407489217,345040.2376857127,55587.89104953811,2.774039220691365,0.5837383553135982,2.19030086537777,0.35286958612992536
Middle Snake-Succor (17050103),2008,162365.89677750508,423718.2758485748,92556.37813483954,331161.8977137347,51614.82914678036,2.609650697949267,0.5700481441720016,2.039602553777262,0.31789205843829216
Middle Snake-Succor (17050103),2009,166855.5994414379,436230.1465878217,120972.52306259779,315257.62352522265,50744.94689388821,2.614417184967937,0.7250132657673025,1.8894039192006267,0.3041249263660367
Middle Snake-Succor (17050103),2010,167848.09382419733,431484.3505864052,113097.39515302375,318386.95543338143,51251.21491542285,2.570683650648653,0.6738080402121278,1.896875610436525,0.30534284749818447
Middle Snake-Succor (17050103),2011,175429.8726890589,454729.7840776616,157085.16106299896,297644.6230146625,42593.696113010694,2.5920886625942465,0.8954299439151104,1.6966587186791353,0.2427961410455219
Middle Snake-Succor (17050103),2012,170695.5636740953,464769.5318640453,91789.68843023229,372979.8434338126,57351.08944454937,2.7227979559645616,0.537739156510734,2.185058799453825,0.3359846513295937
Middle Snake-Succor (17050103),2013,176067.54221569095,466241.50870721106,100620.10338501782,365621.40532219183,51220.65481487105,2.648083246008191,0.5714858179922424,2.0765974280159405,0.29091480559275007
Middle Snake-Succor (17050103),2014,177220.5801297168,497806.3484173098,116364.91486894431,381441.43354836403,54992.46055371021,2.8089646702033133,0.6566106192845711,2.152354050918734,0.31030516045855633
Middle Snake-Succor (17050103),2015,172857.35454114963,489175.86807701696,135807.77505862256,353368.09301839396,47502.20072484494,2.8299395728665164,0.7856638522504565,2.0442757206160573,0.2748057833636276
Middle Snake-Succor (17050103),2016,175961.04897843977,498782.20477815357,120904.29932165837,377877.9054564957,55973.72578685494,2.8346171364281227,0.6871083118882326,2.147508824539893,0.3181029330742016
Middle Snake-Succor (17050103),2017,178810.43679222887,484276.6694260222,143749.33131594787,340527.3381100745,50328.50405779825,2.7083244027233926,0.8039202514950472,1.9044041512283465,0.28146289982098815
Middle Snake-Succor (17050103),2018,176351.4231906024,486668.64742682443,111698.26685037743,374970.38057644677,58989.81279048018,2.7596525087343813,0.6333845501754348,2.126267958558945,0.3345014841571389
Middle Snake-Succor (17050103),2019,178802.83331706366,482560.9572748055,163958.36445832744,318602.5928164777,45514.08465637934,2.6988440189820713,0.9169785591013923,1.7818654598806771,0.2545490125185606
Middle Snake-Succor (17050103),2020,180412.87049338868,495595.86207966227,150633.80921826442,344962.0528613989,50886.096493678495,2.747009460712636,0.8349393743712119,1.91207008634143,0.2820535827322987
Middle Snake-Succor (17050103),2021,176781.54726674268,513983.1805289192,119238.20577307098,394744.9747558485,57456.358499738744,2.907448138540041,0.6744946382506454,2.2329535002893968,0.32501332513536507
Middle Snake-Succor (17050103),2022,174553.61021103474,479149.6297394734,120368.70751965919,358780.9222198152,51980.78833272934,2.7449998264726982,0.6895801660826941,2.05541966039001,0.29779268540985626
Middle Snake-Succor (17050103),2023,179956.70313917496,495717.29579558637,159660.3338132552,336056.9619823311,53264.536713993366,2.7546475743790904,0.8872152636058076,1.8674323107732824,0.29598528859911166
Middle Snake-Succor (17050103),2024,178577.7857059999,514603.78044099803,129676.97930833694,384926.8011326592,59951.68191454716,2.881678582845751,0.726165232678098,2.1555133501676425,0.3357174671952094
Middle Willamette (17090007),1985,78101.78507834207,148148.6549367381,79875.24451346634,68273.4104232719,94600.78723166007,1.896866438944176,1.02270702818566,0.8741594107585177,1.2112500007108447
Middle Willamette (17090007),1986,109353.71720660292,208688.57346050823,150989.01490071838,57699.55855979004,80489.68681245568,1.9083811578735006,1.3807396653508681,0.5276414925226344,0.7360489324783155
Middle Willamette (17090007),1987,74204.04707437727,157315.07509366982,87223.98283341667,70091.09226025337,95789.28543283514,2.120033627491874,1.175461262186806,0.9445723653050709,1.2908903113710528
Middle Willamette (17090007),1988,47482.795555666824,78059.77183455222,65544.62774781881,12515.144086733348,17830.52158226666,1.6439590576135779,1.3803868744622894,0.26357218315128733,0.3755154129744301
Middle Willamette (17090007),1989,101691.46054405152,157684.5688178898,128618.36224322813,29066.206574661664,40997.66582470137,1.5506176032311263,1.264790195313521,0.2858274079176052,0.40315740973099384
Middle Willamette (17090007),1990,117932.34260055926,232596.12670544573,164691.92367877302,67904.20302667284,94842.36042339323,1.9722844605339223,1.396494973703609,0.5757894868303144,0.804209925216422
Middle Willamette (17090007),1991,117386.60360481328,212062.76527708495,192263.22493468496,19799.540342400105,27152.415333454494,1.806532932761244,1.6378634276015587,0.16866950515968632,0.23130761517612514
Middle Willamette (17090007),1992,122372.64534098149,260071.474959949,164941.62228334698,95129.85267660205,131299.35182771255,2.1252419136260468,1.3478635018778133,0.7773784117482335,1.0729469111487908
Middle Willamette (17090007),1993,105121.92409901688,177309.42387653285,161968.36674750753,15341.0571290254,20976.696761844134,1.6867026112414079,1.5407667633151922,0.1459358479262165,0.1995463547840475
Middle Willamette (17090007),1994,71260.69658877858,128526.48951263414,94529.10660418564,33997.38290844861,45819.76099561126,1.803609783024114,1.3265251552294135,0.47708462779470195,0.6429878346547976
Middle Willamette (17090007),1995,127944.14402309056,267572.90222633287,228755.4590315441,38817.44319478817,54127.21099912742,2.091325900605838,1.7879322322892695,0.3033936683165635,0.423053445801778
Middle Willamette (17090007),1996,128949.41786810331,250086.94288557267,217947.71845577497,32139.224429797352,44108.34932085282,1.9394189366669,1.6901799330238474,0.2492390036430498,0.34205931325699596
Middle Willamette (17090007),1997,110777.9106765956,219479.2165666704,194222.58863584363,25256.627930826766,34924.9906241074,1.9812543423699043,1.7532609836166342,0.22799335875327006,0.3152703495741784
Middle Willamette (17090007),1998,53201.78492810078,100493.00751525884,87124.19899798837,13368.808517270249,17802.312159713703,1.8889029315664783,1.637617969316853,0.25128496224962077,0.33461870092840923
Middle Willamette (17090007),1999,131242.62540597894,246512.2065950053,203099.94874201063,43412.25785299443,59922.81951097217,1.8782937771357253,1.5475151317169409,0.3307786454187827,0.45658046938340435
Middle Willamette (17090007),2000,133975.91812705318,273257.64798330114,202215.87651137752,71041.77147192335,98290.70238259989,2.039602727142076,1.5093449579469231,0.5302577691951506,0.7336445516229866
Middle Willamette (17090007),2001,137864.27733661092,275111.9830172918,198406.5914377897,76705.39157950185,106320.04947964475,1.9955276909447355,1.4391443183890051,0.5563833725557283,0.7711936081893974
Middle Willamette (17090007),2002,131655.55441512476,265390.1092827051,185439.14195854854,79950.96732415614,110738.96273549163,2.0157912095823947,1.4085174209501112,0.6072737886322802,0.8411264015973017
Middle Willamette (17090007),2003,133930.103963341,274142.2702267134,176914.06700399998,97228.20322271317,135180.38924749693,2.0469055284370636,1.3209432515069535,0.7259622769301084,1.009335356631233
Middle Willamette (17090007),2004,131818.20078656115,276877.1524284072,193854.20089137868,83022.95153702908,115900.2556571182,2.100447060999749,1.4706178641086574,0.6298291968910962,0.8792431922567572
Middle Willamette (17090007),2005,132967.7337981679,265729.24211100757,216033.06052160257,49696.18158940495,69082.18049761243,1.998449056177484,1.6247028835545905,0.37374617262289306,0.5195409331595623
Middle Willamette (17090007),2006,134321.63011682627,279254.29147824564,200302.7205616821,78951.57091656391,109159.00595625429,2.078997189323597,1.4912171657496172,0.5877800235739825,0.8126688595225744
Middle Willamette (17090007),2007,135568.88732753997,274741.9058618879,161895.09251563484,112846.81334625286,158291.10411028872,2.026585238529695,1.1941906119247676,0.8323946266049256,1.167606426744884
Middle Willamette (17090007),2008,131354.03077469495,253849.23657276243,148328.38935494225,105520.8472178203,146615.74850656546,1.9325576465040302,1.1292260197889363,0.8033316267150946,1.1161876620143327
Middle Willamette (17090007),2009,134655.87038041078,279702.4155053046,184982.47650943257,94719.93899587198,131932.14835103316,2.0771646621504787,1.3737423848425334,0.7034222773079448,0.9797727197359986
Middle Willamette (17090007),2010,123793.07738616278,252384.79350940709,229633.29693181504,22751.496577591737,31007.63791032511,2.038763385145621,1.8549768838486178,0.1837865012970009,0.250479579028472
Middle Willamette (17090007),2011,130642.80831305016,239944.89532900573,204577.90855059377,35366.98677841248,48644.33701940597,1.8366483270479204,1.5659331821800564,0.27071514486786796,0.3723460758960644
Middle Willamette (17090007),2012,101867.56305037436,189976.41006288317,151137.78466542764,38838.62539745568,53399.934226067824,1.8649352588216745,1.483669385422411,0.38126587339926504,0.5242094011776949
Middle Willamette (17090007),2013,139180.68004744186,281473.74226512574,224052.768289875,57420.97397524983,80257.86313246396,2.0223621710224515,1.6097979131406974,0.4125642578817478,0.5766451428826677
Middle Willamette (17090007),2014,133080.32744723078,290238.2954707054,214889.81937401235,75348.47609669232,105840.54891705315,2.180925618670356,1.6147376813392709,0.5661879373310801,0.7953132588963701
Middle Willamette (17090007),2015,139923.14997007334,306365.6510392132,193776.8204349624,112588.83060425101,158111.99083875914,2.1895279737823117,1.384880346650338,0.8046476271319751,1.1299916480766479
Middle Willamette (17090007),2016,125924.48250101664,270732.001725708,179189.99292770308,91542.00879800512,128406.69655085396,2.1499552457840934,1.422995666678689,0.726959579105406,1.0197119257553215
Middle Willamette (17090007),2017,142935.3658852836,292261.82483894326,225450.61506351468,66811.20977542797,96127.29681814452,2.0447131682826867,1.5772906422925155,0.46742252599016676,0.6725228303210412
Middle Willamette (17090007),2018,152607.45000296913,307248.09920676146,193895.78980127588,113352.30940548565,161031.40391704257,2.0133230664740394,1.27055258309803,0.7427704833760099,1.0552001485766884
Middle Willamette (17090007),2019,157796.92435685702,320708.63988153124,233954.48453779062,86754.1553437411,123372.79566063333,2.0324137570403473,1.4826301937844086,0.5497835632559415,0.7818453760329721
Middle Willamette (17090007),2020,165914.42337571486,348850.1673083097,269971.26293284603,78878.90437546304,112930.02702518465,2.1025909635254254,1.627171751798175,0.47541921172724677,0.6806522587216753
Middle Willamette (17090007),2021,151678.4330053329,309182.0766729398,171478.0371080584,137704.03956488136,195993.0490679702,2.0384050029187026,1.1305367131662638,0.9078682897524383,1.2921616157590397
Middle Willamette (17090007),2022,169085.4023268199,331900.49361228535,267187.1402883334,64713.353323951174,92415.06885088963,1.9629163076465066,1.5801904635853528,0.3827258440611494,0.5465585294717721
Middle Willamette (17090007),2023,163809.04915727957,321356.799947917,195197.22033182724,126159.57961608967,178747.69021938738,1.961776846890611,1.191614390877824,0.7701624560127862,1.0911954567770223
Middle Willamette (17090007),2024,169870.52361997502,364674.33453219,289318.0865014867,75356.24803070248,106350.29786629611,2.1467781858847936,1.7031682739068563,0.44360991197793287,0.6260668160664362
Molalla-Pudding (17090009),1985,77453.08229033797,147692.74656074663,84921.6197050884,62771.12685565824,106240.07943375857,1.9068672568395748,1.0964266003869816,0.8104406564525934,1.3716701297375182
Molalla-Pudding (17090009),1986,97094.04393676353,185765.7269532576,139630.48479293496,46135.24216032366,77343.0233701756,1.9132556377427758,1.4380952644621028,0.47516037328068367,0.7965784535717598
Molalla-Pudding (17090009),1987,67096.40660345886,143926.51867200126,89287.31125175318,54639.2074202482,90000.80539838667,2.1450704435277723,1.3307316408081735,0.8143388027196008,1.3413655060589649
Molalla-Pudding (17090009),1988,22628.10224647958,33600.81294211915,32360.00568740805,1240.8072547110794,2044.524190595489,1.4849151986374234,1.4300804077567988,0.054834790880623714,0.09035332120763997
Molalla-Pudding (17090009),1989,85720.31682079572,132938.66085374707,122661.47927493346,10277.181578813657,17625.272193516903,1.5508419215442772,1.4309499057424835,0.11989201580179433,0.20561370801234624
Molalla-Pudding (17090009),1990,105404.01308192991,208083.2269114827,165629.6389324548,42453.587979027834,72398.38751838905,1.9741489989545355,1.571378869642391,0.40277012931214407,0.6868655699296213
Molalla-Pudding (17090009),1991,102189.72797258975,189449.7493216677,174920.75345929796,14528.995862369422,25054.02177363513,1.8539020807696407,1.7117254045946455,0.14217667617499208,0.24517162605966955
Molalla-Pudding (17090009),1992,99855.23413474992,210755.44164778665,138365.91975286044,72389.52189492648,120762.48313432737,2.11060985910245,1.3856651676980916,0.7249446914043609,1.209375594386611
Molalla-Pudding (17090009),1993,90623.65938511635,126883.74172020842,124313.44124322705,2570.300476981491,4368.490235223312,1.4001171722827965,1.3717548164209727,0.028362355861825048,0.0482047432741474
Molalla-Pudding (17090009),1994,58543.0891592076,103451.8245933789,88447.25870111333,15004.565892265648,25378.968837804623,1.7671056665978497,1.510806142473649,0.2562995241242022,0.43350921863358904
Molalla-Pudding (17090009),1995,106198.2253630273,215266.33366073514,191789.0531680119,23477.280492722897,40251.55697629645,2.0270238313763733,1.8059534659115204,0.2210703654648495,0.3790228776300244
Molalla-Pudding (17090009),1996,104473.33707755734,188685.01708276453,176783.27359509064,11901.7434876742,20296.918348757223,1.8060590612003844,1.6921377122648331,0.11392134893555438,0.19427845339801392
Molalla-Pudding (17090009),1997,61795.18296539945,108432.63078791907,100880.32964977303,7552.301138145814,13199.061582808605,1.7547100855520243,1.6324950393990785,0.1222150461529424,0.2135936969423501
Molalla-Pudding (17090009),1998,35957.94411760119,65563.55042949635,61411.55609458456,4151.994334911756,7122.187434014535,1.8233397942626925,1.7078717263071774,0.11546806795551419,0.19806992887917274
Molalla-Pudding (17090009),1999,115115.42536031335,210192.5088013451,188736.86278599527,21455.646015349444,37724.1357057996,1.8259282641178518,1.6395445023570516,0.18638376176079693,0.32770704349762314
Molalla-Pudding (17090009),2000,116840.37875468873,231464.54643414947,182390.9557070436,49073.590727105475,84472.81436935156,1.9810321474575068,1.5610267413629415,0.420005406094562,0.7229762113892644
Molalla-Pudding (17090009),2001,120317.3277853447,237116.50101677515,178222.33183014175,58894.16918663365,99006.65013200643,1.9707593692556826,1.481269033402271,0.4894903358534137,0.8228793969613575
Molalla-Pudding (17090009),2002,116001.59801024442,231978.13589532598,169635.6015693082,62342.53432601692,105452.69444460084,1.9997839674143054,1.4623557302575023,0.5374282371567957,0.9090624289097123
Molalla-Pudding (17090009),2003,113284.7291564199,228608.97235918773,145749.3939983134,82859.5783608736,138611.6013192753,2.0180034331329146,1.2865758260945068,0.7314276070384012,1.2235682810159247
Molalla-Pudding (17090009),2004,115086.79048278453,237406.1717575217,170702.42515904424,66703.74659847656,112710.19693180853,2.062844664983811,1.4832495062461497,0.5795951587376534,0.9793495540104448
Molalla-Pudding (17090009),2005,114438.13606516403,220625.3673011434,183591.19886542723,37034.168435716056,62148.90535117781,1.9279007408466842,1.6042833724667245,0.32361736837995897,0.5430786229844623
Molalla-Pudding (17090009),2006,118954.2686591761,242361.85862736285,175745.45880682982,66616.39982053309,111745.0866404221,2.037437255167111,1.477420363201677,0.5600168919654345,0.9393953483131445
Molalla-Pudding (17090009),2007,114395.79820694053,225595.54054277187,138842.14977155512,86753.39077121715,145985.9858482739,1.9720614225242123,1.2136997332750934,0.7583616892491224,1.2761481464921214
Molalla-Pudding (17090009),2008,114715.48537603,217174.00972620022,140177.7179876148,76996.2917385843,128461.43599430441,1.893153387394193,1.221959855969935,0.6711935314242484,1.1198264608584976
Molalla-Pudding (17090009),2009,117604.6626783242,236569.5792928969,163169.04017236512,73400.53912053184,123807.95494686942,2.0115663265832335,1.3874368282375842,0.6241294983456498,1.0527469925704618
Molalla-Pudding (17090009),2010,105534.77889367708,209326.60541258045,199688.8636621288,9637.741750451283,16397.560272846833,1.9834845688497658,1.8921616717774996,0.0913228970722628,0.15537589072287583
Molalla-Pudding (17090009),2011,115626.5654668934,204037.2735403325,189547.5793880299,14489.694152302973,24721.741258026006,1.764622798544969,1.6393082214510801,0.12531457709389207,0.2138067593567364
Molalla-Pudding (17090009),2012,89243.70809544316,171904.02132320582,137922.32670109926,33981.69462210643,58981.333675748094,1.9262312715576566,1.5454571492434621,0.3807741223141932,0.6609018712296169
Molalla-Pudding (17090009),2013,123991.77546021852,241029.85221357437,208095.60503896227,32934.247174612,56071.32646933856,1.9439180648792815,1.67830167982172,0.26561638505756063,0.4522181109288855
Molalla-Pudding (17090009),2014,114518.5297033206,245193.9803232489,197510.43132375885,47683.54899948933,79984.65768639467,2.1410856475232865,1.7247028217655487,0.4163828257577314,0.6984429322801148
Molalla-Pudding (17090009),2015,122565.44586137589,263087.7058955843,174835.4986273122,88252.207268272,148335.49597847083,2.1465079659820443,1.4264664677600474,0.7200414982219957,1.2102554266905
Molalla-Pudding (17090009),2016,100469.00293538034,208430.72292416985,150715.8518162921,57714.87110787808,95804.87888258764,2.074577400337379,1.5001228977382162,0.5744545025991662,0.9535764871102327
Molalla-Pudding (17090009),2017,117848.94095695879,234637.47149949707,184828.55642540444,49808.91507409292,86044.77840401098,1.9910019521108144,1.5683514414686865,0.4226505106421305,0.7301277186312312
Molalla-Pudding (17090009),2018,124405.00389055593,246584.3425021523,155517.21825094646,91067.1242512059,153875.01543522527,1.9821095196386347,1.250088126581799,0.7320213930568363,1.236887670294961
Molalla-Pudding (17090009),2019,128699.21386251587,260884.12454609183,192268.86765868013,68615.25688741253,117120.19821065731,2.02708405682092,1.4939397210621126,0.5331443357588137,0.9100304088552713
Molalla-Pudding (17090009),2020,131336.16057899292,272236.5437619545,213351.43012933544,58885.11363261882,99931.07064181745,2.0728224623120166,1.6244683047591753,0.4483541575528395,0.7608800973111538
Molalla-Pudding (17090009),2021,120786.50050352889,242938.80764182378,140671.05262005512,102267.75502176731,173133.9275850095,2.01130760994873,1.1646256165517874,0.8466819933969315,1.433388059619719
Molalla-Pudding (17090009),2022,132869.50672226984,256722.58679881314,207710.44790303108,49012.138895782286,84230.44924890518,1.9321407381712261,1.5632664937727008,0.36887424439852695,0.6339336340351415
Molalla-Pudding (17090009),2023,125827.88235924678,243768.85196086872,147692.77881213062,96076.0731487392,164184.86043538983,1.9373198323793832,1.1737682939816005,0.7635515383977914,1.3048368720585424
Molalla-Pudding (17090009),2024,132834.07046265661,283006.9543413168,225188.62297548854,57818.33136582818,97936.40461392223,2.13052986598704,1.695262534613026,0.4352673313740132,0.7372837727008817
Necanicum (17100201),1985,255.894761577,406.56711720701963,376.6350741419402,29.932043065079398,42.00828364260025,1.5888059399945222,1.471835811803474,0.11697012819104817,0.16416234308086744
Necanicum (17100201),1986,270.07532603909965,490.4929808805747,466.1734288098983,24.319552070676384,35.1332995432549,1.8161339951860855,1.7260867019833162,0.09004729320276954,0.1300870392661066
Necanicum (17100201),1987,119.06198175339365,247.9474653821548,240.16334886582646,7.784116516328295,13.202069546292478,2.08250746149778,2.0171287704858063,0.06537869101197304,0.1108840063962414
Necanicum (17100201),1988,171.7497577113267,311.84291814011874,304.3569177110232,7.486000429095548,11.170463040312363,1.815681851873454,1.772095179444618,0.04358667242883601,0.06503917786648314
Necanicum (17100201),1989,123.33295417904289,201.76271632931267,200.90464993750678,0.8580663918058895,1.716132783611779,1.635918945364862,1.6289616289078164,0.006957316457045466,0.013914632914090933
Necanicum (17100201),1990,158.18563569707777,299.60903293623755,296.18877653233267,3.4202564039048733,6.840512807809747,1.894034383184973,1.8724125943997094,0.021621788785263624,0.04324357757052725
Necanicum (17100201),1991,124.76204759406448,223.4270463583998,213.68784556977857,9.73920078862119,15.266043985385242,1.7908254206067493,1.7127632135779784,0.07806220702877058,0.12236128117306981
Necanicum (17100201),1992,154.33790975556104,295.585368528685,276.00349507698536,19.581873451699717,28.214582843712037,1.9151831782407214,1.788306550957682,0.12687662728303958,0.1828104507077881
Necanicum (17100201),1993,69.52809860945082,105.29488765748556,104.37885800466145,0.916029652824089,1.832059305648178,1.5144220791789786,1.5012471229937163,0.013174956185261981,0.026349912370523962
Necanicum (17100201),1994,215.1977460364697,372.9490884605088,367.97572629635073,4.973362164158081,7.938818631664241,1.7330529493431817,1.7099422883081203,0.023110661035061406,0.036890807538099604
Necanicum (17100201),1995,174.77950022981872,318.9325682292527,308.51427116821793,10.418297061034789,15.898238082739564,1.8247710275512068,1.765162795193661,0.05960823235754594,0.09096168636387486
Necanicum (17100201),1996,276.7825126430097,463.48658447152366,452.22738559558763,11.259198875936118,15.79251244101577,1.6745515460701172,1.6338726795896399,0.040678866480477686,0.057057479138448094
Necanicum (17100201),1997,179.4176940073727,301.15180523884663,301.15180523884663,0.0,0.0,1.6784955737223533,1.6784955737223533,0.0,0.0
Necanicum (17100201),1998,266.2551156845705,504.8477683851199,484.7812409257165,20.066527459403336,27.838590459511824,1.8961054216258044,1.8207396304078207,0.07536579121798331,0.1045560773092972
Necanicum (17100201),1999,266.2551156845705,358.134840133783,344.1119603873933,14.02287974638962,18.995332199069324,1.3450815366043947,1.2924144555970107,0.0526670810073838,0.0713425999355178
Necanicum (17100201),2000,227.9733881670423,354.97370875321957,327.57203613970796,27.401672613511618,37.532411645717566,1.5570839719815046,1.4368871681623079,0.12019680381919695,0.16463505651903787
Necanicum (17100201),2001,225.83686987791947,463.02769114519555,413.5274982488821,49.50019289631343,67.88960072581459,2.05027501220458,1.8310893986106984,0.21918561359388183,0.30061345059605915
Necanicum (17100201),2002,225.83686987791947,371.54249100396385,331.77315666520917,39.7693343387548,54.99644413177001,1.6451808387390792,1.4690832229677804,0.1760976157712994,0.2435228763199712
Necanicum (17100201),2003,199.41002320715427,278.24315196802434,249.8552877637665,28.38786420425773,39.9824548040295,1.3953318268208383,1.252972562488536,0.1423592643323019,0.20050373677803696
Necanicum (17100201),2004,199.41002320715427,409.9613484939994,369.0791923958599,40.882156098139504,56.282445091001094,2.0558713243221325,1.8508557717404566,0.20501555258167567,0.28224481490849074
Necanicum (17100201),2005,199.41002320715427,392.83376907051445,372.25657048001585,20.57719859049858,28.591811195448443,1.969980057935326,1.8667896652983307,0.10319039263699523,0.14338201628784852
Necanicum (17100201),2006,199.41002320715427,379.0759475883101,325.42563586011113,53.65031172819888,73.88721111349915,1.9009874302783287,1.6319422194843602,0.26904521079396804,0.37052907333921964
Necanicum (17100201),2007,199.41002320715427,392.66062066077234,356.0050073685519,36.655613292220366,50.480411322000975,1.9691117544922125,1.785291439431413,0.18382031506079913,0.25314881624360536
Necanicum (17100201),2008,274.47964656353287,506.0542681739468,451.01966567834177,55.034602495605135,75.22537773976715,1.8436859508882097,1.6431807287901976,0.20050522209801253,0.2740654131611722
Necanicum (17100201),2009,274.47964656353287,503.1035316004299,440.53405674597116,62.56947485445882,86.03614483929577,1.8329356580688334,1.6049789565872319,0.22795670148160174,0.31345182025867
Necanicum (17100201),2010,203.81434373158748,287.208376665222,276.9810973245309,10.227279340691112,13.864094144627856,1.4091666533708733,1.3589872638664728,0.050179389504400575,0.06802315230024301
Necanicum (17100201),2011,220.64208151744913,453.11755744853343,407.1688461369892,45.94871131154421,63.87892462911931,2.0536316297065906,1.845381639516435,0.20824999019015522,0.2895137871696862
Necanicum (17100201),2012,227.1829203310051,341.30524052080335,325.98243354906657,15.322806971736814,21.572397767061183,1.5023367074581233,1.4348897050628222,0.06744700239530116,0.09495607211858285
Necanicum (17100201),2013,225.04640204188235,416.96863007390726,391.752511440205,25.21611863370226,35.99779800306923,1.8528118036577503,1.7407632731995322,0.11204853045821814,0.15995722516092412
Necanicum (17100201),2014,266.2551156845705,528.052202324976,516.3265458866604,11.725656438315552,16.940896374186575,1.9832565506480393,1.939217372628238,0.04403917801980116,0.0636265572987385
Necanicum (17100201),2015,120.79933347386971,273.3329858410636,265.6540785161213,7.678907324942326,13.174242390597852,2.2627027648309723,2.1991353004740324,0.06356746435694004,0.10905889967884295
Necanicum (17100201),2016,201.5465414962771,422.12617792676764,417.8050747339534,4.32110319281419,6.970898744276326,2.09443523462577,2.0729955058130876,0.02143972881268225,0.034587042241085
Necanicum (17100201),2017,270.07532603909965,506.83347333591666,486.66035748908496,20.173115846831678,29.65714732267749,1.8766374580347291,1.801943052800868,0.07469440523386113,0.1098106508196307
Necanicum (17100201),2018,181.35241224596797,364.7189109610138,357.02059189049913,7.69831907051463,11.57273102915634,2.011105925993122,1.968656426837448,0.04244949915567384,0.0638134937706826
Necanicum (17100201),2019,112.57260152995643,237.4583979555186,221.61152205498374,15.846875900534846,21.129167867379792,2.109380033225306,1.9686097597736623,0.1407702734516433,0.18769369793552437
Necanicum (17100201),2020,199.410023217,376.3731554451376,364.2307009940002,12.142454451137475,16.1899392681833,1.8874334869093543,1.8265415906282738,0.060891896281080785,0.08118919504144104
Necanicum (17100201),2021,199.410023217,377.1570932545803,362.7380773068065,14.419015947773817,19.225354597031757,1.8913647727935627,1.8190563917244582,0.07230838106910452,0.09641117475880603
Necanicum (17100201),2022,138.68040223699998,219.56982868612377,219.52363655375817,0.046192132365590555,0.061589509820787404,1.5832794334623184,1.5829463501165788,0.0003330833457394348,0.00044411112765257977
Necanicum (17100201),2023,107.98649041059265,224.97726618537698,221.68816535409817,3.2891008312788177,4.385467775038423,2.0833834429654585,2.0529249956284557,0.03045844733700302,0.04061126311600402
Necanicum (17100201),2024,239.82826901380525,438.96092865834976,438.96092865834976,0.0,0.0,1.830313542533561,1.830313542533561,0.0,0.0
Nehalem (17100202),1985,3044.413714179,6170.257833544077,4507.0615565956505,1663.1962769484217,3236.9390120463804,2.0267474833682506,1.4804366225275294,0.5463108608407194,1.0632388748515735
Nehalem (17100202),1986,2924.9206168174424,5635.151169612659,5047.041030068188,588.1101395444725,1097.8668890962813,1.926599695462564,1.725530942976425,0.20106875248613942,0.37534929419412827
Nehalem (17100202),1987,2457.892850248035,5026.584145313419,4049.834116572738,976.7500287406771,1854.182135273124,2.0450786309932787,1.6476853806560585,0.3973932503372186,0.754378749702621
Nehalem (17100202),1988,2829.7790380638103,5207.201235299352,4766.881406674437,440.31982862491293,823.3142461368345,1.8401441120513142,1.684541917426892,0.15560219462442137,0.29094647852793554
Nehalem (17100202),1989,2172.1299194540684,3810.251763133447,2914.4985214175085,895.7532417159383,1713.9405405504633,1.7541546336653269,1.3417698892292884,0.41238474443603823,0.7890598647898722
Nehalem (17100202),1990,2525.434912657704,4777.511430100767,4203.702475352031,573.8089547487366,1072.709764514294,1.8917578933258012,1.6645459577210646,0.2272119356047369,0.42476238810898564
Nehalem (17100202),1991,2460.21277586449,4536.276371828832,4066.4401086690755,469.8362631597567,887.8545288989768,1.8438553024076698,1.652881469668889,0.19097383273878077,0.36088526066083654
Nehalem (17100202),1992,2796.544846571651,5602.022920503393,4238.78139190297,1363.2415286004264,2622.218378406249,2.0031943801548695,1.515720871452997,0.48747350870187395,0.9376636250339011
Nehalem (17100202),1993,2414.265722348842,4304.3176390118515,3927.3311824500206,376.9864565618302,681.5870028810097,1.7828682233139508,1.6267186938433256,0.156149529470625,0.282316480978694
Nehalem (17100202),1994,2531.114592454454,4507.890054529781,4015.5888361984416,492.3012183313411,911.847375082523,1.7809901092460705,1.5864903344042096,0.1944997748418614,0.3602552716502231
Nehalem (17100202),1995,2452.3229957613744,5048.769653599782,4461.9240756681,586.8455779316807,1094.6186718710994,2.058770260820511,1.8194683503682612,0.23930191045224955,0.44635991007834286
Nehalem (17100202),1996,2380.4809276332617,4441.76582682829,3897.4774856512677,544.2883411770231,997.9993200211613,1.8659111170633969,1.6372647394097146,0.22864637765368245,0.419242728826817
Nehalem (17100202),1997,2081.9540026575246,3612.5561288557333,3524.861600051318,87.6945288044154,159.57903009012568,1.735175764807705,1.693054503390557,0.04212126141714808,0.0766486819048019
Nehalem (17100202),1998,1832.6033817842024,3412.1598942500664,3226.5138921480616,185.64600210200476,341.1747683525723,1.8619194574049216,1.7606176678593506,0.10130178954557088,0.18616945256338463
Nehalem (17100202),1999,3138.0018882113973,5637.748704880514,5025.381884685791,612.366820194724,1146.198951608236,1.7966046247645588,1.6014591653257944,0.19514545943876463,0.3652639457975432
Nehalem (17100202),2000,2920.4227462261915,5527.5972394964265,4659.472439916491,868.1247995799372,1624.974716097097,1.8927387299113665,1.5954787524982545,0.29725997741311233,0.5564176344664178
Nehalem (17100202),2001,2758.5970343546037,5139.298117176289,4655.843010010578,483.45510716571386,893.1588199445481,1.8630115428869336,1.6877575637283502,0.17525397915858418,0.32377284859711664
Nehalem (17100202),2002,3407.824562463438,6026.791814522714,5018.99946806848,1007.7923464542351,1882.708513525837,1.7685158681308657,1.472786927869421,0.2957289402614451,0.5524663840573032
Nehalem (17100202),2003,3172.5267164687216,5349.424366346205,4539.842330402459,809.5820359437465,1532.1382596359672,1.6861715737733947,1.430986319779734,0.25518525399366115,0.48293943489351
Nehalem (17100202),2004,3656.3365807945484,7522.6447876002785,6773.415013722121,749.2297738781537,1397.6818978462866,2.0574267771501367,1.8525140845349115,0.20491269261522432,0.38226291999150697
Nehalem (17100202),2005,3318.8239677965257,6319.839853722154,5789.703520681547,530.1363330406081,993.2957572398761,1.9042407536661545,1.7445045524742062,0.15973620119194892,0.29929148604388234
Nehalem (17100202),2006,3199.320899635806,6362.8316077419695,5482.073258767363,880.7583489746066,1670.6238924503089,1.9888069397684618,1.7135115328354256,0.27529540693303617,0.5221807830031941
Nehalem (17100202),2007,2991.0658483668412,5638.91826438488,4634.9502287027435,1003.9680356821342,1900.0689746672936,1.8852538025746903,1.5495981913047763,0.3356556112699134,0.6352481259163032
Nehalem (17100202),2008,2545.7938225864687,4707.997433447922,3875.250415161285,832.7470182866359,1566.67285541156,1.849323928622273,1.5222169135535566,0.3271070150687159,0.6153965971289286
Nehalem (17100202),2009,3100.1197950560586,5680.171191571796,4560.938347257983,1119.232844313812,2107.8554650814735,1.8322424832196147,1.4712135816595142,0.36102890156010026,0.6799271010246098
Nehalem (17100202),2010,2820.835830803623,5077.532722335236,5031.600683399441,45.93203893579432,81.52793585115457,1.8000100065691191,1.783726875720377,0.01628313084874167,0.028902049158928973
Nehalem (17100202),2011,2910.022650915937,5270.10526094586,4866.593301868696,403.5119590771639,740.0311275510198,1.8110186390772873,1.6723558149407953,0.1386628241364917,0.2543042499404921
Nehalem (17100202),2012,2464.69265411835,4195.187893165533,3711.960000702582,483.2278924629503,887.272966363267,1.7021140084771345,1.5060539067620153,0.19606010171511898,0.3599933504409518
Nehalem (17100202),2013,3028.733111863466,5544.610273072046,4993.316977108069,551.2932959639734,1021.0893814388056,1.830669810870412,1.648648722975749,0.1820210878946621,0.33713415600708624
Nehalem (17100202),2014,3257.7026577300453,6635.305575169872,6008.842338461272,626.4632367086033,1175.4721575749265,2.0368051575932737,1.844503004042797,0.19230215355047794,0.3608285595941991
Nehalem (17100202),2015,3649.800573356442,7403.753074251929,6055.036839751265,1348.716234500667,2562.6547533155044,2.0285363338203615,1.6590048464436815,0.36953148737668046,0.7021355555760755
Nehalem (17100202),2016,3358.792143674262,6923.185898806747,5793.013464819434,1130.1724339873065,2163.423589881539,2.061212960690479,1.7247311584105112,0.33648180227996605,0.6441076128976885
Nehalem (17100202),2017,3626.0681322937808,6858.506103245707,5716.22403028139,1142.2820729643117,2166.6447761212034,1.8914443559854317,1.5764248827463196,0.3150194732391104,0.597519047373946
Nehalem (17100202),2018,3823.781591007762,7349.216449823023,6163.850380709696,1185.366069113332,2247.9429627493555,1.921976000696768,1.611977628430709,0.3099983722660602,0.5878847704156941
Nehalem (17100202),2019,3791.1227232547276,7608.5911368689485,6534.749771723966,1073.8413651449819,2029.1593490924402,2.0069493108724465,1.7236977667960585,0.2832515440763878,0.5352396894581088
Nehalem (17100202),2020,3997.428500982999,8348.922338467408,7283.063691941279,1065.8586465261305,2032.9864403295358,2.0885732756481676,1.821937200415296,0.2666360752328722,0.5085735591842627
Nehalem (17100202),2021,3780.2018920629994,7874.986195811604,6193.145943218896,1681.840252592706,3214.6429127741726,2.083218415488895,1.6383108945112614,0.4449075209776328,0.8503892132120542
Nehalem (17100202),2022,3753.752142321999,7013.413631875815,6402.331009831786,611.082622044028,1160.317252466428,1.8683741935975164,1.7055817132005489,0.16279248039696728,0.30910864875289235
Nehalem (17100202),2023,4516.6965318756365,9300.21770695297,7000.670605368719,2299.5471015842572,4438.16432271192,2.059075176142262,1.549953723028093,0.5091214531141702,0.9826129099864267
Nehalem (17100202),2024,3497.4768566318744,7397.790718095639,6593.827825352577,803.9628927430603,1498.7449489257353,2.115179319648116,1.8853099235951878,0.2298693960529275,0.4285217630772403
North Fork John Day (17070202),1985,8572.959661470995,16194.237801127518,6517.509195361551,9676.728605765962,17055.570148748586,1.888990318467079,0.7602402732224266,1.128750045244652,1.9894611455365343
North Fork John Day (17070202),1986,8501.782523768848,16251.015391535544,8061.844767213755,8189.170624321781,14010.015162381766,1.9114833090709844,0.9482534685726037,0.9632298404983799,1.647891500778017
North Fork John Day (17070202),1987,9824.240325622117,20120.3013346817,8396.995285462457,11723.306049219254,20590.331919213684,2.0480261748286974,0.8547220962788,1.1933040785498985,2.095870137206747
North Fork John Day (17070202),1988,6794.223518746954,12822.650587756618,6092.6131391068575,6730.037448649765,11194.062372637793,1.8872871274216594,0.8967342805687539,0.9905528468529061,1.6475852379231546
North Fork John Day (17070202),1989,11296.358258930852,20982.28534525655,13787.362744516264,7194.922600740264,12713.89876954358,1.857438022441263,1.2205139416161872,0.6369240808250738,1.1254865044220803
North Fork John Day (17070202),1990,7982.300554770037,16824.324034644767,7789.707168493065,9034.61686615171,15580.882004016792,2.107703652500399,0.9758724461756978,1.131831206324702,1.9519287575191615
North Fork John Day (17070202),1991,15197.576810478891,29134.94479687713,14703.9323222353,14431.01247464183,26709.800114010468,1.9170783053248512,0.9675182106726897,0.9495600946521614,1.7575038736171267
North Fork John Day (17070202),1992,3816.1384113897566,8170.507927339999,3590.468138692517,4580.039788647485,7208.572381936114,2.141040771203179,0.9408642328004411,1.2001765384027387,1.8889703686902972
North Fork John Day (17070202),1993,15654.587395148408,28014.561284514966,18177.896077106005,9836.665207408954,17801.71121405758,1.7895432551098152,1.1611865339063236,0.6283567212034911,1.1371562063382519
North Fork John Day (17070202),1994,10954.9084126524,22744.924801012094,9912.650294901405,12832.274506110682,23386.992232540924,2.0762313973107056,0.904859257741741,1.1713721395689638,2.134841420082532
North Fork John Day (17070202),1995,14490.48897951783,28406.86939786707,15237.471897981315,13169.397499885785,24776.769705753104,1.96038031829153,1.0515498765789988,0.9088304417125332,1.7098642937981483
North Fork John Day (17070202),1996,12183.782210788264,22843.894515833417,11098.572798513864,11745.32171731957,21486.114588388948,1.8749427821851608,0.9109300056830063,0.9640127765021559,1.7635012032112516
North Fork John Day (17070202),1997,12394.504770476915,23806.13891795003,13216.610869762695,10589.528048187318,19373.506268361136,1.9207010976876664,1.066328273255741,0.854372824431924,1.5630722346009218
North Fork John Day (17070202),1998,14389.492479630173,28215.421489197783,15325.530123170232,12889.89136602753,23841.21105370862,1.9608350696968397,1.065050080457328,0.8957849892395104,1.6568486405937068
North Fork John Day (17070202),1999,8061.295479101582,14883.384425575787,6353.941137030229,8529.443288545563,14337.552133390285,1.8462769990456318,0.7882034783990284,1.0580735206466039,1.7785667540111285
North Fork John Day (17070202),2000,7980.999661139245,16491.184143085935,7430.216240868773,9060.967902217166,15248.772136353813,2.0663055811647415,0.9309881664383066,1.1353174147264355,1.9106343545661963
North Fork John Day (17070202),2001,7078.681697456345,14119.494018015213,5959.498934893252,8159.995083121967,13454.85867441111,1.994650221818692,0.8418938991189192,1.1527563226997735,1.9007576904109111
North Fork John Day (17070202),2002,4054.5583345107116,8766.6198287085,2902.2566252326574,5864.363203475844,8867.818065727983,2.162163941283243,0.715800929667199,1.446363011616044,2.1871230684360388
North Fork John Day (17070202),2003,5099.459450545136,10840.825666545226,4958.053675979682,5882.771990565544,9360.14234715026,2.125877413416109,0.9722704384774866,1.1536069749386224,1.8355165754185288
North Fork John Day (17070202),2004,11429.666319886426,23553.74596678187,13607.625665383803,9946.120301398068,17854.89756112775,2.0607553455695213,1.190553187165924,0.8702021584035973,1.5621538775862678
North Fork John Day (17070202),2005,11267.514527240468,21520.883655104695,10633.13764862946,10887.746006475236,19751.54016922333,1.9099938680421107,0.9436985967866,0.9662952712555107,1.7529633639674296
North Fork John Day (17070202),2006,11492.186417101973,22814.370780895737,13091.45578897604,9722.914991919699,17581.058414673975,1.9852071618804215,1.139161454037513,0.8460457078429087,1.529827117014993
North Fork John Day (17070202),2007,5947.295273881825,13248.651104862685,5741.865577311462,7506.785527551224,12490.11193323825,2.227676699195605,0.9654582987543046,1.2622184004413006,2.1001331459175896
North Fork John Day (17070202),2008,9732.449973328949,19190.393360314465,9742.115505437412,9448.277854877053,16551.933815123226,1.9717947087222953,1.000993124252881,0.9708015844694143,1.7006954939899577
North Fork John Day (17070202),2009,9059.236236486575,17664.821949375226,9298.296382582706,8366.525566792528,14560.09221665554,1.9499239768391488,1.026388554162359,0.9235354226767908,1.6072096848533393
North Fork John Day (17070202),2010,12234.063528245719,22833.108709380616,13021.876875548476,9811.231833832133,17482.084119403073,1.8663552511938548,1.064395067549214,0.8019601836446403,1.428967904166988
North Fork John Day (17070202),2011,13406.869045318648,24620.627614811518,12725.080893542134,11895.546721269417,22265.92439603088,1.8364188932992107,0.9491463555382024,0.8872725377610108,1.6607848052193512
North Fork John Day (17070202),2012,9233.376074973778,17119.987367368714,9012.698800661587,8107.288566707136,14536.62149094573,1.8541416734633906,0.9761000448243068,0.8780416286390847,1.5743560505832654
North Fork John Day (17070202),2013,8275.875836221518,15136.854942166121,7980.921942209187,7155.932999956938,12377.369136834146,1.8290335961682447,0.9643597970958689,0.8646737990723762,1.4955962827114175
North Fork John Day (17070202),2014,9401.118827008975,19874.340233968866,9187.924831315286,10686.415402653574,18683.4525520037,2.1140398924509722,0.9773224868638833,1.1367174055870883,1.9873647909147805
North Fork John Day (17070202),2015,9401.847760405746,19953.45949089307,8616.024056135946,11337.43543475712,19546.84310032584,2.1222912771384803,0.9164181632913521,1.2058731138471277,2.079042715692971
North Fork John Day (17070202),2016,9526.69628166094,19009.528194513387,8815.627140519275,10193.9010539941,17678.565238217805,1.9953956369016475,0.9253603641683754,1.0700352727332707,1.8556868735544094
North Fork John Day (17070202),2017,9610.456761174566,18683.627880251483,9465.335676083263,9218.292204168207,15639.029276889778,1.9440936413898413,0.9848996682782467,0.9591939731115933,1.6272930273272896
North Fork John Day (17070202),2018,10648.216528449615,21604.477468788766,9126.722997716806,12477.75447107197,22120.192004133743,2.0289292024694006,0.8571128294895466,1.171816372979855,2.0773612130288313
North Fork John Day (17070202),2019,12794.347348044283,25039.196150946733,15774.171371270268,9265.024779676485,16161.87259424448,1.9570514595083408,1.2329016042917949,0.7241498552165475,1.2632041443454285
North Fork John Day (17070202),2020,11809.166016041,24395.88883257627,11636.014868952023,12759.87396362427,22631.16844485545,2.065843498130018,0.985337563477914,1.0805059346521062,1.916407002333134
North Fork John Day (17070202),2021,4008.008817975002,9472.336228863871,3107.8456524907824,6364.490576373088,9568.462478594745,2.363352142935068,0.775408885966719,1.5879432569683491,2.387335685411265
North Fork John Day (17070202),2022,14876.183973553005,30591.191954994578,16810.195994766767,13780.995960227794,24527.941076563973,2.056387041823349,1.130007266961209,0.9263797748621391,1.6488059787489815
North Fork John Day (17070202),2023,9619.002295941056,19921.193214218416,10503.740394483615,9417.452819734803,16339.279640314628,2.071024894403507,1.0919781564992341,0.9790467379042729,1.6986459861028764
North Fork John Day (17070202),2024,8369.960350437928,18611.69580967838,8604.076862330417,10007.618947347966,16955.42080911821,2.2236301046162765,1.0279710419273658,1.1956590626889114,2.0257468493540807
North Santiam (17090005),1985,15508.687971440995,26256.73605236379,17359.832442538987,8896.903609824794,13122.296262434664,1.693034001374917,1.1193617715764768,0.5736722297984396,0.8461254934394944
North Santiam (17090005),1986,21013.964687050513,41229.740284709944,30756.800272680928,10472.940012028977,15683.53386961508,1.9620162543680797,1.4636362405060226,0.4983800138620554,0.7463386420973565
North Santiam (17090005),1987,17728.47071794715,37025.11910845016,24764.33886360231,12260.780244847874,17913.67543291056,2.0884553268866184,1.3968683062173266,0.6915870206692931,1.0104467394796732
North Santiam (17090005),1988,8737.127266360325,13368.583521518785,12531.396718642216,837.1868028765632,1144.840494808168,1.5300891373060899,1.4342696788783862,0.09581945842770297,0.1310316835163923
North Santiam (17090005),1989,16930.25023238539,28185.45434652337,24774.05671608558,3411.3976304377998,4979.513463124738,1.664798450090727,1.4633012729307446,0.20149717715998283,0.29411930684872983
North Santiam (17090005),1990,19610.191092584766,39656.18911514396,29140.311112281204,10515.878002862757,15574.074721727093,2.022223492260574,1.4859779272268325,0.5362455650337412,0.7941827108261145
North Santiam (17090005),1991,20926.16169606194,39522.35997408412,36260.770989931116,3261.588984152958,4779.368765669855,1.888657869900803,1.7327960816032006,0.15586178829760028,0.22839204031235583
North Santiam (17090005),1992,21844.60012614613,46532.883179004304,32132.485283175458,14400.397895828919,21364.209608992103,2.1301778430500264,1.4709578155525769,0.659220027497453,0.9780087291879954
North Santiam (17090005),1993,13743.18336199754,21220.677068321107,20387.945541629106,832.7315266919964,1149.7716260449124,1.5440874584414137,1.483495126609863,0.06059233183155032,0.08366123013567911
North Santiam (17090005),1994,16923.686195886778,30462.883513548804,26318.24590758873,4144.637605960071,5963.570510472828,1.8000146753461232,1.5551130884230917,0.2449015869230313,0.35238011633199895
North Santiam (17090005),1995,22989.395522798117,48855.270515012664,44213.16837222595,4642.102142786689,6690.1450828479055,2.1251220140418168,1.923198386333414,0.20192362770840191,0.2910100474896534
North Santiam (17090005),1996,19395.785147797036,36067.85616511735,33046.30056579798,3021.555599319388,4296.125766377674,1.859571854930241,1.7037877205786311,0.15578413435161065,0.2214979045004335
North Santiam (17090005),1997,19421.82878307825,37390.47751566657,34399.11360273309,2991.363912933469,4239.102017167328,1.9251780011696917,1.7711572883756532,0.15402071279403765,0.21826482276791312
North Santiam (17090005),1998,11023.702033831389,19770.286429331856,18333.207929653385,1437.0784996784787,2000.6594431751657,1.7934343987761534,1.6630717950638865,0.13036260371226752,0.18148707548836188
North Santiam (17090005),1999,23326.937332587906,44284.169425688735,39464.31140726764,4819.858018421098,6981.115165556227,1.8984133576688362,1.6917913759786931,0.20662198169014326,0.2992726848802203
North Santiam (17090005),2000,25546.163528025943,50846.91491344263,41446.117529641786,9400.797383800891,13913.394141488723,1.9903933855923213,1.6224008542093795,0.3679925313829434,0.544637323965485
North Santiam (17090005),2001,24506.94673550163,49794.71639840439,39073.355644421514,10721.360753982888,15876.953649048668,2.031861289610182,1.5943787721143763,0.4374825174958064,0.6478552314331655
North Santiam (17090005),2002,24093.197873468736,48912.1014828437,36925.69416257532,11986.407320268392,17561.176754045464,2.030120772664444,1.5326190552412156,0.4975017174232293,0.7288852582489148
North Santiam (17090005),2003,23796.039048197323,47352.97178955375,32633.163474951176,14719.808314602586,21809.352217646447,1.9899518442394297,1.371369554775685,0.6185822894637454,0.9165118687808936
North Santiam (17090005),2004,23295.83897409121,49838.21104067802,38085.97663510962,11752.234405568426,17462.023346367478,2.1393610719968605,1.634883237193881,0.5044778348029808,0.7495769251233282
North Santiam (17090005),2005,23563.570690660774,47213.141904116084,40182.50683264119,7030.6350714748505,10345.932831518352,2.003649723716475,1.7052808914298883,0.29836883228658484,0.43906473120471834
North Santiam (17090005),2006,23635.34790990364,47772.91482434303,36672.00484465396,11100.9099796891,16320.102105845366,2.0212486402336944,1.5515745731539548,0.4696740670797411,0.6904955310180539
North Santiam (17090005),2007,23236.494043073075,48098.701528785554,30807.12383115134,17291.57769763415,25915.612859802113,2.0699638008912125,1.3258077476767676,0.744156053214442,1.1152978935532532
North Santiam (17090005),2008,22883.380865196108,43891.70929226377,27054.285388048003,16837.423904215815,25009.986913330275,1.918060515219573,1.1822678452726156,0.7357926699469598,1.0929323363825392
North Santiam (17090005),2009,23363.887019372203,48095.06844967167,33356.87755169252,14738.190897979166,21783.977433365497,2.058521701024901,1.4277109593979211,0.6308107416269807,0.932378136193831
North Santiam (17090005),2010,21368.580730405305,41012.420339612094,38515.8501971708,2496.5701424413433,3535.775243365186,1.9192861171755602,1.8024524269113806,0.11683369026418208,0.16546607788200643
North Santiam (17090005),2011,23449.077567019376,42384.41122918077,37945.1032142901,4439.308014890686,6398.731352135448,1.8075086795223678,1.6181917222901372,0.18931695723223146,0.2728777425827243
North Santiam (17090005),2012,20386.112924269204,39168.699165271864,31928.56432873207,7240.134836539786,10698.251963052688,1.921342205391319,1.5661918702864557,0.355150335104863,0.5247813549740844
North Santiam (17090005),2013,24422.14885049103,49207.276078066025,39130.37731462261,10076.898763443427,14892.448312004555,2.014862671557121,1.602249562647959,0.41261310890916225,0.6097927091990977
North Santiam (17090005),2014,23775.74548172294,53511.71888382636,41035.40590477367,12476.312979052693,18235.405046178472,2.2506852172085314,1.725935615197374,0.5247496020111576,0.7669751116824716
North Santiam (17090005),2015,24021.07555941172,53174.71705495114,34591.008769736654,18583.70828521452,27218.056400461155,2.2136692806878377,1.440027474381076,0.7736418063067629,1.133090661704231
North Santiam (17090005),2016,18028.595214753004,37767.482050199236,27193.81316714588,10573.668883053346,15050.301154542958,2.094865495637379,1.5083711649864362,0.5864943306509424,0.8348016567717448
North Santiam (17090005),2017,23766.141403111036,47836.530597542325,38725.24992335866,9111.28067418377,13582.086874443827,2.012801732774359,1.6294294166864396,0.3833723160879235,0.571488936469338
North Santiam (17090005),2018,25274.000546307198,50515.10438242001,34808.99770620714,15706.10667621288,23288.090688796445,1.9986983971874928,1.3772650531691593,0.6214333440183339,0.9214247916995905
North Santiam (17090005),2019,25209.18117908436,51255.08229976066,38532.760777475894,12722.321522284818,19328.294589244615,2.03319107969624,1.5285209187772384,0.5046701609190034,0.7667164772999839
North Santiam (17090005),2020,27260.97049358103,56968.8430108112,47569.78450288242,9399.058507928858,14029.210765349153,2.089758434103632,1.7449776600610527,0.34478077404258206,0.5146262407881819
North Santiam (17090005),2021,24242.60439826103,49951.378081159215,29088.36104701324,20863.01703414599,31462.065195067524,2.060479033545683,1.1998859763227339,0.8605930572229498,1.2978005447848813
North Santiam (17090005),2022,27282.704861277038,53677.51789751765,45358.24926890498,8319.268628612677,12493.448955138823,1.9674558725188342,1.6625275792681016,0.3049282932507328,0.4579255986040834
North Santiam (17090005),2023,26390.78534477307,50913.96715483094,30966.058435968782,19947.908718862105,29847.54377628254,1.929232741264932,1.1733663106809318,0.7558664305839979,1.1309835378655797
North Santiam (17090005),2024,27155.270528599005,59659.14460724885,49164.55810178723,10494.586505461748,15461.92725758247,2.19696373653939,1.8104978203037527,0.38646591623564225,0.5693895496750252
North Umpqua (17100301),1985,1136.806891146,2440.821262504038,1225.3838432587813,1215.4374192452551,1676.8623938366006,2.1470852099106104,1.0779173250995058,1.0691678848111035,1.4750635370851577
North Umpqua (17100301),1986,2258.238272335179,5078.856971075169,3192.1359078885353,1886.7210631866355,2620.1327122275634,2.249035025796135,1.4135514161610767,0.8354836096350594,1.1602552061604021
North Umpqua (17100301),1987,1087.615190761041,2880.305629583895,1383.6125926951627,1496.6930368887308,2028.3949725867815,2.648276388608041,1.2721526919157888,1.3761236966922503,1.8649932345717286
North Umpqua (17100301),1988,882.9046175492922,1926.3594792858055,1385.3968679526606,540.9626113331448,734.751596315838,2.1818432489716337,1.5691353747793877,0.6127078741922459,0.8321981578885752
North Umpqua (17100301),1989,2109.0507207020073,4274.822488578737,2817.8936956359935,1456.9287929427458,2017.5966644050382,2.0268941124165294,1.336095745814043,0.6907983666024875,0.9566373366940515
North Umpqua (17100301),1990,2158.028177001338,4773.329544065665,2633.098897548296,2140.2306465173688,2966.2262041662757,2.211893984951757,1.2201411110428997,0.9917528739088571,1.3745076342274454
North Umpqua (17100301),1991,1399.8904412281722,3186.7047927788008,2314.5493133079635,872.1554794708348,1195.9556327108303,2.27639585136605,1.6533788967637564,0.6230169546022921,0.8543208793265116
North Umpqua (17100301),1992,2210.1052673703907,5556.260298711584,2882.0667591473034,2674.193539564281,3656.42161175578,2.5140251827563347,1.3040404915085426,1.2099846912477918,1.6544106137108272
North Umpqua (17100301),1993,1767.4923018834113,3551.7182827820834,3255.7928456412806,295.9254371408018,412.5802522471253,2.009467469248624,1.8420407501475171,0.16742671910110637,0.2334269019488721
North Umpqua (17100301),1994,1083.468044832062,2360.9530846892508,1421.3024073975578,939.6506772916928,1269.1613309341976,2.1790703435607086,1.3118083308288617,0.8672620127318466,1.1713878752473204
North Umpqua (17100301),1995,1716.293214636885,3818.8603636277335,3018.3133572461184,800.5470063816152,1103.6723871604877,2.2250629036226117,1.7586233701242597,0.46643953349835177,0.6430558471875045
North Umpqua (17100301),1996,1624.8404636648484,3986.65519508385,3102.1888379072566,884.4663571765907,1205.6142093486956,2.453567155812884,1.9092267255027797,0.5443404303101029,0.7419892822150781
North Umpqua (17100301),1997,2305.2804741952637,5443.3449258405335,4170.719008183984,1272.6259176565502,1754.4107136392695,2.361250609967847,1.8092024180441277,0.5520481919237196,0.7610400267029139
North Umpqua (17100301),1998,904.4363020228328,1787.7122251148876,1596.83371198591,190.87851312897868,255.4265762340464,1.9766037930106837,1.7655568539370696,0.21104693907361524,0.28241521891897486
North Umpqua (17100301),1999,2297.3806792175583,4958.838211592568,2899.141037637643,2059.697173954921,2841.578381677953,2.158474760604955,1.2619332372138832,0.89654152339107,1.2368774610944049
North Umpqua (17100301),2000,2375.1168171457807,5388.533576841994,3466.2767625953747,1922.2568142466193,2653.5441577449246,2.2687446520283108,1.4594131697323671,0.809331482295944,1.1172267985259499
North Umpqua (17100301),2001,2590.700570997738,5706.273355869698,3120.8910388999657,2585.3823169697284,3527.260856731622,2.202598563396341,1.2046513880598866,0.9979471753364529,1.3615085032282188
North Umpqua (17100301),2002,2271.472891659599,5176.973599773875,2801.7889257870297,2375.1846739868447,3274.136564251442,2.2791262967666057,1.2334679124169372,1.0456583843496678,1.4414156454490064
North Umpqua (17100301),2003,2420.591785198973,5083.754095361475,2840.661242858362,2243.0928525031113,3079.0616820044297,2.1002112485247446,1.1735399831677358,0.9266712653570081,1.2720284770161403
North Umpqua (17100301),2004,2054.8112377591074,4826.952460125143,3063.180480172826,1763.7719799523215,2401.3225147136177,2.3490977523508287,1.4907357054915684,0.8583620468592622,1.1686341161596923
North Umpqua (17100301),2005,2301.6208382088926,5370.613627620819,4110.978345035372,1259.6352825854437,1725.6743992796714,2.3334050241742674,1.786123186230148,0.5472818379441178,0.7497648485936462
North Umpqua (17100301),2006,2334.4385424098873,5427.896453243396,4007.4600462403905,1420.4364070030074,1952.2723634876488,2.325140008886278,1.7166697573898904,0.6084702514963888,0.836292036830526
North Umpqua (17100301),2007,2484.696857448658,5534.010028090512,2855.013012287397,2678.997015803113,3674.7074514301344,2.227237504446702,1.1490387665314583,1.0781987379152427,1.4789359275011944
North Umpqua (17100301),2008,2023.0936272898446,4499.014431611309,2484.32914728048,2014.6852843308338,2782.111440168465,2.2238290758882138,1.2279852567221572,0.9958438191660588,1.3751768097334218
North Umpqua (17100301),2009,2357.397306370591,5305.96991094954,3361.7339843380264,1944.235926611515,2637.3748239726933,2.250774571011333,1.426036237189774,0.82473833382156,1.118765520281836
North Umpqua (17100301),2010,1118.6352705678864,2715.1990320766654,2532.439163733313,182.75986834335126,235.97500337108772,2.427242465453702,2.26386493467857,0.16337753077513045,0.21094901044135023
North Umpqua (17100301),2011,2317.1346524227283,5207.503913970705,3839.085854889151,1368.418059081552,1878.0631615846219,2.24738942492008,1.6568246695871192,0.59056475533296,0.8105110161038651
North Umpqua (17100301),2012,2101.5563070986414,4566.698422668731,3212.3802013526883,1354.3182213160421,1874.8666044223328,2.1730078833687814,1.5285720351636087,0.6444358482051721,0.892132463017719
North Umpqua (17100301),2013,2246.191698879696,5149.268623885313,3149.94480426505,1999.323819620264,2777.015890600682,2.2924439737060496,1.4023490541061598,0.8900949195998903,1.2363218562270255
North Umpqua (17100301),2014,2119.6143950809465,5031.146599065958,3333.2287536296285,1697.9178454363325,2296.363810947206,2.3736140926113225,1.5725637462007966,0.8010503464105273,1.0833875332590905
North Umpqua (17100301),2015,2025.8530447230846,4868.663427425442,2964.3795846305316,1904.2838427949096,2608.2208121162985,2.4032658440390198,1.4632747386845795,0.9399911053544397,1.2874679231596575
North Umpqua (17100301),2016,1539.2962631966543,3893.45649334846,2495.8873644155865,1397.5691289328754,1914.2519629981784,2.5293743553063166,1.6214470366038445,0.9079273187024736,1.2435890405027388
North Umpqua (17100301),2017,2986.2080616084577,7004.980540258028,5134.435027351386,1870.5455129066468,2634.6790426054513,2.3457777876619033,1.7193828833834948,0.6263949042784103,0.8822824760530374
North Umpqua (17100301),2018,3545.2197512883326,7907.998104050083,5406.214319132788,2501.7837849173025,3508.5876257605505,2.230608723528723,1.524930666757165,0.7056780567715596,0.9896671777498504
North Umpqua (17100301),2019,4025.373411984151,8771.208116330154,5868.248094739247,2902.9600215909068,4115.849202093097,2.1789799898357076,1.4578145911304965,0.7211653987052112,1.0224763719657872
North Umpqua (17100301),2020,4697.444352987001,11199.140588785038,7644.772039100732,3554.368549684308,5108.557591228938,2.3840922312711914,1.627432166224511,0.7566600650466808,1.0875184903426303
North Umpqua (17100301),2021,3715.6335543720006,8108.149164349281,4414.813216795086,3693.3359475542006,5339.480145937129,2.1821713701580787,1.1881723943418467,0.9939989758162336,1.437030877184977
North Umpqua (17100301),2022,5068.1509152040035,11763.11855310131,9894.239029339691,1868.8795237616403,2649.488335873434,2.320988216395253,1.9522384386103917,0.36874977778486573,0.522772186582922
North Umpqua (17100301),2023,5520.563719478954,11356.028770315621,7072.431826712742,4283.596943602876,6175.974132294342,2.0570415173810246,1.2811068191746653,0.7759346982063589,1.1187216462157323
North Umpqua (17100301),2024,5884.430066774741,13164.050621572678,10260.731228709697,2903.3193928629767,4158.6671559264905,2.2370986607353633,1.7437085855850114,0.4933900751503514,0.7067238642885016
Powder (17050203),1985,114746.76300946987,245787.2450249064,99430.9883950383,146356.25662986824,240007.38269673707,2.141997199560409,0.8665254320667191,1.2754717674936913,2.091626608037123
Powder (17050203),1986,112527.29273176243,257907.74065829217,93619.89536434827,164287.8452939447,272626.30176442245,2.291957216753461,0.8319750088319926,1.4599822079214755,2.422757138699648
Powder (17050203),1987,95310.88975297385,220569.4561216754,63944.718999367346,156624.73712230756,262967.73759430327,2.314210440101293,0.6709067470159901,1.6433036930852976,2.759052384002094
Powder (17050203),1988,96762.6106007007,210109.77201988205,74518.26982261581,135591.50219726606,225466.92315493702,2.1713942060422307,0.770114296834362,1.401279909207867,2.3301037637910142
Powder (17050203),1989,108876.46041612038,244518.96091621017,117380.44646076518,127138.51445544527,212510.84377339293,2.2458386319840944,1.0781067460509186,1.1677318859331782,1.951852980535803
Powder (17050203),1990,95754.84677439224,220081.45300504926,81336.97351100683,138744.47949404313,230502.14923366235,2.2983844726270894,0.8494293109010417,1.4489551617260552,2.4072113005073037
Powder (17050203),1991,111432.07882060645,249489.832128409,101550.98552872213,147938.846599687,244961.07469473963,2.238940839738443,0.9113263128852527,1.3276145268531918,2.1982994240742864
Powder (17050203),1992,96580.4981706253,222983.4871881211,84469.78440328584,138513.70278483548,227458.60328597346,2.3087837753143927,0.8746049772290064,1.4341787980853886,2.3551193832540656
Powder (17050203),1993,113247.13348742688,225766.8313518506,115815.94372936229,109950.88762248865,183818.7232281863,1.99357656480476,1.0226832252864098,0.9708933395183535,1.6231644684286384
Powder (17050203),1994,106246.24446096626,252195.9359591532,79185.08355630632,173010.85240284743,280013.9493485612,2.373692710162638,0.7452977181268564,1.628394992035787,2.635518561330752
Powder (17050203),1995,116314.62711244877,262505.80889180215,122919.2408477687,139586.56804403337,230831.49461239754,2.2568598241562605,1.0567823144799735,1.2000775096762863,1.9845439936736247
Powder (17050203),1996,115024.8834515063,265152.7282372011,111821.43565570761,153331.2925814935,251472.49557355078,2.3051771084731216,0.9721499583422812,1.3330271501308402,2.1862442979963537
Powder (17050203),1997,117278.44054885035,282942.4442247678,114101.57541015428,168840.86881461326,276255.22865619144,2.412569973650979,0.9729117719861495,1.4396582016648274,2.355549983128587
Powder (17050203),1998,118349.1281374305,285379.7054637021,144122.25926819124,141257.4461955106,230139.75852906605,2.411337624154787,1.2177720405412047,1.1935655836135801,1.9445834722315907
Powder (17050203),1999,116033.94739509061,258839.35142121883,77276.05110786957,181563.3003133499,297377.28633627284,2.230720898771822,0.6659779559575607,1.5647429428142667,2.562847278854661
Powder (17050203),2000,114919.2555675933,284825.7300797793,93442.45529419418,191383.27478558492,310630.26703218895,2.4784856869547878,0.8131139975861845,1.6653716893686015,2.7030306235275097
Powder (17050203),2001,110131.04185999354,247135.99074306764,76298.90983799084,170837.08090507713,277004.14945451525,2.244017550085875,0.6928011262708971,1.5512164238149808,2.5152231811868515
Powder (17050203),2002,113316.07089630383,250268.76234094924,67710.19232854532,182558.57001240453,296747.6256790808,2.2085901881470242,0.5975338872321764,1.6110563009148533,2.6187602811487896
Powder (17050203),2003,109372.09885804748,262935.79726134706,94983.68646276223,167952.11079858523,272503.6665920851,2.404048198824526,0.8684453115052699,1.5356028873192598,2.4915281816596004
Powder (17050203),2004,114775.18006850556,264852.33278348047,113725.79309615679,151126.53968732455,246032.89243446698,2.307574970698358,0.9908570217731532,1.3167179489252123,2.14360711338129
Powder (17050203),2005,112198.61245411154,260986.27062493132,98067.91468814325,162918.35593678794,262011.07062295868,2.326109609703711,0.874056394665775,1.4520532150379348,2.3352434124808754
Powder (17050203),2006,114407.22832464952,271547.6117950382,94865.1547093983,176682.4570856399,286312.0328651424,2.3735179653550977,0.8291884708560778,1.5443294944990196,2.5025694360209867
Powder (17050203),2007,102091.74145875139,241965.63224979947,71933.82160823816,170031.81064156085,271787.7111434136,2.370080368817707,0.7045998097436894,1.665480559074013,2.6621909594247177
Powder (17050203),2008,115733.53289896833,253235.02750345867,90908.97597449514,162326.05152896277,262205.6957455943,2.1880869023891694,0.7855024701773838,1.402584432211779,2.265598303082059
Powder (17050203),2009,115989.84217746292,265571.53863173525,118588.92794551316,146982.6106862228,237886.48512959998,2.2896103110944344,1.022407873993601,1.2672024371008397,2.0509251557186947
Powder (17050203),2010,118417.33679239788,258352.20171693477,104647.7737812729,153704.42793566122,247700.51690124505,2.181709272603067,0.8837200414727706,1.2979892311302907,2.0917588894563526
Powder (17050203),2011,119090.58161151747,257169.9556835345,118465.24361692331,138704.71206661177,226989.54439708008,2.159448314077787,0.9947490558352124,1.1646992582425795,1.9060243163270227
Powder (17050203),2012,113213.6698423877,258962.93796396436,104403.03427917405,154559.90368479083,250220.28469888016,2.2873822421310424,0.9221769281441056,1.3652053139869416,2.2101596480992844
Powder (17050203),2013,115878.25646880755,256368.54968132367,103853.74951427858,152514.80016704538,246249.54414310993,2.212395642579708,0.8962315509315092,1.3161640916482011,2.1250711880480884
Powder (17050203),2014,114567.87379171362,276581.3788523683,93579.3083760974,183002.07047626976,295844.07758878183,2.414126837643841,0.8168023485032655,1.5973244891405656,2.5822603474917543
Powder (17050203),2015,112317.14066070167,267613.95639721863,107417.50055340135,160196.45584381718,255179.75450985905,2.382663543809866,0.956376737526629,1.4262868062832361,2.2719573611718835
Powder (17050203),2016,114501.66523778191,259841.28754623389,81694.05009966978,178147.2374465645,284045.63212697237,2.269323219069608,0.7134747772446661,1.5558484418249454,2.4807118004537663
Powder (17050203),2017,117943.73968123832,266952.88087051804,110456.3811609568,156496.49970956135,253896.17617158624,2.2633916949894974,0.9365175418337819,1.3268741531557162,2.1526888740155345
Powder (17050203),2018,116971.52097200272,277121.1070898924,91737.93331103446,185383.17377885806,295365.727136035,2.3691331427264393,0.7842758010558146,1.5848573416706255,2.5251080321228887
Powder (17050203),2019,119541.06271720925,281748.2288951184,102431.78643558899,179316.4424595293,288055.14007139683,2.3569158788694424,0.8568753205574674,1.5000405583119742,2.409675249021591
Powder (17050203),2020,119300.24470425997,278129.27483579196,102631.68384628385,175497.59098950826,280442.08187329146,2.3313386785187418,0.8602805811564197,1.4710580973623233,2.3507251185317766
Powder (17050203),2021,107175.2018019,237049.41497994386,70187.05586898146,166862.35911096155,261982.6308327476,2.211793502550153,0.6548814902043617,1.5569120123457834,2.4444332870675614
Powder (17050203),2022,119099.49174517696,257958.8369737058,106497.36754977526,151461.46942393074,242821.49751223216,2.165910476978606,0.8941882621769287,1.2717222148016791,2.0388122061156104
Powder (17050203),2023,119696.13714721758,279315.8644508661,120430.01711102614,158885.8473398401,255791.11762953358,2.333541174410063,1.0061311917101046,1.32740998269996,2.1370039478795295
Powder (17050203),2024,113890.95086610515,267871.2907998139,85328.78013129762,182542.51066851616,290634.0627971775,2.351998018830612,0.7492147486907332,1.6027832701398779,2.5518626421765394
Siletz-Yaquina (17100204),1985,3168.6330603219994,6519.582302712834,4905.01325014923,1614.5690525636003,3036.506890042287,2.05753780213677,1.5479903026861614,0.5095474994506074,0.9583018393848717
Siletz-Yaquina (17100204),1986,3474.4679595376197,7355.116050743464,6618.8638481013695,736.2522026420993,1393.0591516667805,2.11690426747302,1.905000686488473,0.2119035809845486,0.40094171766435516
Siletz-Yaquina (17100204),1987,2862.2074300456306,6813.1407539708525,5764.689048886001,1048.4517050848535,1987.2933840651401,2.380379801425585,2.0140710237741564,0.3663087776514292,0.6943219290131805
Siletz-Yaquina (17100204),1988,3165.6161902925687,6427.459011021708,5906.365102983655,521.0939080380488,986.9974848385195,2.030397440704167,1.8657868635798782,0.16461057712428773,0.3117868451220236
Siletz-Yaquina (17100204),1989,2638.646280258479,5429.73866359557,4820.341941177224,609.3967224183463,1156.2143001880236,2.05777436112569,1.8268238441967404,0.2309505169289498,0.4381846512882212
Siletz-Yaquina (17100204),1990,2987.812262398427,6096.678186978908,5610.364433505445,486.3137534734607,915.3855898525741,2.0405158194527524,1.877749985871535,0.16276583358121663,0.30637319532177043
Siletz-Yaquina (17100204),1991,2854.686302894838,5663.421309887602,5299.454257198553,363.9670526890469,653.3004497332023,1.9839032065080229,1.8564051159752863,0.1274980905327358,0.22885192291381126
Siletz-Yaquina (17100204),1992,3259.4774210215787,6875.735541403259,5864.353563383432,1011.3819780198262,1929.6617853833316,2.1094594787063383,1.799169868630487,0.31028961007585104,0.5920156933556978
Siletz-Yaquina (17100204),1993,2936.1894453491796,5532.659843261219,5420.869782797908,111.79006046330974,208.6313968291077,1.884299343158786,1.846226166157083,0.03807317700170241,0.07105515523174857
Siletz-Yaquina (17100204),1994,2900.309320093495,5752.936276882979,5116.142340701024,636.7939361819552,1205.4928286177033,1.9835595593291842,1.7639988622096692,0.2195606971195153,0.41564284894234754
Siletz-Yaquina (17100204),1995,3192.3593456903436,7288.741242705198,6718.171094382973,570.5701483222272,1060.5099905820268,2.283183205094042,2.104453279500769,0.17872992559327375,0.3322025736274664
Siletz-Yaquina (17100204),1996,3151.1592563487784,6533.901461652869,6134.217490031479,399.6839716213882,727.6604483952195,2.0734913503621666,1.9466542281773298,0.1268371221848364,0.23091833487284724
Siletz-Yaquina (17100204),1997,3189.6871653079534,6681.001663053283,6544.923589474244,136.07807357904437,248.87036948689268,2.0945632962749356,2.051901409222479,0.042661887052458485,0.0780234413561573
Siletz-Yaquina (17100204),1998,2592.375770900662,5259.848757375275,5007.983679642408,251.86507773287127,459.86193064758544,2.028968491534644,1.9318124076983247,0.09715608383632073,0.17739015146242357
Siletz-Yaquina (17100204),1999,3137.505484486925,6277.05141102017,5677.792622219459,599.2587888007108,1105.123529238049,2.0006503389576236,1.809651855683671,0.1909984832739527,0.3522299912150654
Siletz-Yaquina (17100204),2000,3593.25779143159,7928.082119805926,7149.797881004059,778.2842388018694,1446.8122619351686,2.206377215325622,1.989781500802231,0.21659571452339166,0.4026463855126699
Siletz-Yaquina (17100204),2001,3209.4093407651226,6581.784377335807,6179.955477919159,401.8288994166494,717.0836064735901,2.050777472893723,1.9255740922240412,0.12520338066968217,0.22343164437311616
Siletz-Yaquina (17100204),2002,3346.268618917381,6750.015444804694,6132.717242810653,617.2982019940437,1122.3565902608586,2.0171768060235786,1.8327032110156096,0.1844735950079699,0.3354054076579109
Siletz-Yaquina (17100204),2003,3451.1623407780185,6764.442162199714,5888.170087305085,876.272074894633,1622.141446936697,1.9600475127677597,1.7061411506877058,0.2539063620800548,0.47002756948576546
Siletz-Yaquina (17100204),2004,3544.9172823180784,7726.867997944442,7314.505870041848,412.36212790259435,768.6779838426737,2.179703328053883,2.0633784338287224,0.11632489422516062,0.21683946976049687
Siletz-Yaquina (17100204),2005,3551.5803186722237,7277.384222242052,7064.508709427255,212.8755128147988,384.80632536731093,2.0490552287334274,1.989116977669354,0.05993825106407375,0.10834791581207227
Siletz-Yaquina (17100204),2006,3606.1313465090416,7535.28688136556,6899.481715576353,635.8051657892111,1157.543666748036,2.0895763790357176,1.9132641195267273,0.1763122595089915,0.3209932072686731
Siletz-Yaquina (17100204),2007,3523.0118546697545,7199.435156604124,6341.274137362213,858.1610192419079,1604.8756565413962,2.043545538190928,1.799958217272772,0.24358732091815555,0.4555408050682919
Siletz-Yaquina (17100204),2008,3286.7569182530515,6568.627872207013,5886.794591571691,681.8332806353202,1257.970848839865,1.9985134391071162,1.791064790608424,0.20744864849869163,0.3827392411813925
Siletz-Yaquina (17100204),2009,3401.236648404773,6945.128772445371,6361.645580702726,583.4831917426474,1056.0442739029631,2.041942237598414,1.8703919304428365,0.17155030715557798,0.3104883261793214
Siletz-Yaquina (17100204),2010,3072.1864511853164,6298.963655671667,6034.341168402812,264.6224872688538,468.55618676683116,2.050319456763892,1.9641845520393568,0.08613490472453475,0.15251554364028003
Siletz-Yaquina (17100204),2011,3303.1296670073593,6537.502079715567,5972.379059536541,565.1230201790219,1026.1688299570378,1.9791842097553967,1.8080970660009015,0.17108714375449396,0.31066562121575697
Siletz-Yaquina (17100204),2012,2975.7601292352992,5624.715969539681,5211.163679837401,413.5522897022739,746.559954352846,1.8901778790164454,1.7512042145603142,0.13897366445612913,0.2508804211126703
Siletz-Yaquina (17100204),2013,3313.0584574239333,7341.248875107026,6838.028930625738,503.21994448129925,925.994504359774,2.2158525028910026,2.0639626552024812,0.15188984768852454,0.27949838985931463
Siletz-Yaquina (17100204),2014,3357.640872020953,7733.050749865725,7083.558387195898,649.4923626698233,1189.4826655364639,2.303120269444191,2.109683154688407,0.19343711475578268,0.3542614326172764
Siletz-Yaquina (17100204),2015,3561.7731008526735,7486.541529841631,6742.5984212573,743.9431085843315,1393.5586952674191,2.101914220209419,1.8930454664962095,0.20886875371320948,0.39125420283897566
Siletz-Yaquina (17100204),2016,3509.206968440447,8079.417435991945,7164.480320301655,914.9371156902912,1738.4237607161522,2.302348510262585,2.0416237585113644,0.26072475175122123,0.4953893504573594
Siletz-Yaquina (17100204),2017,3776.6953888786925,8032.312788047536,6859.7470093375905,1172.5657787099522,2199.5260398982696,2.1268098061867637,1.816335791744714,0.3104740144420514,0.5823943456957784
Siletz-Yaquina (17100204),2018,3995.457876817927,8603.653521465327,7499.103528616726,1104.5499928486108,2074.1749311486506,2.1533585853537947,1.876907168043824,0.27645141730997286,0.5191332245506165
Siletz-Yaquina (17100204),2019,3492.2222581469177,7700.278721286943,7153.217809146111,547.0609121408356,989.9066359135032,2.2049795666135386,2.0483283366224896,0.15665122999104966,0.28346037644201333
Siletz-Yaquina (17100204),2020,3701.476345661995,8214.13103888603,7907.774630893623,306.35640799239746,560.1395518702717,2.2191499476993046,2.136383943169397,0.08276600452990517,0.1513286860597492
Siletz-Yaquina (17100204),2021,3751.693739246995,8272.76203161551,7703.540454888161,569.2215767273459,1040.663667956491,2.205073923031879,2.0533500307608645,0.15172389227101324,0.27738502668007314
Siletz-Yaquina (17100204),2022,4048.694406296997,8344.249971461659,8002.053764195571,342.1962072660893,648.0168268861181,2.0609730283628513,1.976452891023302,0.08452013733954981,0.16005575176981685
Siletz-Yaquina (17100204),2023,4287.0917685811455,8965.55908107328,7544.480700223489,1421.0783808497908,2722.262206323303,2.0912916179633165,1.759813203793491,0.33147841416982554,0.6349904208428601
Siletz-Yaquina (17100204),2024,3955.0023326084815,9126.958799892482,8749.66113960794,377.29766028454173,694.6366825027189,2.3076999789966974,2.212302396756664,0.09539758224003345,0.1756349615208895
Siltcoos (17100207),1985,557.7115751419998,1246.7116626342229,1146.14558558776,100.56607704646261,201.13215409292522,2.2354057512914194,2.0550866015214733,0.18031914976994576,0.3606382995398915
Siltcoos (17100207),1986,555.6548626107273,1342.6134802922531,1256.2116666186744,86.40181367357886,172.80362734715771,2.4162723493213485,2.2607768799437884,0.15549546937756037,0.31099093875512074
Siltcoos (17100207),1987,555.6548626107273,1467.638389531108,1325.0344320809947,142.60395745011317,285.20791490022634,2.6412769657687405,2.3846357176743873,0.2566412480943528,0.5132824961887056
Siltcoos (17100207),1988,555.6548626107273,1312.3243499841615,1259.791766425912,52.53258355824965,105.0651671164993,2.3617616586998733,2.2672199078881796,0.09454175081169437,0.18908350162338874
Siltcoos (17100207),1989,555.6548626107273,1336.9692093726094,1283.6239584979064,53.34525087470318,106.69050174940637,2.4061144774130128,2.310110186864628,0.09600429054838495,0.1920085810967699
Siltcoos (17100207),1990,555.6548626107273,1306.7291753931404,1267.8899134478252,38.83926194531517,77.67852389063034,2.3516921443888994,2.2817939673751497,0.06989817701374931,0.13979635402749863
Siltcoos (17100207),1991,557.7115751201887,1307.4239451570331,1259.5137299808432,47.91021517619015,95.8204303523803,2.3442653935867814,2.2583603894350115,0.08590500415177027,0.17181000830354054
Siltcoos (17100207),1992,555.6548626107273,1393.7058914356508,1307.058559160635,86.64733227501567,173.29466455003134,2.508222253085965,2.352284929208503,0.1559373238774621,0.3118746477549242
Siltcoos (17100207),1993,544.9764936425414,1021.8382423100702,1018.4171834967211,3.4210588133491804,6.842117626698361,1.8750134257722864,1.8687359828857442,0.006277442886542381,0.012554885773084761
Siltcoos (17100207),1994,544.9764936425414,1208.2656087830599,1177.1065945784483,31.15901420461163,62.31802840922326,2.2170967424800163,2.1599217733426332,0.05717496913738322,0.11434993827476644
Siltcoos (17100207),1995,555.6548626107273,1434.4502911162542,1369.4558960002698,64.99439511598413,129.98879023196827,2.581549065145464,2.4645800624616574,0.11696900268380622,0.23393800536761244
Siltcoos (17100207),1996,555.6548626107273,1423.9925589987015,1324.917904583191,99.0746544155104,198.1493088310208,2.562728511558625,2.3844260056649285,0.17830250589369664,0.3566050117873933
Siltcoos (17100207),1997,555.6548626107273,1348.9967486469939,1325.8499759077938,23.146772739199868,46.293545478399736,2.427760178879339,2.386103434204334,0.04165674467500467,0.08331348935000935
Siltcoos (17100207),1998,557.7115751201887,1322.1842592242474,1249.8630278527519,72.32123137149541,144.64246274299083,2.370731249282951,2.2410562800017235,0.12967496928122738,0.25934993856245475
Siltcoos (17100207),1999,555.6548626107273,1348.752781951671,1221.2138386441552,127.53894330751577,255.07788661503153,2.4273211173111986,2.197792048298326,0.22952906901287243,0.45905813802574486
Siltcoos (17100207),2000,555.6548626107273,1428.6758195098248,1300.0631898897943,128.61262962003053,257.22525924006106,2.5711568738861303,2.3396955149127776,0.23146135897335274,0.4629227179467055
Siltcoos (17100207),2001,555.6548626107273,1342.980935065523,1282.3346834283204,60.64625163720234,121.29250327440468,2.416933649704006,2.3077899064957523,0.10914374320825304,0.21828748641650608
Siltcoos (17100207),2002,555.6548626107273,1343.2442911590538,1214.7054564263376,128.53883473271577,257.07766946543154,2.4174076059514027,2.186079054035596,0.23132855191580617,0.46265710383161235
Siltcoos (17100207),2003,555.6548626107273,1317.4201608229635,1227.9518318934572,89.46832892950611,178.93665785901223,2.3709324789008512,2.209918268552467,0.16101421034838412,0.32202842069676824
Siltcoos (17100207),2004,555.6548626107273,1415.4515693057224,1374.5873459506388,40.86422335508368,81.72844671016736,2.547357477725052,2.4738150215984476,0.07354245612660418,0.14708491225320836
Siltcoos (17100207),2005,555.6548626107273,1349.3987999545336,1334.720950821086,14.677849133447408,29.355698266894816,2.428483741894069,2.402068335279099,0.02641540661496956,0.05283081322993912
Siltcoos (17100207),2006,555.6548626107273,1376.7773336493888,1285.8070235834768,90.97031006591236,181.94062013182472,2.4777562949429486,2.314039001732392,0.16371729321055728,0.32743458642111456
Siltcoos (17100207),2007,555.6548626107273,1334.0272669254273,1240.691063751533,93.33620317389455,186.6724063477891,2.4008199274231874,2.232844787719816,0.16797513970337138,0.33595027940674277
Siltcoos (17100207),2008,555.6548626107273,1273.3521780721971,1180.5816040180391,92.77057405415802,185.54114810831604,2.29162428650294,2.124667097253703,0.16695718924923708,0.33391437849847416
Siltcoos (17100207),2009,555.6548626107273,1374.7582539035902,1313.4171030311213,61.34115087246875,122.6823017449375,2.474122600933124,2.3637282626486367,0.11039433828448696,0.2207886765689739
Siltcoos (17100207),2010,555.6548626107273,1320.762255944463,1313.102363557674,7.659892386788845,15.31978477357769,2.3769471749763915,2.3631618328472874,0.013785342129103444,0.027570684258206888
Siltcoos (17100207),2011,555.6548626107273,1270.7833394843926,1246.5347817257025,24.248557758690353,48.497115517380706,2.2870012034334697,2.2433616001647088,0.04363960326876157,0.08727920653752314
Siltcoos (17100207),2012,555.6548626107273,1219.0542583217086,1196.2979250855628,22.756333236145927,45.512666472291855,2.193905498449199,2.152951419276336,0.040954079172862805,0.08190815834572561
Siltcoos (17100207),2013,555.6548626107273,1391.503439216693,1351.524708624256,39.97873059243693,79.95746118487386,2.5042585476148935,2.432309693600374,0.07194885401451918,0.14389770802903837
Siltcoos (17100207),2014,555.6548626107273,1525.3066565101599,1456.4589250372649,68.84773147289529,137.69546294579058,2.7450612946021087,2.621157526083975,0.12390376851813434,0.24780753703626868
Siltcoos (17100207),2015,555.6548626107273,1399.6475003397704,1301.6112489795,98.03625136027004,196.0725027205401,2.518915237713515,2.3424815232677343,0.17643371444577977,0.35286742889155953
Siltcoos (17100207),2016,555.6548626107273,1438.9714221400668,1383.2014695138269,55.76995262623988,111.53990525247976,2.589685646552437,2.4893176728714246,0.10036797368101212,0.20073594736202424
Siltcoos (17100207),2017,555.6548626107273,1389.92864440198,1296.269651496618,93.65899290536198,187.31798581072397,2.5014244235557355,2.3328683661763256,0.1685560573794101,0.3371121147588202
Siltcoos (17100207),2018,555.6548626107273,1441.0291860003495,1279.779619548199,161.24956645215096,322.4991329043019,2.5933889595237556,2.3031916134688246,0.2901973460549321,0.5803946921098642
Siltcoos (17100207),2019,555.6548626107273,1414.2680622965893,1414.2680622965893,0.0,0.0,2.545227545839686,2.545227545839686,0.0,0.0
Siltcoos (17100207),2020,555.6548626329999,1401.1202821359384,1401.1202821359384,0.0,0.0,2.521565771055536,2.521565771055536,0.0,0.0
Siltcoos (17100207),2021,555.6548626329999,1472.7249638186038,1472.7249638186038,0.0,0.0,2.6504311630425024,2.6504311630425024,0.0,0.0
Siltcoos (17100207),2022,544.9764936629999,1297.8632887468511,1297.8632887468511,0.0,0.0,2.3815032461738026,2.3815032461738026,0.0,0.0
Siltcoos (17100207),2023,544.9764936425414,1378.6524798184364,1378.6524798184364,0.0,0.0,2.529746687978649,2.529746687978649,0.0,0.0
Siltcoos (17100207),2024,555.6548626107273,1450.9033954027366,1450.9033954027366,0.0,0.0,2.61115935994101,2.61115935994101,0.0,0.0
Silver (17120004),1985,21711.686707474015,46593.3902725753,12657.230846238595,33936.159426336664,60241.58927288989,2.146005093954125,0.5829685651221874,1.5630365288319357,2.7746158133422387
Silver (17120004),1986,21146.582335060735,44699.35993685708,13532.245913025024,31167.11402383205,55408.48841522111,2.1137864846720964,0.6399259085279587,1.4738605761441372,2.6202100905617556
Silver (17120004),1987,15993.88774001216,35105.21758125653,10590.97919135644,24514.238389900114,42259.15874526314,2.194914591868321,0.6621891664814441,1.5327254253868783,2.642206787505626
Silver (17120004),1988,13434.816797801712,26126.254116810276,8363.091855628296,17763.16226118198,29406.816878860773,1.9446676876967326,0.622493926154372,1.3221737615423605,2.188851349552641
Silver (17120004),1989,21308.772286964253,45245.81394597767,18284.753209894585,26961.060736083113,48343.40546404047,2.123342130492287,0.8580857199868044,1.2652564105054835,2.2687090937479675
Silver (17120004),1990,7524.698997943421,16052.746278089633,3568.843314418211,12483.902963671422,18790.34059091794,2.1333406535566426,0.474283863765662,1.6590567897909807,2.49715511491603
Silver (17120004),1991,11988.201184497131,24958.5808056986,8471.370883318768,16487.20992237984,26522.552841151526,2.0819287582506094,0.7066423688546162,1.3752863893959941,2.212388033281414
Silver (17120004),1992,8672.321842627407,18945.437973358556,5785.051703386119,13160.386269972445,19820.80472839253,2.1845865867471956,0.6670706886073606,1.5175158981398358,2.2855245790079586
Silver (17120004),1993,21899.39618285368,41933.42725444811,20132.298546657235,21801.12870779088,38930.37620290662,1.9148211623880407,0.9193083854257128,0.9955127769623282,1.777691762724832
Silver (17120004),1994,9952.459822416147,20661.77619280772,5678.774984598331,14983.00120820939,23478.597811235955,2.0760471844629547,0.5705900938989876,1.5054570905639673,2.3590748649248083
Silver (17120004),1995,21490.40844555478,45455.076807127276,17692.180152401357,27762.896654725962,49198.1578272646,2.115133219654069,0.8232593716040295,1.2918738480500414,2.2893077138066715
Silver (17120004),1996,21623.051498283785,45505.629643562905,17442.71172376669,28062.917919796197,50009.11279126351,2.104496196902397,0.8066720705517032,1.297824126350693,2.312768519060907
Silver (17120004),1997,21004.688108940587,44067.57006536608,14974.7915031835,29092.77856218262,51160.92042178458,2.0979873558136215,0.712926153700398,1.3850612021132254,2.4356905542438443
Silver (17120004),1998,22900.266095409846,47946.62476109633,21715.9606144114,26230.66414668494,46696.33310740649,2.093714743808449,0.9482842043815451,1.145430539426904,2.039117489414953
Silver (17120004),1999,22536.264239579825,45041.68234688185,12860.330025548423,32181.352321333467,56354.31870920501,1.9986312668350938,0.5706504808797093,1.4279807859553864,2.5006060503245013
Silver (17120004),2000,20080.268965624073,45142.39018073336,13507.928759139666,31634.461421593704,53451.42820137426,2.248096888443764,0.6726966049241788,1.5754002835195857,2.6618880600095114
Silver (17120004),2001,15404.909683066664,32101.151807750157,7572.863788157643,24528.288019592514,39258.116616212086,2.083826031322747,0.4915876784712255,1.5922383528515212,2.5484158897319125
Silver (17120004),2002,16089.408713211618,33773.62606908094,6270.945717525563,27502.680351555373,45070.26372236129,2.0991216440010096,0.3897561327021455,1.709365511298864,2.8012380396149923
Silver (17120004),2003,14398.840002446126,33310.80207246769,9771.963898396287,23538.838174071378,37870.69030183723,2.3134365036911815,0.6786632740370885,1.6347732296540913,2.6301209191437382
Silver (17120004),2004,20225.465368053556,45399.68558826916,14937.53961643795,30462.145971831247,51353.85648290151,2.2446794059917496,0.7385510960866212,1.5061283099051304,2.5390692153870407
Silver (17120004),2005,23294.287217629382,53106.477391534514,21072.010993415326,32034.466398119195,55316.25435790669,2.2798069284276243,0.9045999474698581,1.3752069809577665,2.3746704005625343
Silver (17120004),2006,23082.950663751064,52363.72233602756,17010.36499720348,35353.357338824084,61981.04238058068,2.268502112178334,0.7369233355385613,1.5315787766397726,2.6851438225319386
Silver (17120004),2007,14266.171032903156,33581.31984467669,8060.751546001478,25520.56829867523,40643.77048999482,2.353912606769226,0.5650255788613745,1.7888870279078528,2.8489613923914834
Silver (17120004),2008,19387.233847563628,39488.04945656289,10513.000163668783,28975.04929289411,48471.18185708779,2.0368067856944587,0.5422640613059887,1.4945427243884704,2.5001597565801843
Silver (17120004),2009,19706.16087341633,43086.993356742394,17104.34585554316,25982.647501199233,43513.02133959704,2.1864732371522897,0.8679694622110273,1.3185037749412623,2.208092262064918
Silver (17120004),2010,22698.667761862198,47035.88216982919,13930.391730582214,33105.49043924697,56635.672199375804,2.0721869082051523,0.6137096624669643,1.4584772457381876,2.495109968283417
Silver (17120004),2011,24189.623309826908,53901.289570520836,18554.102110315496,35347.18746020529,62281.39668269006,2.2282814775633035,0.7670273270761513,1.4612541504871506,2.574715442442982
Silver (17120004),2012,17916.992610541387,37854.8682127818,10442.892238987388,27411.975973794426,43652.441401026226,2.1127914173782743,0.5828484984049922,1.5299429189732827,2.4363710110224357
Silver (17120004),2013,18678.63428649102,37914.056997502536,13318.694297967155,24595.362699535388,39890.83128485026,2.0298088401957304,0.7130443314905339,1.3167645087051967,2.135639612244059
Silver (17120004),2014,17871.00190123345,41928.54045961076,12492.776854454021,29435.76360515673,46812.57303731979,2.346177382294211,0.6990529643215905,1.64712441797262,2.619471101622389
Silver (17120004),2015,15153.455540315244,36357.467190429554,11596.550437034848,24760.916753394722,36466.90531694863,2.399285568476561,0.7652743234823652,1.6340112449941968,2.4065075599377113
Silver (17120004),2016,20088.6496287514,45730.83084107078,12934.230051519618,32796.60078955116,52241.83498926634,2.276451214302609,0.6438576156461912,1.6325935986564177,2.600564794285449
Silver (17120004),2017,25436.736975437398,55831.04362636682,15633.381823163552,40197.661803203264,66022.36379334178,2.194898020146186,0.6145985563423364,1.5802994638038492,2.5955516172178563
Silver (17120004),2018,17359.853628734632,40483.69961596549,9570.819747128868,30912.879868836608,45514.012735710094,2.3320300091099537,0.5513191500236451,1.7807108590863079,2.6217970329181646
Silver (17120004),2019,26500.659870556312,59958.299140975985,23228.61923987167,36729.6799011043,60079.055115816984,2.2625209875469157,0.8765298431560922,1.3859911443908228,2.267077703320441
Silver (17120004),2020,19445.293208073002,43003.84805549488,11410.784037546837,31593.06401794799,47464.31655594679,2.211529936593663,0.5868147070577203,1.6247152295359404,2.440915446635758
Silver (17120004),2021,15347.88539828399,36889.978481180806,9097.351449662625,27792.627031518172,39258.15016906442,2.403587043027138,0.592742987948019,1.8108440550791185,2.5578865850440726
Silver (17120004),2022,14832.920756649986,35868.234548716835,9554.693887434129,26313.54066128271,36619.235450889515,2.4181504868241253,0.6441545831862218,1.7739959036379036,2.4687811693777273
Silver (17120004),2023,25616.995004546538,56283.15436350947,25994.05757243906,30289.096791070384,47622.143404840834,2.197102132920753,1.0147192349385867,1.1823828979821651,1.8590058434406063
Silver (17120004),2024,24339.18942932625,57174.277012947816,15569.366854688195,41604.91015825962,66951.50996434879,2.34906249359556,0.6396830469600064,1.7093794466355536,2.750769911987251
Silvies (17120002),1985,83156.00806907704,178981.07007299882,53759.09279960419,125221.97727339482,242436.84792327994,2.1523528393080227,0.6464847705886378,1.5058680687193873,2.9154459617865442
Silvies (17120002),1986,78917.14028223214,171685.21493941624,51774.62330641592,119910.59163300034,232127.04773193182,2.17551237063858,0.6560630950545575,1.519449275584023,2.94140217070428
Silvies (17120002),1987,70937.70428324427,148478.98955459203,48955.840206740126,99523.14934785187,192183.22970263305,2.0930898603898473,0.6901243943737783,1.4029654660160686,2.709183101489618
Silvies (17120002),1988,55635.06406435476,105784.89185315499,35033.42508597809,70751.46676717677,135448.53043745842,1.9014068489395537,0.6297004537543781,1.2717063951851733,2.434589277740042
Silvies (17120002),1989,79051.14136533193,158930.14681959085,71306.24230533367,87623.90451425727,169489.73336945235,2.0104725127889176,0.9020267269234545,1.1084457858654644,2.1440516916278516
Silvies (17120002),1990,36454.24945501067,69816.61634742754,24882.116431445684,44934.4999159819,84736.57744677429,1.9151845776879979,0.6825573644618163,1.2326272132261828,2.3244636417861337
Silvies (17120002),1991,58688.86311122912,104334.80102790949,46518.66352905198,57816.137498857424,110178.35456198479,1.777761495058622,0.7926318736297248,0.9851296214288957,1.877329849671326
Silvies (17120002),1992,20064.70328362793,37946.36063063063,16961.945669185337,20984.414961445276,38131.04603959618,1.891199690034464,0.8453623973111863,1.0458372927232769,1.9004041824386075
Silvies (17120002),1993,79230.5374556422,140143.7860520483,76627.66425106348,63516.121800984954,122546.0832081754,1.7688102410072482,0.9671481061700994,0.8016621348371507,1.5467026621747169
Silvies (17120002),1994,43135.46245788966,86986.00749095234,26953.084684621077,60032.92280633126,113878.38225975865,2.016577603077076,0.6248474723305358,1.3917301307465404,2.640017650695891
Silvies (17120002),1995,81083.25210132726,164983.502206464,66725.49369528516,98258.00851117847,190093.16019666038,2.034742045130222,0.8229257209849001,1.2118163241453173,2.3444195351107373
Silvies (17120002),1996,78738.8831326257,168133.435121323,68891.7772247758,99241.65789654707,192099.08522898072,2.135329184668818,0.8749397309679424,1.260389453700874,2.4396978670044644
Silvies (17120002),1997,79959.91499515256,169875.98338174325,65498.714044664186,104377.26933707876,201543.43996773113,2.1245143068503975,0.8191443681328943,1.3053699387174993,2.5205559558179793
Silvies (17120002),1998,84847.95871951262,174013.14493333566,79811.17461322687,94201.97032010884,183274.58175912502,2.0508819252633073,0.9406375335093662,1.1102443917539417,2.160035250405819
Silvies (17120002),1999,79353.47756876673,156208.96105965986,47418.119915059266,108790.84114460052,210141.08786716455,1.9685206728878535,0.5975556631902782,1.3709650096975743,2.6481648228341212
Silvies (17120002),2000,72228.58469617544,156542.23063277386,54231.5314018511,102310.69923092291,196663.01646261063,2.1673168772620697,0.7508319819635438,1.4164848952985276,2.722786515752178
Silvies (17120002),2001,52276.84366465056,96059.42163346846,34440.96745488865,61618.454178579675,115505.59785433384,1.8375137996027016,0.6588188008408304,1.1786949987618685,2.209498312394066
Silvies (17120002),2002,54500.89360852077,104320.68314756102,25945.24489797086,78375.43824959027,148095.1039223519,1.9141095905123167,0.4760517338364253,1.4380578566758933,2.7172968022527697
Silvies (17120002),2003,48931.87180046664,104841.36167979869,39589.31703489044,65252.04464490813,123441.053665383,2.142598634021576,0.8090701536276177,1.3335284803939558,2.5227126844594943
Silvies (17120002),2004,66992.41544339451,147159.49222958894,59627.86552894919,87531.62670063965,167348.17392947458,2.196658998718025,0.8900689001030568,1.3065900986149668,2.4980167205775112
Silvies (17120002),2005,76330.88448200267,162391.88206546922,64592.12153407507,97799.76053139447,188602.83115468113,2.1274728200451816,0.8462121456132823,1.2812606744319035,2.4708587151135393
Silvies (17120002),2006,83960.80465272954,193436.04143444254,68294.39686392495,125141.64457051778,242655.65433288363,2.3038850358153873,0.8134080794770554,1.4904769563383342,2.8901063458899925
Silvies (17120002),2007,49336.21218520743,107331.26055231188,30559.722462323134,76771.53808998875,144625.7430093565,2.175506707920581,0.6194176875112013,1.5560890204093802,2.931431834824156
Silvies (17120002),2008,67079.89751367741,129887.95961000462,39182.32323571669,90705.6363742878,172888.98846724554,1.9363172041746308,0.5841142382146234,1.3522029659600057,2.577359162362971
Silvies (17120002),2009,67742.02691872853,144455.00440791913,57663.55116232201,86791.45324559715,165277.34439506862,2.1324281391996833,0.8512227015513151,1.2812054376483686,2.4398051241270826
Silvies (17120002),2010,75504.98834098295,158341.20070409667,54711.48907525098,103629.71162884588,198650.6478816958,2.0970958897314538,0.7246076090783848,1.3724882806530712,2.6309605795127484
Silvies (17120002),2011,87728.81806637453,188910.59310974865,70096.98668174667,118813.60642800207,228864.043548644,2.153347067400603,0.7990189338777158,1.3543281335228883,2.6087669775225777
Silvies (17120002),2012,72681.50708462909,145631.63453144798,46738.934167664476,98892.70036378356,188354.91588087045,2.003695855699264,0.6430650112035028,1.3606308444957615,2.5915108730691734
Silvies (17120002),2013,63155.53092278305,117991.02515954636,48773.38382018697,69217.64133935944,130127.46580801178,1.8682611552075745,0.7722741477673527,1.0959870074402227,2.06042865773881
Silvies (17120002),2014,51855.53340967981,112674.29713060962,37977.40484231677,74696.89228829298,140228.13586578166,2.1728500262534536,0.7323693797975198,1.4404806464559363,2.704207760393136
Silvies (17120002),2015,45984.27318774709,101869.97718981667,41822.036034649704,60047.94115516697,111011.00871976865,2.2153221118423767,0.9094856379244362,1.3058364739179409,2.414108150987336
Silvies (17120002),2016,62543.592019473974,133534.7490792686,42345.739233903485,91189.00984536523,172005.40111850115,2.135066835267318,0.6770595974199634,1.4580072378473568,2.7501682516882697
Silvies (17120002),2017,83734.68542969863,182680.52342566726,63364.09228424181,119316.43114142533,227482.23155376944,2.181658920532291,0.7567245515890852,1.4249343689432041,2.716702527589446
Silvies (17120002),2018,56582.68232886001,115497.28841142522,36008.98661064951,79488.30180077584,147428.4917078668,2.0412126759942555,0.6363958923220421,1.4048167836722156,2.605540876464792
Silvies (17120002),2019,87694.8974895452,200486.73624051004,83709.7399183909,116776.99632211914,223136.87980815116,2.2861847379935836,0.9545565627506504,1.331628175242933,2.544468221024525
Silvies (17120002),2020,67107.27373766707,142111.11964987632,43332.777818534574,98778.34183134211,186037.47012526885,2.1176708832698394,0.6457240088150391,1.4719468744548057,2.7722400235258955
Silvies (17120002),2021,41732.19180649898,83107.05591550113,29142.980703653313,53964.07521184785,97714.66059762036,1.9914376005182362,0.6983333355406187,1.2931042649776183,2.3414696513113213
Silvies (17120002),2022,37365.29173015498,77208.34126129151,32842.53748219704,44365.80377909436,78885.54933812353,2.066311747781215,0.8789584119770719,1.18735333580414,2.111198539752344
Silvies (17120002),2023,84448.9031753338,181953.36513955877,82726.39821294155,99226.96692661704,188804.33461429088,2.154597138600901,0.9796029918965795,1.1749941467043195,2.235722756781022
Silvies (17120002),2024,78196.60751935853,188887.13669098145,53873.02657466045,135014.1101163212,256876.73655422035,2.4155413218434076,0.6889432711172735,1.7265980507261365,3.285011264595173
Siuslaw (17100206),1985,2511.322958056998,5397.622171445441,3552.9640729395583,1844.6580985058813,3499.202131648423,2.1493142306243094,1.4147778411138625,0.7345363895104464,1.3933700245211567
Siuslaw (17100206),1986,2450.51211432732,5562.647401794109,4369.005405968086,1193.6419958260203,2247.2409786210446,2.269993838949492,1.7828948408065324,0.48709899814295843,0.9170495283341725
Siuslaw (17100206),1987,2189.172607703992,5469.143107168279,3632.1164997386873,1837.026607429591,3442.1719380972345,2.498269477665503,1.6591275109860146,0.8391419666794879,1.5723620540398549
Siuslaw (17100206),1988,2560.3963507941353,5546.227902968462,4631.6546404294395,914.5732625390222,1726.5024771366307,2.1661598999109017,1.8089600225343552,0.35719987737654646,0.6743106303057872
Siuslaw (17100206),1989,2403.867273110182,5375.907665346856,3749.206961604284,1626.7007037425758,3053.9281487180388,2.2363579410070242,1.5596563934885925,0.676701547518433,1.2704229484212712
Siuslaw (17100206),1990,2632.652548053202,6047.633434893157,4559.70467241901,1487.9287624741507,2783.754336532855,2.2971635354484095,1.7319811821696063,0.565182353278805,1.0573952641761977
Siuslaw (17100206),1991,2270.1516118150616,4943.9815593441135,4279.761245905231,664.2203134388799,1231.4672366116781,2.177819989472525,1.8852314636745426,0.2925885257979812,0.5424603494332606
Siuslaw (17100206),1992,2336.7276233465004,5460.419984598397,3642.170518322612,1818.2494662757829,3431.9987732051763,2.3367806885332914,1.558662841973232,0.7781178465600587,1.4687200762791959
Siuslaw (17100206),1993,2571.8762320988135,5331.296191975574,4533.0701994480205,798.2259925275492,1491.8418464249746,2.0729209770817394,1.7625537896700219,0.31036718741171554,0.5800597353036454
Siuslaw (17100206),1994,2062.157730813651,4601.58798328953,3236.6410860094124,1364.9468972801142,2560.6233657599037,2.2314432666961483,1.5695409898312451,0.6619022768649014,1.2417204210414965
Siuslaw (17100206),1995,2699.874015048783,6372.000441042044,5225.197012884489,1146.803428157556,2164.2482418928503,2.3601102886746776,1.9353484583946694,0.4247618302800084,0.8016108269606592
Siuslaw (17100206),1996,2411.209197185697,5400.956854265911,4676.127439221815,724.829415044102,1374.2339132545044,2.239937065838075,1.9393288001222264,0.3006082657158511,0.5699355803961248
Siuslaw (17100206),1997,2507.0102600818,5792.323051379202,5041.973385934222,750.3496654449805,1411.9381288172092,2.310450477051581,2.0111498808823027,0.2993005961692784,0.5631959913762538
Siuslaw (17100206),1998,2454.574932658844,5013.323181998895,4326.200620534414,687.1225614644825,1294.4524694300953,2.0424404711769646,1.7625050117529673,0.27993545942399806,0.5273631911607274
Siuslaw (17100206),1999,2318.5180240044206,5087.243375172406,3663.978009879492,1423.2653652929146,2674.3678675432825,2.1941789205442492,1.5803103413236637,0.6138685792205861,1.1534815946456423
Siuslaw (17100206),2000,2688.452484384857,6425.06190554654,4598.319959196806,1826.7419463497347,3440.4291317388684,2.3898737072218164,1.7103965890804815,0.6794771181413348,1.279706132699634
Siuslaw (17100206),2001,2472.450357252459,5642.645729698197,4204.439248612559,1438.2064810856366,2671.924810057956,2.2822078967719523,1.700515133207687,0.5816927635642648,1.0806788505259073
Siuslaw (17100206),2002,2518.899158894939,5721.0613424375,4366.589408816138,1354.4719336213627,2551.464310033035,2.2712546162218636,1.7335308535065752,0.5377237627152889,1.0129283266553564
Siuslaw (17100206),2003,2563.9332215826876,5726.153710701687,3850.20804269751,1875.9456680041744,3550.600194728059,2.2333474454404842,1.5016803130000473,0.7316671324404361,1.3848255347837464
Siuslaw (17100206),2004,2522.5869807493664,6069.0482507469915,4703.967783897681,1365.0804668493079,2582.5898680892747,2.4058826502561685,1.864739578771753,0.5411430714844145,1.0237862510977058
Siuslaw (17100206),2005,2596.4520037750026,5859.480690429821,5021.181090188423,838.2996002414017,1581.168474361713,2.256725979109444,1.933862471899379,0.3228635072100663,0.6089727335852306
Siuslaw (17100206),2006,2646.0250014107414,5940.13749601128,4785.034003902639,1155.1034921086398,2178.511843872086,2.244928711121122,1.808385786737266,0.4365429243838553,0.8233149130150326
Siuslaw (17100206),2007,2485.4107815937655,5490.637995701754,3858.381485200745,1632.2565105010099,3062.8821413058076,2.2091470900359145,1.552411985083031,0.6567351049528836,1.2323444333583118
Siuslaw (17100206),2008,2312.1614727205674,4983.225965664791,3580.749829878358,1402.4761357864322,2622.1642929273003,2.1552240293154608,1.5486590673380292,0.6065649619774311,1.1340749008510955
Siuslaw (17100206),2009,2461.4186566030626,5457.774937798913,3902.039072635509,1555.735865163399,2902.7202265558913,2.217328987556729,1.5852805300584696,0.6320484574982576,1.179287488850782
Siuslaw (17100206),2010,2501.2857801510136,5317.983835931112,5101.350016246083,216.63381968503163,403.56040463996146,2.1261000554722864,2.039491071643198,0.0866089838290899,0.16134118214016982
Siuslaw (17100206),2011,2805.7379586316224,6008.910217130389,4894.560156660454,1114.3500604699318,2089.3757686694466,2.141650541043746,1.744482281961771,0.39716825908197356,0.7446795814418997
Siuslaw (17100206),2012,2654.9947483992833,5544.863813946326,4367.337451117806,1177.526362828521,2183.1616450273705,2.0884650778647935,1.6449514462320152,0.44351363163277846,0.8222847319542216
Siuslaw (17100206),2013,2601.9529854813495,5865.693071796503,4563.800331214625,1301.8927405818777,2458.3803178726043,2.2543424514303347,1.753990312922715,0.5003521385076193,0.9448211906941182
Siuslaw (17100206),2014,2687.7719841593807,6506.855591658109,5050.548403680357,1456.3071879777492,2755.6120890888715,2.4209105645891213,1.8790836549551844,0.5418269096339359,1.025240275339319
Siuslaw (17100206),2015,2551.1276586936824,5908.863031895013,4314.796404454378,1594.066627440632,3020.025881950576,2.3161769313107112,1.6913290833371273,0.6248478479735826,1.1838003761430722
Siuslaw (17100206),2016,2686.5876572470856,6206.255136073726,4542.918185944999,1663.3369501287248,3144.2327612199683,2.310088457129741,1.6909622039282624,0.619126253201478,1.1703443782071963
Siuslaw (17100206),2017,2869.1166906791223,6625.73774548779,4890.579372793207,1735.1583726945914,3260.5411094151864,2.3093301736429104,1.7045592424599512,0.6047709311829621,1.1364268034157279
Siuslaw (17100206),2018,3102.422924393861,6974.998067324889,4952.567357211972,2022.4307101129134,3803.4366511593507,2.2482421762943994,1.596354680811155,0.6518874954832432,1.2259568549643987
Siuslaw (17100206),2019,3334.022642702864,7193.383204964954,5458.163735033123,1735.2194699318334,3238.106510278217,2.157568791774413,1.637110577811864,0.52045821396255,0.9712311094723434
Siuslaw (17100206),2020,4155.561154921,9430.02755373072,8078.001616089071,1352.0259376416586,2552.1517123458348,2.269254909788469,1.9439015129215778,0.3253533968668936,0.614153327842038
Siuslaw (17100206),2021,3498.674678503001,7923.048044062193,5799.191765498474,2123.8562785637127,4037.347970541279,2.264585527984064,1.6575395823826091,0.6070459456014528,1.1539649557439744
Siuslaw (17100206),2022,4108.660622282001,9044.03508457505,7670.686509924502,1373.3485746505512,2605.9151836377628,2.201212491371916,1.8669554911216075,0.3342570002503094,0.634249314607641
Siuslaw (17100206),2023,4214.04396083899,8963.334795653884,5769.546488131458,3193.788307522415,6079.293805484313,2.1270150190529433,1.3691234694625203,0.7578915495904204,1.4426270494515592
Siuslaw (17100206),2024,4778.192178386359,11192.032081549918,8983.42701126982,2208.605070280091,4126.04152969365,2.342315181916683,1.8800890956009242,0.46222608631575757,0.8635151906106575
Sixes (17100306),1985,6495.385881252992,13169.557873484719,11179.627716055624,1989.9301574291026,3818.7590200942095,2.0275250946205903,1.7211645190045306,0.30636057561606106,0.5879187302968292
Sixes (17100306),1986,6178.30780386183,12845.40193903714,12692.474692296504,152.9272467406344,256.5916066554424,2.079113302028746,2.054361015222147,0.02475228680659861,0.04153104940725947
Sixes (17100306),1987,6317.441104469409,14041.722685608845,12316.345535681543,1725.37714992729,3223.972871800143,2.2226915064827004,1.949578212445555,0.27311329403714346,0.5103289161681736
Sixes (17100306),1988,6160.154373154236,11443.578313004942,11279.461989213318,164.11632379162165,291.5528370940973,1.8576771976487645,1.8310356049466663,0.026641592702097785,0.04732881993423341
Sixes (17100306),1989,6066.733773483053,12604.899718010853,12418.927577394677,185.97214061617942,330.4448260387877,2.0777077400536874,2.0470533306861567,0.030654409367531634,0.054468324864216294
Sixes (17100306),1990,6021.921918712593,11755.422680239057,11541.487633292976,213.93504694608163,369.4537796949168,1.952104799584019,1.916578758258027,0.03552604132599217,0.061351472948673026
Sixes (17100306),1991,6303.750771482027,13335.695093604234,12930.932130353729,404.7629632505115,726.6210263478225,2.1155175033147735,2.0513076419284952,0.0642098613862792,0.11526804480199844
Sixes (17100306),1992,5831.337333767409,13431.49937298094,12351.80260368534,1079.6967692955939,2007.5298465029282,2.3033308835013577,2.1181766542916325,0.18515422920972438,0.34426577157146526
Sixes (17100306),1993,6150.961392055044,11583.58682624992,11386.289210027611,197.29761622231132,380.9666898775931,1.8832156614105864,1.8511397624336963,0.0320758989768905,0.0619361211354168
Sixes (17100306),1994,5899.414320725716,12129.164714096614,11673.222056883365,455.94265721323654,842.2899371515947,2.0559947233210343,1.978708634834006,0.07728608848702609,0.14277517925677416
Sixes (17100306),1995,5984.660952441824,13313.409915614302,13050.770769123801,262.6391464905044,473.49062011578303,2.2245888315832243,2.180703447168366,0.04388538441485879,0.07911736752983348
Sixes (17100306),1996,6204.978985507242,13655.78758994182,12926.69786639027,729.0897235515472,1372.0597592626593,2.2007790230776245,2.0832782667890926,0.11750075628853171,0.2211223861462436
Sixes (17100306),1997,6267.361311232307,13791.146502301975,13589.377362691028,201.76913961095616,363.1697739982996,2.2004709506033437,2.168277316059036,0.03219363454430932,0.05794620031677926
Sixes (17100306),1998,6416.38936796316,12733.844031839633,12097.748582916074,636.0954489235671,1218.4516326759053,1.9845809382172683,1.885444895741485,0.09913604247578438,0.18989677259294735
Sixes (17100306),1999,6520.019859784652,14231.054247409978,13085.359503688162,1145.6947437218143,2175.9437843410155,2.182670383442668,2.0069508659626005,0.17571951748006717,0.3337326927119029
Sixes (17100306),2000,6221.90398302773,14169.606736044258,13479.947891358452,689.6588446858053,1262.8383944234113,2.2773747030967493,2.166531005320783,0.11084369777596609,0.2029665513753048
Sixes (17100306),2001,6026.4350985749725,14554.27407249315,14217.183257692739,337.0908148004112,594.0383715017961,2.415071901452103,2.3591365417765098,0.05593535967559339,0.0985721013808419
Sixes (17100306),2002,6460.9345268670895,15370.03310966367,13640.710346759983,1729.3227629037044,3261.7327227660608,2.378917948440596,2.1112596467332367,0.2676583017073621,0.5048391543363429
Sixes (17100306),2003,6490.812447041794,14504.924693647405,12811.591764505421,1693.3329291419764,3190.1143997907384,2.234685536208655,1.9738040297781736,0.26088150643048047,0.4914815249737561
Sixes (17100306),2004,6269.43422550177,14793.163326290824,14027.847037623018,765.316288667805,1415.6620283417333,2.3595691085038637,2.2374980792625365,0.12207102924132734,0.22580379304137793
Sixes (17100306),2005,6485.916026471658,15301.951401466918,15217.215471309679,84.73593015724516,149.01865769206586,2.3592583282012036,2.346193723323281,0.013064604877923705,0.022975730349245993
Sixes (17100306),2006,6291.765522846482,14859.880636651913,13774.413761142827,1085.4668755090759,2013.6068130554286,2.361798223836081,2.1892763980357444,0.17252182580033523,0.32003843845478286
Sixes (17100306),2007,6101.888062017334,13451.817776399017,12647.169427939303,804.6483484597252,1504.2287975262159,2.204533685259335,2.072664935737619,0.131868749521718,0.2465185828120396
Sixes (17100306),2008,6456.7184779844065,15005.564579766818,13683.424163609798,1322.1404161570138,2500.2527425743992,2.32402336123707,2.1192536441330723,0.2047697171039965,0.38723273302058275
Sixes (17100306),2009,6664.13650686233,15869.402189709452,14857.691799431832,1011.7103902776105,1866.9567328967426,2.3813140942368287,2.2294999185764377,0.15181417566038924,0.2801498335117028
Sixes (17100306),2010,6415.232179397658,14566.490982436775,14406.61282765028,159.87815478648238,280.61908067415317,2.2706101003197765,2.245688452853931,0.024921647465843355,0.04374262268719652
Sixes (17100306),2011,6620.965126891046,14472.079603079992,13788.670864642709,683.408738437288,1266.5448268333055,2.185796077418026,2.082577177251702,0.10321890016632528,0.19129308228633232
Sixes (17100306),2012,6292.857265569954,13831.482516038184,13641.762654042144,189.71986199604228,328.94674718676464,2.197965396690981,2.167816951558743,0.030148445132238202,0.0522730348559672
Sixes (17100306),2013,6320.383412864992,15906.209544900066,14801.229290110114,1104.9802547899487,2065.3224898575486,2.516652630997567,2.341824589309338,0.1748280416882285,0.3267717090791728
Sixes (17100306),2014,6605.478484993068,17378.149165238596,15690.678164007728,1687.4710012308512,3203.8622529232152,2.6308690891537787,2.375403719754027,0.2554653693997494,0.4850310632609043
Sixes (17100306),2015,6286.133859714206,15191.402944825697,13386.547580852955,1804.8553639727286,3436.508268028154,2.416652792296148,2.129535876835681,0.28711691546046475,0.5466807332964417
Sixes (17100306),2016,6473.492475911454,16050.348697677055,14500.729941792806,1549.6187558842475,2924.828216726136,2.479395590155096,2.2400164973932615,0.2393790927618348,0.451816114347816
Sixes (17100306),2017,6761.574048347186,15920.74908048187,15005.95875281543,914.7903276664323,1731.5043034198497,2.3545921358908393,2.2192996254301938,0.13529251046064422,0.25608006228122315
Sixes (17100306),2018,6900.087849704062,16217.35188487308,14296.304095577987,1921.0477892950894,3634.584024371242,2.350310929094711,2.071901750669905,0.2784091784248053,0.5267446014512881
Sixes (17100306),2019,6642.453194549128,15451.56781346748,15021.326857706772,430.2409557607142,807.8909286424966,2.3261839204448154,2.2614125260278,0.06477139441701671,0.12162538522747304
Sixes (17100306),2020,6750.304638219991,16176.156378795067,15914.85412319423,261.30225560083727,487.1242366953404,2.3963594601651352,2.357649761921096,0.03870969824403968,0.07216329674030708
Sixes (17100306),2021,6576.775526065988,15142.22421531123,14812.89288865396,329.331326657265,618.4872624457627,2.3023781418869276,2.2523032495096498,0.0500748923772772,0.09404110874614593
Sixes (17100306),2022,6557.735028162991,14505.056956595148,14359.870587785033,145.18636881011525,265.92592438689775,2.2119004342660107,2.189760721669116,0.022139712596894314,0.04055148969039562
Sixes (17100306),2023,6745.42621383365,15229.364364066176,14337.357389219576,892.0069748466059,1709.0194839221856,2.2577319625605723,2.1254931763713087,0.13223878618926418,0.25335974773799996
Sixes (17100306),2024,6575.893610020868,15759.576241796362,15331.217116703416,428.3591250929436,820.6826935790316,2.3965680067847615,2.3314271832714097,0.06514082351335125,0.12480169878788948
Smith (18010101),1986,33.491418028393674,80.1217975257726,69.04329653504361,11.078500990728992,0.0,2.3923083059023114,2.0615220435428987,0.3307862623594126,0.0
Smith (18010101),1987,29.35920479478273,53.79430604030932,49.9235858565997,3.870720183709614,0.0,1.8322807588395182,1.7004406694786012,0.13184008936091687,0.0
Smith (18010101),1988,31.287174236784715,74.1397135141486,58.876418149253304,15.263295364895297,0.0,2.3696519523639696,1.881806829331093,0.48784512303287697,0.0
Smith (18010101),1989,60.64637903156745,157.9850324938776,121.42084228646776,36.564190207409865,0.0,2.6050200360955396,2.0021119846786926,0.6029080514168471,0.0
Smith (18010101),1990,60.64637903156745,118.07936279246441,98.40694333711876,19.67241945534563,0.0,1.9470142270324522,1.6226351005374338,0.3243791264950181,0.0
Smith (18010101),1992,31.287174236784715,83.36398146189043,61.7532010280091,21.610780433881327,0.0,2.6644778090530905,1.9737545027446137,0.6907233063084767,0.0
Smith (18010101),1993,56.5141657979565,130.5718000561876,122.20247894773364,8.369321108453976,0.0,2.3104260358897304,2.1623335887964634,0.14809244709326672,0.0
Smith (18010101),1994,60.64637903156745,145.20221865964265,128.4794312554393,16.722787404203363,0.0,2.3942438275508993,2.118501274223868,0.2757425533270317,0.0
Smith (18010101),1995,48.10427891489362,92.88625603914649,91.56140107128475,1.3248549678617345,0.0,1.9309354205990992,1.9033941083136436,0.027541312285455435,0.0
Smith (18010101),1996,31.287174236784715,83.20699765870198,60.90052919833733,22.306468460364652,0.0,2.659460296061972,1.9465014237922398,0.7129588722697323,0.0
Smith (18010101),1997,54.732489306296294,130.9160966919336,114.5625120424405,16.353584649493104,0.0,2.391926593349251,2.093135420925602,0.29879117242364905,0.0
Smith (18010101),1998,51.94740787033867,120.9804252399519,109.15754465264226,11.822880587309658,0.0,2.3289020607519135,2.101308787631921,0.2275932731199929,0.0
Smith (18010101),1999,48.10427891489362,101.4594735453326,94.35883498288204,7.100638562450557,0.0,2.1091569364304434,1.961547644229784,0.14760929220065952,0.0
Smith (18010101),2000,45.17205683478463,123.93019655862997,88.25303625838329,35.67716030024668,0.0,2.7435145805270893,1.9537086075395236,0.7898059729875656,0.0
Smith (18010101),2001,83.19067989294756,209.91849785434403,168.28607366589864,41.63242418844536,0.0,2.5233415344660473,2.0228957604680544,0.5004457739979924,0.0
Smith (18010101),2002,41.90130491145656,108.71075037226268,61.48576981681305,47.22498055544963,0.0,2.5944478483900206,1.4673951073061149,1.1270527410839055,0.0
Smith (18010101),2003,54.18062010662384,109.34644147428939,98.96542808692614,10.381013387363254,0.0,2.018183646829861,1.8265835254777223,0.1916001213521387,0.0
Smith (18010101),2004,31.287174236784715,79.56548868860676,52.19185463202219,27.373634056584574,0.0,2.54307046352114,1.6681549518351704,0.8749155116859693,0.0
Smith (18010101),2005,63.3919075696765,133.74130150990655,121.67323461779854,12.06806689210802,0.0,2.109753541694676,1.9193811841687014,0.19037235752597506,0.0
Smith (18010101),2006,51.94740787033867,123.15308770380258,96.55720962419039,26.595878079612188,0.0,2.3707263317390947,1.8587493309617737,0.5119770007773209,0.0
Smith (18010101),2007,54.18062010662384,125.1051199491947,111.02076516020027,14.084354788994432,0.0,2.3090381708994134,2.0490862773759106,0.25995189352350273,0.0
Smith (18010101),2008,39.25816710951347,93.76640473636652,70.60039651677747,23.16600821958906,0.0,2.388455998844735,1.7983620152166706,0.5900939836280644,0.0
Smith (18010101),2009,69.30579729494765,172.36891318263167,103.88112554071871,68.48778764191297,0.0,2.487077847890183,1.4988807516148663,0.9881970962753168,0.0
Smith (18010101),2010,85.4901308361341,175.3652167855376,155.88051282981766,19.484703955719937,0.0,2.0512919452851746,1.8233743626923036,0.22791758259287095,0.0
Smith (18010101),2011,18.745074120110885,38.56654903293574,34.75823376264922,3.8083152702865197,0.0,2.057423128114449,1.8542596065468964,0.20316352156755257,0.0
Smith (18010101),2012,33.491418028393674,74.2343487262899,44.58649899513891,29.647849731150988,0.0,2.2165185321014116,1.3312813138380388,0.8852372182633728,0.0
Smith (18010101),2015,89.5063167575174,246.61897404076498,159.14533568922553,87.47363835153945,0.0,2.755324796895434,1.778034684639834,0.9772901122555998,0.0
Smith (18010101),2016,52.17839148816817,136.77689516355633,97.23338191453027,39.54351324902607,0.0,2.6213321503897165,1.8634798647746482,0.7578522856150683,0.0
Smith (18010101),2018,155.3234202583272,395.89950770503464,296.73818540319076,99.16132230184385,0.0,2.54887194118306,1.910453587164567,0.6384183540184928,0.0
Smith (18010101),2019,60.64637903156745,138.846233647996,102.77000692244103,36.076226725554996,0.0,2.289439796162014,1.6945777895321257,0.5948620066298883,0.0
Smith (18010101),2020,31.28717424,59.6723983130279,43.96602107578366,15.70637723724424,0.0,1.9072479302633212,1.4052410338666512,0.50200689639667,0.0
Smith (18010101),2021,42.190389184999994,109.75300600608492,89.31605385691653,20.436952149168395,0.0,2.601374581420205,2.116976296788255,0.48439828463195056,0.0
Smith (18010101),2022,7017.338899682998,17439.713801890433,14962.690604701633,2477.0231971887965,0.0,2.4852318024255973,2.1322456872330275,0.3529861151925688,0.0
Smith (18010101),2023,6939.493801869351,16829.690256974493,12704.52265181757,4125.167605156907,0.0,2.425204307040513,1.8307563944210516,0.5944479126194586,0.0
Smith (18010101),2024,7255.146943979822,18764.131424903266,15646.234978863433,3117.8964460398365,0.0,2.586319969779988,2.1565703768200546,0.42974959295993387,0.0
South Fork Owyhee (17050105),1985,1185.601738931,2632.1590751044578,844.2656344881806,1787.8934406162773,0.0,2.220103925857724,0.7120988496941766,1.5080050761635477,0.0
South Fork Owyhee (17050105),1986,10191.313478739974,27049.857886985217,10966.965398401535,16082.892488583693,0.0,2.654207226910813,1.0761091218791026,1.5780981050317116,0.0
South Fork Owyhee (17050105),1987,12748.236626089129,31374.34642012958,9674.875201334142,21699.47121879543,0.0,2.461073428455377,0.7589187026490091,1.7021547258063672,0.0
South Fork Owyhee (17050105),1988,8480.399143999732,21749.84783940717,5818.657943898584,15931.189895508593,0.0,2.5647198286411057,0.6861301980126193,1.8785896306284868,0.0
South Fork Owyhee (17050105),1989,8820.124723288636,22517.326029183037,8915.56596046108,13601.760068721953,0.0,2.5529487094131835,1.0108208489297708,1.5421278604834123,0.0
South Fork Owyhee (17050105),1990,338.31735424087105,641.6152249321331,287.2307969756708,354.38442795646233,0.0,1.8964892485985916,0.8489981178180168,1.0474911307805748,0.0
South Fork Owyhee (17050105),1991,6712.836749863715,17536.61318755069,6319.202513894487,11217.410673656208,0.0,2.6123997709175217,0.9413609699390918,1.6710388009784307,0.0
South Fork Owyhee (17050105),1992,3340.563220134501,7501.547735885024,2074.688725499158,5426.859010385864,0.0,2.2455937042804983,0.6210595605538711,1.6245341437266265,0.0
South Fork Owyhee (17050105),1993,9980.697802599228,23574.35545114678,10965.11165427694,12609.243796869841,0.0,2.361994713937478,1.0986317661497922,1.263362947787686,0.0
South Fork Owyhee (17050105),1994,7121.4069687819165,19165.8219607576,5191.7465523149385,13974.075408442663,0.0,2.691297105301626,0.7290338236634948,1.9622632816381316,0.0
South Fork Owyhee (17050105),1995,17163.51111011351,41690.993186763626,20016.17646399809,21674.816722765572,0.0,2.429048049626479,1.166205232459905,1.262842817166576,0.0
South Fork Owyhee (17050105),1996,11965.666382233514,29515.651195241117,12406.028147441399,17109.623047799734,0.0,2.466695146963618,1.036802109564222,1.429893037399397,0.0
South Fork Owyhee (17050105),1997,15545.238066354324,39074.95618242753,17032.026501393248,22042.92968103429,0.0,2.5136286762311,1.0956426931959882,1.4179859830351125,0.0
South Fork Owyhee (17050105),1998,11807.75814873833,30155.430117483847,15306.934589918834,14848.495527565026,0.0,2.553865834447666,1.2963455380015887,1.2575202964460788,0.0
South Fork Owyhee (17050105),1999,14546.057477750572,34610.254797735615,12561.16851692939,22049.086280806234,0.0,2.37935638922608,0.8635445402400453,1.5158118489860348,0.0
South Fork Owyhee (17050105),2000,11149.819159466459,28993.13298571806,9451.079491758284,19542.05349395978,0.0,2.6003231596005043,0.8476441955324536,1.752678964068051,0.0
South Fork Owyhee (17050105),2001,9880.367185754338,26553.030319146492,6741.2495112814095,19811.78080786509,0.0,2.6874537980158317,0.6822873466687599,2.0051664513470726,0.0
South Fork Owyhee (17050105),2002,13048.801030264924,31996.298035589025,10545.311579067993,21450.98645652103,0.0,2.4520488864362293,0.8081441011024364,1.6439047853337925,0.0
South Fork Owyhee (17050105),2003,12022.671682703805,32619.66113252333,11663.58434036066,20956.07679216266,0.0,2.713179066467481,0.9701324837091126,1.7430465827583677,0.0
South Fork Owyhee (17050105),2004,17303.432975161733,44980.81478926864,19920.104272260996,25060.71051700763,0.0,2.5995312521992884,1.1512226678287119,1.4483085843705756,0.0
South Fork Owyhee (17050105),2005,14844.499655473197,35861.00601307399,17775.411878234576,18085.594134839408,0.0,2.415777348201289,1.1974409573097835,1.2183363908915052,0.0
South Fork Owyhee (17050105),2006,15116.040877098487,38940.93442817565,15591.491922143337,23349.4425060323,0.0,2.576133178309474,1.0314534109103384,1.5446797673991346,0.0
South Fork Owyhee (17050105),2007,12807.696982138163,33800.502629734285,10422.952318571723,23377.55031116257,0.0,2.639077320214013,0.8138037879181366,1.825273532295877,0.0
South Fork Owyhee (17050105),2008,14779.765066650563,35215.563364008565,10467.76461411984,24747.798749888712,0.0,2.382687627658565,0.7082497297429693,1.674437897915595,0.0
South Fork Owyhee (17050105),2009,14738.412331914227,35623.20389588378,17612.820833111575,18010.383062772213,0.0,2.4170312984625957,1.1950283678095481,1.2220029306530482,0.0
South Fork Owyhee (17050105),2010,15419.21904190734,37274.19775177756,13106.324890401032,24167.872861376512,0.0,2.417385579027794,0.849999267458347,1.567386311569446,0.0
South Fork Owyhee (17050105),2011,16259.230852842553,40327.94725172721,18329.608771949665,21998.33847977755,0.0,2.4803108841201302,1.1273355386761825,1.352975345443948,0.0
South Fork Owyhee (17050105),2012,10909.94874791402,28599.98486881822,6323.268683206234,22276.716185612,0.0,2.6214591406111354,0.5795873866424204,2.0418717539687163,0.0
South Fork Owyhee (17050105),2013,15951.049469774725,39740.860616497615,14031.227410547976,25709.633205949645,0.0,2.4914260777512887,0.8796428998063998,1.611783177944889,0.0
South Fork Owyhee (17050105),2014,13880.481810257445,38253.471650924614,15008.637453914867,23244.834197009754,0.0,2.7559181427445796,1.0812764037357647,1.674641739008815,0.0
South Fork Owyhee (17050105),2015,17108.056848004875,45981.5199030793,22561.435857118984,23420.08404596031,0.0,2.6877114281065544,1.3187608655713625,1.3689505625351917,0.0
South Fork Owyhee (17050105),2016,24077.73648015602,61749.682478789626,27555.644344211294,34194.03813457832,0.0,2.5645966567364598,1.1444449675293038,1.4201516892071553,0.0
South Fork Owyhee (17050105),2017,24612.81133491587,63546.74081185416,33324.0517068792,30222.68910497495,0.0,2.5818562514923435,1.35393113990215,1.2279251115901935,0.0
South Fork Owyhee (17050105),2018,23512.250827724714,55315.35993573682,20516.706710526014,34798.653225210786,0.0,2.3526186557397195,0.8725964545399255,1.480022201199793,0.0
South Fork Owyhee (17050105),2019,24838.268795200012,59804.52854742268,31182.32047643058,28622.20807099209,0.0,2.4077575228986925,1.2554144064362711,1.1523431164624212,0.0
South Fork Owyhee (17050105),2020,21493.864340062002,52301.59807676615,19317.47450392922,32984.12357283693,0.0,2.433326890375976,0.8987436692769922,1.5345832210989836,0.0
South Fork Owyhee (17050105),2021,15696.072562684998,35980.39504288102,11968.946042817219,24011.449000063792,0.0,2.2923183426418965,0.762544005515848,1.529774337126048,0.0
South Fork Owyhee (17050105),2022,11240.388253252002,29701.480735241104,10192.37535395632,19509.105381284793,0.0,2.6423892187752545,0.9067636387922386,1.7356255799830167,0.0
South Fork Owyhee (17050105),2023,21358.533234721413,50718.13091171158,26760.831961752316,23957.29894995929,0.0,2.374607392480578,1.2529339757399014,1.1216734167406779,0.0
South Fork Owyhee (17050105),2024,18345.093720820605,51506.77976652388,15603.122783459745,35903.65698306416,0.0,2.807659669139041,0.8505338277858518,1.9571258413531907,0.0
South Santiam (17090006),1985,18432.317824154983,32378.326704989315,22039.717712604765,10338.608992384592,16717.8166465215,1.7566063592153625,1.1957105949921498,0.5608957642232147,0.9069839618657898
South Santiam (17090006),1986,25726.596996048804,52063.88104617635,37773.348808764225,14290.532237412117,23480.035760428134,2.0237375761035374,1.4682606026193674,0.5554769734841696,0.9126755382390564
South Santiam (17090006),1987,17947.65249110974,38497.19419479794,25755.957647249386,12741.236547548559,20044.67188018944,2.144971004640707,1.4350599700995683,0.7099110345411386,1.1168408732071475
South Santiam (17090006),1988,5303.522106924204,8268.422359208096,7803.400237861135,465.02212134695924,685.1160640566067,1.5590436303476438,1.4713618762280871,0.0876817541195563,0.12918133463837714
South Santiam (17090006),1989,20461.664869610726,34944.998420371776,30895.42334628043,4049.575074091356,6499.58676488527,1.7078277179816106,1.5099173768682783,0.19791034111333275,0.31764701485939845
South Santiam (17090006),1990,24350.040344159974,51458.63551226197,36102.83416086525,15355.801351396716,24575.216318420215,2.113287484741422,1.4826601373382948,0.6306273474031264,1.009247457953976
South Santiam (17090006),1991,24597.852549742754,48714.26198857864,44322.98098131749,4391.281007261088,6955.722394763765,1.9804274332512046,1.8019044911211577,0.1785229421300443,0.28277762787209276
South Santiam (17090006),1992,27492.52224395346,60384.68075638286,39649.50744960018,20735.173306782614,33487.29842148924,2.196403815574379,1.4421924295549295,0.7542113860194469,1.2180511531223455
South Santiam (17090006),1993,17846.938638287793,26234.079253686683,25880.303419695727,353.77583399095585,538.5678011569915,1.4699484200279371,1.4501256458725988,0.01982277415533808,0.03017704112018289
South Santiam (17090006),1994,15686.97782445419,28600.294303811104,24573.814056743933,4026.4802470671957,5990.759427124922,1.8231870168915865,1.5665104095727216,0.25667660731886655,0.3818937907712229
South Santiam (17090006),1995,26029.836304552668,55045.866367037546,50517.34865273511,4528.517714302443,7018.731402633989,2.1147219568726183,1.9407478426554505,0.17397411421716844,0.2696417803213922
South Santiam (17090006),1996,22669.45846867425,43361.02400197171,40775.47100605484,2585.552995916887,3965.03041800369,1.9127507638477586,1.7986962971524154,0.11405446669534382,0.174906269749794
South Santiam (17090006),1997,21458.818165116016,42591.80579978711,40213.55634388163,2378.2494559054467,3603.9703330022508,1.984816007669304,1.873987469135359,0.11082853853394348,0.16794822087923528
South Santiam (17090006),1998,8768.745998873703,16437.864499116346,15600.049349719844,837.8151493965081,1202.9728234740548,1.874596949350306,1.779051343455904,0.09554560589440278,0.13718869535376782
South Santiam (17090006),1999,27756.9555613109,54609.12989009994,49849.76771998468,4759.362170115277,7285.10742119586,1.967403441255532,1.7959378725766273,0.1714655686789053,0.2624606075801132
South Santiam (17090006),2000,31064.929019734605,64313.289387716104,51459.5321792381,12853.757208478013,20628.849983967244,2.0702860562423893,1.6565153632428202,0.41377069299956915,0.664055918842189
South Santiam (17090006),2001,30640.971865114832,64632.30022354195,47123.87096749166,17508.4292560503,28151.88004322362,2.109342370341938,1.537936563335409,0.5714058070065293,0.9187658983909359
South Santiam (17090006),2002,29454.518724317324,62125.51058187142,45803.97457481804,16321.536007053432,26367.296582576786,2.1092013474517,1.555074622115716,0.5541267253359856,0.8951868074764446
South Santiam (17090006),2003,29450.092640128594,59949.29805415392,39110.216576963234,20839.081477190677,33895.54065394833,2.0356234116719625,1.3280167588903198,0.7076066527816425,1.150948523936471
South Santiam (17090006),2004,25816.534602614927,56677.855369158584,42274.947080790545,14402.908288368093,22922.062436157234,2.1954091144137426,1.6375143965491235,0.5578947178646215,0.8878830094351813
South Santiam (17090006),2005,30097.271189101786,61951.76339732811,52227.09517351367,9724.668223814457,15623.739316284908,2.0583847289039556,1.735276757994761,0.32310797090919513,0.5191081682495607
South Santiam (17090006),2006,30314.97076787198,62450.55610266228,48617.80497942713,13832.751123235152,22370.3403018874,2.060056616279103,1.6037556279273284,0.456300988351775,0.7379304592830301
South Santiam (17090006),2007,30758.658727084094,63516.23356169976,39247.34290052075,24268.890661179055,40045.47518208053,2.064987102502342,1.275977058972408,0.7890100435299356,1.301925273705744
South Santiam (17090006),2008,29392.212619103433,58521.82871004656,37183.87631505685,21337.952394989745,34831.760315657404,1.9910657788318518,1.2650927916494872,0.7259729871823657,1.1850676492799506
South Santiam (17090006),2009,29369.131270263042,60471.693190555336,43313.436769386564,17158.256421168848,28146.94639810168,2.05902219694814,1.474794619248492,0.5842275776996508,0.9583853924409793
South Santiam (17090006),2010,26533.537434679434,53762.09789690063,51100.475346035586,2661.622550865055,4190.965605815593,2.0261941337167264,1.9258824976441729,0.10031163607255414,0.15794975005247455
South Santiam (17090006),2011,29599.74975368289,56329.396030683434,50588.483836073945,5740.91219460951,9181.459521175582,1.9030362249489885,1.7090848489278048,0.1939513760211844,0.3101870656873779
South Santiam (17090006),2012,25158.2695633731,48906.432697079836,41031.43561637735,7874.997080702415,12854.836357618366,1.9439505795057035,1.630932346639347,0.31301823286635355,0.5109586859794681
South Santiam (17090006),2013,32114.32044361358,66464.39716451142,54489.93453813852,11974.46262637294,19471.060320140477,2.069618670001435,1.696748795722211,0.372869874279225,0.6063046034035758
South Santiam (17090006),2014,30091.11160647207,67594.35459741131,53583.99578176211,14010.358815649173,22467.29684665974,2.246322950158908,1.7807250354366149,0.46559791472229267,0.7466423022347709
South Santiam (17090006),2015,31809.683802460844,70865.09253803977,47215.573835048264,23649.518702991605,38990.65895428483,2.2277836201741037,1.4843144662568322,0.7434691539172749,1.2257480833955494
South Santiam (17090006),2016,27353.334941358236,59257.4729616083,43011.77677734714,16245.696184261184,26852.02544075737,2.1663710508663065,1.572450923061427,0.5939201278048803,0.9816728197247026
South Santiam (17090006),2017,37848.27512621594,78688.26596135712,63963.661748152284,14724.604213204952,25190.879235003325,2.0790449683360337,1.6900020287542057,0.3890429395818311,0.6655753571595299
South Santiam (17090006),2018,44645.39104892244,90766.17423876948,64953.67760173407,25812.496637035478,43838.03187834538,2.03304690823086,1.4548798000348522,0.578167108196009,0.981916181007523
South Santiam (17090006),2019,48639.2623373485,102063.57175154661,81764.50592025243,20299.065831294123,35057.11453815636,2.0983782822128725,1.6810391850344355,0.4173390971784359,0.7207575290720878
South Santiam (17090006),2020,55479.42401225193,117722.5717090492,102402.01599923101,15320.555709818807,26413.6608631786,2.121914093467366,1.8457656657829902,0.2761484276843872,0.476098325342121
South Santiam (17090006),2021,49569.589618346916,103093.17280327444,61355.293872284805,41737.878930989544,72751.8070782563,2.0797665180814233,1.2377607792333973,0.8420057388480242,1.4676701509614491
South Santiam (17090006),2022,55064.69820017991,112600.95472435429,99031.39293684601,13569.561787508137,23201.34855420551,2.044884624900866,1.7984552022210565,0.2464294226798069,0.4213470574170822
South Santiam (17090006),2023,54307.904157548415,105655.51467899031,69220.59632343327,36434.918355557085,62890.30630178077,1.9454905564479408,1.2745952434957315,0.6708953129522103,1.158032284201847
South Santiam (17090006),2024,56042.46279204408,123818.50080667136,104820.64072513414,18997.86008153725,32217.561938509767,2.209369371687372,1.8703789145400427,0.3389904571473299,0.5748776969002769
South Umpqua (17100302),1985,5238.014960677007,12274.096855324338,5410.027611741761,6864.069243582586,11467.719848637562,2.343272584646823,1.0328392821242574,1.3104333025225672,2.189325524025493
South Umpqua (17100302),1986,8490.30187739304,19795.46949331001,10607.085981561444,9188.383511748554,15239.172117139195,2.331538946338177,1.2493178846566957,1.0822210616814796,1.7948916701909314
South Umpqua (17100302),1987,4326.8943496497395,11433.106074001946,4862.564385887519,6570.54168811441,10847.609358383832,2.6423353911859326,1.123800119196611,1.518535271989318,2.507019696300637
South Umpqua (17100302),1988,3513.1782939080963,7617.68025520326,4569.54601679999,3048.134238403268,5180.400633972982,2.1683158718168194,1.30068719390748,0.8676286779093387,1.4745624049186101
South Umpqua (17100302),1989,8122.923674952907,16670.558986105632,9950.912884323268,6719.646101782387,11030.184612412113,2.0522855628336654,1.2250407959645095,0.8272447668691586,1.3579081933791604
South Umpqua (17100302),1990,9002.557363163738,19509.74505910011,10211.041966981244,9298.703092118845,15203.036283761056,2.167133656812809,1.1342379231886184,1.032895733624188,1.6887463939933514
South Umpqua (17100302),1991,7242.262384094634,17426.348803452714,11158.161570431022,6268.187233021692,10249.025241998948,2.4062023549055946,1.5407010929259393,0.8655012619796552,1.415169003612425
South Umpqua (17100302),1992,7067.6231817384905,18396.4290363457,9017.964303730738,9378.464732614959,15195.982353852432,2.6029159398139496,1.275954316159864,1.326961623654085,2.1500838348479316
South Umpqua (17100302),1993,6384.358941748965,13295.192668372169,10866.092995702506,2429.099672669664,4039.047581990764,2.0824632182616623,1.7019865416159998,0.38047667664566237,0.6326473211865319
South Umpqua (17100302),1994,5827.719660354919,13106.519735753318,6994.913807139593,6111.605928613719,9677.477767646726,2.2489962626230904,1.2002831664544396,1.0487130961686497,1.660594251552819
South Umpqua (17100302),1995,7942.622174905784,17944.320855969945,13244.708252704933,4699.612603265024,7655.521136732184,2.259243919805716,1.667548570363923,0.5916953494417945,0.9638531165336458
South Umpqua (17100302),1996,8067.700659183234,19362.689615687457,14748.66984479753,4614.019770889939,7487.609375533993,2.400025785989898,1.8281131722468582,0.571912613743041,0.9280970739799401
South Umpqua (17100302),1997,9246.898293123397,22086.45828052068,16278.758120296761,5807.700160223916,9505.530310460053,2.3885261392942567,1.760456058265799,0.6280700810284574,1.0279695968462195
South Umpqua (17100302),1998,5034.484895259798,10536.29122850625,8635.054325463832,1901.2369030424056,3153.4392278916016,2.092824081849299,1.7151812956265176,0.37764278622277897,0.6263677999830155
South Umpqua (17100302),1999,9180.758569519561,21653.69733676283,12020.55683398638,9633.140502776498,15577.50200711905,2.358595662089826,1.3093206561269402,1.0492750059628908,1.6967554357476409
South Umpqua (17100302),2000,9494.27245688516,21823.405666722643,13143.644117520946,8679.761549201716,14093.48970604969,2.2985864125793554,1.3843761254175189,0.9142102871618384,1.484420188071306
South Umpqua (17100302),2001,10000.76233849409,21404.361922342578,12298.684662486374,9105.677259856198,14672.93238485032,2.1402730309823195,1.229774715788147,0.9104983151941721,1.4671813895999215
South Umpqua (17100302),2002,9646.626239631856,22852.244791411274,10656.657783095367,12195.587008315932,19831.24597172832,2.368936478281487,1.104703086693038,1.2642333915884514,2.0557701189100013
South Umpqua (17100302),2003,9729.319577774695,21988.96100919255,12698.9241101758,9290.036899016739,15013.237864375284,2.260071820379231,1.3052222212111073,0.954849599168123,1.5430922732429284
South Umpqua (17100302),2004,6902.3108428474425,16669.827469451197,8973.4961295349,7696.331339916299,12150.985805247792,2.4151081933270793,1.3000712853773797,1.1150369079496998,1.7604228615463353
South Umpqua (17100302),2005,9691.063110515575,22919.634479030425,15947.889230654031,6971.745248376397,11273.288266610745,2.3650278836963508,1.6456284567323993,0.7193994269639518,1.163266417528365
South Umpqua (17100302),2006,9172.107261644218,22087.569667327272,14135.050865143634,7952.5188021836475,12682.19741574869,2.408123786307291,1.5410908815091358,0.8670329047981561,1.382691790880261
South Umpqua (17100302),2007,9836.022295913861,22562.33575954808,10649.791789701678,11912.5439698464,19218.817109810418,2.2938475616226555,1.0827335958892528,1.2111139657334022,1.9539216699208188
South Umpqua (17100302),2008,8685.574006451116,20113.000493339096,9862.73909767579,10250.261395663318,16169.495722613803,2.3156789037086534,1.13553106453878,1.180147839169875,1.861649640035775
South Umpqua (17100302),2009,8615.302759755858,20172.599721248884,11188.56527926594,8984.034441982938,14103.003961926708,2.3414847143248325,1.2986850945657311,1.0427996197591005,1.6369713700376518
South Umpqua (17100302),2010,5473.441878593834,13148.106117166708,11477.715001717681,1670.3911154490202,2522.434457163312,2.402164197374203,2.0969830787106827,0.30518111866351916,0.4608497748059294
South Umpqua (17100302),2011,9382.974441565077,21624.662338891983,15433.88845182648,6190.773887065506,10201.96483616892,2.3046702805773602,1.64488228630964,0.6597879942677204,1.0872847304129751
South Umpqua (17100302),2012,8808.896158107076,19681.16566137631,12062.463650247619,7618.702011128691,12745.195723367498,2.2342374467955533,1.3693501925489486,0.8648872542466044,1.4468550309379835
South Umpqua (17100302),2013,7846.466445068666,18637.266977431387,10267.283026725097,8369.983950706292,13373.18025742097,2.375243315944403,1.3085231547989173,1.0667201611454855,1.7043570314158067
South Umpqua (17100302),2014,9179.91421513311,23114.15391670787,13615.170409503033,9498.983507204852,15463.914692853683,2.5179052194849634,1.4831478911925333,1.0347573282924316,1.6845380392946792
South Umpqua (17100302),2015,8091.8720162642,20609.530380649332,10680.610570382929,9928.919810266412,15743.044740580914,2.546942208085515,1.3199183759846316,1.2270238321008848,1.9455380298821203
South Umpqua (17100302),2016,7529.116049493296,18955.680753629815,9806.886900604237,9148.793853025556,14454.537867716412,2.517650229990215,1.3025283228652365,1.2151219071249757,1.9198187108152214
South Umpqua (17100302),2017,10452.4100089667,24796.78350412672,16696.84128841543,8099.942215711305,13435.6662384514,2.3723508246284406,1.5974154548177775,0.7749353698106648,1.2854132422020839
South Umpqua (17100302),2018,11852.81694870753,28016.245832477667,16773.40069058672,11242.845141890988,18751.27464640397,2.3636782676824053,1.4151404483147567,0.948537819367652,1.5820099751433916
South Umpqua (17100302),2019,13476.92409068677,30743.983171121454,20949.32539413033,9794.657776991162,16676.116973099084,2.2812314563949414,1.5544589591186733,0.726772497276271,1.2373830156558585
South Umpqua (17100302),2020,13008.016539962988,31562.891307751357,18155.516545425875,13407.374762325491,22790.705477318545,2.426418448253385,1.3957175169364855,1.0307009313169,1.752050776327149
South Umpqua (17100302),2021,11115.426180730994,24900.732668473673,12016.389901948007,12884.342766525671,21621.98428318769,2.2401959460303935,1.0810552565927583,1.1591406894376357,1.945223145889827
South Umpqua (17100302),2022,17683.270024627,40887.51071954892,31315.34510816836,9572.16561138053,16314.182664164779,2.3122143507736985,1.7709023876554701,0.5413119631182264,0.9225772519135018
South Umpqua (17100302),2023,19506.61549346085,41442.068715009904,25409.8069526778,16032.261762332133,27980.046173364964,2.124513538953101,1.3026250997358237,0.8218884392172792,1.4343875380505984
South Umpqua (17100302),2024,20227.18669746346,46174.78243780538,32993.36694247154,13181.41549533374,23153.83644936964,2.28280794202566,1.6311396852143056,0.65166825681135,1.1446889177264175
Sprague (18010202),1985,64346.26817801798,138521.14393480337,67192.70194586412,71328.44198893933,135320.26998685475,2.152745572619316,1.0442361903563901,1.1085093822629268,2.103001056914175
Sprague (18010202),1986,62297.12695493698,142827.62451953063,78059.55002901774,64768.07449051284,123414.70621116844,2.2926839727752757,1.2530200644001226,1.0396639083751524,1.981065776924853
Sprague (18010202),1987,57509.0701231389,124648.64717844446,61775.581001772465,62873.06617667203,118723.65718648676,2.167460661623388,1.0741884866073834,1.0932721750160053,2.064433609033752
Sprague (18010202),1988,41579.62384959735,90927.38518697265,43248.913076081495,47678.47211089129,89917.41039361904,2.186825583508812,1.0401468092285377,1.1466787742802778,2.1625354456998
Sprague (18010202),1989,63092.092504869535,129037.22572507527,87888.9376477516,41148.28807732345,77154.27482216667,2.04522025822992,1.3930261964440032,0.6521940617859134,1.222883435292811
Sprague (18010202),1990,57421.2777515661,125386.1060130729,59547.208122730226,65838.89789034265,124106.71873589541,2.1836174833231246,1.0370233901858121,1.146594093137312,2.1613367656645455
Sprague (18010202),1991,56224.492681331074,112885.348402342,55668.850228649055,57216.49817369284,107316.87166061495,2.007761084517971,0.9901174305683594,1.0176436539496097,1.908721031399341
Sprague (18010202),1992,29079.222801141204,68092.59959028974,22546.42307855915,45546.17651173061,84844.34329877119,2.3416237791478207,0.7753447618852566,1.566279017262565,2.9176963868319583
Sprague (18010202),1993,67129.23664629586,134779.67679533002,106938.89439334715,27840.782401982986,52063.48916134663,2.0077641803896045,1.5930300974046299,0.4147340829849764,0.7755709994986135
Sprague (18010202),1994,36471.00290599299,85814.35355418334,24980.393544846243,60833.96000933707,113460.59276882709,2.3529474573369122,0.6849384868640784,1.6680089704728331,3.1109808814767477
Sprague (18010202),1995,68496.10944068579,152548.24271064825,106731.01756382319,45817.225146824836,86582.98668032482,2.22710813732782,1.558205545327314,0.6689025920005028,1.2640570010082304
Sprague (18010202),1996,65214.90302331183,149985.41043103806,110629.23456013542,39356.175870902545,73227.85746538706,2.2998640414664733,1.6963796529849888,0.6034843884814828,1.1228699893828087
Sprague (18010202),1997,65979.61096093424,152055.5613155009,100461.35651242077,51594.20480308018,97263.438055152,2.3045840844004255,1.5226121380422017,0.7819719463582244,1.4741438550272834
Sprague (18010202),1998,68197.80351759857,155212.43732916148,109439.80267741575,45772.63465174595,86558.37980206974,2.275915488819352,1.6047408718841598,0.6711746169351955,1.2692253318647306
Sprague (18010202),1999,64846.28445499947,148010.1785250089,83648.45827854321,64361.72024646591,121760.42777178144,2.2824773966459344,1.2899499020116048,0.992527494634333,1.8776777851671353
Sprague (18010202),2000,61548.33114056775,147508.00211547533,74353.66230657563,73154.33980889973,138867.16704421458,2.3966206618760753,1.2080532636500296,1.1885673982260458,2.2562296080305
Sprague (18010202),2001,47767.80554549432,110120.2093987996,34134.34988498199,75985.85951381772,141375.95769372038,2.305322761664664,0.7145890311513734,1.5907337305132925,2.959649414061384
Sprague (18010202),2002,57967.53691307481,130541.83940016461,55383.88680317811,75157.95259698643,140024.08402912345,2.251981822100162,0.9554293618897244,1.2965524602104366,2.415560354739524
Sprague (18010202),2003,52307.74457401133,124128.9742744715,61624.367012658564,62504.60726181291,116182.07910774437,2.3730515487785713,1.178111721591531,1.1949398271870397,2.2211257635732293
Sprague (18010202),2004,55526.030495943545,128186.39802444955,62881.27550604886,65305.12251840081,122412.00638023825,2.308582062854542,1.132464808746641,1.176117254107903,2.2045877453671223
Sprague (18010202),2005,63664.53344106995,147439.23011581544,76866.45475906007,70572.77535675548,133257.16666880334,2.315877022051692,1.2073669687724997,1.108510053279194,2.0931146348877383
Sprague (18010202),2006,62895.0071391769,152037.73645635278,88851.58931877135,63186.1471375815,118226.86299352755,2.4173260068150855,1.412697022549923,1.0046289842651637,1.879749575859175
Sprague (18010202),2007,55876.24901223623,139466.36343752482,59787.76998117556,79678.59345634945,150444.0019841883,2.4959865041582043,1.0700032847244767,1.425983219433731,2.6924499164437985
Sprague (18010202),2008,62334.04910886463,140960.86427449106,55316.272809701746,85644.59146478937,161577.87573717005,2.261378272223371,0.8874166462873839,1.373961625935988,2.592128668795106
Sprague (18010202),2009,61638.10642430107,145170.38867521245,65937.1324472706,79233.2562279419,149180.83375441018,2.355205198483814,1.0697462377149638,1.2854589607688514,2.420269576866739
Sprague (18010202),2010,55276.711258919095,123941.91170498387,47385.17297734671,76556.73872763712,144495.53540085885,2.2422084976154473,0.8572357489828222,1.3849727486326244,2.614040019928718
Sprague (18010202),2011,64752.52678100728,147988.86120425723,67074.26897311771,80914.59223113956,152537.05493288956,2.285453071271718,1.035855623054874,1.2495974482168442,2.3556927044525864
Sprague (18010202),2012,54410.29160925851,127216.98799148454,50390.4709297143,76826.51706177024,144081.6530667132,2.3381052412855876,0.9261202143812772,1.4119850269043102,2.6480588286756417
Sprague (18010202),2013,38030.55399413975,84888.34027801966,33368.36454784723,51519.97573017238,95031.85954324408,2.2321089587887775,0.8774093733419994,1.3546995854467767,2.49882921920853
Sprague (18010202),2014,41798.46961302925,96777.15644559143,39830.337484075164,56946.81896151624,105883.49358177203,2.315327746244194,0.9529137753804128,1.3624139708637804,2.5331906780808655
Sprague (18010202),2015,56583.32143406246,137541.84135301237,68894.86948543516,68646.97186757695,128490.24960956877,2.4307841580719556,1.217582632820867,1.2132015252510844,2.2708149036337626
Sprague (18010202),2016,58739.97352071449,134089.30631965445,73696.97569815752,60392.33062149686,113226.9243126851,2.282760755286487,1.2546307272707313,1.0281300280157544,1.9275957670078951
Sprague (18010202),2017,61649.83686833512,148595.45383939266,95481.85770358799,53113.59613580446,98693.43293055726,2.4103138205660843,1.548777134763674,0.8615366858024066,1.6008709502562957
Sprague (18010202),2018,51405.982927377794,117415.31656501538,53309.72190310065,64105.59466191471,121156.49834340603,2.2840788149288036,1.0370334125973684,1.2470454023314348,2.3568559814246934
Sprague (18010202),2019,61071.818218902496,134116.61254245124,89354.5745091569,44762.0380332943,83327.1974930554,2.1960474807173904,1.4631065050147882,0.7329409757026014,1.3644132420354989
Sprague (18010202),2020,41304.63596660494,90939.158960244,30387.312261337673,60551.846698906455,112915.43342503683,2.201669542222062,0.7356876909871813,1.4659818512348834,2.733723001852133
Sprague (18010202),2021,21271.197522402996,51191.85493256277,15795.94295728937,35395.91197527337,63547.216917218866,2.406627782880917,0.7425977282498062,1.664030054631109,2.9874771672018197
Sprague (18010202),2022,35703.740849245994,85077.44817688015,32950.77550998172,52126.67266689852,96078.84888444323,2.3828721067662815,0.9228942045348055,1.4599779022314787,2.6910023039356745
Sprague (18010202),2023,54127.56706010078,121873.47350702167,73432.14455609888,48441.32895092275,90116.283946299,2.251597108950028,1.3566496435090678,0.8949474654409593,1.664887022286407
Sprague (18010202),2024,40581.83650560562,101774.24947285686,42915.43613857178,58858.81333428512,111025.37005668046,2.5078768788297356,1.0575035492206917,1.450373329609045,2.735838976664952
Summer Lake (17120005),1985,74175.51380196508,158790.22480147917,50612.9748410505,108177.24996042883,160142.32780987487,2.1407364325836657,0.6823407381602747,1.4583956944233931,2.158964860525608
Summer Lake (17120005),1986,76508.82190299415,168825.11379985683,61661.22936669899,107163.88443315773,162565.54939897734,2.2066097686605457,0.8059362022967693,1.400673566363775,2.124794832223333
Summer Lake (17120005),1987,66669.9568886037,148349.81945325976,53865.784691521774,94484.03476173787,135552.88191594474,2.225137473856955,0.8079468955038335,1.4171905783531202,2.0331928839017386
Summer Lake (17120005),1988,58758.6397841052,119370.12430652318,41420.613247422094,77949.51105910087,108257.22611144464,2.0315331455105263,0.7049280480217445,1.326605097488778,1.8424052447301427
Summer Lake (17120005),1989,67413.93409375225,133307.7841902807,57381.62010558636,75926.16408469428,107353.21094137912,1.977451486585699,0.8511833773977053,1.1262681091879923,1.5924483919316073
Summer Lake (17120005),1990,56986.74397874379,121523.12005308732,35828.75327657098,85694.36677651628,115483.31688420362,2.1324804957871564,0.6287208353215478,1.5037596604656078,2.026494388366516
Summer Lake (17120005),1991,61466.77579341401,124749.18842784804,41990.88034140867,82758.30808643946,109801.29222464525,2.029538507878179,0.6831475996485873,1.346390908229593,1.7863519081215604
Summer Lake (17120005),1992,53531.696868732535,118421.30597856778,37432.84234253083,80988.46363603705,104655.95772036622,2.2121717207835565,0.6992650061947704,1.512906714588788,1.9550278403652657
Summer Lake (17120005),1993,78798.50183554037,148666.78860666967,86056.28222692925,62610.50637974068,88612.46660873274,1.8866702430072941,1.0921055632064747,0.7945646798008227,1.1245450680480575
Summer Lake (17120005),1994,61950.93061136997,135080.83533409212,33324.539724177506,101756.29560991483,134024.8973420554,2.180448848807131,0.5379183072039501,1.6425305416031846,2.163404100945944
Summer Lake (17120005),1995,70945.33885089077,147021.82334730256,62118.24035985636,84903.58298744637,116995.9352572466,2.072325338473686,0.8755788803886504,1.196746458085038,1.6490996752181646
Summer Lake (17120005),1996,76380.17420202728,162218.06634492485,73437.67565943829,88780.39068548643,125689.28310145198,2.1238242520350163,0.9614756240957762,1.1623486279392385,1.6455747111678614
Summer Lake (17120005),1997,82014.61125684628,184798.6494930921,77057.32946375808,107741.32002933438,155110.5189879488,2.253240570931387,0.9395561142445288,1.3136844566868628,1.89125469975328
Summer Lake (17120005),1998,83669.0219202193,179231.16953563198,92949.59867149279,86281.5708641392,127695.9897381047,2.142144911249636,1.1109201056529951,1.0312248055966404,1.526203925986685
Summer Lake (17120005),1999,83064.20478325484,185637.86616789183,64586.37160340017,121051.49456449207,179189.8774540194,2.2348720083733964,0.7775475822820412,1.45732442609136,2.1572454455152124
Summer Lake (17120005),2000,84125.32093126043,197372.66975005667,64918.940692759774,132453.72905729682,189137.28638583847,2.3461743451930683,0.7716932306957335,1.574481114497334,2.2482801169981186
Summer Lake (17120005),2001,68702.8380936567,165612.59685348693,41236.03398239731,124376.56287108967,158896.07054700874,2.4105641258621873,0.60020859583972,1.8103555300224679,2.3128021338856386
Summer Lake (17120005),2002,69763.42949946986,165184.64928798034,32097.75736666456,133086.8919213158,169837.39891864226,2.3677828121857973,0.4600943158465063,1.9076884963392913,2.4344760591211028
Summer Lake (17120005),2003,71005.5327114238,170638.59388822794,51317.62560358526,119320.96828464264,153330.64777760158,2.403173208793835,0.7227271403222494,1.680446068471585,2.1594183146369494
Summer Lake (17120005),2004,74538.31030435073,170645.47705177427,62503.56958012873,108141.90747164535,141371.7665382836,2.2893660502230873,0.8385428825112562,1.4508231677118284,1.896632295004303
Summer Lake (17120005),2005,77346.17477506083,175895.71012080825,66857.9022052639,109037.80791554436,143276.2204702134,2.274135865572544,0.8643983028210631,1.4097375627514812,1.852402150292386
Summer Lake (17120005),2006,86870.7029238369,208196.3508659469,75913.02319095965,132283.32767498738,184147.14305965227,2.3966233017416836,0.8738621956071393,1.5227611061345456,2.119784194921291
Summer Lake (17120005),2007,82117.71985819173,200933.55700622074,67070.0099292443,133863.54707697628,180314.01564871872,2.446896447602428,0.8167544111680991,1.6301420364343273,2.1957991035321145
Summer Lake (17120005),2008,73853.55258534,166123.53169696484,38265.68470648995,127857.84699047486,165526.67952584036,2.249364125104261,0.5181292350462464,1.7312348900580141,2.24128256165564
Summer Lake (17120005),2009,74503.36124165909,176707.02637083628,56879.46513172235,119827.561239114,153869.95068058977,2.3717993849655907,0.7634483086907733,1.6083510762748185,2.0652752857887475
Summer Lake (17120005),2010,71203.49284826573,156528.2177892552,45222.721496447186,111305.49629280798,141246.59367617435,2.198322182351588,0.6351194258519953,1.563202756499592,1.9837031587364697
Summer Lake (17120005),2011,81672.44923537006,180857.37313750718,60618.38575471143,120238.98738279601,160925.77433531216,2.214423282645758,0.742213394140007,1.472209888505754,1.9703801691013778
Summer Lake (17120005),2012,75942.49524159226,184043.32377023972,49598.81145628257,134444.51231395736,173416.18897552445,2.4234563689901343,0.6531101104657705,1.7703462585243663,2.2835197661578506
Summer Lake (17120005),2013,73148.45358923488,171210.57735997636,56818.46161998714,114392.11573998925,144211.20381279173,2.3405905245982277,0.7767554723583248,1.5638350522399032,1.9714867059611363
Summer Lake (17120005),2014,73723.9306764527,183684.09441249756,57526.28011396686,126157.81429853065,159568.2104926894,2.491512494343522,0.7802931773460182,1.711219316997503,2.164401830295454
Summer Lake (17120005),2015,75217.51291087363,189719.0170568298,65510.55514096453,124208.46191586512,157774.42715677334,2.522271871467363,0.8709481689269489,1.6513237025404124,2.0975756981452265
Summer Lake (17120005),2016,77327.6341998259,187178.5473180225,65911.79244486609,121266.75487315643,156047.75913646372,2.4205906369038237,0.8523704769570526,1.5682201599467718,2.018007672822545
Summer Lake (17120005),2017,86414.02569065877,220827.63409870447,68973.40860803734,151854.22549066733,204008.16809882078,2.5554605555493244,0.7981737693247319,1.7572867862245949,2.360822406644038
Summer Lake (17120005),2018,77934.50725157835,194947.54147577373,45160.452085699195,149787.0893900745,192573.62645100077,2.501427780206124,0.5794667045230416,1.9219610756830823,2.4709673961158036
Summer Lake (17120005),2019,81494.39470019471,197725.33634829236,81597.89648713659,116127.43986115564,150386.70426423856,2.4262446156658175,1.0012700479256598,1.4249745677401562,1.8453625530625515
Summer Lake (17120005),2020,73429.52769715303,178516.64063368793,34016.60939969242,144500.03123399534,180806.283694825,2.431128814690841,0.46325518448093317,1.9678736302099056,2.4623103180035177
Summer Lake (17120005),2021,70441.63668114402,183444.31350436737,43723.01253146622,139721.30097290096,171287.24354201352,2.6042028854998502,0.6206984191662045,1.9835044663336432,2.431619303755673
Summer Lake (17120005),2022,70167.53829184703,178569.89078173443,46178.43233332944,132391.4584484049,162985.03510081008,2.544907447643535,0.6581167511002027,1.8867906965433312,2.322798249283142
Summer Lake (17120005),2023,79565.91516003983,190174.03234055638,66246.94074753766,123927.09159301856,159318.7900268334,2.3901444727687484,0.8326045218519484,1.557539950916798,2.0023497461994584
Summer Lake (17120005),2024,73789.07070709077,192335.90433200548,49459.999789383706,142875.9045426218,180395.0326463269,2.6065635803368767,0.6702889644147645,1.936274615922113,2.4447391858668825
Thousand-Virgin (16040205),1985,2244.10879167,5627.054033937959,1101.7645808683903,4525.289453069568,368.5252193267396,2.50747827147474,0.49095863130971,2.0165196401650296,0.16421896331170913
Thousand-Virgin (16040205),1986,2289.6699016366524,5462.75277558359,1653.6517021681566,3809.1010734154324,403.96119481043115,2.385825472780519,0.7222227540249924,1.6636027187555258,0.17642770013340364
Thousand-Virgin (16040205),1987,2092.4815407743067,4949.977783652343,1314.851511550978,3635.1262721013645,366.96179032389114,2.365601649140781,0.6283694675100586,1.7372321816307226,0.17537157827834396
Thousand-Virgin (16040205),1988,1891.009585905783,3946.857376145635,965.9367670405961,2980.920609105039,136.32880397500645,2.087169417628897,0.510804796675802,1.576364620953095,0.07209313215073192
Thousand-Virgin (16040205),1989,1709.0341710099863,3663.630725570045,1172.0883799386877,2491.542345631358,251.14103662361896,2.1436848880587056,0.6858191602137597,1.4578657278449463,0.14694910194522465
Thousand-Virgin (16040205),1990,1563.9692742126426,3449.5441278464664,816.3801740117865,2633.16395383468,29.985118567589097,2.205634205686738,0.5219924633255861,1.683641742361152,0.019172447350466436
Thousand-Virgin (16040205),1991,1916.7417359953097,4168.163472190609,1460.5847309189082,2707.5787412717,244.62399319013554,2.174608813443612,0.7620143619194831,1.4125944515241282,0.1276249108558745
Thousand-Virgin (16040205),1992,1790.6135860554168,4214.903823795815,862.9479343525794,3351.955889443235,247.75338359030545,2.3538879949419584,0.4819286199283157,1.8719593750136423,0.13836228291782762
Thousand-Virgin (16040205),1993,1629.5742814048808,3686.084721917697,1414.773263594747,2271.311458322951,278.42976417220115,2.2619924504085,0.8681858076301066,1.393806642778394,0.17086043106434068
Thousand-Virgin (16040205),1994,1622.149856859909,3880.74469355334,736.603008789687,3144.141684763653,475.1007630063176,2.3923465992627375,0.45409060431418635,1.9382559949485512,0.29288339853261036
Thousand-Virgin (16040205),1995,2122.000506417372,4987.92515312452,1734.6389151929013,3253.286237931619,389.28756517555985,2.3505767967726654,0.817454524608732,1.5331222721639335,0.1834530972062792
Thousand-Virgin (16040205),1996,1801.28674436566,4272.161927003005,1573.6921729732753,2698.469754029731,423.61271990409864,2.3717278442014442,0.8736488945448081,1.498078949656637,0.23517228516178185
Thousand-Virgin (16040205),1997,2039.4689192212786,4768.163792211503,1549.083171204978,3219.080621006525,296.2277418418491,2.3379438378654527,0.7595522327432466,1.578391605122206,0.14524749019218022
Thousand-Virgin (16040205),1998,2204.945049333717,5026.999760323675,2471.970614663651,2555.029145660024,369.1626601247853,2.2798753020365368,1.1211030476295192,1.1587722544070176,0.16742487992448501
Thousand-Virgin (16040205),1999,2434.3956699368246,5570.853252092015,1302.3061789160456,4268.54707317597,367.6167500353856,2.288392688538008,0.5349607687027483,1.7534319198352597,0.15100944952178857
Thousand-Virgin (16040205),2000,2324.3368516830665,5541.221528254923,1445.8046326002373,4095.416895654685,360.76904301530647,2.384001064321848,0.6220288731185075,1.76197219120334,0.1552137517219466
Thousand-Virgin (16040205),2001,2025.5455034498364,4496.29776798154,861.7953057566648,3634.502462224875,158.90868369838654,2.2197959810449124,0.4254633155803639,1.7943326654645482,0.07845229022391202
Thousand-Virgin (16040205),2002,1835.5480319171834,4024.223595827671,940.1218405616999,3084.101755265971,75.70854714478764,2.1923826159016233,0.5121750148808508,1.6802076010207725,0.041245745591147506
Thousand-Virgin (16040205),2003,1272.3894467515893,2926.500117329135,682.2870383103731,2244.2130790187616,54.10642942427887,2.3000034500447097,0.5362250056790805,1.763778444365629,0.042523481755065325
Thousand-Virgin (16040205),2004,1092.7619752880069,2214.0364873171306,714.9196708360098,1499.116816481121,81.29135472679715,2.0260921750444347,0.6542318336503121,1.3718603413941228,0.07439072420631411
Thousand-Virgin (16040205),2005,1986.5921898500033,4132.874646959625,1594.9293329563409,2537.945314003284,220.93776385837293,2.0803840204726045,0.8028468757227749,1.2775371447498292,0.11121445306550548
Thousand-Virgin (16040205),2006,2024.1645079358127,4780.569083132106,1394.7036949652795,3385.8653881668265,437.3652815152418,2.3617492868735255,0.689026850089156,1.6727224367843694,0.21607200393077483
Thousand-Virgin (16040205),2007,2151.115335731476,4724.956772118189,910.7767256569506,3814.1800464612384,270.5340186850922,2.196514846802248,0.4233974397041084,1.7731174070981393,0.12576453442144161
Thousand-Virgin (16040205),2008,1890.4400088079146,4028.2319283026995,863.2881376229162,3164.9437906797825,88.8735901698946,2.1308435652728526,0.456659895897619,1.6741836693752332,0.04701211874262916
Thousand-Virgin (16040205),2009,2020.35093262734,4487.430467062208,1329.4756749154524,3157.9547921467556,106.67749923558738,2.221114359190354,0.6580419537246197,1.5630724054657341,0.05280147003810866
Thousand-Virgin (16040205),2010,2382.1703601027725,5633.007253748961,1351.7692701149024,4281.23798363406,280.96171903606376,2.364653405185488,0.567452812256712,1.7972005929287764,0.11794358780618125
Thousand-Virgin (16040205),2011,2621.1179991755466,6124.385771002735,1903.740809628719,4220.644961374017,478.7526872494119,2.3365547727836424,0.726308701183055,1.610246071600588,0.18265209250403835
Thousand-Virgin (16040205),2012,1820.3366003654562,4249.538046649219,746.2989008677924,3503.239145781425,389.58280393498177,2.334479263777957,0.4099785175543706,1.9245007462235855,0.2140169042674679
Thousand-Virgin (16040205),2013,2142.741719603543,4864.373030279997,1252.0817672636015,3612.291263016394,208.28184531707956,2.2701630279453457,0.5843362995215614,1.685826728423784,0.0972034302648555
Thousand-Virgin (16040205),2014,1861.588462376499,3695.958383464263,1161.4083693160924,2534.5500141481716,100.99166615693848,1.9853788622787296,0.6238803005007033,1.3614985617780269,0.05425026432964286
Thousand-Virgin (16040205),2015,2086.6807749028644,5103.049680274641,1907.0498143640655,3195.9998659105754,57.54721074161658,2.4455344303980513,0.9139154571704142,1.531618973227637,0.027578349038220963
Thousand-Virgin (16040205),2016,3050.3085643531294,7858.887149083813,2221.999249543663,5636.88789954015,91.69947121691467,2.5764236578965334,0.7284506477510666,1.8479730101454668,0.030062359030998926
Thousand-Virgin (16040205),2017,3042.0828033368384,7360.28043813984,2398.477495540426,4961.802942599413,111.09919609140667,2.4194872112180517,0.788432679383202,1.6310545318348493,0.03652076661737898
Thousand-Virgin (16040205),2018,2835.99022732173,7520.083830701973,1629.8825248173437,5890.201305884629,86.06311680517736,2.6516606997633545,0.5747137310683127,2.0769469686950415,0.030346760710263158
Thousand-Virgin (16040205),2019,3683.9061832714556,9276.583442702575,2846.3260440247072,6430.25739867787,319.160023196043,2.5181378084022215,0.7726380375672478,1.745499770834974,0.08663630595299694
Thousand-Virgin (16040205),2020,3413.031098197,9052.542547817136,1605.459164156231,7447.083383660906,211.94066519123217,2.6523469278083396,0.47039101548308365,2.181955912325256,0.06209749020546398
Thousand-Virgin (16040205),2021,2964.5105270350005,8056.736497524328,1700.5167981549962,6356.21969936933,89.40911391996025,2.7177290901990467,0.5736248134884492,2.1441042767105967,0.03015982338554355
Thousand-Virgin (16040205),2022,2781.745987801,7661.325203829144,1242.577871927428,6418.7473319017145,61.47858713213077,2.7541426274817793,0.4466899125141542,2.3074527149676247,0.022100719261117816
Thousand-Virgin (16040205),2023,3342.5030539421077,7632.649913926665,3116.2020845158545,4516.447829410809,92.52948130633541,2.283513220705905,0.9322959573187655,1.3512172633871389,0.02768269162752365
Thousand-Virgin (16040205),2024,2751.8108650631357,7503.8138397891735,1645.4967524634887,5858.317087325686,27.287300032705684,2.7268639480486283,0.597968695216172,2.1288952528324567,0.009916124824981248
Trout (17070307),1985,11808.973183538003,23762.058223251177,7725.329574955053,16036.72864829611,21941.974753029746,2.01220358907886,0.6541914741346311,1.3580121149442275,1.8580764315408385
Trout (17070307),1986,13059.697782876627,27341.359134559632,9261.572376345659,18079.786758213966,25136.68982934816,2.0935675227039763,0.7091720291176321,1.3843954935863436,1.9247527965238538
Trout (17070307),1987,10680.519507137169,23256.219922545322,7836.88369522409,15419.336227321219,21349.730560696622,2.177442764558835,0.733754916133729,1.4436878484251046,1.9989412075348807
Trout (17070307),1988,11157.34264101086,22910.652475090257,7052.492595581664,15858.159879508596,22142.58177653948,2.053414797075242,0.6320942918485746,1.4213205052266673,1.9845748659855937
Trout (17070307),1989,12376.432895864651,25529.675185539163,10943.74360501676,14585.931580522405,20237.59461191565,2.062765208711261,0.884240531750744,1.178524676960517,1.6351718449245305
Trout (17070307),1990,10876.050071494812,20971.964845127124,7923.967190589516,13047.997654537614,17821.673324430947,1.9282703469794455,0.7285703116940909,1.199700035285355,1.6386163365632174
Trout (17070307),1991,11059.088998283743,21629.537611979646,7239.875121933458,14389.662490046188,19485.47859648783,1.955815493964858,0.654653843825383,1.301161650139475,1.7619424709857905
Trout (17070307),1992,8825.991742176519,18404.466317893108,6527.514805294507,11876.95151259861,15991.299215336618,2.085257595465924,0.7395786214144815,1.3456789740514437,1.8118416244283853
Trout (17070307),1993,12792.597956799353,26321.289723317488,12035.939135567569,14285.35058774991,20065.71414391078,2.0575406037307333,0.9408518251111289,1.116688778619604,1.5685409806258874
Trout (17070307),1994,10889.19544340315,23471.49278416306,6117.667283870662,17353.825500292434,23621.304369047553,2.155484572405436,0.561810770654947,1.5936738017504921,2.1692423918571246
Trout (17070307),1995,12189.718459208896,26549.293951350268,11854.948479688917,14694.345471661338,20479.748676912903,2.1780071492375797,0.972536693063073,1.2054704561745055,1.6800838137029477
Trout (17070307),1996,12918.058266541622,27434.614581309786,11790.574429797116,15644.040151512698,21341.929587749128,2.1237413561112914,0.9127203319972056,1.2110210241140882,1.6521004277419717
Trout (17070307),1997,13803.44141404426,31128.87610543281,13319.219826007251,17809.656279425584,24245.240386346966,2.2551532745856298,0.9649202272453347,1.290233047340297,1.7564634542280693
Trout (17070307),1998,14085.906191606051,30648.356934877615,14102.526182303716,16545.83075257392,22781.20088054093,2.1758171975574645,1.001179902128524,1.174637295428942,1.617304600119835
Trout (17070307),1999,12926.45730292084,28453.256226465706,9119.957421031639,19333.298805434046,26133.965046677025,2.2011642911655662,0.7055264414149195,1.4956378497506448,2.02174226350261
Trout (17070307),2000,13109.500937028586,29927.820155972928,7635.083642099754,22292.736513873195,30127.409296682043,2.282910714887702,0.5824084134685855,1.700502301419118,2.2981354852025935
Trout (17070307),2001,12225.592321032103,28818.469191297816,7420.32151103136,21398.14768026647,28645.238682903568,2.357224781798132,0.6069498570033232,1.7502749247948097,2.3430552835975225
Trout (17070307),2002,12517.274371491656,29431.83419612877,6200.159006413171,23231.675189715603,30857.54169173074,2.3512973609622527,0.4953282018435385,1.8559691591187144,2.465196557647519
Trout (17070307),2003,12114.258750021587,28230.272659239043,8749.860376348255,19480.412282890782,25564.537292113822,2.330334297935376,0.7222778179748441,1.6080564799605315,2.1102848981220803
Trout (17070307),2004,13338.623548765747,32678.88750477522,12067.65073783901,20611.23676693621,27452.174215426054,2.4499445077898665,0.9047148451052626,1.545229662684604,2.0580964831237227
Trout (17070307),2005,12856.227298194432,29530.18725689669,10584.363217913771,18945.824038982904,24976.194267564726,2.296955908755907,0.8232868766562856,1.4736690320996202,1.942731229640943
Trout (17070307),2006,12777.20214433149,30777.710959234602,10841.96782823509,19935.743130999475,26314.893098223296,2.4087989382627795,0.8485400564039013,1.5602588818588754,2.0595191968452733
Trout (17070307),2007,12946.594607618612,30173.78040735928,10161.442920075773,20012.33748728349,26267.849345229653,2.3306345276002602,0.7848738010299731,1.5457607265702857,2.028938894075818
Trout (17070307),2008,13671.325780363897,31305.1823587418,8534.976121280573,22770.206237461203,30079.549576845788,2.289842467488075,0.6242976181241577,1.6655448493639156,2.2001925826424964
Trout (17070307),2009,12692.355748118707,30029.93352931403,8970.206101899186,21059.727427414815,27508.653171853242,2.365985804783729,0.7067408351856804,1.6592449695980465,2.1673402257048022
Trout (17070307),2010,13648.795013011439,30592.181289163513,12596.20331203625,17995.97797712724,23790.221553214848,2.2413833059988,0.92288024693962,1.3185030590591784,1.7430272438362182
Trout (17070307),2011,13212.850195611783,29228.35564881473,9976.45297836687,19251.902670447864,25560.35507818752,2.212115873267221,0.7550568447132037,1.4570590285540175,1.934507294018709
Trout (17070307),2012,13615.338994743572,30999.339012943685,10887.127993332868,20112.211019610822,26714.534857551585,2.276795239906366,0.7996222494009165,1.4771729905054496,1.9620910553799047
Trout (17070307),2013,13972.99323760924,31934.257881250498,11243.40354914039,20690.854332110164,27183.21639227999,2.2854271334861394,0.8046524719469571,1.4807746615391866,1.945411117720615
Trout (17070307),2014,13404.215920124161,33050.63016699272,9753.158103958227,23297.472063034507,30870.597777638697,2.4656891804743903,0.7276186956460102,1.7380704848283812,2.303051365450755
Trout (17070307),2015,13413.009451843905,32207.863914747828,9139.358331522846,23068.50558322496,30296.686286940305,2.401240678341591,0.6813801454726065,1.7198605328689827,2.2587538162642073
Trout (17070307),2016,13133.42154524043,31188.76357055271,10330.656833011773,20858.10673754092,27523.763967586903,2.374763001638028,0.7865929527523327,1.5881700488856938,2.095703992503123
Trout (17070307),2017,13861.63214393154,33921.67985966046,11317.404412772568,22604.275446887856,29718.698714384387,2.447163473062656,0.8164553997147583,1.6307080733478951,2.1439537859468363
Trout (17070307),2018,13871.440418779252,32877.21730902188,7559.272543179121,25317.94476584275,33184.92974737982,2.370137225584192,0.5449522410769487,1.8251849845072428,2.3923203896297487
Trout (17070307),2019,13820.052859493275,31495.377496257046,12231.879105300266,19263.498390956796,25750.333512088077,2.2789621585725146,0.8850819334528044,1.3938802251197113,1.8632586846004464
Trout (17070307),2020,12122.751742118002,28658.254710170986,6229.558790039732,22428.695920131246,29167.024039728858,2.3640057405946693,0.5138733286433982,1.8501324119512705,2.405973879543705
Trout (17070307),2021,11101.575688501003,24784.237029464683,5703.353666773824,19080.88336269086,24582.554446711532,2.232497235066925,0.5137427178631363,1.7187545172037888,2.2143302118972272
Trout (17070307),2022,11396.298713024005,24037.526227437203,7058.6600376681345,16978.866189769084,22360.042751405374,2.1092397481619582,0.6193818024093474,1.4898579457526122,1.96204428424219
Trout (17070307),2023,9990.742417532352,20524.53618509617,6515.701779044913,14008.83440605127,18014.350283274864,2.0543554550138823,0.6521739333015703,1.4021815217123135,1.8031042669724129
Trout (17070307),2024,12652.981595314948,26966.68914243761,7196.977585389678,19769.711557047933,26285.626334778677,2.1312517480008535,0.5687969694079474,1.5624547785929062,2.0774254776843684
Tualatin (17090010),1985,61684.844625156926,117497.4201719625,62723.11611550316,54774.30405645936,80322.24699944028,1.9048020771708896,1.016831873317596,0.887970203853294,1.3021390827445234
Tualatin (17090010),1986,63377.885883632895,115084.99860508017,82368.77703662463,32716.22156845544,48166.190205962615,1.8158541737473834,1.2996453871601303,0.5162087865872517,0.7599841732556333
Tualatin (17090010),1987,52525.59146386108,101431.6227695019,56995.49836158233,44436.124407919626,65071.83839449435,1.9310895878114842,1.0850996014161336,0.8459899863953515,1.2388596983104019
Tualatin (17090010),1988,53376.39944512876,94390.92642581709,71327.50693551598,23063.419490301196,34041.625048087204,1.7684019043444752,1.3363116972481641,0.4320902070963127,0.6377654806612085
Tualatin (17090010),1989,40516.47375287059,68207.95299037575,43075.99018418043,25131.962806195213,37066.87374608088,1.683462223450362,1.0631722406772506,0.6202899827731089,0.9148593229551397
Tualatin (17090010),1990,67003.67914107854,122306.57260566516,90171.17599196437,32135.39661370105,47082.3344858681,1.8253709971380003,1.3457645482736236,0.47960644886438064,0.7026828241287264
Tualatin (17090010),1991,54519.02348056011,92641.46577658987,76498.64254100402,16142.823235586018,23567.731492534615,1.6992502774673344,1.403155039419978,0.2960952380473593,0.43228454928100796
Tualatin (17090010),1992,67783.97541535455,130259.37265307982,82242.18670789752,48017.18594518208,70460.32073673575,1.9216838766817625,1.2132983674083515,0.7083855092734077,1.0394834517300229
Tualatin (17090010),1993,65400.97515252602,115518.36477297544,101421.17710411329,14097.187668861894,20555.816655812705,1.766309516082402,1.5507594017915196,0.21555011429087859,0.3143044367132615
Tualatin (17090010),1994,50934.996899626225,82668.1751541825,57249.4656648842,25418.709489298337,36842.96661972015,1.6230132558384263,1.123971122992339,0.4990421328460877,0.7233330492259343
Tualatin (17090010),1995,68630.05507272852,143332.65227269704,113603.08153777893,29729.570734918037,43553.68614745086,2.0884822563642826,1.6552963773290241,0.4331858790352575,0.6346153460214512
Tualatin (17090010),1996,67969.89220052572,129276.92946633324,108680.23760070199,20596.69186563146,30245.059168483975,1.90197343678196,1.598946740713845,0.3030266960681181,0.44497730082099557
Tualatin (17090010),1997,64252.02971059247,118740.8711369825,106067.46113182671,12673.410005156002,18536.16157971755,1.8480485623850589,1.6508032759366764,0.19724528644838574,0.2884914556506487
Tualatin (17090010),1998,41551.54067492573,76854.24688465014,62798.682251289436,14055.56463336069,20562.36535598946,1.849612448450746,1.5113442541779272,0.3382681942728183,0.4948640898025188
Tualatin (17090010),1999,68872.65000548432,124651.41084520987,91599.9812384151,33051.42960679533,48977.826192725006,1.8098825997734065,1.3299906600242768,0.47989193974913774,0.7111360778019273
Tualatin (17090010),2000,71381.99911598924,141580.53502944263,100145.89859224147,41434.63643720127,60566.551572421915,1.9834207052591393,1.4029573258310337,0.5804633794281071,0.848484944698828
Tualatin (17090010),2001,71901.57992226777,136780.8971052993,97037.42105153477,39743.47605376454,58725.879359435094,1.9023350704278268,1.3495867706445555,0.5527482997832718,0.8167536711004567
Tualatin (17090010),2002,70244.60549435197,133354.7295616011,87598.9441602753,45755.78540132499,67162.49731549605,1.898433746237261,1.2470558207821199,0.6513779254551296,0.9561232046622606
Tualatin (17090010),2003,67750.40986970883,128286.08568858908,82405.96267492864,45880.12301366073,67957.19661305257,1.8935101047402771,1.2163168139263507,0.6771932908139305,1.003052184388868
Tualatin (17090010),2004,63322.45469959782,128466.49164729749,85572.47231911805,42894.01932817994,63673.96640840361,2.0287667661770765,1.3513764228672827,0.6773903433098017,1.0055511383832696
Tualatin (17090010),2005,70995.67074577916,138218.94191107742,106478.29533353461,31740.646577542546,47242.40377328422,1.9468643715757106,1.4997857505257102,0.4470786210499968,0.6654265432951469
Tualatin (17090010),2006,71454.29521337878,142334.46918023456,102833.43124133855,39501.03793889613,57868.88004598741,1.9919651961465923,1.4391497520793473,0.5528154440672467,0.809872658783881
Tualatin (17090010),2007,70980.83167359569,137464.9704241131,74982.8598500206,62482.110574092985,92100.07744642503,1.936649193633624,1.0563818157953992,0.8802673778382317,1.2975344931142239
Tualatin (17090010),2008,70596.45210151294,130025.14126605702,72615.60521200755,57409.53605404937,84583.33974904595,1.8418084393120724,1.028601339732926,0.8132070995791449,1.1981245123681399
Tualatin (17090010),2009,70957.86271949077,141632.81342093786,94716.48041482439,46916.33300611339,68646.09617613921,1.9960129574482521,1.3348271323962464,0.6611858250520046,0.967420572509485
Tualatin (17090010),2010,66877.38900515182,134772.37622542665,119367.37104732801,15405.00517809908,22234.26407966518,2.015215878344841,1.7848688895155982,0.23034698882924948,0.3324631001660724
Tualatin (17090010),2011,70402.89839457616,127754.93291154077,103406.30854906554,24348.62436247566,35811.61724606042,1.8146260427451808,1.4687791398802974,0.34584690286488945,0.5086668029681481
Tualatin (17090010),2012,49829.49842300914,89700.74581023733,67463.1750458712,22237.570764366108,32732.566846526875,1.8001534964039965,1.3538802753575296,0.4462732210464664,0.6568913571767435
Tualatin (17090010),2013,72066.36866218479,139266.6843195442,112344.33208601303,26922.352233531325,40464.770290958346,1.93247817123081,1.5589009710289898,0.3735772002018221,0.5614931214397559
Tualatin (17090010),2014,69850.91198192348,146547.9514809728,103063.10748449987,43484.84399647337,64743.94071127954,2.0980105674052982,1.4754726110257699,0.6225379563795344,0.9268875505596039
Tualatin (17090010),2015,73556.19603741972,152463.30544958575,89556.98543434104,62906.320015244586,93325.47520361624,2.0727459230222314,1.2175314964463544,0.8552144265758754,1.2687642949363427
Tualatin (17090010),2016,72416.11739299951,148486.77632169024,91332.83813839861,57153.93818329174,85422.13939335594,2.0504658585306106,1.2612225209857466,0.7892433375448659,1.179601205761602
Tualatin (17090010),2017,72328.21912007158,146002.41916034435,99094.95706966195,46907.46209068218,71634.23499507655,2.018609346899123,1.3700732338667858,0.6485361130323343,0.9904050710298432
Tualatin (17090010),2018,76511.34993234303,150197.77170183804,88265.59330428517,61932.178397552794,93581.150179583,1.9630783123635116,1.1536274472001358,0.8094508651633749,1.2231015432655985
Tualatin (17090010),2019,78605.89544757028,156758.1514946564,107937.69013110641,48820.461363550225,73184.33380020985,1.994228939217584,1.3731500610294591,0.621078878188128,0.9310285619610226
Tualatin (17090010),2020,80168.49420428011,159575.1043103326,116423.88709722008,43151.21721311246,64416.14697676565,1.9904964649044519,1.4522399136069133,0.5382565512975378,0.8035095035292124
Tualatin (17090010),2021,74795.59217327603,148968.63354400182,82172.68714340482,66795.946400597,100556.6450852618,1.9916766378276942,1.0986300763959267,0.8930465614317676,1.3444193991045106
Tualatin (17090010),2022,87160.86626462512,165009.6797697788,123767.47191750005,41242.2078522786,62668.7668261167,1.8931624574358916,1.4199890067835637,0.4731734506523263,0.7190011929878132
Tualatin (17090010),2023,83176.79916503256,162944.2169424425,94155.42143055049,68788.7955118919,104759.62759035274,1.959010428126021,1.13199140115665,0.8270190269693697,1.2594813534781173
Tualatin (17090010),2024,86526.32412812415,175981.24793016925,141249.99939047653,34731.24853969298,53013.11794768629,2.033846343334595,1.6324511738337586,0.40139516950083953,0.612681961031731
Umatilla (17070103),1985,97053.40972608801,251274.6436025308,65952.40610857288,185322.23749395792,244962.83358658693,2.5890346800972623,0.6795475428911678,1.9094871372060944,2.5240002827097046
Umatilla (17070103),1986,99025.69737959614,252041.7574288942,78478.375699347,173563.38172954728,230448.65676666432,2.545215677328079,0.7925051554902471,1.752710521837833,2.3271601499889805
Umatilla (17070103),1987,89726.19035741832,231107.75367989155,53438.71704009155,177669.03663980012,235776.22015699965,2.575700057689836,0.5955754593750383,1.9801245983147986,2.6277302002659506
Umatilla (17070103),1988,91706.7913339149,224075.5369600635,64826.385268080776,159249.15169198267,210312.96687384602,2.443390873247096,0.7068875088218985,1.7365033644251966,2.2933194348504955
Umatilla (17070103),1989,101466.7540257632,233461.7591806933,86834.25570922959,146627.50347146383,193221.90599481948,2.30086949584901,0.8557902195943086,1.4450792762547027,1.9042878413727409
Umatilla (17070103),1990,99549.7212601322,249158.21366088616,72871.02353626468,176287.19012462153,231139.33593414814,2.50285194681574,0.732006304124612,1.7708456426911288,2.3218481479235957
Umatilla (17070103),1991,103569.58130356538,244555.2988163526,77609.61908592719,166945.6797304254,219110.6643013362,2.361265689580747,0.7493476183750438,1.6119180712057035,2.1155889745186536
Umatilla (17070103),1992,97867.08409868556,241373.1190844193,77222.42406543905,164150.69501898027,214203.46785927276,2.466336064953438,0.789054101045565,1.6772819639078729,2.1887181970526255
Umatilla (17070103),1993,106810.21413275404,237220.02290184778,92130.68245649771,145089.34044535016,189694.85860804497,2.2209488561366224,0.8625643455970308,1.3583845105395924,1.7759992351693434
Umatilla (17070103),1994,106416.99534299031,258736.61793443936,74257.79775390003,184478.82018053954,241425.26650005707,2.431346770320953,0.697800172938179,1.7335465973827757,2.268672083081509
Umatilla (17070103),1995,106813.63943885273,249328.8236466783,106288.64524418332,143040.17840249502,187660.92964573932,2.3342414410419074,0.9950849517212645,1.3391564893206431,1.7569004354838877
Umatilla (17070103),1996,112818.16944450591,280324.2703002181,104454.44862919497,175869.82167102315,228719.78218029882,2.484744006045114,0.9258654802103932,1.558878525834721,2.027331087771316
Umatilla (17070103),1997,111632.4724481637,277622.5723493985,98033.59326130876,179588.97908808984,233833.93207334256,2.486933830819809,0.8781816895333072,1.6087521412865025,2.094676637946211
Umatilla (17070103),1998,88630.51322660349,218986.73740732,64863.51988359411,154123.21752372588,203496.09556956458,2.4707826845979333,0.7318418626072511,1.738940821990682,2.296004932852886
Umatilla (17070103),1999,108995.57589343218,269288.55393357767,72345.988184456,196942.56574912154,254900.73112361893,2.4706374706150287,0.6637516026814755,1.806885867933552,2.338633738426613
Umatilla (17070103),2000,111698.87590510312,298603.06405035686,91336.3795393697,207266.68451098716,269191.1967919086,2.6732862048141235,0.8177018685216407,1.8555843362924827,2.4099722992790675
Umatilla (17070103),2001,108544.14596789081,272189.57211633807,72544.11076336665,199645.46135297132,258483.39595776913,2.5076393543771243,0.668337385830337,1.8393019685467866,2.3813665274425104
Umatilla (17070103),2002,101828.1506611107,257836.3980147748,59038.37915081518,198798.01886395956,255210.3148131497,2.5320738552236652,0.5797844581043009,1.9522893971193638,2.5062844916284757
Umatilla (17070103),2003,107444.62165052255,285026.4671004006,74164.02430997397,210862.44279042666,271755.92854521936,2.652775566816977,0.6902534828704782,1.9625220839464992,2.52926507042056
Umatilla (17070103),2004,111736.9810714866,286289.45259964134,97435.97116252736,188853.48143711404,243615.42776327705,2.562172790550698,0.8720118462856107,1.6901609442650878,2.180257828940428
Umatilla (17070103),2005,105626.26865732537,272079.4396519489,61162.7522292267,210916.68742272223,269385.69054409856,2.575869081720892,0.5790486874780363,1.9968203942428555,2.5503664378985538
Umatilla (17070103),2006,110739.35325872019,282186.5146500907,102263.34442402047,179923.17022607021,230836.63368480644,2.5482044670318666,0.9234598308074164,1.6247446362244502,2.0845040800039993
Umatilla (17070103),2007,106972.28512082888,284950.6421882312,76929.60699054913,208021.03519768213,266590.4468198985,2.6637800797315836,0.7191545632932352,1.9446255164383486,2.492145012315811
Umatilla (17070103),2008,108843.20307579619,281540.0514626764,68549.8531382979,212990.19832437846,272333.6265547282,2.586657168354533,0.6298037103020679,1.956853458052465,2.5020728796917213
Umatilla (17070103),2009,109714.1772020772,282110.57479798363,82227.74909678119,199882.8257012026,256210.3011268226,2.571322886361148,0.7494724127159055,1.821850473645244,2.335252450145265
Umatilla (17070103),2010,110958.63519190042,272597.0417354736,104007.86923106518,168589.17250440846,216513.78988155507,2.4567447253115837,0.9373571426071161,1.5193875827044676,1.9513018478201307
Umatilla (17070103),2011,114049.4885677635,284336.7991985202,98921.15197187672,185415.6472266434,238044.866521425,2.493100168788385,0.8673528764936271,1.6257472922947573,2.087206786376675
Umatilla (17070103),2012,113104.046923422,290161.3235553532,92178.99016685488,197982.33338849823,252971.75866331017,2.5654371479016063,0.8149928554657766,1.750444292435829,2.236628710859362
Umatilla (17070103),2013,116431.82175515461,303042.62843943347,95271.91182933959,207770.71661009386,264763.89811016916,2.6027474608849133,0.8182635158770223,1.7844839450078909,2.2739822680688038
Umatilla (17070103),2014,117132.30064031163,323457.6141106049,76739.00419494018,246718.6099156648,315080.76701922354,2.7614723892760753,0.655148099844716,2.1063242894313596,2.6899562742028738
Umatilla (17070103),2015,116692.35148590081,309235.287183999,70194.41355715014,239040.87362684897,305233.3620298798,2.6500047624917555,0.6015339708501056,2.0484707916416505,2.615710097047442
Umatilla (17070103),2016,116920.06468542713,309693.55587558466,97637.19775513846,212056.3581204462,269787.32365677145,2.648763124693898,0.8350764945078577,1.8136866301860404,2.3074510297495383
Umatilla (17070103),2017,126197.93974979926,326107.84082692023,112526.94594972291,213580.89487719728,273081.37230198755,2.5840979771418096,0.8916702299008958,1.6924277472409133,2.1639130784813143
Umatilla (17070103),2018,121654.79793933447,317618.91332794685,89263.38174528233,228355.53158266444,291719.3818888193,2.610821099602941,0.7337432083015357,1.8770778913014048,2.3979274704339306
Umatilla (17070103),2019,137172.28039652796,335458.62031667243,124046.2365592269,211412.38375744544,276926.9564473943,2.4455277651355822,0.9043097934994067,1.5412179716361747,2.0188259293122
Umatilla (17070103),2020,134269.30351542303,345936.5656111968,90811.75735516984,255124.8082560269,333412.20427949534,2.576438221945944,0.6763404216566792,1.9000978002892646,2.483160302095389
Umatilla (17070103),2021,137623.994177976,371821.53821553366,86746.3293855862,285075.20882994734,374993.3123039469,2.701720295479088,0.630313993600603,2.071406301878484,2.724766960469144
Umatilla (17070103),2022,167101.7483482891,420154.9482980593,175810.21865209474,244344.7296459643,335748.11704965343,2.5143659623616443,1.0521147767146914,1.4622511856469518,2.0092435918136284
Umatilla (17070103),2023,156253.3050826557,388572.3772909399,117583.11873360202,270989.2585573378,365893.5212361322,2.4868106123284295,0.7525160422776485,1.7342945700507806,2.3416690036897454
Umatilla (17070103),2024,168007.5416590527,440288.3246299039,135599.30870204142,304689.0159278625,424137.9901172204,2.6206461941060133,0.807102510774313,1.8135436833317002,2.5245175658718217
Umpqua (17100303),1985,3984.261553016999,8247.736604037296,4809.843091330881,3437.8935127064215,5868.665144325092,2.070079108584593,1.2072106781465508,0.862868430438044,1.4729618189551756
Umpqua (17100303),1986,7518.413392670665,16043.945378573331,10991.394065641516,5052.551312931805,8409.42540555716,2.133953607048768,1.461929996607594,0.6720236104411724,1.1185106439817607
Umpqua (17100303),1987,4767.086735743714,11776.074651500454,6853.7533430043495,4922.321308496093,8318.98275798135,2.4702874741512892,1.4377236502987805,1.0325638238525066,1.745087349807472
Umpqua (17100303),1988,2826.38187755236,6158.905797634968,4767.45632079791,1391.4494768370566,2388.4709246100115,2.179077727093469,1.6867700570336643,0.492307670059804,0.8450630622774944
Umpqua (17100303),1989,7098.241221638529,13912.79143528383,9824.112661157104,4088.6787741267276,6851.978051727297,1.9600336197185841,1.3840206826458548,0.5760129370727294,0.9653064523701287
Umpqua (17100303),1990,7799.472812945755,17197.065432947016,10736.091262355812,6460.974170591236,10661.428608145136,2.204901003616925,1.3765149927230704,0.8283860108938585,1.3669422105618518
Umpqua (17100303),1991,5212.002411001396,11757.839697935196,8398.48702577658,3359.352672158617,5445.290917310662,2.255916012839321,1.6113743554778894,0.6445416573614317,1.0447598615489597
Umpqua (17100303),1992,6956.004963381371,17236.459540498334,9589.518256043895,7646.941284454427,12756.050603294801,2.477925135366716,1.378595660372035,1.0993294749946794,1.833818502207333
Umpqua (17100303),1993,6548.507146068362,12819.671268149661,12211.684885749937,607.9863823997177,1075.724966064832,1.9576479008420147,1.8648043918042714,0.09284350903774226,0.16427025917054747
Umpqua (17100303),1994,4354.180418244634,9059.853376248224,6290.089658755083,2769.7637174931356,4573.127440157352,2.0807253044192087,1.4446093304720942,0.6361159739471135,1.050284324690658
Umpqua (17100303),1995,5086.609736234218,11693.296878040659,9555.27383678833,2138.023041252326,3474.521286126331,2.298839007589677,1.878515225715431,0.42032378187424574,0.6830721180309444
Umpqua (17100303),1996,6627.516440183073,14663.818865303041,12673.369289103233,1990.4495761997978,3401.844226994464,2.212566199971279,1.9122350587112469,0.3003311412600306,0.5132909526061461
Umpqua (17100303),1997,7449.311540705306,17029.53446617257,14510.723118685433,2518.8113474871434,4095.846036247561,2.2860548083024868,1.9479280789096316,0.3381267293928562,0.5498288014760306
Umpqua (17100303),1998,3630.0683885929016,7884.477784712186,6642.171652272196,1242.3061324399894,2146.3505204635167,2.1719915276219885,1.829764880778694,0.3422266468432943,0.5912699956860845
Umpqua (17100303),1999,7390.15858402607,16013.963994057052,10406.178838954771,5607.785155102286,9397.426100350032,2.166931035644006,1.4081130628844516,0.7588179727595551,1.271613591711374
Umpqua (17100303),2000,7779.723541000153,17674.003886980405,12019.310064291398,5654.693822688994,9627.45514856193,2.2718035922274242,1.5449533651097078,0.7268502271177149,1.237506075611041
Umpqua (17100303),2001,7581.635093572581,16493.36400828312,11483.560649877336,5009.803358405784,8254.323164155792,2.175436275252229,1.51465488752059,0.6607813877316389,1.0887259888244278
Umpqua (17100303),2002,7829.9979826033705,16678.269474912773,11441.924001817415,5236.345473095375,8878.348912800497,2.130047735895772,1.4612933524681608,0.6687543834276136,1.1338890421844736
Umpqua (17100303),2003,7946.856604249389,16142.743937977197,10527.125091284819,5615.6188466923795,9583.824797334699,2.0313370105791586,1.3246904550480618,0.7066465555310968,1.2059893961355714
Umpqua (17100303),2004,6511.143746670165,14677.10056065267,10519.878250742997,4157.222309909663,6870.701551772392,2.2541509036962397,1.6156728617952756,0.6384780419009625,1.0552219117088464
Umpqua (17100303),2005,7823.697752955116,17494.447796324934,15276.616029166651,2217.8317671582968,3648.93290752817,2.236084310608375,1.9526081542958977,0.2834761563124792,0.46639492254796255
Umpqua (17100303),2006,7653.342342599757,17071.327424263534,13009.324440409762,4062.002983853778,7045.304578445199,2.2305715150414387,1.6998226210263365,0.530748894015103,0.9205526504713999
Umpqua (17100303),2007,8122.745321953523,16912.14697377889,11005.023536474955,5907.123437303959,9872.68803002262,2.082072784932707,1.3548404018936104,0.7272323830390997,1.2154373476833613
Umpqua (17100303),2008,5107.09263677669,10988.118090692979,7155.1877512472975,3832.930339445667,6424.172044036405,2.151540783021328,1.4010295602868192,0.7505112227345062,1.2578922100952885
Umpqua (17100303),2009,7612.82049924317,15455.736182721652,11382.290161038727,4073.4460216829257,6831.5742223192865,2.030224695861171,1.495147581920564,0.5350771139406069,0.8973775518545917
Umpqua (17100303),2010,4836.552669333499,10418.991029236551,10020.09607012606,398.8949591104973,677.7299994466515,2.154218457145912,2.071743399727492,0.08247505741842093,0.14012666578487734
Umpqua (17100303),2011,7866.678424948277,16320.584774508525,13375.137411420292,2945.447363088234,5076.455424861706,2.0746475059600304,1.700226790636638,0.37442071532339266,0.6453111657344864
Umpqua (17100303),2012,6865.036221717923,14220.752660817512,10625.376558303797,3595.3761025137073,6032.515446070486,2.0714752554151676,1.5477524393374398,0.5237228160777266,0.8787303156516916
Umpqua (17100303),2013,7681.2031953122105,16739.123617855967,11042.47343993275,5696.650177923195,9609.41807664174,2.179231976062259,1.4375968398638252,0.741635136198431,1.2510303180765099
Umpqua (17100303),2014,7745.336974068399,17843.797914302322,12597.322929948477,5246.474984353847,8837.055099767114,2.303811696514154,1.6264396206549385,0.6773720758592155,1.14095166283324
Umpqua (17100303),2015,5902.272843729969,13544.04663413531,8898.946732499373,4645.099901635937,7643.66436920298,2.294717135708705,1.507715242604007,0.7870018931046984,1.2950374493993284
Umpqua (17100303),2016,5282.341345638575,12625.264418767909,7650.401157247761,4974.863261520149,8326.463176342664,2.3900887111720075,1.4482973849398053,0.9417913262322021,1.5762826806369685
Umpqua (17100303),2017,9338.875645259795,21338.144960325928,15574.677257433712,5763.467702892222,9979.09519801096,2.2848730158599655,1.6677250933670018,0.6171479224929641,1.0685542432590507
Umpqua (17100303),2018,11332.92325239374,24460.938772539062,17036.06983960827,7424.868932930815,12888.89112398773,2.1583962255609928,1.5032370254523615,0.6551592001086334,1.1372962506620115
Umpqua (17100303),2019,13050.68298933404,28098.710040701626,20071.32595088741,8027.384089814192,13882.172164334997,2.153045175004704,1.537952149116728,0.6150930258879745,1.063712311124292
Umpqua (17100303),2020,15673.900356441014,35744.835745895005,26145.61599250946,9599.21975338549,16986.615403997755,2.280532281883881,1.6680989031402904,0.6124333787435875,1.0837516519630863
Umpqua (17100303),2021,12253.467255828005,26969.98625796528,15306.550671331153,11663.435586634105,20426.24826500685,2.201008554957193,1.249160776436648,0.9518477785205433,1.6669770146316503
Umpqua (17100303),2022,17483.229758338024,39591.33396197769,33090.58883038972,6500.7451315879935,11494.078783410469,2.264532040660048,1.8927045681938892,0.3718274724661607,0.6574345210974971
Umpqua (17100303),2023,19254.40704023655,39381.0915349309,25946.818286107315,13434.273248823582,24497.23047577641,2.0453027430361774,1.3475781535045674,0.6977245895316097,1.2722921263991025
Umpqua (17100303),2024,19874.934296475927,45033.52274634111,34488.36683401486,10545.15591232623,19085.902983639768,2.2658451129735866,1.735269476595456,0.5305756363781297,0.96030018006268
Upper Crooked (17070304),1985,13023.944012841,25190.882186076065,11675.528742910632,13515.353443165423,24559.129358383318,1.934197671706745,0.8964664414557607,1.0377312302509836,1.8856906428781606
Upper Crooked (17070304),1986,11900.943342248489,23234.657196441603,11292.39569100217,11942.261505439437,21567.502889114352,1.9523374347946265,0.9488655954620028,1.003471839332624,1.8122515391321512
Upper Crooked (17070304),1987,13911.734342110718,29621.098641105324,16693.747604963195,12927.351036142147,23534.431919803952,2.1292168116984866,1.1999760198432874,0.9292407918552003,1.6916964729958506
Upper Crooked (17070304),1988,5435.7942359477875,9890.601191585713,3605.4096524266843,6285.191539159025,10911.28497243142,1.8195319326433597,0.6632719150006684,1.1562600176426907,2.0073027967602832
Upper Crooked (17070304),1989,12148.630515843168,21366.72143669368,13090.404699116672,8276.316737577012,14644.956052850946,1.7587761360285914,1.0775210162203326,0.6812551198082593,1.205482052792065
Upper Crooked (17070304),1990,10088.130961242501,17227.860540778587,10236.769158002184,6991.091382776402,12337.409274936776,1.707735615939776,1.0147339678014426,0.6930016481383333,1.2229628384421016
Upper Crooked (17070304),1991,13296.521827195864,22340.189027138804,14951.040513622553,7389.148513516247,13166.473090005069,1.680152848803331,1.1244324424032939,0.555720406400037,0.9902193416533336
Upper Crooked (17070304),1992,4659.075451841237,10219.970419678813,3773.931165900645,6446.039253778165,11312.458273580767,2.193561904141292,0.8100171815009374,1.3835447226403539,2.4280478799951943
Upper Crooked (17070304),1993,17082.480947147895,31128.884456875752,22326.769178330556,8802.11527854522,15616.71709064506,1.82226952590707,1.3069980436336006,0.5152714822734709,0.9141949075759068
Upper Crooked (17070304),1994,10822.555327882292,21291.93585225528,9508.926081662818,11783.009770592467,21479.767209005026,1.9673667823532013,0.8786211567950912,1.0887456255581105,1.9847223283457298
Upper Crooked (17070304),1995,17057.295587591907,32850.08623960523,20391.985450243657,12458.100789361575,22065.44242277075,1.925867208603782,1.195499330214898,0.7303678783888841,1.2936073194875013
Upper Crooked (17070304),1996,15394.841188148268,29190.38478397455,19876.663307670126,9313.721476304421,16166.015190038486,1.8961147066880295,1.291124933654541,0.6049897730334886,1.0500930144368041
Upper Crooked (17070304),1997,15582.48971152117,30063.441105784426,20654.55244739202,9408.888658392414,16257.196388722927,1.9293092222327302,1.3254975828490834,0.6038116393836472,1.0432990292111601
Upper Crooked (17070304),1998,16866.455169518053,32905.95305379061,23125.701131078797,9780.251922711823,17076.159501396516,1.9509702971410368,1.371106192655869,0.5798641044851682,1.0124332190594176
Upper Crooked (17070304),1999,15986.894825014819,27856.288971130078,16789.067715572455,11067.221255557592,19185.04822990549,1.7424452513156667,1.050176904229236,0.6922683470864288,1.200048442170677
Upper Crooked (17070304),2000,12500.984462492464,25025.085822458994,10564.102437209553,14460.983385249425,25287.112682977833,2.0018492061599966,0.8450616404576561,1.1567875657023394,2.0228097042155713
Upper Crooked (17070304),2001,14586.336339128064,26498.95184458058,14028.437897571815,12470.513947008772,21978.378712275135,1.8166968886831951,0.9617519829115913,0.8549449057716044,1.506778549546935
Upper Crooked (17070304),2002,6136.408479223604,12961.50233560996,2597.0247867094304,10364.477548900528,17694.33509220883,2.1122293894701554,0.42321576138588696,1.6890136280842682,2.88350020245842
Upper Crooked (17070304),2003,11483.773411462184,22661.65219341912,10834.213283711606,11827.438909707509,20652.135388493596,1.9733628818207152,0.943436699377729,1.0299261824429857,1.7983753813777175
Upper Crooked (17070304),2004,15500.212653719376,31664.53038302028,19535.55196813806,12128.978414882213,21172.47570865427,2.0428449009325154,1.2603409001263204,0.7825040008061945,1.365947434506571
Upper Crooked (17070304),2005,15721.62665417202,32733.26050814283,16578.715901073683,16154.544607069152,28427.875985532228,2.082053036125016,1.0545165755271397,1.0275364605978765,1.808201950781497
Upper Crooked (17070304),2006,16111.13534585256,33374.3718395642,19172.213352105093,14202.158487459148,24280.90303953184,2.0715096188522595,1.1899976594163824,0.8815119594358797,1.5070882664878362
Upper Crooked (17070304),2007,14228.542475395341,29535.13702631583,12566.067964164136,16969.069062151684,29606.617369887346,2.0757668663104014,0.8831591841465116,1.1926076821638891,2.080790595458705
Upper Crooked (17070304),2008,15112.27828249145,29258.44616744309,13384.987695487262,15873.45847195582,27591.13185533291,1.9360711615098358,0.8857028335029162,1.0503683280069191,1.825742706663827
Upper Crooked (17070304),2009,12330.220618617926,25893.0627559264,11996.960626407074,13896.10212951935,23697.043261025505,2.0999675153281006,0.9729720981871444,1.126995417140958,1.9218669311759375
Upper Crooked (17070304),2010,16593.51111224488,33256.18312284097,18957.747639325582,14298.435483515403,24436.52155553309,2.004167948415702,1.1424795819937141,0.8616883664219884,1.4726552680885363
Upper Crooked (17070304),2011,18229.122783023668,36918.71173969076,20354.075285384894,16564.636454305903,28539.092620887885,2.0252599194774334,1.1165691036071215,0.9086908158703139,1.5655768497793892
Upper Crooked (17070304),2012,15943.908963559557,29540.759146056444,13936.678434491756,15604.08071156469,26407.218193407265,1.852792763278631,0.8741067492510521,0.9786860140275788,1.6562574619412354
Upper Crooked (17070304),2013,13765.407472433413,26608.198020920612,13749.249674424227,12858.948346496383,21707.187279549587,1.9329756909997873,0.9988262027083802,0.934149488291407,1.5769375024328465
Upper Crooked (17070304),2014,13408.947808442252,28086.32316041867,12918.467206757043,15167.855953661643,25464.739668613576,2.0945956059830113,0.9634213952733559,1.1311742107096565,1.8990855980945065
Upper Crooked (17070304),2015,12686.545577558027,27861.664866452138,11868.535037843923,15993.12982860821,26670.36520509072,2.19615849689913,0.9355214124512247,1.2606370844479047,2.1022558932251414
Upper Crooked (17070304),2016,16759.07575714768,34872.429396447544,19418.071573307196,15454.357823140343,25415.550853856985,2.080808625832161,1.1586600511084548,0.9221485747237058,1.516524611628261
Upper Crooked (17070304),2017,16791.430789063907,35045.65182127053,19922.59690211489,15123.054919155658,24541.206602371392,2.087115282879611,1.1864740505073743,0.900641232372238,1.46153159374333
Upper Crooked (17070304),2018,15900.07260297708,31978.531405756854,14460.438995160175,17518.09241059671,29272.572150327305,2.0112192066198045,0.9094574192354724,1.1017617873843342,1.84103386703067
Upper Crooked (17070304),2019,17649.265276697384,35974.60466398259,22382.922763439736,13591.681900542828,21600.91964404476,2.0383060767679915,1.26820705635788,0.7700990204101101,1.2238990861882963
Upper Crooked (17070304),2020,16024.258866433001,33421.7715186196,14725.788292797566,18695.983225822027,30858.82328745898,2.08569842744055,0.9189684474983476,1.166729979942202,1.9257566633612524
Upper Crooked (17070304),2021,8328.407700911997,18413.07348566063,5496.386733376846,12916.686752283777,19517.039869835073,2.2108756135514733,0.6599564923766841,1.5509191211747886,2.343429929312643
Upper Crooked (17070304),2022,16081.989748691007,32624.70155452152,16890.160326727597,15734.54122779393,25803.191308138958,2.02864832426454,1.0502531459518167,0.9783951783127236,1.6044775373793039
Upper Crooked (17070304),2023,16812.998106733805,35198.6614638976,19772.903037117194,15425.758426780389,24821.393621102317,2.0935386562495433,1.1760486090340967,0.9174900472154451,1.4763216806145392
Upper Crooked (17070304),2024,16456.509973719847,34361.297597208104,17690.23542032755,16671.06217688057,27056.990997617137,2.0880063666039295,1.074968838993073,1.0130375276108574,1.6441512228793154
Upper Deschutes (17070301),1985,27100.632445028008,53573.688365385075,13740.03567981468,39833.65268557035,51917.78659586752,1.9768427350932145,0.5070005546064473,1.4698421804867654,1.915740774728398
Upper Deschutes (17070301),1986,26129.8330459453,53100.515450605846,14303.835354869068,38796.68009573684,51249.48592846884,2.0321796682449804,0.5474139589685847,1.4847657092763982,1.9613399686999335
Upper Deschutes (17070301),1987,22730.931710847814,45367.36605155302,15374.103875378685,29993.262176174285,39797.011243495996,1.995842785005706,0.6763516810902102,1.3194911039154937,1.7507866263354173
Upper Deschutes (17070301),1988,22568.51551092189,48620.916113067346,11818.416177205667,36802.499935861575,48325.23781003802,2.154369262326428,0.5236683011554845,1.630700961170939,2.1412678998160657
Upper Deschutes (17070301),1989,25566.02020290927,51354.720403577754,18493.240990173264,32861.4794134045,43282.47980449144,2.0087099985055117,0.723352357676258,1.285357640829254,1.6929690057729885
Upper Deschutes (17070301),1990,23913.697154155027,46618.108829096294,14750.96050485034,31867.148324245925,41919.915411496215,1.9494312622837726,0.6168414866911262,1.3325897755926452,1.75296672619326
Upper Deschutes (17070301),1991,25395.179322137104,55230.94469438715,17006.516631272098,38224.428063114996,49994.96185685471,2.1748594090943105,0.6696749967993899,1.505184412294918,1.9686792214644395
Upper Deschutes (17070301),1992,22045.20024845435,48985.274482976136,14950.058022469913,34035.21646050633,44414.70554956835,2.2220380822537837,0.6781547844419379,1.5438832978118506,2.0147109143489135
Upper Deschutes (17070301),1993,27162.84638294111,50901.35470873849,21816.804623219476,29084.550085519106,37972.65635195849,1.8739330183270375,0.8031855099295091,1.070747508397532,1.3979630785603598
Upper Deschutes (17070301),1994,25422.130121474693,54115.850043865124,12981.81910975629,41134.03093410876,53812.853475558535,2.128690624478873,0.5106503289742126,1.6180402955046573,2.1167720099938245
Upper Deschutes (17070301),1995,27266.902087213566,56926.289715365914,20378.86861468297,36547.42110068306,48447.36384027794,2.0877432109187315,0.7473848165626178,1.3403583943561181,1.7767828440986209
Upper Deschutes (17070301),1996,27957.92894184459,58906.66562808037,18733.093077954192,40173.57255012622,53563.78263074478,2.1069752967257473,0.6700458076462309,1.4369294890795181,1.915870905250637
Upper Deschutes (17070301),1997,30462.56377831217,67055.5934428571,24313.421481581187,42742.171961275846,56880.04345854494,2.201245894168545,0.7981410119817667,1.403104882186776,1.867211304750413
Upper Deschutes (17070301),1998,29503.40535062477,63360.39136340586,26849.079136561275,36511.312226844595,48623.18694385344,2.147561971589972,0.9100332255711192,1.2375287460188533,1.6480533811607543
Upper Deschutes (17070301),1999,29162.10377398896,58873.27506107112,19057.117018486122,39816.15804258506,53128.88096965008,2.018828117386474,0.6534891023700441,1.365339015016432,1.8218466466413923
Upper Deschutes (17070301),2000,28457.943589387647,61863.436563851494,13120.545328264283,48742.891235587194,65918.92488772843,2.173854775189069,0.4610503667298403,1.7128044084592282,2.316362905164746
Upper Deschutes (17070301),2001,28148.949543915718,62901.15453196604,14054.68976648636,48846.46476547971,65124.40125352049,2.234582659428649,0.499297131658834,1.735285527769816,2.313564175882253
Upper Deschutes (17070301),2002,28001.8912502261,61810.59388154669,10718.405712351556,51092.18816919495,68284.53230986677,2.2073721138763296,0.3827743496527225,1.8245977642236009,2.438568584517141
Upper Deschutes (17070301),2003,26928.50853495879,59319.442293279666,15545.687960966201,43773.75433231345,58714.0696943666,2.2028491558034387,0.5772948004448398,1.6255543553585985,2.180368423232336
Upper Deschutes (17070301),2004,27107.200171756747,59397.32219094725,19406.91303940961,39990.409151537795,53666.19005442752,2.1912009287050562,0.7159320371135142,1.475268891591548,1.9797762112792026
Upper Deschutes (17070301),2005,26617.33302389228,58629.516187277746,20533.988410956008,38095.527776321804,50809.674702563425,2.2026818439943123,0.7714517601190273,1.4312300838752874,1.9088942779111486
Upper Deschutes (17070301),2006,26279.562785690025,56966.19803759805,17772.94909474004,39193.24894285804,52621.0765903548,2.1676996113732065,0.6763030739772399,1.491396537395968,2.0023573839290996
Upper Deschutes (17070301),2007,26390.49105006968,57833.94213278696,16639.308869550612,41194.63326323657,54739.884734585285,2.1914689659643245,0.6305039507594414,1.5609650152048915,2.0742275932164116
Upper Deschutes (17070301),2008,27197.558568560595,57417.77184564776,13129.725069985272,44288.04677566243,59117.29169837812,2.1111369868330994,0.4827538117764278,1.6283831750566695,2.173624943185731
Upper Deschutes (17070301),2009,27114.461165372475,59802.14016883971,19543.080252049036,40259.05991679062,53643.56034192654,2.205544111834029,0.7207622579277825,1.4847818539062447,1.9784114467461382
Upper Deschutes (17070301),2010,26618.688130491184,54221.91438694512,19193.223937174578,35028.69044977058,46706.26487212236,2.0369867260601393,0.7210431950321818,1.3159435310279586,1.7546418757812956
Upper Deschutes (17070301),2011,27368.301973897316,55353.5429862985,16898.815871208273,38454.727115090216,51332.56328688613,2.0225421014095897,0.6174594202930683,1.4050826811165211,1.8756210500689765
Upper Deschutes (17070301),2012,26989.895413702874,58697.56516663818,18875.98845529348,39821.576711344635,52915.38352654668,2.1747977999513552,0.6993724194170113,1.4754253805343411,1.9605627482232233
Upper Deschutes (17070301),2013,28565.12472765814,58539.87422392783,18782.1842924276,39757.689931500245,52638.937922085584,2.0493477547201704,0.6575215221882709,1.3918262325319,1.8427694058383721
Upper Deschutes (17070301),2014,29587.109057514874,67074.57893904623,18614.123789078894,48460.45514996735,64590.952350253356,2.2670203705491754,0.6291295223502434,1.6378908481989323,2.183077509353615
Upper Deschutes (17070301),2015,29400.489221068026,69016.115316011,18143.410727415096,50872.70458859597,67550.92823225715,2.3474478535736374,0.6171125449985285,1.730335308575111,2.297612387478607
Upper Deschutes (17070301),2016,28877.41114214924,63358.164531011564,18740.198449236854,44617.96608177482,58955.528061558034,2.1940389399565836,0.6489570120045771,1.5450819279520105,2.041579412065336
Upper Deschutes (17070301),2017,29510.08045102774,65425.726429462855,19371.910443322053,46053.81598614078,61024.955973940036,2.2170636416270524,0.6564506144085213,1.5606130272185303,2.067935940575002
Upper Deschutes (17070301),2018,29184.25562722828,67095.91210400993,13151.4840641027,53944.4280399072,71372.50141331946,2.2990448329753144,0.45063626881861085,1.8484085641567027,2.4455823826711023
Upper Deschutes (17070301),2019,30076.677585647063,62268.24499950309,24079.318650302583,38188.92634920028,50733.97163830424,2.070316604026045,0.8005976917408427,1.2697189122851946,1.6868210091966764
Upper Deschutes (17070301),2020,28679.689266961996,61745.957435781216,13160.38828548491,48585.56915029643,64013.6484094355,2.1529507122976543,0.4588748561040102,1.6940758561936484,2.232020291906614
Upper Deschutes (17070301),2021,27508.638657875963,61743.56049131222,14138.648254571724,47604.91223674039,62474.65845999044,2.244515305145226,0.5139712084779486,1.7305440966672732,2.2710923371012908
Upper Deschutes (17070301),2022,26459.683652497963,57914.59196980599,14951.457560573124,42963.13440923285,56555.151241345004,2.188786258007226,0.5650656204713018,1.6237206375359237,2.1374084431279976
Upper Deschutes (17070301),2023,27027.022713549904,60537.299684007005,16868.893499286074,43668.40618472092,57524.352556606274,2.2398804457901624,0.6241491590869501,1.615731286703212,2.128401384284427
Upper Deschutes (17070301),2024,27277.251532994214,59924.61072204271,14292.597833281676,45632.01288876109,60281.55496755337,2.196871288500554,0.52397499858054,1.6728962899200162,2.209957073374404
Upper Grande Ronde (17060104),1985,97213.66313140401,176276.41982311383,96466.12437033308,79810.29545278064,118749.84587361437,1.8132885249354347,0.992310352917568,0.8209781720178656,1.2215345255851517
Upper Grande Ronde (17060104),1986,73631.42486721935,146708.299823898,79229.55148809428,67478.74833580374,103791.75955152797,1.9924685701581801,1.0760290410102766,0.9164395291479036,1.4096122645826452
Upper Grande Ronde (17060104),1987,61204.541980067035,135295.03498680648,51887.94623465801,83407.08875214857,125038.0678756304,2.2105391301003294,0.8477793404868019,1.3627597896135293,2.04295406566971
Upper Grande Ronde (17060104),1988,71198.90163551434,139497.26483568476,75770.67441424742,63726.5904214373,95022.7930466948,1.959261472175617,1.0642112823893994,0.895050189786217,1.3346103783052883
Upper Grande Ronde (17060104),1989,60797.53159203432,125464.84130991959,73781.0930496823,51683.74826023732,78870.2975458263,2.063650250668367,1.2135540887543053,0.8500961619140622,1.2972615084945303
Upper Grande Ronde (17060104),1990,63061.02149265968,130242.99575106462,66274.28609968431,63968.70965138032,95194.79831717955,2.0653486522768256,1.0509548454967328,1.014393806780093,1.5095663860798743
Upper Grande Ronde (17060104),1991,90819.39518535856,193991.9684670922,111545.7507741792,82446.21769291298,126442.51667273132,2.1360191627698333,1.2282150805620213,0.9078040822078117,1.3922413424430704
Upper Grande Ronde (17060104),1992,51953.14576345482,116225.52022638384,57274.5503771041,58950.969849279754,87784.29351773442,2.237121901252414,1.102426995236783,1.1346949060156313,1.689681966851835
Upper Grande Ronde (17060104),1993,71283.400388274,123560.47479479728,92112.70879561419,31447.76599918315,50535.91620933411,1.7333695379537866,1.2922041919140346,0.44116534603975277,0.70894368021264
Upper Grande Ronde (17060104),1994,88359.69486947986,199036.13484470674,98394.00351522557,100642.13132948116,149519.74979112562,2.2525670232192643,1.1135620563263358,1.1390049668929283,1.6921714138102
Upper Grande Ronde (17060104),1995,89312.44835346498,195759.22475574713,127467.07612964988,68292.14862609717,104300.76242182327,2.191847031009675,1.4272039170305049,0.7646431139791691,1.167818868978266
Upper Grande Ronde (17060104),1996,86199.03203702673,187321.8746340852,111823.00274063171,75498.87189345356,112881.80438699259,2.1731319970463385,1.2972651791797178,0.8758668178666215,1.3095483988556194
Upper Grande Ronde (17060104),1997,78499.0484579522,172298.25848227105,101579.29908941848,70718.95939285269,107264.35484446444,2.194908879367654,1.2940194955844484,0.9008893837832073,1.3664414658722939
Upper Grande Ronde (17060104),1998,90560.00794221208,215809.04606866027,125598.71373088245,90210.33233777771,135753.6588908696,2.383050211373345,1.3869114699175953,0.9961387414557483,1.499046455224434
Upper Grande Ronde (17060104),1999,67465.2913823654,131708.63153079565,59658.42242339936,72050.20910739631,108141.04615048692,1.9522428323080316,0.8842831802990381,1.0679596520089938,1.602913793665963
Upper Grande Ronde (17060104),2000,97144.52257641632,227395.67750204093,114333.37789500764,113062.29960703329,168330.38404524844,2.340797725606874,1.1769410653603258,1.163856660246548,1.7327830698106066
Upper Grande Ronde (17060104),2001,84248.42075861289,185441.77028842774,74364.41405717967,111077.35623124798,162600.62691822238,2.201130521125758,0.8826802139146003,1.3184503072111569,1.9300139451171776
Upper Grande Ronde (17060104),2002,85685.47197978241,183750.56971050735,77514.68675524174,106235.88295526564,155919.68664110388,2.1444775346964713,0.9046421168518676,1.239835417844604,1.8196747130936424
Upper Grande Ronde (17060104),2003,78737.51797269304,174121.3026362572,87733.59881227081,86387.70382398626,125938.02186543684,2.211414673963233,1.1142540566581958,1.0971606173050361,1.5994664946018924
Upper Grande Ronde (17060104),2004,100911.82441036486,224653.93384925692,139196.55491696758,85457.37893228934,127807.84336250745,2.2262399392928054,1.3793879530996807,0.8468519861931249,1.266529904788641
Upper Grande Ronde (17060104),2005,96075.93579836484,216889.38809840585,100825.66511142187,116063.722986984,170672.98484881435,2.2574787983704154,1.0494372422562224,1.2080415561141933,1.7764384331057341
Upper Grande Ronde (17060104),2006,95668.28182919801,204358.1037809688,108073.13732410074,96284.96645686802,143831.39320456333,2.1361113618181298,1.1296652898716193,1.00644607194651,1.5034386575621128
Upper Grande Ronde (17060104),2007,84739.9171751559,192162.4274250585,84596.10400941742,107566.32341564108,154225.93969748358,2.267673061655963,0.9983028875819973,1.2693701740739656,1.8199916265990832
Upper Grande Ronde (17060104),2008,99837.94275964853,216335.7479067734,116511.58770450496,99824.16020226842,146593.93735825724,2.166869047247734,1.1670070965404087,0.9998619507073249,1.4683188906563294
Upper Grande Ronde (17060104),2009,92947.22904315787,211281.11542575888,111288.24049669362,99992.87492906519,146237.48956819763,2.273129792042057,1.1973271461919486,1.0758026458501075,1.57333888351094
Upper Grande Ronde (17060104),2010,105709.14130221617,234710.53928971122,132604.05469284457,102106.48459686658,150186.7947658654,2.2203428804580647,1.2544237239969382,0.9659191564611256,1.4207550351439358
Upper Grande Ronde (17060104),2011,101140.82102438837,215977.4322700458,127069.09403356601,88908.33823647983,134429.60538631614,2.1354130813113192,1.2563581425043553,0.8790549388069642,1.3291330248733175
Upper Grande Ronde (17060104),2012,92488.23608423921,199108.04140906036,115587.03096876602,83521.01044029431,124118.3239055984,2.1527931533661295,1.249748463831532,0.903044689534597,1.34199038883767
Upper Grande Ronde (17060104),2013,103566.9200329795,219279.76416235243,126378.92613402444,92900.83802832781,137169.40044489008,2.1172760963879753,1.2202634402353645,0.8970126561526092,1.3244518655301356
Upper Grande Ronde (17060104),2014,105504.3446355208,261803.7980758181,127327.84704891377,134475.95102690437,197113.95796392398,2.4814503988461816,1.2068493244404792,1.2746010744057028,1.868301809227678
Upper Grande Ronde (17060104),2015,97444.3252993162,226888.858993887,113556.10575600341,113332.75323788369,163208.0585174654,2.328394786427642,1.1653434451641718,1.163051341263471,1.6748852025620282
Upper Grande Ronde (17060104),2016,106096.07544586134,233230.61678282137,112715.34724137234,120515.26954144902,176491.12624839015,2.1982963630151824,1.0623894123104363,1.135906950704746,1.6635028723418708
Upper Grande Ronde (17060104),2017,103819.44987123848,227278.4093595835,134060.9394040289,93217.46995555461,138541.70100045888,2.1891698486311024,1.2912892485010976,0.8978806001300054,1.3344484214883097
Upper Grande Ronde (17060104),2018,109710.72038406554,245448.22665375622,125370.39035361676,120077.8363001394,177917.08252889756,2.23723101803099,1.142736005330484,1.0944950127005053,1.6216927744714578
Upper Grande Ronde (17060104),2019,105041.50689794241,228798.52875140237,125921.97502998487,102876.55372141748,153795.59181418706,2.1781725672852486,1.1987830215757451,0.9793895457095034,1.4641411414976537
Upper Grande Ronde (17060104),2020,113684.357644559,254668.34294938357,134622.98851078263,120045.35443860103,179523.82403756815,2.2401353029202093,1.184182162788741,1.0559531401314688,1.5791427049168911
Upper Grande Ronde (17060104),2021,90209.12430747498,193407.4408096451,73944.65377225695,119462.78703738819,172577.69429977442,2.1439897825681347,0.8197026003735377,1.3242871821945972,1.9130846865506503
Upper Grande Ronde (17060104),2022,122152.08562964005,266538.5252827661,162561.0053328761,103977.51994988999,155856.45255261214,2.182021894336701,1.3308082665551384,0.8512136277815626,1.275921338135497
Upper Grande Ronde (17060104),2023,102441.70375318767,220833.70406407354,112261.7214296393,108571.98263443426,161401.94921085186,2.1557012034486185,1.0958595700449396,1.0598416334036795,1.5755492470109327
Upper Grande Ronde (17060104),2024,110356.62583876227,250614.96596017576,105860.72722137137,144754.23873880433,214216.61641562055,2.270955314693469,0.959260274739102,1.3116950399543663,1.9411305373598866
Upper John Day (17070201),1985,27779.044538999056,60847.76863970645,25024.991847285622,35822.77679242084,67708.71474433348,2.19041978043133,0.900858624282523,1.2895611561488074,2.437402576941661
Upper John Day (17070201),1986,28357.74305050253,61746.046358938336,28113.01907597094,33633.027282967414,63162.98320337851,2.1773963551674163,0.9913701180627895,1.1860262371046275,2.2273628437528
Upper John Day (17070201),1987,29415.808612417266,71107.0037097176,26035.423377383668,45071.58033233394,85311.07301310886,2.4173057639388253,0.8850827023124348,1.532223061626391,2.900177728824921
Upper John Day (17070201),1988,24203.693623074716,52806.44712010051,21088.963745849673,31717.483374250885,60031.52509144755,2.181751593060871,0.8713117953924355,1.3104397976684377,2.480262972516566
Upper John Day (17070201),1989,29175.574205859222,63688.44353754766,37752.97572388748,25935.4678136602,48848.03430157644,2.1829371065045686,1.2939925520405247,0.8889445544640447,1.6742784206031656
Upper John Day (17070201),1990,25117.494144147193,57714.434568512006,23043.760318791537,34670.67424972044,65857.10797652535,2.297778362654081,0.9174386659172817,1.3803396967367982,2.621961713162027
Upper John Day (17070201),1991,31562.00735887912,72089.26906457257,35306.048776769676,36783.22028780293,70024.65400775259,2.2840520960810244,1.1186249459775655,1.16542715010346,2.2186375287075344
Upper John Day (17070201),1992,21786.6265205776,50142.596460524604,21025.194329993865,29117.40213053071,55060.48090886989,2.301531006333845,0.9650504776467087,1.336480528687135,2.5272605126298435
Upper John Day (17070201),1993,32220.371740843188,67536.10759958868,42867.73124162412,24668.376357964557,46353.39602219617,2.096068541443256,1.3304542724218207,0.7656142690214349,1.4386362887128852
Upper John Day (17070201),1994,26794.11166435772,61456.34512999914,24691.518511398102,36764.82661860111,69419.77859913436,2.293651153650677,0.921527790161577,1.3721233634891026,2.5908594943820624
Upper John Day (17070201),1995,31483.85777692645,68566.32625685463,35903.80321409141,32662.523042763223,61803.95703500411,2.1778247997011593,1.1403876700397306,1.0374371296614286,1.9630363430334872
Upper John Day (17070201),1996,28736.42888997271,61285.95820795796,32750.82458615383,28535.133621804063,54240.932515404565,2.1326922159539135,1.139697097073252,0.9929951188806593,1.88753211900771
Upper John Day (17070201),1997,29730.764100311266,63259.69774224342,33739.543091302505,29520.15465094087,55815.25875168819,2.1277521670417183,1.1348360566000142,0.9929161104417027,1.8773570219510043
Upper John Day (17070201),1998,31376.45819427099,68934.90592925975,39336.053133504625,29598.852795755072,55900.29557780794,2.197026366151376,1.2536804788466207,0.9433458873047535,1.7815999253865673
Upper John Day (17070201),1999,27292.171437459026,56363.59329584807,22980.412742227578,33383.1805536205,63218.11593023003,2.0651927027868497,0.8420148171386072,1.223177885648243,2.3163461388587776
Upper John Day (17070201),2000,27577.200011475128,62141.07125131774,25721.248644838244,36419.82260647943,68776.21824769663,2.2533495505511896,0.9326997894686696,1.3206497610825176,2.4939521858302585
Upper John Day (17070201),2001,26423.702893738217,57913.46010809375,23069.092870081022,34844.36723801277,65781.03159782253,2.1917238602398097,0.87304542299966,1.318678437240151,2.4894706038119683
Upper John Day (17070201),2002,23669.81699346585,50626.8738364663,16979.096073535726,33647.77776293051,63549.331125158256,2.1388789719177828,0.7173311089909514,1.4215478629268286,2.684825621706383
Upper John Day (17070201),2003,24958.835165967397,56760.25499994054,25790.888869830913,30969.366130109596,58285.06907541679,2.2741548082073937,1.0333370407044502,1.2408177675029424,2.3352479668158295
Upper John Day (17070201),2004,28408.655503628026,61553.679425698996,33783.395649362996,27770.283776336008,52202.371723461925,2.1667227235670503,1.189193752764842,0.9775289708022088,1.8375516474827625
Upper John Day (17070201),2005,27623.801349707905,59480.70182720248,28370.024704856165,31110.677122346264,58922.05303043329,2.1532410067027734,1.0270137822706342,1.1262272244321374,2.133017548327263
Upper John Day (17070201),2006,28013.64400312357,61805.74101477987,31377.96434509015,30427.776669689767,57467.71336888516,2.206272807917757,1.120095776957523,1.0861770309602357,2.051418707344086
Upper John Day (17070201),2007,24554.37710101423,56544.53133440984,22248.031257752642,34296.50007665711,65001.66833492597,2.302828986530236,0.90607190588572,1.3967570806445126,2.6472538100850884
Upper John Day (17070201),2008,27004.36502944966,56864.948835218114,24179.63913073343,32685.309704484636,61665.13921245633,2.1057687812027406,0.8953974331321726,1.2103713480705662,2.283524872560688
Upper John Day (17070201),2009,26893.792411281134,58132.55276057078,28341.778757653716,29790.774002917122,56422.980341825365,2.1615602541866106,1.0538409133315536,1.1077193408550587,2.0979927069771547
Upper John Day (17070201),2010,29574.888879175276,60524.360379866135,28912.011845166857,31612.348534699257,60071.80542914862,2.0464780316548703,0.9775864911372439,1.0688915405176256,2.03117603161807
Upper John Day (17070201),2011,31479.597838892434,65459.94488457656,35010.68804477379,30449.256839802798,57726.81500453135,2.079440316219735,1.112170753386143,0.9672695628335928,1.8337850216501492
Upper John Day (17070201),2012,27246.768715661085,59953.35657846036,23542.02629846126,36411.330279999165,68648.68802344296,2.200384097069094,0.864030026611178,1.3363540704579187,2.5195166714937685
Upper John Day (17070201),2013,26225.123339079517,57729.37805832448,25002.04927983673,32727.32877848776,61409.63810430379,2.201300535822408,0.9533625049755166,1.247938030846892,2.34163390998409
Upper John Day (17070201),2014,27065.611497013677,63884.63930602629,27853.048821567354,36031.59048445898,67644.35539895188,2.3603619416865973,1.0290936461805253,1.3312682955060735,2.4992731239940955
Upper John Day (17070201),2015,27786.00243597688,66651.72013414023,29576.61840477956,37075.10172936064,69152.09110433736,2.3987516839716614,1.064443094069704,1.3343085899019567,2.4887383949409116
Upper John Day (17070201),2016,27227.00995627789,61367.29741784054,28577.068765192813,32790.228652647755,60952.54468889973,2.2539124757506004,1.0495852762048752,1.204327199545726,2.2386793403601613
Upper John Day (17070201),2017,28547.44949132836,64045.19124575894,30269.062703330168,33776.1285424288,63217.28423739672,2.2434645611760677,1.0603070762074478,1.183157484968621,2.2144634762065083
Upper John Day (17070201),2018,28928.41368320427,64839.18200258868,23636.836430042975,41202.34557254572,77306.70688895287,2.2413666616028123,0.817080282689902,1.424286378912911,2.6723451806082563
Upper John Day (17070201),2019,31320.021405368883,68635.04983776169,36632.95943473929,32002.090403022405,59542.69323112039,2.1914113323688937,1.1696339207628914,1.0217774116060023,1.9011064028491875
Upper John Day (17070201),2020,29663.780584056054,68934.0938036169,25291.553257619416,43642.54054599739,81902.02866015122,2.3238472118644307,0.8526072118809205,1.4712399999835073,2.761011140440158
Upper John Day (17070201),2021,23945.547187421016,54132.59314003563,18659.88556210258,35472.70757793305,65341.07204429113,2.2606538374897673,0.779263276635621,1.4813905608541464,2.7287358076584636
Upper John Day (17070201),2022,31437.003000156066,67499.02405848751,33094.15235055958,34404.871707928076,64008.06473593679,2.147120196481593,1.0527133375403275,1.0944068589412699,2.0360740092056173
Upper John Day (17070201),2023,29387.928688939657,66075.7351204455,37751.761138114256,28323.9739823312,52269.39715997779,2.2483971504025577,1.2846009508768947,0.9637961995256616,1.7786009253401287
Upper John Day (17070201),2024,28929.263674903745,66509.7261628287,32746.091160621294,33763.635002207375,62287.81498302062,2.2990466300919423,1.1319365583794192,1.1671100717125222,2.1531075136577207
Upper Klamath (18010206),1985,2198.3696602299997,4510.448342772584,2105.056132692005,2405.392210080581,4810.784420161162,2.051724250188518,0.9575533045119301,1.0941709456765893,2.1883418913531787
Upper Klamath (18010206),1986,4503.7022790623505,10563.319201883896,5021.810776713497,5541.508425170399,3195.214206848795,2.345474577880652,1.1150405745201732,1.2304340033604786,0.7094639052193351
Upper Klamath (18010206),1987,3874.354036497243,9211.031207443932,3743.3776228960432,5467.65358454789,3040.6249187724525,2.3774366309000285,0.9661939997306973,1.4112426311693316,0.7848082261272759
Upper Klamath (18010206),1988,4565.849837636968,9930.314324287381,4870.940465858311,5059.373858429076,2700.408075654297,2.1749104060388382,1.066820118722792,1.1080902873160474,0.5914360243287982
Upper Klamath (18010206),1989,4623.567688009884,10187.180912283422,5728.030411633774,4459.15050064965,2486.7508192518376,2.203316053683271,1.2388767285678655,0.964439325115406,0.5378424167338635
Upper Klamath (18010206),1990,4489.6214513321265,10844.918575150743,4955.856540976438,5889.062034174302,3032.8888961473745,2.4155530021206846,1.103847305323698,1.311705696796986,0.675533322580566
Upper Klamath (18010206),1991,4533.027595727768,9934.303490283251,5122.063232941393,4812.240257341855,3573.808120681026,2.1915382777828247,1.1299430953759848,1.061595182406839,0.7883931975285623
Upper Klamath (18010206),1992,3143.236914671727,7216.407794760794,3114.564664169953,4101.843130590842,2427.41697921452,2.2958523301494314,0.9908781134607003,1.3049742166887313,0.7722666299457208
Upper Klamath (18010206),1993,4945.089775551473,10210.71101579069,5947.339529139015,4263.371486651675,2565.8588424881027,2.0648181285347844,1.2026757448454557,0.8621423836893287,0.5188700223752681
Upper Klamath (18010206),1994,2605.2571637656392,6078.125046844501,2224.6894139435067,3853.4356329009966,1933.4449534293965,2.3330230625137895,0.85392315387704,1.4790999086367504,0.7421320936451412
Upper Klamath (18010206),1995,4819.190236442128,11279.84874289983,6711.156380550958,4568.692362348873,2668.4616913783148,2.3406108058575885,1.3925900517066152,0.9480207541509732,0.5537157822075032
Upper Klamath (18010206),1996,4276.365797175135,9840.037032653887,5199.806153064222,4640.230879589666,2695.2767739038222,2.3010279053195073,1.2159404502998992,1.0850874550196083,0.6302727366504187
Upper Klamath (18010206),1997,4536.180459956795,10629.045034318171,5598.517040658779,5030.5279936593915,2857.915807121659,2.3431706758904842,1.2341918691462512,1.1089788067442328,0.6300269207431133
Upper Klamath (18010206),1998,4870.901411695217,9512.497328112888,5819.5756099102,3692.9217182026864,2482.7790667363406,1.952923396329276,1.1947635802968997,0.758159816032376,0.5097165507754058
Upper Klamath (18010206),1999,3634.3988396383284,7773.052302755097,3021.9847539075463,4751.06754884755,2565.8133984977194,2.1387449880235545,0.8314950799974046,1.3072499080261497,0.7059801391398893
Upper Klamath (18010206),2000,4546.958448791404,9846.856130944117,4593.734262168966,5253.121868775152,3104.675764065253,2.165591843831659,1.0102872753081775,1.1553045685234813,0.6828027568385819
Upper Klamath (18010206),2001,3509.614581240975,7073.882161673691,3210.1258627645448,3863.756298909145,2127.838342102799,2.015572364978156,0.9146662086266655,1.1009061563514897,0.6062883239305469
Upper Klamath (18010206),2002,4373.675733790669,9365.628482972477,3500.0981314737987,5865.5303514986745,3411.5208071081565,2.141363249820827,0.8002646616968698,1.341098588123956,0.7800122859477256
Upper Klamath (18010206),2003,3618.8362497151124,8168.994101346904,3805.792874206222,4363.201227140682,2430.006492219855,2.2573538943603753,1.0516620846013212,1.205691809759054,0.6714883803905616
Upper Klamath (18010206),2004,4003.582953881183,8692.188492742414,4369.046756425284,4323.141736317131,1860.925749034831,2.171102383257969,1.0912841838807936,1.0798181993771752,0.46481508450594194
Upper Klamath (18010206),2005,4412.981300876693,9069.299019027083,4834.544366207229,4234.754652819854,2390.3614417698222,2.0551410488019415,1.0955279518738925,0.9596130969280489,0.5416658895189398
Upper Klamath (18010206),2006,3662.6336946646447,8432.388169053402,3220.82973038504,5211.558438668362,3141.717388592783,2.302274502999537,0.8793753344968185,1.4228991685027184,0.8577754835732877
Upper Klamath (18010206),2007,4206.256885773761,9327.062749458008,4364.889058485079,4962.173690972928,2773.8094512931357,2.2174258498104664,1.0377133819971476,1.1797124678133188,0.6594484185392021
Upper Klamath (18010206),2008,3899.543614973465,8743.773160222028,3124.7628818070416,5619.010278414986,4459.950451863423,2.2422555107853377,0.801315023073105,1.4409404877122323,1.1437108780468843
Upper Klamath (18010206),2009,3952.5558797962176,8566.154066730904,4089.219937232243,4476.934129498662,3118.365090546551,2.1672442660500857,1.0345761227904693,1.1326681432596164,0.7889490206795824
Upper Klamath (18010206),2010,4108.380908892444,8625.211009051343,4526.092665573873,4099.118343477471,2867.500363029214,2.0994185301519592,1.1016730838606779,0.9977454462912814,0.6979636081996711
Upper Klamath (18010206),2011,4832.271133898355,10694.458271668038,5820.750298330168,4873.707973337867,4135.725120469584,2.2131329090055547,1.2045578853176588,1.0085750236878954,0.8558553536984908
Upper Klamath (18010206),2012,3994.4527832950853,9212.468921677304,4031.186002884291,5181.282918793012,3800.2288635012337,2.3063156385786083,1.009196058028981,1.2971195805496272,0.9513765889019639
Upper Klamath (18010206),2013,3989.2997976965053,8590.374594055165,3794.8342297735107,4795.540364281656,2850.6211096493107,2.153353979316221,0.951253207884932,1.2021007714312895,0.7145667796878318
Upper Klamath (18010206),2014,4169.90791989001,9452.66953614039,4979.571784336078,4473.097751804312,2887.7295893449386,2.266877283081523,1.1941682838088723,1.0727089992726504,0.6925163924054007
Upper Klamath (18010206),2015,4530.169597287071,10829.019790036587,4651.063292052293,6177.956497984294,4005.65874938861,2.3904226006288227,1.026686350735659,1.3637362498931638,0.8842182755779013
Upper Klamath (18010206),2016,4483.055483420461,10472.101439227672,4157.028214736207,6315.073224491463,5161.092021680375,2.335929474430175,0.9272756561033004,1.4086538183268742,1.1512442888042485
Upper Klamath (18010206),2017,4884.093426253783,11697.606692004792,6307.590577527164,5390.016114477628,3178.2299021123317,2.395041550418731,1.2914557579143684,1.1035857925043626,0.6507307753427047
Upper Klamath (18010206),2018,3778.087482144534,8478.03196674016,3870.1397848524584,4607.892181887702,2727.921999578006,2.244000967899193,1.0243647885717229,1.2196361793274701,0.7220378068190129
Upper Klamath (18010206),2019,3985.469425852714,8810.81437584194,5017.339943970112,3793.47443187183,1318.5844420726978,2.210734404004822,1.258908150549072,0.9518262534557506,0.33084796323348514
Upper Klamath (18010206),2020,3122.0094975639995,7123.228353226104,2694.6763323464265,4428.552020879677,1914.4084632909025,2.281616490527695,0.8631224006361906,1.418494089891504,0.6131975142243007
Upper Klamath (18010206),2021,2972.859119597999,6501.760631930436,2282.8551352244795,4218.905496705957,1639.7546841902392,2.187039604086462,0.7678988621341652,1.4191407419522972,0.5515749715082271
Upper Klamath (18010206),2022,2806.019555018999,5697.091112454742,2833.0430848687865,2864.048027585955,1583.3002713750138,2.0303105522784453,1.00963055649468,1.0206799957837653,0.5642513319420874
Upper Klamath (18010206),2023,3825.177232136276,8251.824662542926,4934.8163597470575,3317.0083027958663,2358.6262521472104,2.157239824920339,1.2900882914099834,0.8671515335103548,0.6166057437369955
Upper Klamath (18010206),2024,3815.657330444761,8757.623986496837,3542.6240784790352,5214.999908017801,5205.895642382633,2.295180942119881,0.9284439800746205,1.3667369620452605,1.3643509339387725
Upper Klamath Lake (18010203),1985,60236.415285953975,144759.67021118055,50859.542180526885,93900.12803065358,181783.11638998275,2.403191981527756,0.8443321525540115,1.558859828973743,3.0178275969282526
Upper Klamath Lake (18010203),1986,59731.555414969116,142570.64658997481,50688.79803831824,91881.84855165654,177821.15237217167,2.386856421191498,0.848610046836572,1.5382463743549253,2.9770052217258773
Upper Klamath Lake (18010203),1987,58517.02570668825,143629.3080245805,44244.32951494028,99384.97850964002,192484.84407677478,2.454487498125939,0.7560932733784407,1.6983942247474948,3.2893818807809736
Upper Klamath Lake (18010203),1988,57893.147672734776,141028.78021174506,48804.86188140474,92223.91833034033,178813.87508285686,2.436018525179685,0.843016209056288,1.5930023161233966,3.0886880791778166
Upper Klamath Lake (18010203),1989,59907.58818844099,136180.1413991688,63499.6514031201,72680.48999604846,140830.8572585124,2.2731701528495916,1.0599600705570082,1.2132100822925795,2.3508016516292565
Upper Klamath Lake (18010203),1990,58584.564766261574,140748.00493864255,57814.280428366736,82933.72451027582,160750.6422364529,2.4024758995853857,0.9868517528299803,1.4156241467554052,2.7439077661122786
Upper Klamath Lake (18010203),1991,59447.60626396175,134655.98011852545,66836.58328997162,67819.39682855387,130813.61579402814,2.2651203064530523,1.1242939369703302,1.140826369482723,2.2004858398029357
Upper Klamath Lake (18010203),1992,58464.21081913625,145346.45858136273,51869.645382141534,93476.81319922108,180628.3012257101,2.4860757811476106,0.8872033788774549,1.5988724022701537,3.0895533984799406
Upper Klamath Lake (18010203),1993,60282.08478885744,127617.97574531357,67346.64917818009,60271.32656713339,117308.12887854854,2.117013308220928,1.1171917728802316,0.9998215353406947,1.945986594349368
Upper Klamath Lake (18010203),1994,58448.45866079442,146975.67101938304,43775.6669395713,103200.00407981186,199335.5114690166,2.514620135192208,0.7489618707248269,1.765658264467383,3.4104494119487407
Upper Klamath Lake (18010203),1995,60151.01389311989,137060.3586093438,73653.63859956955,63406.72000977423,122502.37959846508,2.27860429506444,1.2244787549290852,1.0541255401353549,2.0365804609068605
Upper Klamath Lake (18010203),1996,59548.894639615115,146008.31024553697,71677.85229757769,74330.45794795942,143398.79611649443,2.4519063053842887,1.2036806515278915,1.2482256538563996,2.4080849356538327
Upper Klamath Lake (18010203),1997,59023.831172490056,141875.22192147985,68490.95867827855,73384.26324320133,141656.98730971589,2.403693882677093,1.1603950017768576,1.2432988809002357,2.399996484398655
Upper Klamath Lake (18010203),1998,59900.911764867844,146508.3025015715,65941.44392520965,80566.85857636196,156795.87358757528,2.4458442815806904,1.1008420737242368,1.3450022078564552,2.617587428436052
Upper Klamath Lake (18010203),1999,59616.53269830275,141130.89019249787,52065.54318721534,89065.34700528234,172514.03631111703,2.3673112776737484,0.8733406796852783,1.4939705979884668,2.89372810700258
Upper Klamath Lake (18010203),2000,58824.05592662858,151933.89773350864,51971.084732146475,99962.8130013622,193576.66389607807,2.58285314298994,0.8835005324517263,1.6993526105382144,3.290773831330618
Upper Klamath Lake (18010203),2001,57920.149847887915,141690.2962337415,38401.74322443412,103288.55300930739,200356.64724576127,2.446304034189378,0.6630118072084797,1.7832922269808986,3.459187308250159
Upper Klamath Lake (18010203),2002,58956.89640794219,149456.28876981454,33751.072941203915,115705.21582861064,223477.67446513326,2.5350094369906655,0.5724703130176514,1.9625391239730146,3.790526436785573
Upper Klamath Lake (18010203),2003,58097.90372334597,150351.91099575767,56360.98995175383,93990.92104400386,181940.08211581392,2.587905954605734,0.9701036756874555,1.6178022789182787,3.1316118216964757
Upper Klamath Lake (18010203),2004,57374.66200199113,139436.17542217564,47817.80412652969,91618.3712956459,176617.42532497318,2.4302744549037456,0.8334306897506468,1.5968437651530982,3.078317486538637
Upper Klamath Lake (18010203),2005,59233.97292378231,147743.5100511798,58354.99139404726,89388.51865713259,172835.55304767346,2.4942360398699694,0.9851608547198741,1.5090751851500963,2.917845022316245
Upper Klamath Lake (18010203),2006,58976.36347206979,143653.767029812,48740.14780862934,94913.61922118238,183191.33932362965,2.4357854328852273,0.8264352859211446,1.6093501469640776,3.1061823506697896
Upper Klamath Lake (18010203),2007,59329.72334070919,154185.60079542652,58987.075893982925,95198.52490144348,182811.64076133326,2.5987918384516013,0.9942246916480874,1.604567146803512,3.0812825421671355
Upper Klamath Lake (18010203),2008,59663.699638854865,143002.18817488477,41942.73883138215,101059.44934350283,195258.05793491128,2.3968039032188555,0.7029858873194603,1.693818015899399,3.272644155773289
Upper Klamath Lake (18010203),2009,59380.15355638675,144636.10215864558,61312.072420865996,83324.0297377795,159820.99846399552,2.4357650409458893,1.0325347569646266,1.4032302839812616,2.6914884669712285
Upper Klamath Lake (18010203),2010,57122.09201137274,129273.81579679777,56312.904260939824,72960.91153585786,139867.24316759783,2.263114169051441,0.9858340666117094,1.27728010243973,2.448566539540445
Upper Klamath Lake (18010203),2011,59705.77572287559,146480.2288927713,51060.408665926014,95419.82022684516,184880.47212968464,2.453367821107616,0.8552004901991885,1.5981673309084257,3.0965257530160484
Upper Klamath Lake (18010203),2012,59464.18452743451,150834.20654604185,47665.66402946103,103168.54251658087,200073.14494275945,2.5365555375009423,0.8015861044469534,1.7349694330539895,3.364599153805823
Upper Klamath Lake (18010203),2013,59162.71449671987,141186.93952969438,60385.210867699076,80801.72866199535,156354.3036927322,2.3864175389978453,1.0206632907461841,1.365754248251662,2.6427844804416623
Upper Klamath Lake (18010203),2014,57275.19650489874,148022.38706970442,53201.390600704355,94820.9964690003,183404.2899023008,2.5844064464631575,0.9288731221752168,1.6555333242879449,3.2021590687447796
Upper Klamath Lake (18010203),2015,58931.01783194781,161578.51769166667,68858.57821324396,92719.93947842268,179104.73019008327,2.741824655946658,1.1684606977196006,1.5733639582270569,3.0392268245023697
Upper Klamath Lake (18010203),2016,59366.06517616109,154758.6156421938,46853.86170323722,107904.75393895664,209722.8972600899,2.6068531775344668,0.7892364360717603,1.8176167414627074,3.532706717849068
Upper Klamath Lake (18010203),2017,59731.3304867015,158562.44667836148,71448.34330422342,87114.10337413801,168569.25028108415,2.6545942537419887,1.196161925777471,1.458432327964517,2.8221244848817517
Upper Klamath Lake (18010203),2018,58934.10979798647,157126.49959345692,50007.23400584368,107119.26558761355,208048.91962878415,2.666138508447026,0.8485278589471834,1.817610649499848,3.53019533750372
Upper Klamath Lake (18010203),2019,59564.186933146855,141271.52630996634,67743.4634657623,73528.06284420416,142356.17139491852,2.3717527860915064,1.1373186969175895,1.2344340891739187,2.389962471152255
Upper Klamath Lake (18010203),2020,56452.819687300966,140707.9611227859,40242.14672335806,100465.81439942778,193894.5280208972,2.4924877429007872,0.7128456460857794,1.7796420968150066,3.434629644628959
Upper Klamath Lake (18010203),2021,46509.98637449296,113124.66215397078,37264.808637909155,75859.85351606147,145514.04368060108,2.4322660781515664,0.8012216631898639,1.6310444149616992,3.1286623588521194
Upper Klamath Lake (18010203),2022,58066.94970369196,141767.99647134537,52206.826803425254,89561.16966792029,172455.79922458035,2.441457613922703,0.8990798908816436,1.5423777230410622,2.969947622608036
Upper Klamath Lake (18010203),2023,59003.265217879816,147512.17869949978,58181.16365076092,89331.01504873906,173292.88861046088,2.500068058179245,0.9860668462315917,1.5140012119476567,2.9370050618477936
Upper Klamath Lake (18010203),2024,57020.640427050865,154738.5987357341,64477.43793548925,90261.16080024478,175468.1886198249,2.7137295824254783,1.1307736541117634,1.5829559283137138,3.077274953519848
Upper Malheur (17050116),1985,22095.08172601401,52069.15754775101,14937.679636252906,37131.47791149815,69766.73321267754,2.3565949288364263,0.6760635611800332,1.6805313676563953,3.1575684615158734
Upper Malheur (17050116),1986,21605.983545490824,50969.92327491557,14594.11694510307,36375.80632981247,68124.57662443565,2.3590651713493975,0.6754664472633493,1.6835987240860466,3.1530421413587195
Upper Malheur (17050116),1987,20171.7355680725,46834.895199455175,12282.52000152875,34552.37519792641,66903.60902037981,2.3218079099541984,0.6088975318995022,1.7129103780546953,3.3167006772721015
Upper Malheur (17050116),1988,19676.102700997573,43460.38506990577,11243.854183361382,32216.530886544344,62153.90878273333,2.208790314339147,0.5714472197175166,1.6373430946216283,3.1588526308912863
Upper Malheur (17050116),1989,22924.28351947812,53880.59980016605,20236.774862121118,33643.82493804489,63448.42723019626,2.350372248466794,0.8827658602689371,1.467606388197855,2.767738724583733
Upper Malheur (17050116),1990,16443.60218122422,33211.155340928846,9677.46978697668,23533.68555395214,45107.176246899,2.019700730710349,0.5885249278303931,1.431175802879954,2.7431444612789084
Upper Malheur (17050116),1991,21389.88085925795,46535.8685190053,16022.3717111947,30513.49680781058,58875.669246021076,2.1756020440321286,0.7490631582578409,1.4265388857742867,2.752501036981632
Upper Malheur (17050116),1992,17555.746212365513,41629.69447314787,12364.172468100584,29265.52200504734,55774.547471347214,2.3712859578606635,0.7042806565175675,1.667005301343099,3.176996682263612
Upper Malheur (17050116),1993,24308.406460653212,49956.631871523205,21278.731373784263,28677.900497738985,53729.5102068932,2.055117514691285,0.8753651296816626,1.1797523850096243,2.2103263039419074
Upper Malheur (17050116),1994,19931.465674403058,47661.945307452625,11068.663856356861,36593.28145109576,69222.11263328031,2.3912915430330033,0.5553361723203211,1.8359553707126819,3.4730066400575175
Upper Malheur (17050116),1995,24741.100304802683,58687.31497313573,21214.536977446547,37472.777995689175,70021.47350312665,2.3720575984950636,0.8574613382626493,1.5145962602324137,2.83016812673987
Upper Malheur (17050116),1996,23768.628561924845,57175.30437899673,19802.558270121863,37372.74610887485,69296.9377555408,2.405494462166248,0.8331384462729894,1.5723560158932584,2.915479013650292
Upper Malheur (17050116),1997,23213.473212584217,53946.76726318058,15973.85974199608,37972.90752118452,70652.4503280085,2.323942081787899,0.6881288119063768,1.6358132698815226,3.043596694083125
Upper Malheur (17050116),1998,24766.42880298817,57790.54540487725,24492.136446297933,33298.4089585793,61956.20127632353,2.333422628857358,0.9889248321236712,1.344497796733686,2.501620309055146
Upper Malheur (17050116),1999,23374.977802958252,53821.25281879495,13267.472643896532,40553.780174898406,74745.23399686924,2.3025156760569643,0.5675929515628224,1.7349227244941412,3.197660105902208
Upper Malheur (17050116),2000,22108.9046038748,58591.97817373499,15481.641911875695,43110.336261859295,79777.79188672743,2.6501529236082635,0.700244638495676,1.9499082851125873,3.6084009278662137
Upper Malheur (17050116),2001,21839.69425523041,52261.49222648726,12369.278172364835,39892.214054122436,75663.25634923362,2.3929589680025445,0.5663668194165541,1.8265921485859908,3.4644833148757543
Upper Malheur (17050116),2002,21546.208850587158,50565.53596261302,10323.730651189127,40241.80531142392,76394.30153794323,2.3468414472941053,0.4791437195647435,1.867697727729363,3.5456029442442447
Upper Malheur (17050116),2003,20947.755108430723,52265.683236384975,15330.869854772147,36934.813381612854,70052.66597332653,2.495049372395513,0.7318621864450773,1.7631871859504369,3.34416101442454
Upper Malheur (17050116),2004,23108.621883232096,55229.52512954745,18475.222755593153,36754.30237395435,68251.60237161677,2.389996487398614,0.7994947880902844,1.5905016993083319,2.9535124472801635
Upper Malheur (17050116),2005,23099.35184728251,54178.36038875477,19521.390689343454,34656.96969941124,64239.17213038023,2.3454493765429403,0.8451055604679237,1.5003438160750129,2.7809945731415646
Upper Malheur (17050116),2006,23248.909909054426,56026.30328667742,17317.864960559906,38708.43832611762,71653.75307675717,2.409846461870354,0.7448893315129309,1.6649571303574275,3.082026355517477
Upper Malheur (17050116),2007,19611.230740188086,48353.590348432255,11785.805246651289,36567.785101780966,68842.2451646351,2.4656071303747513,0.6009722389579235,1.8646348914168278,3.5103480284672255
Upper Malheur (17050116),2008,22121.872196481774,49897.58858775087,13675.434743911763,36222.15384383913,67032.6801958892,2.2555771114022845,0.6181861382458705,1.637390973156415,3.0301540303876258
Upper Malheur (17050116),2009,21549.836913416566,49369.584410123745,17556.118228087114,31813.466182036635,60205.439648607986,2.2909493286878226,0.8146752246258054,1.4762741040620175,2.7937770429772995
Upper Malheur (17050116),2010,23018.240522353557,50067.77256573941,16257.082843326674,33810.68972241275,62765.28405591203,2.1751346510224105,0.7062695703235456,1.4688650806988655,2.7267628902808267
Upper Malheur (17050116),2011,25297.28350301726,57099.72615157531,22395.976113117064,34703.750038458275,64227.270451684206,2.257148525246393,0.8853115043141232,1.3718370209322706,2.538899895873155
Upper Malheur (17050116),2012,21834.947089202316,53524.5558054048,12781.422020389598,40743.133785015234,74949.34052278887,2.451325189236361,0.5853653763470849,1.8659598128892778,3.432540514826911
Upper Malheur (17050116),2013,21602.628067032507,49655.20144457904,15573.152183162983,34082.04926141601,64291.99938730988,2.2985722519732312,0.7208915570290714,1.5776806949441577,2.9761193493593994
Upper Malheur (17050116),2014,20146.353646636744,51821.30789294041,12520.629398778208,39300.67849416216,74148.77242428383,2.5722425408526233,0.6214836500136797,1.9507588908389415,3.6805058485937137
Upper Malheur (17050116),2015,20093.239719451532,50121.98470550479,17789.82216174813,32332.162543756647,60582.84321796589,2.4944700508889825,0.8853635556105196,1.6091064952784622,3.01508587285294
Upper Malheur (17050116),2016,20036.752712168254,48939.96780587823,14915.57348091076,34024.394324967514,62536.14468426904,2.442509947041326,0.7444107184021181,1.69809922863921,3.121071841461169
Upper Malheur (17050116),2017,23727.066308956848,56873.45535722891,18229.942920924183,38643.512436304685,71167.03186317085,2.396986404330967,0.7683184546941849,1.6286679496367806,2.9994029154925763
Upper Malheur (17050116),2018,21525.674120314052,52433.00947023295,13084.71184121402,39348.29762901892,73219.21094488821,2.4358358849607993,0.6078653689579836,1.827970516002815,3.401482830950707
Upper Malheur (17050116),2019,25678.607941646194,60510.7994638809,28959.693723145858,31551.105740735038,57389.490184963346,2.356467282081246,1.1277750643241964,1.2286922177570492,2.234914381471889
Upper Malheur (17050116),2020,22772.315106454014,54941.87306671381,17133.5566924943,37808.31637421948,68901.20000967615,2.412660847607122,0.7523853684792196,1.6602754791279013,3.025656358942114
Upper Malheur (17050116),2021,20729.73163638201,47988.559613595804,15101.57624339135,32886.98337020444,60801.10983242586,2.314962897511553,0.7284983958445035,1.5864645016670489,2.9330389268385897
Upper Malheur (17050116),2022,21234.759848547004,49004.73467201284,15879.156953451175,33125.57771856167,61253.83784577354,2.3077602488339894,0.7477907481274252,1.5599695007065641,2.8846023351643817
Upper Malheur (17050116),2023,25125.69378236,59583.10070762678,28334.486602895093,31248.614104731645,57144.22304072592,2.371401212787935,1.127709620611069,1.2436915921768643,2.2743341352367024
Upper Malheur (17050116),2024,22328.613750734075,57222.6987249404,21252.107947854227,35970.59077708624,64446.44087912936,2.5627519631871074,0.9517880592634437,1.610963903923667,2.886271472048309
Upper Quinn (16040201),1985,40436.66971449797,102843.87509646133,21625.34639647619,81218.52869998515,9226.409154343544,2.543331976213367,0.5347954356568276,2.00853654055654,0.22816936259801712
Upper Quinn (16040201),1986,44237.01125988939,115114.53159096386,34105.723743882576,81008.80784708126,7636.071422909754,2.602222173525104,0.7709771246414863,1.831245048883617,0.17261725431784622
Upper Quinn (16040201),1987,34902.61958705765,86954.72022101251,23528.46644096673,63426.25378004581,3610.037814908941,2.49135226094194,0.6741174937393924,1.8172347672025484,0.1034317153732378
Upper Quinn (16040201),1988,29900.31084426812,73412.82175173116,15776.23759842592,57636.5841533052,655.6088438525925,2.4552527943302094,0.5276278792081595,1.9276249151220486,0.02192648923508675
Upper Quinn (16040201),1989,39999.67943122845,102936.82173590337,28577.54100662146,74359.28072928179,3144.508453975236,2.5734411675194275,0.7144442508784327,1.8589969166409919,0.0786133413739377
Upper Quinn (16040201),1990,30411.38986136352,69101.62433953959,16781.019825102605,52320.60451443701,1622.8958855414335,2.2722284201594642,0.5518004899349317,1.7204279302245336,0.05336473909741492
Upper Quinn (16040201),1991,40083.57790197079,95389.66627366605,32311.509066851635,63078.15720681438,1357.6608025222804,2.3797692538064577,0.8061034158645547,1.5736658379419022,0.03387074890975559
Upper Quinn (16040201),1992,35588.55296090057,92933.73596350903,16362.672467254572,76571.06349625456,530.8491277610049,2.611337866577797,0.45977346944202685,2.151564397135773,0.01491628862640814
Upper Quinn (16040201),1993,49381.92567161019,116537.78252504444,41293.5291390794,75244.25338596504,8432.181538211322,2.3599278671314017,0.8362073486903159,1.5237205184410858,0.1707544090986919
Upper Quinn (16040201),1994,41683.20308205227,105324.66080830806,20110.192710640593,85214.4680976673,1458.6583944168292,2.526789042602587,0.48245315195797733,2.0443358906446054,0.034993913292735664
Upper Quinn (16040201),1995,53491.27837630419,134847.96244181352,49427.00287113897,85420.95957067456,7027.219114094128,2.520933627593935,0.9240198471875439,1.596913780406391,0.1313713062652673
Upper Quinn (16040201),1996,48836.998504320094,125608.3895480582,40756.95522856231,84851.43431949583,8910.448846035764,2.5719924113875865,0.8345507806946196,1.7374416306929659,0.18245283532827167
Upper Quinn (16040201),1997,51530.71349953132,133046.31345685612,41956.65138083517,91089.66207602099,8035.073845747557,2.581883781952024,0.8142066843537257,1.7676770975982987,0.15592785933035136
Upper Quinn (16040201),1998,57659.34207953465,145332.22120547597,71002.74883212314,74329.47237335308,7020.478290738165,2.5205320762246357,1.2314179501767943,1.2891141260478458,0.1217578632974028
Upper Quinn (16040201),1999,56678.45243484339,143582.81952348052,31673.64923540658,111909.17028807399,9856.563884058067,2.533287578529794,0.5588305233248576,1.9744570552049372,0.17390319355294692
Upper Quinn (16040201),2000,53180.227867741385,150178.45411220007,38212.78679761171,111965.66731458835,3309.6824088552153,2.8239528135473986,0.7185525209227474,2.1054002926246516,0.06223520548062256
Upper Quinn (16040201),2001,49150.13955227735,137035.5446532208,22837.6514129508,114197.89324026977,998.9737557136679,2.7881008253794737,0.46465079491097044,2.3234500304684986,0.02032494240735845
Upper Quinn (16040201),2002,55960.99909417935,149832.9871648353,32568.819551483084,117264.16761335213,6669.538322505823,2.6774537551174604,0.5819913882643788,2.09546236685308,0.11918190222589395
Upper Quinn (16040201),2003,48614.51875369465,139304.54889112405,29810.209034300795,109494.33985682314,2782.687535755542,2.8654927059323625,0.6131956007902527,2.252297105142107,0.057239845360889455
Upper Quinn (16040201),2004,54930.97745372295,155063.55526456606,40562.00111307011,114501.55415149589,6323.704862288235,2.822879956854957,0.7384176104865765,2.084462346368379,0.1151209236648973
Upper Quinn (16040201),2005,58444.1280503217,156050.60796553586,48177.34347423124,107873.26449130446,6594.3282557013235,2.670081891395023,0.8243316323027263,1.8457502590922936,0.11283132242170607
Upper Quinn (16040201),2006,58010.584386310096,161293.57803485403,42629.19840616027,118664.3796286937,9221.800748716141,2.780416362654634,0.7348520766879281,2.045564285966705,0.15896755473631105
Upper Quinn (16040201),2007,46861.0832970661,136568.56908415115,24969.702675779998,111598.86640837115,1054.167458556565,2.914328040997326,0.5328451866443155,2.38148285435301,0.02249558448902876
Upper Quinn (16040201),2008,55158.91542168269,151946.91558361106,27964.806256513657,123982.10932709744,6357.784868087766,2.7547118071846914,0.506986151608065,2.247725655576627,0.1152630507594889
Upper Quinn (16040201),2009,51961.70417549513,143448.08065775543,41085.82768791887,102362.25296983658,6782.7280568122815,2.7606500389839947,0.7906943842556792,1.9699556547283161,0.13053321026393475
Upper Quinn (16040201),2010,51387.37126485959,133701.93866412897,33899.25293015887,99802.68573397021,3407.3604513617734,2.6018442931241914,0.6596806198829696,1.9421636732412237,0.06630735076522276
Upper Quinn (16040201),2011,56713.87267391216,147417.50113642766,51167.170278632475,96250.33085779528,8338.589081258478,2.599319957993951,0.9021984898267912,1.6971214681671618,0.1470290898525459
Upper Quinn (16040201),2012,45819.83029994147,135720.18065078906,20634.653418567905,115085.52723222131,1169.5751728144944,2.9620402293581267,0.4503432964175397,2.5116969329405903,0.025525523886892016
Upper Quinn (16040201),2013,47058.645942778494,137334.9899469459,30366.825361983785,106968.16458496201,1069.7857304009408,2.918379549508075,0.6452974741115305,2.2730820753965424,0.02273303255902771
Upper Quinn (16040201),2014,48269.806815757554,144133.99174201192,35048.61413583888,109085.37760617294,1298.8297862305017,2.986007221701988,0.7260980817598248,2.259909139942162,0.02690770632640075
Upper Quinn (16040201),2015,47089.77466382481,143631.3385207632,43442.325033032466,100189.01348773077,969.9955459449978,3.0501598180528844,0.9225426399503589,2.127617178102526,0.02059885724384588
Upper Quinn (16040201),2016,58227.72612820342,170897.70500969485,43426.642513976214,127471.06249571856,5158.512273092632,2.934988473247595,0.7458069445878963,2.1891815286596974,0.08859202679037871
Upper Quinn (16040201),2017,60227.114814382214,170954.99380744633,51647.6512655387,119307.3425419076,8662.14552648796,2.83850545280682,0.8575481562534564,1.980957296553363,0.1438246801824125
Upper Quinn (16040201),2018,54626.22531145937,152879.287091773,35528.08234477992,117351.20474699319,2546.8781707062208,2.7986427072364877,0.6503850877890864,2.1482576194474032,0.04662372617153802
Upper Quinn (16040201),2019,62967.46295382382,170592.27028484127,56063.80622684327,114528.46405799806,8052.478404108559,2.7092130170456823,0.8903615231878845,1.8188514938577989,0.12788316419884527
Upper Quinn (16040201),2020,55998.90440289493,161758.6117834357,25931.933540551956,135826.67824288385,5826.876441572211,2.8886031522979834,0.4630793015873963,2.4255238507105887,0.10405340075315801
Upper Quinn (16040201),2021,52168.87116568803,150402.85660559812,33748.88080385026,116653.9758017479,3084.637150773798,2.8830000198378745,0.6469160641153996,2.2360839557224756,0.059127925942215775
Upper Quinn (16040201),2022,50655.85795073197,149640.53089036065,25959.74942093122,123680.78146942945,7003.218716008757,2.9540617204806097,0.5124728011946762,2.441588919285934,0.13825091508311058
Upper Quinn (16040201),2023,60002.88059344058,162934.00917226425,58660.199580169676,104273.80959209464,9150.96174746581,2.715436451730551,0.9776230574267182,1.737813394303834,0.1525087071980704
Upper Quinn (16040201),2024,53241.30714283743,162094.03350300403,40216.109378482004,121877.92412452192,9961.134140822587,3.044516414071749,0.7553554098622894,2.2891610042094577,0.1870940943297757
Upper Rogue (17100307),1985,15066.394081279,40534.81351319812,13611.229766622952,26923.58374657509,48900.05477435877,2.690412403560141,0.9034165503168281,1.7869958532433077,3.2456375766196337
Upper Rogue (17100307),1986,15151.477334342768,42046.52076982316,16524.635275593457,25521.88549422969,46227.79774290029,2.7750772972163795,1.0906286503256188,1.6844486468907596,3.0510422662296475
Upper Rogue (17100307),1987,13819.63364840553,41322.52480461033,12198.074383841511,29124.450420768833,52800.28871224289,2.990131710863262,0.8826626446243667,2.107469066238896,3.820672099968065
Upper Rogue (17100307),1988,14367.873340073236,39399.59211918315,13624.113555425969,25775.478563757202,46604.88720621196,2.7422006852812584,0.9482345252464847,1.7939661600347752,3.243687225180843
Upper Rogue (17100307),1989,14940.136021064838,40296.46991014871,18640.819786718024,21655.650123430576,39105.97465176983,2.697195651587959,1.2477008081074636,1.4494948434804877,2.617511286151102
Upper Rogue (17100307),1990,13428.821521209988,37555.410113777776,12186.95730512895,25368.452808648886,45365.02371344021,2.7966273923933938,0.9075224721603761,1.8891049202330223,3.37818353172607
Upper Rogue (17100307),1991,13483.966359437294,35865.291534440374,15370.616512317685,20494.67502212273,36872.09035585946,2.659847301483262,1.139918040626076,1.5199292608571893,2.734513671494964
Upper Rogue (17100307),1992,11729.298254774796,32648.82877761623,10930.670659540358,21718.15811807584,38833.84842420052,2.783527886190928,0.9319117326640295,1.8516161535268958,3.3108415849509094
Upper Rogue (17100307),1993,12364.422748130139,31230.855416154172,15630.611931538157,15600.243484616025,28153.26952067743,2.525864413757382,1.2641602644896592,1.2617041492677235,2.276957856761653
Upper Rogue (17100307),1994,15166.946572156588,39554.793600175835,13458.96247425854,26095.83112591729,46862.95881759649,2.607960238535444,0.8873877421686474,1.7205724963667968,3.08980839318227
Upper Rogue (17100307),1995,13450.292141598367,36904.15555884649,19877.076771444696,17027.0787874018,30741.187384591976,2.743743791609643,1.4778174750546793,1.265926316554964,2.28554049688759
Upper Rogue (17100307),1996,13930.264460027374,38025.96112773642,18920.138882969048,19105.822244767343,34605.571060091024,2.7297372018206243,1.358203854439377,1.3715333473812454,2.4842005806415983
Upper Rogue (17100307),1997,15193.52461871038,41987.31890896909,21112.72544133837,20874.593467630737,37974.4875657024,2.763500896774336,1.3895870754925863,1.373913821281751,2.4993863187570007
Upper Rogue (17100307),1998,13952.570912454677,34564.76525979891,20287.5006114615,14277.264648337441,25863.714204607688,2.4773043962059265,1.4540331483534683,1.0232712478524606,1.8536880670157068
Upper Rogue (17100307),1999,15078.632699365638,40696.63518938562,12415.2383548927,28281.396834493007,50948.7733513085,2.6989605755897044,0.8233663225588758,1.8755942530308343,3.3788722337836323
Upper Rogue (17100307),2000,14775.446920575674,39924.95976634119,16034.835156289992,23890.124610051167,43277.777680594394,2.7021152037535563,1.085235204219816,1.616879999533738,2.929033410172355
Upper Rogue (17100307),2001,15265.354882919128,40229.71138271449,11679.824293949232,28549.887088765267,51541.64563326727,2.6353603759142703,0.7651197357369101,1.8702406401773606,3.3763804397982775
Upper Rogue (17100307),2002,15623.351381264849,42093.99706895102,11674.793819311843,30419.20324963918,54844.80151746093,2.6943000923239264,0.7472656496295652,1.947034442694361,3.5104376890114315
Upper Rogue (17100307),2003,13545.837921938382,37199.28615711944,15101.123794858706,22098.162362260704,39632.44690306371,2.74617830004246,1.1148165127829734,1.6313617872594848,2.9258025329593185
Upper Rogue (17100307),2004,14320.158516609124,38620.4653369898,14772.639968338963,23847.825368650934,42634.920233458746,2.696930015976859,1.0315975169691753,1.6653324990076903,2.9772659418545517
Upper Rogue (17100307),2005,14770.166962804518,38347.60960557332,17322.44729163747,21025.162313935853,37841.60073253055,2.596288159920163,1.1727996938193264,1.4234884661008365,2.562029314077929
Upper Rogue (17100307),2006,13801.609874079819,37481.550161773564,14263.14370645844,23218.406455315126,41882.756728233384,2.715737548281666,1.033440579511337,1.6822969687703293,3.0346283593257843
Upper Rogue (17100307),2007,14963.253606810253,40891.5976026299,14041.198083501366,26850.399519128525,48319.27111577856,2.73280121270008,0.938378674348657,1.794422538351422,3.2291954935380445
Upper Rogue (17100307),2008,14111.70757149964,37121.02276910851,11283.061058524729,25837.961710583746,46456.17523498586,2.6305124720752477,0.799553207955661,1.8309592641195842,3.2920307482001623
Upper Rogue (17100307),2009,13451.018263933434,36466.74218340952,13080.894825268604,23385.847358140963,41996.95669187194,2.711076698274119,0.9724836119167831,1.738593086357339,3.1222139371024036
Upper Rogue (17100307),2010,13282.788450389273,34177.86205529944,18424.42922687659,15753.43282842287,28452.071446996793,2.5730939089297777,1.387090466410058,1.1860034425197212,2.1420254906011817
Upper Rogue (17100307),2011,12851.434385151424,32654.109881102122,16830.252663064686,15823.857218037396,28350.18387346084,2.540892238366073,1.3096011043335674,1.2312911340325028,2.205993745430993
Upper Rogue (17100307),2012,12474.089960880678,33820.808187194874,14697.403648448184,19123.40453874672,34152.95313224587,2.7112846142090117,1.1782345401179501,1.533050074091064,2.7379114019019513
Upper Rogue (17100307),2013,14965.958531576505,40521.76154491095,12816.958436861481,27704.803108049473,49925.59963424831,2.707595471376895,0.8564074536100796,1.8511880177668156,3.335944004449221
Upper Rogue (17100307),2014,14795.193692346047,42453.63614798097,18515.82070826649,23937.81543971451,43065.42907206365,2.8694207747981957,1.2514753840529456,1.617945390745252,2.9107715632234377
Upper Rogue (17100307),2015,14354.619732940882,41601.629468584804,14501.373985712893,27100.255482871966,48749.79745661899,2.8981352514074388,1.0102234859231582,1.8879117654842843,3.3961051120531107
Upper Rogue (17100307),2016,15082.103614965055,41320.538731397355,15287.619390055306,26032.919341342083,46631.810044152924,2.739706594403548,1.0136264661970846,1.7260801282064657,3.0918637900009527
Upper Rogue (17100307),2017,16241.864760188912,44122.96740881253,23470.589055739536,20652.378353073054,37141.6890753389,2.7166195544839233,1.445067386182727,1.2715521683011997,2.286787239257058
Upper Rogue (17100307),2018,17323.737878374086,47446.12659846195,19326.791200300653,28119.335398161245,50852.23345405928,2.738792686172587,1.115624776592069,1.6231679095805147,2.9354076938291795
Upper Rogue (17100307),2019,15129.86759617781,39231.3962472325,18142.47826611396,21088.91798111856,37980.629502554126,2.5929768385510097,1.1991167900700739,1.3938600484809371,2.5103081214107252
Upper Rogue (17100307),2020,15463.532803234013,43153.838682302856,12288.599727497183,30865.238954805678,55770.74501844995,2.790684330121364,0.7946825530662158,1.9960017770551488,3.606597905414354
Upper Rogue (17100307),2021,14530.620869242002,39811.065110067946,10695.752553168813,29115.31255689916,52280.57966119496,2.739804821027218,0.7360836573617631,2.0037211636654573,3.5979591052341733
Upper Rogue (17100307),2022,16107.427104827006,42362.07348255175,18143.573937020697,24218.499545531115,43379.610601045366,2.6299714539671495,1.1264104328358877,1.5035610211312653,2.6931433753343232
Upper Rogue (17100307),2023,17195.105514620427,44179.45289587301,18344.089685464958,25835.36321040798,46654.032687933985,2.569303971895298,1.0668204199077225,1.5024835519875717,2.7132158420467736
Upper Rogue (17100307),2024,17926.740144170624,49255.37878016088,20346.124700968227,28909.254079192597,52017.946326682126,2.7475926121558487,1.1349595373916508,1.6126330747641946,2.901695785644397
Upper Willamette (17090003),1985,72898.64724364507,129408.64618049019,74445.5549682525,54963.091212237836,101369.13809946776,1.775185837783449,1.0212199784645837,0.7539658593188673,1.3905489598547331
Upper Willamette (17090003),1986,119865.1408013592,233929.4055202517,159035.196573818,74894.20894643421,140800.67222833517,1.951604978364144,1.3267843804344375,0.6248205979297107,1.1746590483856385
Upper Willamette (17090003),1987,69412.53013659647,148224.2979691801,86068.52130891355,62155.776660266754,114465.06898774812,2.135411253234689,1.2399565487605748,0.8954547044741173,1.649054843015995
Upper Willamette (17090003),1988,29222.765168629026,51458.85697933935,42299.732625018274,9159.124354321091,17292.651284152467,1.7609167606965894,1.4474924731088596,0.3134242875877303,0.5917527374417095
Upper Willamette (17090003),1989,114076.68356598912,185675.29318744544,148041.98751874678,37633.30566869848,70517.65575539536,1.6276357918490783,1.2977409834421598,0.329894808406917,0.6181601143287403
Upper Willamette (17090003),1990,132593.50291742373,272138.676269867,174848.16737165538,97290.50889821141,183178.95618418264,2.0524284394187013,1.3186782423309753,0.7337501970877244,1.3815077824609732
Upper Willamette (17090003),1991,101034.24731777245,197756.25472979332,170963.36247237268,26792.892257421143,48694.842106834956,1.9573190277531465,1.6921327867634774,0.26518624098967414,0.4819637241783983
Upper Willamette (17090003),1992,134398.21579058675,290926.6153105383,174120.5117319226,116806.1035786163,218334.79902104283,2.1646612910683807,1.295556720806691,0.8691045702616939,1.6245364399869882
Upper Willamette (17090003),1993,98127.93829221517,162661.0217681414,155182.78713179202,7478.234636349317,14165.620472261686,1.6576423045163056,1.5814332781523772,0.07620902636392791,0.14435868845096783
Upper Willamette (17090003),1994,61181.442433565506,115127.47542858668,88017.0520904117,27110.423338174718,49061.887640272755,1.8817384953550094,1.4386233568452709,0.44311513850973433,0.8019079918481344
Upper Willamette (17090003),1995,131063.85567409772,275245.1177952021,238733.1462122525,36511.97158294942,67494.24992654996,2.100084087863433,1.821502541523609,0.2785815463398222,0.5149722597386468
Upper Willamette (17090003),1996,100237.90409329938,200626.75747341118,175448.18136933766,25178.57610407348,45819.292505849226,2.0015059102460078,1.7503177361533229,0.25118817409268435,0.45710545247635637
Upper Willamette (17090003),1997,132168.59695850685,270350.09362143103,246397.72348378092,23952.370137650487,43596.55557627896,2.045494163082514,1.8642682842516312,0.18122587883088537,0.32985562818651776
Upper Willamette (17090003),1998,40467.68762882469,83316.09364484993,73353.13077733495,9962.96286751502,17803.59802994497,2.058830106850602,1.812634599983576,0.24619550686702715,0.43994601799939914
Upper Willamette (17090003),1999,134657.14456904898,273036.4792539679,224907.77610058757,48128.70315338028,88166.92207992377,2.027641980139875,1.6702253476439952,0.3574166324958794,0.6547511634981527
Upper Willamette (17090003),2000,132298.3694644437,273655.25948163006,188444.22469307084,85211.0347885597,157937.71089238476,2.068470386970092,1.4243881119314687,0.6440822750386268,1.1937993758481795
Upper Willamette (17090003),2001,141166.71205500312,290703.64900474966,190567.82382204966,100135.82518269985,186999.1083860732,2.0592931915243735,1.3499487311696985,0.709344460354674,1.3246685827265872
Upper Willamette (17090003),2002,143516.50947548126,298751.72216836986,201397.52803657082,97354.19413179846,180514.61791543764,2.081654042871001,1.4033056459680557,0.678348396902941,1.257796880478599
Upper Willamette (17090003),2003,143627.37977300724,298564.3434795715,184298.37576856403,114265.96771100756,213286.18263321114,2.078742534685455,1.2831702148979838,0.7955723197874717,1.4849966835731085
Upper Willamette (17090003),2004,125237.44542718993,278224.5077976873,189659.1536463506,88565.35415133681,165984.45877781077,2.221576037810835,1.514396536909673,0.707179500901163,1.3253580685204105
Upper Willamette (17090003),2005,139140.35259613954,284311.38823395513,228952.37094398693,55359.01728996844,102919.68134278063,2.043342444726875,1.6454778694469059,0.3978645752799708,0.7396824819145683
Upper Willamette (17090003),2006,143769.31016948633,306484.26702171535,221477.09418331416,85007.17283840061,158359.314660648,2.1317781010454047,1.5405032821136855,0.5912748189317151,1.1014820511690697
Upper Willamette (17090003),2007,151260.70376332107,313394.2822684949,168142.7649456872,145251.5173228063,273967.248776122,2.071881688180333,1.1116090350127,0.9602726531676238,1.8112255328707245
Upper Willamette (17090003),2008,138331.34024193394,285977.21858408855,152806.69484010836,133170.52374398088,249940.45535350963,2.067334980518009,1.1046426252565602,0.9626923552614536,1.8068245049630651
Upper Willamette (17090003),2009,142873.4345878382,304364.31373190635,199223.55975335196,105140.75397855409,196773.5168528926,2.13030725137908,1.394405897275955,0.735901354103123,1.3772575526062318
Upper Willamette (17090003),2010,125314.38041694119,260933.87675046234,241098.84097951034,19835.035770951552,36390.15421020088,2.082234104994919,1.9239519054184806,0.15828219957643475,0.2903908880140089
Upper Willamette (17090003),2011,128991.90667331567,257254.2160884103,210851.22172476145,46402.99436364834,86330.52217067995,1.9943438524397596,1.6346081483915291,0.3597357040482265,0.6692708433973322
Upper Willamette (17090003),2012,116044.00615382905,223335.626080964,180196.80899301593,43138.81708794745,79730.29045040178,1.9245770073200348,1.5528316796831825,0.3717453276368468,0.6870694410938428
Upper Willamette (17090003),2013,150847.57873988492,309376.2149163838,237071.28580931638,72304.92910706752,134811.4527833897,2.0509193286413887,1.5715949025480345,0.479324426093355,0.8936931829436437
Upper Willamette (17090003),2014,137489.99455858074,302563.0258710738,212906.17592645728,89656.84994461594,166611.3514620755,2.2006185020405975,1.5485212331995821,0.6520972688410108,1.2118070991055783
Upper Willamette (17090003),2015,150634.44149165798,336155.48233360454,199570.51071555412,136584.9716180495,255473.7329895583,2.2315977608097053,1.3248664033225508,0.9067313574871485,1.6959848654778347
Upper Willamette (17090003),2016,131318.0684903013,289290.01973624504,184041.52229285822,105248.49744338769,196544.67405972036,2.202971937236581,1.4014942833738901,0.8014776538626974,1.4967070131269598
Upper Willamette (17090003),2017,198551.53366125154,401174.71342149127,317242.00750663003,83932.70591486132,158629.75905424453,2.0205067471598324,1.597781702597554,0.4227250445622786,0.7989349471602799
Upper Willamette (17090003),2018,256444.70300756014,497426.57728335453,344915.53336071083,152511.04392264297,290292.0875136786,1.9397030683401955,1.3449898918385634,0.5947131765016291,1.13198706820285
Upper Willamette (17090003),2019,298131.4031803579,608688.618909348,465825.09044075466,142863.52846859492,273614.946113386,2.0416789791886334,1.5624824673667423,0.4791965118218964,0.9177662708274299
Upper Willamette (17090003),2020,318101.34226452035,678463.597242204,512404.39657350676,166059.20066869797,318025.944100969,2.132853613292901,1.6108212336539334,0.5220323796389699,0.999762974393586
Upper Willamette (17090003),2021,296803.3139406927,602505.1610918619,325008.88404049317,277496.27705136954,533249.5900880923,2.0299812461401783,1.0950311831943915,0.9349500629457894,1.796642978840345
Upper Willamette (17090003),2022,328555.108386437,661039.8772438944,545814.720773219,115225.15647067406,219189.0534697231,2.0119604302922554,1.6612577520214586,0.35070267827079277,0.6671302557010292
Upper Willamette (17090003),2023,316488.21025869204,594066.2414664266,376809.83540977066,217256.40605665752,415497.7267256614,1.8770564659607607,1.1905967527250787,0.6864597132356869,1.3128379296847763
Upper Willamette (17090003),2024,332184.23596543324,707189.1245786975,591907.9505603646,115281.17401833285,218555.97402534855,2.1289063357367954,1.7818664658787662,0.3470398698580293,0.6579360197215718
Walla Walla (17070102),1985,71801.31193938201,177347.4494201678,69587.35460294734,107760.09481722036,59246.86333399391,2.469975055189698,0.9691655030161037,1.500809552173593,0.8251501502369881
Walla Walla (17070102),1986,73344.3120715931,179168.76776226133,78030.89938185482,101137.86838040651,55600.64568032285,2.4428447510335976,1.0638984425361715,1.378946308497426,0.7580771311352645
Walla Walla (17070102),1987,70495.23579565907,179024.0041790545,57321.2694888404,121702.73469021429,68299.24908417047,2.5395191910270674,0.8131226010080259,1.7263965900190443,0.9688491472267148
Walla Walla (17070102),1988,73717.12446062655,179267.6717244981,67337.1140427059,111930.55768179205,59983.78975878028,2.431832129049577,0.9134528040180363,1.5183793250315383,0.8137022462239224
Walla Walla (17070102),1989,77525.59009230816,180247.71206654262,90498.3604332037,89749.35163333912,44198.35926188694,2.3250092240758864,1.1673353317975281,1.1576738922783607,0.5701131614639867
Walla Walla (17070102),1990,78376.90828306368,199689.7830403354,79391.04193701153,120298.74110332382,61390.36635765175,2.5478139852001025,1.0129391893117963,1.5348747958883058,0.783271089693104
Walla Walla (17070102),1991,81218.93581148621,197635.3204844448,95149.41874047022,102485.90174397462,50376.073825165164,2.4333650584042084,1.1715176736779396,1.2618473847262694,0.6202503556817207
Walla Walla (17070102),1992,72854.40210034333,183829.87812469815,77619.5902604647,106210.28786423351,55660.92952992961,2.5232501101512965,1.0654070038699681,1.457843106281329,0.7640022829817076
Walla Walla (17070102),1993,79444.32714447474,185117.16083228707,99899.48759140681,85217.67324088016,40941.52090401046,2.3301495208794374,1.2574779242542142,1.0726715966252218,0.5153485764887354
Walla Walla (17070102),1994,77292.63714497146,186202.38492628833,64857.645688882745,121344.73923740559,65018.801959002245,2.409057211711431,0.8391180335487141,1.569939178162717,0.8412030480607332
Walla Walla (17070102),1995,80127.40939892127,190947.23865032432,113073.8205663182,77873.41808400623,41765.518576691655,2.383045203666537,1.4111752946282135,0.9718699090383248,0.521238848104503
Walla Walla (17070102),1996,79410.81267326414,190458.15683484962,101567.92728729783,88890.22954755169,45384.826598873835,2.3983907282058663,1.2790188623959706,1.1193718658098943,0.5715194829400594
Walla Walla (17070102),1997,81855.61813922842,193864.0560082826,103864.20781580042,89999.8481924824,41981.55952041672,2.368365915685088,1.2688708506133022,1.0994950650717883,0.5128732819415056
Walla Walla (17070102),1998,80721.06477830793,195661.94989482427,75735.06723930132,119926.88265552314,63773.63684116221,2.423926770938783,0.938231766978048,1.4856950039607373,0.7900494996728539
Walla Walla (17070102),1999,76626.42920386873,167550.53499195448,71690.43339919791,95860.1015927563,48513.41789072302,2.1865893626098285,0.9355836379698924,1.2510057246399326,0.6331159939823174
Walla Walla (17070102),2000,80730.47260131071,199862.89817632805,96084.26193279194,103778.63624353608,52867.02731439359,2.475681012835829,1.190185797713662,1.2854952151221664,0.6548583900341897
Walla Walla (17070102),2001,78887.03332772333,190824.37852824878,70337.90414839725,120486.47437985158,65803.1865777733,2.418957469670586,0.891628207847415,1.5273292618231713,0.8341445203599517
Walla Walla (17070102),2002,75140.45604263931,185934.33135884666,64103.55793009889,121830.77342874807,65261.63510284418,2.4744903232066635,0.8531164342910375,1.6213738889156302,0.8685286001699366
Walla Walla (17070102),2003,79000.98760511608,202049.5821396852,79790.02349059342,122259.55864909175,63670.52832122087,2.557557674463813,1.0099876711595215,1.547570003304291,0.8059459793018787
Walla Walla (17070102),2004,81577.5376151272,198417.93800668282,96545.24788831633,101872.6901183666,51099.83259569345,2.4322619167888377,1.1834783288483766,1.2487835879404627,0.6263958693724757
Walla Walla (17070102),2005,76851.4275096795,189331.0407705571,62831.03465304681,126500.00611751023,67978.2288684017,2.4635982298014008,0.8175649651417755,1.6460332646596245,0.8845408741410793
Walla Walla (17070102),2006,77619.33714753014,190679.70138172584,92384.38459111023,98295.31679061544,50765.54988031715,2.456600486284793,1.1902238280586748,1.266376658226116,0.654032252089807
Walla Walla (17070102),2007,78179.99674798353,198461.7867702574,74792.15853551446,123669.62823474301,62412.924105242026,2.538523855533113,0.9566661760886239,1.58185767944449,0.7983234420747378
Walla Walla (17070102),2008,77147.98674844397,187968.11521656378,66718.05597640808,121250.05924015564,61355.422872380026,2.4364617035240386,0.8648061833934214,1.5716555201306166,0.7952951912075337
Walla Walla (17070102),2009,79427.8104424982,205146.28498762954,86652.27436533921,118494.01062229025,59245.18354025323,2.582801714471851,1.090956352473938,1.491845361997912,0.7458997448147435
Walla Walla (17070102),2010,80257.12205703574,192174.74656862242,87854.41675665633,104320.32981196599,51985.624412598656,2.3944883848694576,1.0946619378429925,1.2998264470264635,0.6477384571010958
Walla Walla (17070102),2011,81448.35619005581,189751.06212628933,99201.56375305197,90549.49837323744,45196.87178422701,2.32971015011665,1.21796888719976,1.1117412629168912,0.5549144746244147
Walla Walla (17070102),2012,78388.85962352222,194834.61541047157,98384.44345596929,96450.17195450203,48229.77751404889,2.4854885802166633,1.2550819584374586,1.2304066217792016,0.6152631604246036
Walla Walla (17070102),2013,81805.675221162,210226.3562621438,91096.45632815389,119129.89993398948,60409.51342066527,2.569826062724816,1.1135713516436876,1.4562547110811233,0.7384513758654015
Walla Walla (17070102),2014,82345.28608975116,216817.67486029927,82352.2338785385,134465.44098176082,69050.22927281141,2.633030804264639,1.000084373849643,1.6329464304149965,0.8385450163783635
Walla Walla (17070102),2015,83509.73981476274,221984.74736469335,74898.96874968898,147085.77861500418,76741.49162763573,2.6581899052384688,0.8968890205600718,1.7613008846783949,0.9189525892172576
Walla Walla (17070102),2016,86643.5555119081,224492.1308984229,95211.14226946853,129280.9886289544,64417.714837769665,2.5909847486299107,1.0988831391664544,1.4921016094634563,0.7434795866487294
Walla Walla (17070102),2017,87682.42761091577,223216.75332769865,107681.22483557712,115535.52849212167,55507.24615848743,2.5457410271326695,1.2280821570475275,1.3176588700851437,0.6330486925475729
Walla Walla (17070102),2018,86569.15173886332,214515.33715595427,84806.89322967533,129708.44392627862,65852.63849308714,2.4779651047412576,0.9796433432257271,1.4983217615155267,0.7606940482879196
Walla Walla (17070102),2019,93130.23432940911,223438.18790263787,102089.51758148825,121348.67032114977,61251.0682157809,2.39920139266824,1.0962016612176604,1.3029997314505812,0.6576926242785018
Walla Walla (17070102),2020,99504.824393744,244388.098231878,96042.24204901305,148345.85618286487,74818.74336893095,2.4560427066814965,0.9652018646751298,1.4908408420063657,0.7519107121165364
Walla Walla (17070102),2021,91799.47715864197,237113.0417383317,74872.1888414232,162240.85289690827,87077.19540682521,2.5829454489001953,0.8156058308701898,1.767339618030003,0.9485587293307127
Walla Walla (17070102),2022,109402.39866062801,268374.7514405865,138934.8116014927,129439.93983909421,67444.97439028756,2.4530975072411265,1.2699430113271628,1.1831544959139673,0.6164853350199881
Walla Walla (17070102),2023,91775.585207338,223684.73388528076,81994.98191824941,141689.75196703163,77915.94078610258,2.4373010902620305,0.8934291373136724,1.543871952948361,0.8489833174049077
Walla Walla (17070102),2024,118269.94724218048,292702.5584100721,117040.07539274982,175662.4830173225,87778.64109803969,2.4748684279930155,0.9896011465456033,1.4852672814474142,0.7421888919785855
Wallowa (17060105),1985,52415.58434003798,109641.08935288132,61357.36101890189,48283.728333979445,80058.17408025428,2.091765087299261,1.1705938566067586,0.9211712306925024,1.5273734918395505
Wallowa (17060105),1986,50515.22267816136,114941.02012775587,56206.12990929951,58734.890218456276,98304.64078798176,2.2753739176813914,1.1126572729847322,1.1627166446966575,1.946039937590548
Wallowa (17060105),1987,49462.14148572614,117200.00897631701,45652.95379461686,71547.05518170024,119063.06929909514,2.369489178104809,0.9229878129678525,1.4465013651369583,2.4071555683341073
Wallowa (17060105),1988,50966.04899631298,112880.90907198374,54829.84841272038,58051.060659263385,96920.64326797359,2.2148255808518695,1.0758112408652065,1.1390143399866635,1.9016707234846688
Wallowa (17060105),1989,51371.04216391836,114703.09882428468,66393.70354428072,48309.39528000404,80867.2334193467,2.232835737657062,1.2924344289614953,0.9404013086955683,1.5741793433216673
Wallowa (17060105),1990,50452.37032827275,116705.62134457756,55753.83559510605,60951.785749471426,100363.41846250882,2.3131841097895354,1.105078616373004,1.2081054934165296,1.9892706290999904
Wallowa (17060105),1991,52448.95156595529,117946.52618940707,52181.474246660146,65765.05194274693,108799.0576704421,2.248787109520915,0.9949002351561063,1.2538868743648088,2.0743800290006895
Wallowa (17060105),1992,49515.461882357435,116334.90201623774,56681.642058118436,59653.25995811929,98031.0474122914,2.3494661585230685,1.144726109852049,1.2047400486710191,1.9798067853067987
Wallowa (17060105),1993,53657.54958672812,110551.76679429726,70704.78236755647,39846.98442674078,67165.13602635836,2.0603208242972317,1.317704272970469,0.7426165513267624,1.2517369232040232
Wallowa (17060105),1994,52334.71211187953,123597.38677606486,51171.65731241826,72425.72946364639,118485.69507622403,2.361671284478305,0.9777766084396351,1.3838946760386663,2.263998220204765
Wallowa (17060105),1995,53579.116158668214,119720.84587777105,68345.99655193946,51374.84932583174,85792.99047789162,2.2344684731870514,1.2756088836840995,0.9588595895029549,1.6012393751294036
Wallowa (17060105),1996,52331.630524329696,114995.582701555,59748.79070756293,55246.79199399199,91852.50313577247,2.1974393220576602,1.1417337871745634,1.055705534883095,1.7552004822985396
Wallowa (17060105),1997,52793.861629146595,123773.13111554085,71275.66261506722,52497.46850047378,87577.20546993925,2.344460649326849,1.3500748082371217,0.9943858410897303,1.6588520477083146
Wallowa (17060105),1998,53709.61105738817,125002.89214962203,73318.19838291321,51684.69376670869,85428.36232923469,2.3273840507997297,1.3650852601515484,0.9622987906481789,1.5905600626665377
Wallowa (17060105),1999,52003.13451056789,114572.80763757639,49568.97212116283,65003.83551641357,106308.00862714215,2.203190417575566,0.9531920063604935,1.2499984112150726,2.0442615551479615
Wallowa (17060105),2000,51270.3693056756,123475.74887045237,55717.424220809684,67758.32464964283,110765.80094498604,2.408325716054159,1.0867373294820757,1.3215883865720863,2.1604252601458116
Wallowa (17060105),2001,49929.91658999183,114147.73967696019,41893.49158682963,72254.24809013076,118072.16145065524,2.286159230232731,0.8390458956870548,1.4471133345456801,2.364757834871331
Wallowa (17060105),2002,50860.86354585658,119761.40361598069,48323.97266926452,71437.43094671617,116511.94289877034,2.354686791898506,0.9501209633551586,1.404565828543347,2.2907975755016863
Wallowa (17060105),2003,49479.63633181196,122614.59411186492,49800.390397630945,72814.20371423395,118678.91988676302,2.478081958598234,1.00648254695463,1.4715994116436035,2.3985406661216855
Wallowa (17060105),2004,52072.98684314434,118553.47469188733,71201.23336521599,47352.24132667129,77865.85386303671,2.2766789823099125,1.3673353053415251,0.9093436769683866,1.4953214436803164
Wallowa (17060105),2005,51612.69338546307,123468.8764667044,53452.5690887001,70016.3073780042,113954.54995311238,2.392219207484334,1.0356477366816752,1.356571470802657,2.2078783818169843
Wallowa (17060105),2006,51008.195408823114,118568.18257887849,55823.85759579293,62744.32498308565,103540.5821465234,2.3244927923556618,1.0944095776839975,1.230083214671666,2.0298813027330413
Wallowa (17060105),2007,47396.30353624072,114044.58854398898,44124.16168741446,69920.42685657465,112464.8254938265,2.406191623293721,0.930962087658919,1.4752295356348046,2.372860689606993
Wallowa (17060105),2008,51134.71636755725,116489.0611697725,53238.693279972256,63250.36788980013,103435.71208446442,2.27808169175022,1.0411457628373566,1.2369359289128614,2.0228079753286727
Wallowa (17060105),2009,51603.80097427065,123636.75321245274,70783.40170503376,52853.351507418956,87368.64325592731,2.395884622415649,1.3716703104937162,1.0242143119219325,1.693066045648242
Wallowa (17060105),2010,53607.3798094131,118958.78316589029,69369.80456534975,49588.97860054043,81234.25373143275,2.2190747540509697,1.294034605160256,0.9250401488907118,1.5153557965384563
Wallowa (17060105),2011,52694.36942064428,111659.1431341515,60445.704459882865,51213.438674268815,84358.17836593719,2.118995717413526,1.1470998728035222,0.9718958446100073,1.6008954902283705
Wallowa (17060105),2012,50711.66967083504,115626.93681545116,56372.55749277599,59254.37932267529,96683.97381902952,2.280085384014673,1.1116288984110614,1.168456485603614,1.9065429012019646
Wallowa (17060105),2013,51996.00320071108,119131.94323484653,58808.753718389606,60323.18951645706,98798.54639182509,2.2911750115673764,1.131024503775424,1.1601505077919547,1.9001180919704606
Wallowa (17060105),2014,50443.513852737284,122965.6008498457,53194.017248786266,69771.58360105946,113471.7133855791,2.437689039840214,1.0545264036141235,1.3831626362260914,2.249480750227745
Wallowa (17060105),2015,51180.70391982364,124226.29669920367,53116.49117746937,71109.80552173436,114975.03884162335,2.427209615831164,1.0378225993272427,1.3893870165039224,2.2464528628159504
Wallowa (17060105),2016,52237.07548617624,125498.6505084516,52324.68778703759,73173.96272141402,118680.77703782887,2.4024823239130786,1.0016772053191327,1.400805118593946,2.2719644224576845
Wallowa (17060105),2017,52625.25889801104,123959.70757888693,62706.68172107612,61253.025857810724,100604.48902487473,2.3555172967248237,1.1915700375479978,1.163947259176824,1.9117148519848337
Wallowa (17060105),2018,54449.20370464799,127595.44766581111,59548.645887653875,68046.80177815727,111993.7208258709,2.3433850081249044,1.093655036916005,1.2497299712089,2.056847726063452
Wallowa (17060105),2019,53586.97187921708,120472.96602062527,59384.2646652299,61088.70135539534,99563.3931614951,2.248176409224365,1.1081847430953868,1.1399916661289773,1.8579775954854671
Wallowa (17060105),2020,57671.56626479398,135250.37087971935,69742.45234988748,65507.91852983182,107565.77892078631,2.345182897560455,1.2093039406918666,1.1358789568685876,1.8651440542971798
Wallowa (17060105),2021,47768.83381379101,114396.52763091163,41290.235041450964,73106.29258946076,116989.10748211085,2.3947942308335146,0.8643760323395281,1.5304181984939886,2.4490676899953066
Wallowa (17060105),2022,59393.72852467203,131548.29617222678,74484.47781345976,57063.81835876694,93723.28395268023,2.2148516255816793,1.2540798441794923,0.9607717814021854,1.5779996690012108
Wallowa (17060105),2023,54730.076715669136,130511.8433693126,62882.030520413406,67629.81284889921,110061.03568579191,2.3846457231796143,1.1489483350643719,1.2356973881152427,2.0109790135609584
Wallowa (17060105),2024,52404.65959568791,126184.01746366611,46504.69829548962,79679.31916817644,128490.35996520505,2.407877819209212,0.8874153301306099,1.5204624890786012,2.4518880755362793
Warner Lakes (17120007),1985,36181.94039617596,90727.80105546137,22434.44679109356,68293.35426436781,134356.76219588117,2.507543820536787,0.6200454299975752,1.8874983905392115,3.7133653066898873
Warner Lakes (17120007),1986,35753.969914689034,92052.45172708096,35135.891745086345,56916.5599819947,111272.86099965048,2.5746078532460377,0.9827130198107382,1.591894833435302,3.11218198329175
Warner Lakes (17120007),1987,35818.26929991598,91300.9562618833,30279.414775072437,61021.54148681089,119174.37056248632,2.5490052435921986,0.8453623071939845,1.703642936398215,3.3271951127679382
Warner Lakes (17120007),1988,29009.022421013255,68178.0374625408,21573.634974647535,46604.402487893276,90337.76188767445,2.3502356085310443,0.7436870729921684,1.6065485355388764,3.1141263768418654
Warner Lakes (17120007),1989,34262.92919285574,76339.11041387724,27725.792548540812,48613.31786533634,94937.353171435,2.2280380636514554,0.8092067199649116,1.4188313436865414,2.7708475430416684
Warner Lakes (17120007),1990,30586.717460303615,74609.57822893189,21654.53394018202,52955.044288749894,103282.2232223114,2.439280328978175,0.7079718171224467,1.731308511855729,3.3767017777031567
Warner Lakes (17120007),1991,34731.91179491733,73526.29322750593,26724.72896036226,46801.56426714369,91175.29347662123,2.1169664849334833,0.7694574694927435,1.3475090154407403,2.625115888091246
Warner Lakes (17120007),1992,16548.890016896916,35338.711064302246,8783.695218849549,26555.01584545269,50778.102225000046,2.1354127695706695,0.5307724693245971,1.604640300246072,3.068369067239801
Warner Lakes (17120007),1993,39018.475423679265,89686.13331819416,49294.02887217473,40392.10444601941,79345.49458811045,2.298555552064601,1.2633509725051817,1.035204579559419,2.0335365163949435
Warner Lakes (17120007),1994,29520.761359642747,67466.72219830858,17843.96156118659,49622.760637122,97071.1667098128,2.2853991255977903,0.6044546529067749,1.680944472691016,3.2882338476038386
Warner Lakes (17120007),1995,39436.611106564545,95875.62921946353,37922.46082886533,57953.16839059829,113311.23460720398,2.4311325575210048,0.9616054667170129,1.4695270908039946,2.8732497906835204
Warner Lakes (17120007),1996,39008.31553981242,97618.50592504253,42972.85738945482,54645.64853558771,106451.88275206237,2.502505031918431,1.101633249084958,1.4008717828334734,2.7289535905085707
Warner Lakes (17120007),1997,38160.95077768583,95843.28574099999,32620.531647135635,63222.75409386435,123579.80505384541,2.51155392587973,0.8548144368093185,1.6567394890704117,3.2383838068863646
Warner Lakes (17120007),1998,40206.02680110383,97465.95333826072,46176.84705624145,51289.106282019355,100563.4331384849,2.424162770930274,1.1485056030200353,1.275657167910241,2.501202957356732
Warner Lakes (17120007),1999,38923.9843565782,95571.84065607173,31214.119159943217,64357.72149612864,126126.7879390613,2.455345778082453,0.8019250771964713,1.653420700885985,3.2403360042391376
Warner Lakes (17120007),2000,36301.333748212586,91083.00577497631,27209.799718087917,63873.20605688834,124681.10610227803,2.509081523195028,0.7495537190676274,1.7595278041273992,3.434615019025771
Warner Lakes (17120007),2001,30124.947371238097,68993.29713951638,15855.66660359691,53137.63053591944,103324.07717890939,2.290237931017532,0.526330101367585,1.763907829649946,3.4298508776004843
Warner Lakes (17120007),2002,33461.94021901366,79781.84651698908,19238.46191889881,60543.384598090284,117391.1005644092,2.3842564416409915,0.5749356371142872,1.8093208045267044,3.5081976656483747
Warner Lakes (17120007),2003,32386.90671067371,78545.05165900727,25249.223732605777,53295.82792640153,103275.18866821297,2.42521005048998,0.7796120808377301,1.6455979696522514,3.1887944591564437
Warner Lakes (17120007),2004,31275.409227668315,72784.5089207035,22903.965359766924,49880.54356093661,97046.94625704418,2.3272120403244307,0.7323314362743668,1.5948806040500647,3.102979262416492
Warner Lakes (17120007),2005,37427.49623769108,86131.76048683583,36216.11897734926,49915.64150948662,96756.79379239396,2.3012963501442423,0.9676340289329344,1.333662321211309,2.5851794407491187
Warner Lakes (17120007),2006,38088.82153966605,97625.02738282882,31698.993076470146,65926.03430635865,128062.6895464294,2.5630886815744933,0.8322387460441253,1.7308499355303673,3.362211913357932
Warner Lakes (17120007),2007,31742.15773257642,75230.35888295612,19435.69068435852,55794.66819859765,107827.51973933411,2.3700455248430865,0.6122989762731855,1.7577465485699026,3.3969814102672866
Warner Lakes (17120007),2008,36060.155653740556,81845.66752427997,21076.29098495597,60769.376539324214,117409.60419232894,2.269698120834097,0.5844758737964489,1.6852222470376537,3.2559372543959038
Warner Lakes (17120007),2009,33121.899108154255,78672.34849140381,28101.533357612137,50570.81513379172,97618.79099499738,2.375236644327424,0.8484275996932145,1.5268090446342109,2.9472582678981922
Warner Lakes (17120007),2010,32974.647096840556,75969.21541611654,22400.837757990666,53568.37765812589,103315.76642981236,2.303867428603822,0.6793351780901088,1.624532250513714,3.133187934548403
Warner Lakes (17120007),2011,40033.13262278299,98554.1067797047,34185.2821242301,64368.82465547448,125026.15528291046,2.46181351103204,0.8539247339533739,1.607888777078663,3.123066997054276
Warner Lakes (17120007),2012,34772.74875428962,84659.58458582588,18730.77486231583,65928.80972351001,128130.11553672698,2.4346532160585133,0.5386624737282287,1.8959907423302833,3.6847853599989175
Warner Lakes (17120007),2013,33454.979068155764,79668.19484531386,27606.97523462519,52061.219610688684,100944.54078295309,2.381355393557735,0.8251978032442706,1.556157590313465,3.0173248824130185
Warner Lakes (17120007),2014,23185.525347994797,54239.222381624204,16076.925430042886,38162.29695158127,73346.8645172775,2.3393570586622525,0.6934035433203285,1.6459535153419218,3.163476497357905
Warner Lakes (17120007),2015,26073.9701187065,63925.64957130141,27107.59831090922,36818.05126039217,70137.85643884317,2.4517037213845163,1.0396421483762135,1.4120615730083022,2.6899569233042686
Warner Lakes (17120007),2016,31605.95450966305,79879.87804943697,29542.118348232274,50337.759701204675,95978.93466241186,2.5273680003878662,0.9347010336042916,1.5926669667835742,3.0367358351119482
Warner Lakes (17120007),2017,39183.99139265126,105649.32890378141,40304.38106590961,65344.94783787186,126171.49456388349,2.6962370383634617,1.0285930461251702,1.667643992238293,3.219975558374236
Warner Lakes (17120007),2018,37527.51344761134,94868.37751640071,31228.79747413439,63639.580042266294,122814.44833468004,2.527968650223458,0.8321573854801225,1.695811264743335,3.272650838061249
Warner Lakes (17120007),2019,40228.3211573158,99094.0165237581,41909.858933206226,57184.1575905519,109676.7038901128,2.463289883170707,1.04179984964609,1.4214900335246172,2.7263554812842927
Warner Lakes (17120007),2020,36440.97136477297,88231.16762254942,26536.87424930031,61694.293373249166,118519.92057769284,2.4212078964459596,0.7282153371727399,1.6929925592732213,3.2523809365922816
Warner Lakes (17120007),2021,23900.21510146698,49989.16075081809,16936.15566233333,33053.005088484795,62131.58140749182,2.091577859805529,0.7086193823123291,1.3829584774932013,2.599624360856829
Warner Lakes (17120007),2022,29281.80592086498,72922.06623664219,26290.79421641738,46631.27202022477,88552.45663488466,2.4903541275328585,0.8978542610202764,1.5924998665125807,3.0241460132001596
Warner Lakes (17120007),2023,39381.87860669597,95973.76924077561,48558.800560605945,47414.96868016969,84373.67979026388,2.4370033283393826,1.233023976473018,1.203979351866365,2.1424493390195485
Warner Lakes (17120007),2024,31374.06488025342,76079.33788067591,26452.615713245075,49626.72216743085,94196.68932485291,2.4249117279208416,0.8431363871467652,1.5817753407740769,3.0023744033288953
Williamson (18010201),1985,70427.78594792995,167361.18797984745,110717.14685083534,56644.041129012,110736.17354827005,2.376351687437458,1.5720662712965718,0.8042854161408849,1.5723364302569682
Williamson (18010201),1986,68312.59979944983,156904.58246336714,118649.32951825327,38255.25294511369,74425.31751441743,2.296861529556818,1.7368586449144165,0.5600028846423992,1.0894815558610438
Williamson (18010201),1987,65746.51856802376,150016.7225250659,98677.82943762754,51338.89308743852,100434.9604339342,2.2817439735588905,1.5008829606016605,0.7808610129572323,1.5276088015218707
Williamson (18010201),1988,56729.13583706648,129577.570343346,86812.96875251374,42764.601590832164,83765.86993941628,2.284144971210381,1.5303065606684363,0.7538384105419428,1.4765934418603317
Williamson (18010201),1989,60190.00400476464,125738.32459665167,110212.37654229235,15525.948054359073,29845.604705716396,2.089023363193301,1.8310744178313718,0.25794894536192486,0.49585649974958995
Williamson (18010201),1990,51832.30855249181,123524.06794357806,81835.37077361457,41688.69716996343,81779.04244384961,2.3831481057511126,1.5788486575074685,0.8042994482436431,1.5777619158334426
Williamson (18010201),1991,52062.96498349751,117992.3980250346,79867.16220878492,38125.235816249726,74851.12180277369,2.266340345050169,1.5340494386768129,0.7322909063733567,1.437703784763303
Williamson (18010201),1992,39560.481950704736,84019.3587498468,47971.35115506519,36048.00759478156,70317.52925378451,2.123820403769122,1.2126078548497214,0.9112125489193994,1.7774689737451963
Williamson (18010201),1993,51321.57420137864,102950.20195189532,93928.61903924608,9021.582912649363,17158.0723409354,2.0059829331799763,1.8301975436428235,0.17578538953715528,0.33432474759268954
Williamson (18010201),1994,43921.14599054801,102863.94238056682,57631.50479340132,45232.43758716545,88470.19929041149,2.3420140813881205,1.3121584943572244,1.0298555870308947,2.014296241483558
Williamson (18010201),1995,59790.256780886004,120617.6893093933,105513.88598127909,15103.803328114234,29066.960745168035,2.017346902379467,1.764733782093577,0.25261312028589045,0.48614878594166333
Williamson (18010201),1996,56428.469033301495,129479.91175587931,108926.59797294986,20553.313782929334,39627.66633726557,2.294584878414231,1.9303482770136184,0.3642366014006106,0.7022637157474383
Williamson (18010201),1997,62390.876438382664,149740.48849588117,125203.37586072582,24537.11263515506,47894.33930218667,2.4000382274444427,2.0067577666484118,0.3932804607960261,0.7676497275925784
Williamson (18010201),1998,69070.92446201925,159742.7195482749,131614.3066952672,28128.412853007663,55268.12171447457,2.312734638959615,1.9054950794474939,0.40723955951212043,0.8001647892358156
Williamson (18010201),1999,67142.01797617575,156063.33823144797,126509.17576380665,29554.1624676415,57628.41985487195,2.3243766412684304,1.8842027626976654,0.44017387857076795,0.8583063421674406
Williamson (18010201),2000,64713.89846231001,151751.11842280484,113589.2484655383,38161.86995726646,74806.3648122573,2.3449540520447263,1.7552527534976703,0.5897012985470548,1.1559551593978725
Williamson (18010201),2001,52456.137340747824,117972.00439396518,66525.83723814222,51446.1671558229,100623.58812361278,2.2489647613135397,1.2682183746393596,0.9807463866741789,1.9182424254758952
Williamson (18010201),2002,47520.35253158174,104642.51934065264,69981.12608941134,34661.39325124133,67257.78771931998,2.202056882282341,1.4726558697750043,0.7294010125073374,1.415346985791422
Williamson (18010201),2003,45948.94888046274,108942.8575692007,74593.9532493777,34348.904319822934,66981.41141372111,2.370954292178001,1.6234093503082214,0.7475449418697783,1.4577354443509647
Williamson (18010201),2004,44587.29118644541,105215.37218691637,71319.3236125751,33896.04857434128,66268.39804898456,2.3597614788247547,1.5995437649339923,0.7602177138907626,1.4862620330954357
Williamson (18010201),2005,52461.73197425282,124158.75269465915,76463.79905107923,47694.95364358003,93823.4818666507,2.366653711615808,1.4575157200034141,0.9091379916123961,1.7884175442910923
Williamson (18010201),2006,52437.94918558994,124195.83320888288,95630.25056848946,28565.58264039341,55529.38042933454,2.368434218686267,1.82368403138788,0.5447501872983869,1.0589540836695064
Williamson (18010201),2007,51136.306199969236,121764.20726704222,80280.8755965527,41483.33167048972,81306.86823796509,2.381169394419722,1.5699388861333319,0.811230508286394,1.5900027647678237
Williamson (18010201),2008,48300.73473530514,112250.01861586847,77638.16626791368,34611.85234795488,67684.89706158587,2.323981596367311,1.607390999192493,0.7165905971748201,1.4013223076731376
Williamson (18010201),2009,46115.93932287398,110912.13339061195,77253.64532085882,33658.48806975328,65708.29841573245,2.4050715440073103,1.6752048522741512,0.7298666917331623,1.4248500492570573
Williamson (18010201),2010,44077.4022600971,99810.28625874111,57994.654777611664,41815.63148112946,82255.99996310544,2.26443213848604,1.315745751879614,0.9486863866064266,1.8661716831159785
Williamson (18010201),2011,45966.30966845448,112090.79784598935,74671.32637742435,37419.47146856493,73352.22790138987,2.4385424597814613,1.6244794702035739,0.8140629895778858,1.5957823986842619
Williamson (18010201),2012,45667.604224493116,115111.92105311762,71710.63485264702,43401.28620047048,85103.66613235883,2.520647251107145,1.5702736342403996,0.9503736168667432,1.8635456704495743
Williamson (18010201),2013,47482.595997406075,108098.77053118385,69705.1307829591,38393.63974822469,75389.61846183504,2.2765977356648563,1.4680143180622858,0.8085834176025695,1.5877316073020418
Williamson (18010201),2014,42618.00003904943,102887.66079685454,59510.24881981442,43377.411977040014,85024.84220862662,2.4141832254583053,1.396364183333033,1.01781904212527,1.9950453360251827
Williamson (18010201),2015,48594.561747916894,121490.51925424518,75500.52001885365,45989.99923539156,90439.29862065439,2.5000846778796832,1.5536824966240206,0.9464021812556631,1.8610991717510705
Williamson (18010201),2016,45526.83743560418,106996.25560049352,78413.96152944159,28582.294071051885,55674.61493622395,2.350179841765536,1.7223678591853624,0.6278119825801727,1.222896604996413
Williamson (18010201),2017,53079.77208875337,138013.18157087534,107671.91585781646,30341.265713058798,59240.067893040454,2.6001087823080122,2.028492429805104,0.5716163525029068,1.1160573145262682
Williamson (18010201),2018,46488.85304704325,116223.21359181103,65275.35136407127,50947.86222773978,100690.6742732794,2.500023252331087,1.4041075889314258,1.0959156633996614,2.1659100552854667
Williamson (18010201),2019,43933.68403019207,95019.65120314581,73890.28826987944,21129.362933266435,41471.32822734057,2.162797254558632,1.681859600462839,0.4809376540957943,0.9439528949778189
Williamson (18010201),2020,33863.65554171598,78294.99606390146,43261.44969960388,35033.54636429752,69033.29215052813,2.3120656884621145,1.2775185964879348,1.034547091974178,2.0385658620194547
Williamson (18010201),2021,26521.905097755014,61847.15319678213,33449.46737291867,28397.685823863507,55990.96396731402,2.3319272491483756,1.2612015332092432,1.0707257159391341,2.1111214960215454
Williamson (18010201),2022,32376.561132463004,74077.07373947928,44105.87367114241,29971.200068336948,59285.880318389754,2.2879846144377707,1.362277898838329,0.9257067155994442,1.8311358045665198
Williamson (18010201),2023,41325.82125185526,93436.29589009266,68579.22074750715,24857.075142585527,48887.12936691728,2.2609664626059423,1.6594762952092184,0.6014901673967243,1.1829681270937251
Williamson (18010201),2024,35351.22729659043,85246.28656226482,53064.42333035907,32181.863231905776,63216.322683237144,2.41140953458458,1.5010631140231179,0.9103464205614629,1.7882355866421153
Willow (17050119),1985,31857.497725692006,67760.84912659042,25047.705538861966,42713.143587728424,62232.550830155385,2.1269984764667678,0.7862420882686536,1.3407563881981133,1.9534663822628766
Willow (17050119),1986,33140.70587951676,81854.39184439622,26847.05784392664,55007.33400046958,79795.63058125242,2.4699049000941127,0.8100931205729076,1.659811779521205,2.4077830711074752
Willow (17050119),1987,29901.20165518475,74548.52252381665,16593.923896082844,57954.59862773388,83633.65622724404,2.493161424865018,0.5549584290103446,1.9382029958546763,2.796999839394157
Willow (17050119),1988,24388.511634001017,53025.575511838026,14128.443370556295,38897.13214128178,56112.76165733751,2.1742030144190068,0.5793073223402143,1.5948956920787942,2.3007866367338474
Willow (17050119),1989,32204.154700776933,73744.87885848558,30644.858789116675,43100.020069368875,62442.31343259493,2.289918165642971,0.951580908545858,1.3383372570971122,1.9389521014531859
Willow (17050119),1990,28592.59855658863,66718.6305936976,19838.264318587848,46880.36627510977,67479.28252203035,2.33342312212905,0.693825161757342,1.6395979603717086,2.360026228063172
Willow (17050119),1991,29400.496597312835,60987.03363755948,22043.22792024148,38943.805717317984,56782.2753645345,2.0743538611906853,0.7497569929569217,1.324596868233763,1.931337288014527
Willow (17050119),1992,15247.68503543062,34039.08786956765,11188.704540374089,22850.38332919353,32993.17304559493,2.232410217713179,0.7337969347068232,1.4986132830063534,2.1638152263067876
Willow (17050119),1993,33621.643924570715,70704.77681820517,33106.61463849526,37598.16217970991,55335.6702135611,2.10295418560822,0.9846816149968481,1.1182725706113719,1.6458347586365865
Willow (17050119),1994,29472.9474732862,70700.82918445276,18189.0633331683,52511.76585128456,75504.26567354651,2.3988380954614343,0.6171443609314803,1.7816937345299573,2.5618159073496924
Willow (17050119),1995,34035.1611448848,84619.57793470421,36439.270805569,48180.307129135166,70274.1468769869,2.4862399673821387,1.070636059293215,1.4156039080889224,2.064751407458769
Willow (17050119),1996,33137.29902138633,77648.07753839582,30134.460258697763,47513.61727969798,68891.29681531689,2.3432228887539353,0.9093819094685244,1.4338409792854083,2.0789653607813796
Willow (17050119),1997,33946.471091875304,82391.58842799018,27447.594747992945,54943.993679997264,79526.8230720874,2.427103194467529,0.8085551712785313,1.6185480231889986,2.3427125269324747
Willow (17050119),1998,34539.959567042046,85595.96721611574,40759.50535173948,44836.461864376084,65113.242486145085,2.478172189228363,1.1800681258073071,1.298104063421051,1.8851568821254787
Willow (17050119),1999,33692.97355194231,81789.40316492776,22734.648533182488,59054.754631745294,85133.65074144657,2.4274913889342016,0.6747593381193835,1.7527320508148188,2.5267479170457143
Willow (17050119),2000,33174.05062635773,88714.9123857143,25889.202498348513,62825.70988736573,90498.78900042638,2.6742261107911784,0.7804052266616728,1.8938208841295041,2.7279993637111803
Willow (17050119),2001,31438.21744314396,74574.89673661666,19459.5246961856,55115.37204043087,79620.51082659127,2.372109578778931,0.6189767193823302,1.7531328593965947,2.5326025869814353
Willow (17050119),2002,33507.98215320172,77933.0668190353,18006.588579836614,59926.47823919863,86268.43011130816,2.3258060262392948,0.537382063100928,1.788423963138365,2.574563568670909
Willow (17050119),2003,29500.10499540512,71141.01822127968,21684.195002719363,49456.82321856035,70631.15261922425,2.4115513565921365,0.735054841536898,1.6764965150552396,2.394267838376359
Willow (17050119),2004,32845.477067034924,77077.31769090242,28344.751674487525,48732.56601641486,70142.56805787836,2.3466645813545024,0.8629727501487712,1.4836918312057301,2.135532022102256
Willow (17050119),2005,32419.363231807984,78672.57406635322,27210.77430012385,51461.79976622938,74179.14982325603,2.426715586725784,0.8393370994229223,1.587378487302862,2.2881124867522313
Willow (17050119),2006,32886.91756145591,84539.66340855755,29588.742669572188,54950.920738985245,78857.44014093849,2.5706168190003806,0.8997116441296023,1.6709051748707746,2.3978361606428233
Willow (17050119),2007,30165.464003831334,78621.716553683,19343.156302432573,59278.56025125056,84034.6719942795,2.6063486556579143,0.6412351654851318,1.9651134901727867,2.7857907965084245
Willow (17050119),2008,32729.407205700536,77786.177161762,22480.775579385852,55305.401582376246,78799.34255984296,2.3766448525292523,0.6868677895110284,1.689777063018227,2.4076006651937876
Willow (17050119),2009,31905.00323181493,77141.97905363301,30652.4042911975,46489.574762435484,66574.80530384716,2.4178646368764136,0.9607397331535649,1.457124903722848,2.086657218622699
Willow (17050119),2010,33762.6239780965,77693.73537424755,27722.48582182941,49971.24955241803,71422.39077209018,2.301175863127563,0.8210998600053827,1.4800760031221767,2.11542772322511
Willow (17050119),2011,34957.126940300855,82455.812727903,34663.21952110008,47792.59320680292,68496.21787585762,2.3587697258049705,0.9915923462559522,1.3671773795490185,1.9594349956972783
Willow (17050119),2012,31905.154419348928,82026.67738442359,20540.48639653976,61486.19098788371,86877.63379411558,2.5709537808937353,0.6437983695851649,1.9271554113085665,2.7229968127478648
Willow (17050119),2013,32672.377861910223,79899.12864605023,24076.958048057964,55822.170597992226,78417.92711444786,2.4454641466177893,0.7369208984365695,1.7085432481812184,2.4001291686170245
Willow (17050119),2014,30027.34252714994,75610.09020757092,20659.957620784196,54950.13258678684,76820.25794518071,2.518041353116955,0.6880381639535368,1.8300031891634223,2.558343545577563
Willow (17050119),2015,29819.35976100142,75168.29374381881,26279.000773569733,48889.29297024914,68138.5095597912,2.520788318269864,0.881273138799517,1.6395151794703489,2.285042673817049
Willow (17050119),2016,33090.22162822986,88025.04911870213,25102.73830733244,62922.310811369825,88464.74853686489,2.660152902802149,0.7586149947668179,1.9015379080353356,2.673440798637445
Willow (17050119),2017,33845.59101949221,86183.33758342663,27597.48190977127,58585.85567365553,82544.01011507136,2.546368226626395,0.8153937064912663,1.730974520135134,2.43884085426468
Willow (17050119),2018,32645.264071147307,86986.28232969604,21722.394825043706,65263.887504652266,91439.7375003028,2.6645911682661705,0.6654072326602037,1.9991839356059646,2.8010108082145826
Willow (17050119),2019,35153.972373191114,88118.25968983734,34945.717532417184,53172.54215742007,75649.08881319591,2.506637336867156,0.9940759229550755,1.5125614139120778,2.1519357189597983
Willow (17050119),2020,34285.30743786199,85105.6605074098,26318.214266780178,58787.44624062973,83023.91897837626,2.4822778871577453,0.7676236917075567,1.7146541954501917,2.4215597053882965
Willow (17050119),2021,33096.90968570599,85144.22098718051,21360.34677302238,63783.87421415804,89439.7513515692,2.5725731434059806,0.645387952405948,1.9271851910000297,2.702359591904641
Willow (17050119),2022,31697.717886840015,73204.94861258713,21056.142436807768,52148.80617577935,72974.43773032312,2.3094706336250073,0.664279444721466,1.6451911889035407,2.302198473430796
Willow (17050119),2023,35452.11258796796,90337.44912746096,34344.62763509843,55992.82149236245,80070.81604513024,2.548154186955856,0.9687611013272762,1.5793930856285774,2.258562613058646
Willow (17050119),2024,33382.41689974269,91163.71298994284,26447.101355617695,64716.611634325185,91285.37247926928,2.730890134879525,0.7922464522280155,1.9386436826515103,2.7345345531279643
Willow (17070104),1985,12334.939164952002,30383.56189756067,8281.207386891701,22102.354510668956,30035.639661179972,2.46321132931821,0.6713618345538006,1.7918494947644081,2.435005090784884
Willow (17070104),1986,11827.067671146693,30279.516898160236,9824.053484717817,20455.463413442412,28839.502977709526,2.560188014483939,0.8306415214554468,1.7295464930284916,2.438432228477593
Willow (17070104),1987,11922.330949535517,28833.123597255933,7057.657435224099,21775.46616203185,30496.8646449327,2.4184132884164944,0.5919695959705814,1.8264436924459142,2.5579615910696414
Willow (17070104),1988,10791.782538423351,25529.671223133366,8380.308681422652,17149.36254171073,24616.369112663007,2.365658419472116,0.776545362324081,1.5891130571480365,2.2810290167558724
Willow (17070104),1989,12633.762947161471,28767.949389625166,10772.293347684285,17995.65604194085,24308.873049061986,2.2770689548270093,0.8526591319417294,1.4244098228852773,1.9241197694407948
Willow (17070104),1990,12268.142222303319,30322.251763266715,9125.552660963993,21196.699102302733,28844.429724365003,2.4716253866165054,0.7438414468633938,1.7277839397531125,2.3511652540126424
Willow (17070104),1991,12934.976070320758,30031.95480231163,9378.938262119696,20653.016540191973,27896.920523263107,2.321763460484462,0.7250835417963878,1.5966799186880773,2.1567044555476573
Willow (17070104),1992,11256.479759313492,28834.50987915179,9073.714777968833,19760.795101182954,26014.217685540385,2.5615921225545155,0.8060881351882091,1.7555039873663063,2.3110437935995485
Willow (17070104),1993,13479.3544922438,31243.278261563915,11703.887325063924,19539.39093649999,26249.033676162828,2.3178616067662374,0.8682824783485364,1.4495791284177009,1.9473509426038815
Willow (17070104),1994,13516.156821004808,34186.99354697561,9241.026775038612,24945.96677193697,33737.874626087694,2.529342771004791,0.6837022459429871,1.845640525061802,2.496114470472649
Willow (17070104),1995,13975.976025180644,34470.138651145644,13307.588663445898,21162.549987699756,27735.250657886863,2.466385073145552,0.9521759796574847,1.514209093488068,1.984494722079947
Willow (17070104),1996,15321.283877212496,37345.55089116816,14275.048428760783,23070.502462407407,30630.16451365398,2.437494872522569,0.9317135915738896,1.505781280948681,1.999190456826568
Willow (17070104),1997,15406.210459320937,37784.788603204324,14022.741060419463,23762.04754278486,31331.44332144477,2.4525686380159817,0.9102005387662052,1.5423680992497766,2.033689167376581
Willow (17070104),1998,14277.114260241267,34892.50537525574,10772.434962332602,24120.07041292314,31994.666349289564,2.4439466365009044,0.7545246725615656,1.6894219639393389,2.2409757158271066
Willow (17070104),1999,14967.085630663842,36899.37426241658,9653.531227107242,27245.84303530933,36201.37283059461,2.465368019731171,0.6449840313153252,1.8203839884158453,2.4187322584984075
Willow (17070104),2000,15515.25042152569,42569.6247195035,11319.38438783716,31250.240331666355,41603.05181985848,2.743727852464622,0.7295650460228968,2.014162806441726,2.6814296056826037
Willow (17070104),2001,14817.537884211646,36629.666889750515,9047.44848348008,27582.21840627046,36748.588556191055,2.472048134851073,0.6105905417066826,1.861457593144392,2.480073872147635
Willow (17070104),2002,14858.83725230664,39967.541104104086,8248.635390459365,31718.905713644734,41140.37343120328,2.6898161966138803,0.5551333021820986,2.1346828944317826,2.768747832191027
Willow (17070104),2003,15522.112248587842,43509.33820180509,10333.3364969108,33176.001704894275,43506.04100688277,2.803055248216199,0.6657171608748609,2.137338087341337,2.802842828999695
Willow (17070104),2004,15871.863212619664,42193.49019983589,13052.03334608344,29141.456853752516,38298.244271351796,2.6583829279909614,0.8223378170059967,1.836045110984969,2.412964612806201
Willow (17070104),2005,15790.552105353956,41981.6539086541,9168.751021337886,32812.90288731622,42566.89892764012,2.6586564946275546,0.5806479064293847,2.0780085881981702,2.6957194810944802
Willow (17070104),2006,17270.78908058708,44936.89137754616,16411.855146771235,28525.036230774935,37381.67762304633,2.60190146309277,0.9502666653035955,1.651634797789175,2.1644452635383367
Willow (17070104),2007,16604.34749192741,44515.42581127506,12938.828748914362,31576.59706236069,41339.708443057425,2.680950024258242,0.7792434333962762,1.901706590861965,2.4896918390292475
Willow (17070104),2008,16713.674898019126,43019.80491175446,10652.028862248873,32367.77604950562,42239.517603261644,2.573928544993602,0.6373241628333535,1.9366043821602508,2.5272429828264635
Willow (17070104),2009,16759.793280482103,44714.29197631232,12250.000333672919,32464.291642639408,42502.502054666904,2.667950089121033,0.7309159563405153,1.9370341327805183,2.5359800889766286
Willow (17070104),2010,17582.689795098777,43274.983381694896,13427.976248876414,29847.00713281847,39160.39302893014,2.4612265748871893,0.7637043254109789,1.6975222494762097,2.2272128715963704
Willow (17070104),2011,18040.61044191638,45346.68714618233,14438.555228102123,30908.131918080184,40588.07290670319,2.513589398328882,0.8003362898715957,1.7132531084572846,2.249817046789005
Willow (17070104),2012,18022.976767811648,46451.56554361725,14402.755263813571,32048.8102798037,42322.649459718275,2.5773525728878477,0.7991329872619236,1.7782195856259249,2.3482607787246845
Willow (17070104),2013,18124.467703604892,47325.66176434139,14322.472148423387,33003.189615918,43196.94274617574,2.6111476782806973,0.7902285674064071,1.82091911087429,2.383349594183338
Willow (17070104),2014,18429.829868077944,50660.666171625955,10999.435525403134,39661.2306462228,52367.372766830515,2.748840685685037,0.5968278385713753,2.1520128471136606,2.841446347670052
Willow (17070104),2015,18611.474318591005,51282.92266635071,9694.897341799888,41588.02532455085,54338.33345303052,2.755446548107378,0.520909691292734,2.234536856814646,2.9196146701151964
Willow (17070104),2016,18850.597497862327,51565.61836871469,11887.926989643978,39677.691379070726,51724.08524375211,2.7354898630965025,0.6306392670572951,2.104850596039208,2.7438963274038217
Willow (17070104),2017,20008.222109061662,52701.143842718775,14155.70338617865,38545.440456540106,50289.3679298014,2.6339743509169957,0.7074943145382006,1.9264800363787942,2.5134351096105387
Willow (17070104),2018,19958.483339943006,53859.06293160586,12651.947663239762,41207.11526836607,53493.24269121944,2.69855489589319,0.6339132812721977,2.0646416146209905,2.6802258358060285
Willow (17070104),2019,21478.581184356783,52875.12846332874,16411.14333632835,36463.985127000466,48162.2957260051,2.4617607657361744,0.7640701774231189,1.697690588313059,2.2423406514897044
Willow (17070104),2020,20132.98011114599,55302.7359341221,9916.752956474804,45385.98297764733,59249.10448177578,2.746872824033909,0.4925625963830713,2.254310227650839,2.9428879457827697
Willow (17070104),2021,19543.835544613983,54978.54203223768,10579.978331350372,44398.563700887345,57383.397503394364,2.81308865430916,0.5413460580549181,2.271742596254244,2.936137963932492
Willow (17070104),2022,21692.790478666022,56377.71370402863,19610.934713353232,36766.77899067543,48191.55288645247,2.5989147758318056,0.904030061629913,1.6948847142018943,2.2215469666683454
Willow (17070104),2023,20116.439986733625,52228.55089772291,13097.571499116897,39130.97939860604,50575.47512623589,2.596311819196963,0.651087941392934,1.9452238778040303,2.5141364555353416
Willow (17070104),2024,32905.74532420051,79754.86532561418,23509.001512770865,56245.863812843156,82871.91556707739,2.4237367833439873,0.7144345548520727,1.7093022284919095,2.5184634096748235
Wilson-Trusk-Nestuccu (17100203),1985,13347.919277415993,27387.478273393433,23751.37587901984,3636.102394373565,5029.379340328294,2.0518162946738574,1.7794066165208215,0.27240967815303374,0.3767912613045054
Wilson-Trusk-Nestuccu (17100203),1986,13565.517201684552,28610.437041601326,27706.76979688024,903.6672447210855,1249.4281262689385,2.1090561175248452,2.0424410942060978,0.0666150233187474,0.09210324292786905
Wilson-Trusk-Nestuccu (17100203),1987,12871.681763035795,27739.13940483673,27218.38656241721,520.7528424195164,715.691614803633,2.15505167976546,2.1145944301219064,0.04045724964355368,0.055602028389088815
Wilson-Trusk-Nestuccu (17100203),1988,12908.503031917056,24799.67417112141,24600.57495225184,199.09921886957022,278.45610936158107,1.9211890108250904,1.9057651294983957,0.015423881326694918,0.021571526045512903
Wilson-Trusk-Nestuccu (17100203),1989,12656.464823796394,23008.661928693567,22873.00836237645,135.65356631711245,196.46667887423985,1.8179374927375622,1.8072193681896975,0.010718124547864246,0.0155230296618727
Wilson-Trusk-Nestuccu (17100203),1990,13499.925292077342,25377.42007663416,25047.187603018698,330.2324736154905,460.3081333682282,1.8798192973354695,1.8553574972535634,0.024461800081908083,0.03409708745857785
Wilson-Trusk-Nestuccu (17100203),1991,12836.941192545326,23156.08217077041,22980.778135073375,175.3040356970427,244.78583755993034,1.8038629158960096,1.7902067003640074,0.013656215532002696,0.01906886024390939
Wilson-Trusk-Nestuccu (17100203),1992,13585.738520144527,26992.270290202905,26194.406131762524,797.8641584403715,1098.6793858303213,1.9868092007055467,1.9280811339716455,0.05872806673390058,0.08087005238627494
Wilson-Trusk-Nestuccu (17100203),1993,13052.221041325545,24320.47984208313,24279.4382602929,41.04158179024109,59.470671821482355,1.8633211746169762,1.8601767609834434,0.003144413633533824,0.004556364133980579
Wilson-Trusk-Nestuccu (17100203),1994,11893.5127623844,19263.19054868983,19111.87390225001,151.31664643980548,214.1272682849449,1.6196384477438408,1.6069158274832909,0.01272262026054863,0.01800370273803085
Wilson-Trusk-Nestuccu (17100203),1995,13206.731648262969,28072.91661486454,27691.251784491767,381.66483037278,528.8396310935453,2.12565208126697,2.0967528168207985,0.028899264446171958,0.0400431874575949
Wilson-Trusk-Nestuccu (17100203),1996,13009.895241779925,22619.949288139742,22511.073252649116,108.87603549064178,157.2268916233211,1.7386726693615586,1.7303039597395946,0.008368709621965112,0.012085177374711159
Wilson-Trusk-Nestuccu (17100203),1997,12513.178919314718,23511.70169485407,23486.517029614388,25.18466523968468,35.91271390214593,1.878955127746362,1.8769424764926659,0.002012651253696284,0.0028699912415311875
Wilson-Trusk-Nestuccu (17100203),1998,12828.6910745376,25248.018150952288,25136.483595951213,111.5345550010713,156.38688023880206,1.9680899636802838,1.9593958144211712,0.008694149259112272,0.012190400355746261
Wilson-Trusk-Nestuccu (17100203),1999,13349.070659164552,24766.206355152783,24575.950857171054,190.25549798172275,268.5285196185404,1.8552756957766203,1.8410233554572504,0.014252340319369457,0.02011589619043534
Wilson-Trusk-Nestuccu (17100203),2000,13597.268189426004,27615.401082689637,27339.013388994692,276.38769369493383,383.2682523761105,2.0309521514155997,2.0106254438854885,0.02032670753011023,0.02818715105392724
Wilson-Trusk-Nestuccu (17100203),2001,13676.985904840825,26609.317731566498,26415.72005613704,193.59767542944928,264.37134572654963,1.9455542263992835,1.9313992307901315,0.014154995609151533,0.019329649644003667
Wilson-Trusk-Nestuccu (17100203),2002,14102.769801159988,27556.937363199042,27186.831671185584,370.1056920134471,507.7353484565061,1.954008875684294,1.9277654003080587,0.0262434753762346,0.03600252685218925
Wilson-Trusk-Nestuccu (17100203),2003,13772.72070370247,26644.269278442942,26311.569423115012,332.6998553279377,467.9351906870195,1.9345683290651687,1.9104118924042197,0.024156436660949587,0.033975508598038016
Wilson-Trusk-Nestuccu (17100203),2004,14502.309224990528,31311.585895400145,31126.34119507081,185.24470032933542,254.84428273626196,2.1590758692032095,2.1463024068907304,0.012773462312479163,0.017572669206164192
Wilson-Trusk-Nestuccu (17100203),2005,14163.319369166582,28125.577640865726,28085.98932403366,39.58831683206902,55.14499335278839,1.9858040977381937,1.9830089678819645,0.0027951298562293543,0.0038935077233969986
Wilson-Trusk-Nestuccu (17100203),2006,14177.216837063577,28978.57279796036,28685.925124607194,292.64767335317435,406.4607750979284,2.0440240937982637,2.0233819835225644,0.020642110275699805,0.0286699977696127
Wilson-Trusk-Nestuccu (17100203),2007,14123.777866105944,28994.30636784465,28900.31208407119,93.99428377345929,144.05195306354372,2.0528718762580374,2.046216837877759,0.006655038380278235,0.01019925082574668
Wilson-Trusk-Nestuccu (17100203),2008,13701.700873545451,26835.169809014427,26710.236203620378,124.93360539405685,181.47150258659295,1.9585283649584273,1.9494102557143944,0.009118109244033515,0.013244450762822367
Wilson-Trusk-Nestuccu (17100203),2009,13790.762415874622,28491.969981962717,28377.039306685983,114.93067527673963,157.70747006284628,2.066018478366755,2.0576845899412364,0.008333888425518977,0.011435732507530428
Wilson-Trusk-Nestuccu (17100203),2010,13893.651233638946,28520.953432345403,28405.98970848108,114.96372386432542,156.30848102844158,2.052804763321769,2.0445302124545375,0.008274550867231951,0.011250353013755777
Wilson-Trusk-Nestuccu (17100203),2011,13966.60308674477,27430.322787885103,27345.05989895382,85.26288893128293,114.41454359682261,1.9639938657609806,1.957889096519546,0.006104769241434451,0.008192009387408565
Wilson-Trusk-Nestuccu (17100203),2012,13226.477854484121,22030.35064501252,21927.42908235881,102.9215626537101,142.282245211842,1.6656248842199253,1.6578434049942357,0.007781479225689476,0.010757379763321088
Wilson-Trusk-Nestuccu (17100203),2013,14059.845705486881,27585.954766654857,27466.90016019741,119.0546064574293,167.9769551555537,1.9620382289038483,1.953570525278126,0.008467703625721015,0.011947282969826644
Wilson-Trusk-Nestuccu (17100203),2014,14080.920921218762,31730.72847725589,31629.772375383433,100.95610187246298,138.5577025496241,2.2534554845372616,2.2462857757918395,0.007169708745422371,0.009840102314673846
Wilson-Trusk-Nestuccu (17100203),2015,13987.062857104784,30281.374807526296,30139.841627528775,141.53317999750442,201.71293573603754,2.164955939419744,2.154837075906835,0.010118863512907722,0.014421393383070174
Wilson-Trusk-Nestuccu (17100203),2016,13899.732022513674,30530.91243821756,30439.966959071742,90.9454791458088,131.23704486915318,2.1965108671711104,2.1899679008032327,0.00654296636787692,0.009441696045404754
Wilson-Trusk-Nestuccu (17100203),2017,14148.56743837987,27891.620088431657,27599.328514557685,292.2915738739723,426.72735267569414,1.971338809381643,1.9506800695377,0.020658739843942966,0.03016046356171293
Wilson-Trusk-Nestuccu (17100203),2018,14997.932824218877,31625.945502018258,31305.86205738508,320.0834446331795,472.9967436132688,2.1086869685766447,2.087345131112464,0.021341837464180675,0.03153746247279271
Wilson-Trusk-Nestuccu (17100203),2019,16378.114069954996,32303.847900355067,32116.445521292393,187.40237906266174,271.4948497797716,1.9723789785794203,1.9609367344808488,0.011442244098570788,0.016576685729513766
Wilson-Trusk-Nestuccu (17100203),2020,14861.175174621998,30067.462136558985,29952.712475986344,114.7496605726434,156.19428200141257,2.023222375300732,2.015500936099302,0.007721439201429918,0.01051022413544664
Wilson-Trusk-Nestuccu (17100203),2021,15708.632277732,32988.183877036055,32749.37381486977,238.8100621662888,356.6807231771205,2.1000035708900597,2.084801097629239,0.015202473260820897,0.022706033018720442
Wilson-Trusk-Nestuccu (17100203),2022,14866.325954862998,26586.89329171182,26539.145182684086,47.7481090277362,78.93161818436623,1.7883970371990163,1.7851852073782046,0.003211829820811717,0.005309423352078899
Wilson-Trusk-Nestuccu (17100203),2023,15608.503704956165,30283.16954458993,29818.783225905547,464.38631868438455,720.0573473318631,1.940171211605256,1.9104190760090087,0.029752135596247325,0.04613237507854282
Wilson-Trusk-Nestuccu (17100203),2024,15042.12243300948,31166.67836622112,31049.539645035533,117.13872118558226,164.6272611353433,2.0719601575524207,2.0641727776991274,0.007787379853292837,0.010944417044105013
Yamhill (17090008),1985,62080.98145032104,126416.12665959766,60784.20065385603,65631.9260057416,113909.48669429417,2.0363100535187164,0.9791114643137089,1.0571985892050069,1.8348531874523888
Yamhill (17090008),1986,71018.58930078606,142932.75703508136,93713.92229597514,49218.83473910619,85679.78680882533,2.0126104790636745,1.3195689075020514,0.6930415715616224,1.206441688752004
Yamhill (17090008),1987,53462.468911763506,113801.29327055646,63019.11253184215,50782.180738714436,88602.6328693434,2.1286202374674925,1.1787542516199783,0.9498659858475164,1.657286591376402
Yamhill (17090008),1988,67535.71084015517,130159.1625100127,90692.47174497053,39466.69076504225,68543.46145118127,1.9272642708696135,1.3428817231171704,0.5843825477524444,1.0149217443407277
Yamhill (17090008),1989,41049.69929423672,75341.72257225923,45100.61086181999,30241.11171043921,51929.78866936559,1.8353781846786152,1.0986830996872126,0.7366950849914019,1.2650467497250681
Yamhill (17090008),1990,81087.10933205867,167111.5077495627,106329.29580190589,60782.21194765695,104975.4213788791,2.060888705074277,1.3112971553404167,0.7495915497338619,1.2946006121515041
Yamhill (17090008),1991,69010.63211273456,128794.88703078998,110269.22010598716,18525.66692480281,31552.003577436666,1.8663049893586383,1.5978584274645289,0.26844656189410937,0.4572049640973273
Yamhill (17090008),1992,77441.70327241834,164123.28293139391,98929.60764643275,65193.67528496156,112745.54185599161,2.119313961291036,1.2774720010796503,0.8418419602113911,1.4558763184660881
Yamhill (17090008),1993,75643.76941035282,151282.96216269908,126857.55396976319,24425.40819293636,41835.552430435724,1.999939497224395,1.6770390338639194,0.3229004633604817,0.553060123213664
Yamhill (17090008),1994,44793.51131715779,89645.78298792175,53626.770944145326,36019.01204377615,60318.5467320658,2.001311805033325,1.1971995355408547,0.8041122694924646,1.3465911681936233
Yamhill (17090008),1995,77778.38635150813,169220.65572648976,135400.08889872913,33820.56682776082,58524.32339321926,2.1756771214270447,1.7408446645679696,0.43483245685907745,0.7524496989269882
Yamhill (17090008),1996,78557.73768674514,156988.63259301768,136358.87458191667,20629.758011100443,34729.18552823163,1.9983853559915588,1.735779040960394,0.26260631503115767,0.44208484804790155
Yamhill (17090008),1997,72631.00329423699,148886.76662004943,132875.31119446992,16011.455425579537,27118.86805845911,2.0499065119187616,1.8294571900125893,0.22044932190617267,0.3733786789175594
Yamhill (17090008),1998,28568.90863821317,55639.3651791596,48519.08768073884,7120.277498420797,11095.115191204259,1.9475495505886267,1.6983178564910502,0.24923169409757795,0.3883632844260514
Yamhill (17090008),1999,75651.31551710438,141097.36442791965,112754.75000082607,28342.614427093682,48094.66034739586,1.865101267089245,1.4904532621819748,0.37464800490727174,0.6357412295959599
Yamhill (17090008),2000,77913.71481415562,165785.96351159556,116859.21126996304,48926.752241632654,84009.48675340349,2.127814902768248,1.4998541854755931,0.6279607172926567,1.0782374701782331
Yamhill (17090008),2001,79857.40432320518,161568.93776013868,114496.7451882719,47072.19257186635,80642.29002040271,2.023217998749673,1.4337649233485183,0.5894530754011496,1.0098285901457664
Yamhill (17090008),2002,81273.38626312475,166298.36641042714,111562.71049351405,54735.6559169132,94366.20454116844,2.046160176863208,1.3726844127341613,0.6734757641290479,1.1610960103920778
Yamhill (17090008),2003,79537.09632022891,162700.99967718424,103524.34684025109,59176.65283693319,102086.78870617747,2.045598936905168,1.3015856956035423,0.7440132413016266,1.2835116370751067
Yamhill (17090008),2004,78566.99278256722,166544.9193096682,114079.93380495264,52464.98550471533,90266.63348099434,2.1197822827529924,1.452008404097467,0.6677738786555222,1.1489129249328107
Yamhill (17090008),2005,83405.46445175921,167869.76350463164,137747.34577757976,30122.417727051776,51916.5843303992,2.012695026735636,1.651538621396339,0.36115640533929577,0.6224602269366556
Yamhill (17090008),2006,82004.3840095945,171696.25870062006,127190.6392919489,44505.61940867088,75861.08615014853,2.0937448744268554,1.5510224340819097,0.5427224403449421,0.9250857386023751
Yamhill (17090008),2007,84661.2790370369,173056.06729097955,97613.71600345262,75442.35128752684,130988.85702860728,2.0440993717478855,1.1529912743315558,0.8911080974163283,1.5472109389146291
Yamhill (17090008),2008,80243.46792299337,160459.3009465132,84508.36389836998,75950.93704814311,132087.6819804056,1.9996556118499258,1.0531494473727065,0.9465061644772178,1.6460864092659253
Yamhill (17090008),2009,80241.42700301392,168402.6352822925,116102.50761493828,52300.12766735429,89650.9296508396,2.0986994071773823,1.4469147914153795,0.6517846157620036,1.1172648966907361
Yamhill (17090008),2010,76842.65354473855,162810.14853145546,143679.23511987054,19130.913411584686,32523.85409599444,2.1187470892928726,1.869784924022946,0.24896216526992368,0.42325261551592214
Yamhill (17090008),2011,81117.14269319485,158518.3907598204,129967.69755461883,28550.693205201813,49035.31641967329,1.9541910069413597,1.6022223322903384,0.3519686746510243,0.6045000451401132
Yamhill (17090008),2012,61169.77712565696,115339.58538006124,89513.60166011163,25825.983719949414,44097.332411481075,1.8855649112980561,1.4633632140955795,0.4222016972024736,0.7209006552516104
Yamhill (17090008),2013,83530.84735887477,173364.89219455037,132842.54891325842,40522.34328129194,70242.28440005725,2.0754595179637088,1.5903412106251609,0.4851183073385479,0.8409143043679937
Yamhill (17090008),2014,82646.60419588657,184854.8289065052,126628.41953080664,58226.409375698866,100862.58546294124,2.236689948789277,1.5321672410239102,0.7045227077653708,1.2204081032038494
Yamhill (17090008),2015,89638.40001837353,197488.75601585896,129985.38670751838,67503.3693083406,116491.37508615573,2.2031713637835897,1.4501082870831559,0.7530630767004338,1.2995699952506743
Yamhill (17090008),2016,89078.3687446778,198832.4235260386,129538.93114228117,69293.49238375697,121146.73796957397,2.232106698046357,1.4542131043460624,0.7778935937002895,1.3600017566196412
Yamhill (17090008),2017,93151.50779706344,201119.45897971804,144983.9719597029,56135.48702001533,98231.89892777399,2.1590574724551934,1.5564318322743613,0.6026256401808342,1.054539011239394
Yamhill (17090008),2018,103793.91873243905,214867.49608360586,135292.81680319848,79574.67928040706,137872.99812931166,2.0701356949195966,1.3034753717311474,0.7666603231884463,1.328334066321573
Yamhill (17090008),2019,108678.93231439624,223197.83059394214,167371.44191592484,55826.38867801736,97075.68862989685,2.0537359526891126,1.540054160927323,0.5136817917617901,0.8932337350266519
Yamhill (17090008),2020,110568.20815020106,232715.51709382923,177430.18224578752,55285.33484804194,95798.48339955998,2.104723599913074,1.6047124685674385,0.5000111313456372,0.8664197874078127
Yamhill (17090008),2021,104478.42967454606,219117.40347780057,125640.76581528751,93476.63766251293,162399.02701989596,2.0972501612089585,1.2025522034228775,0.89469795778608,1.5543785212485923
Yamhill (17090008),2022,121356.766125271,241678.16688779506,186589.23691058808,55088.929977208136,96570.10106839536,1.9914684166709076,1.537526442637575,0.4539419740333421,0.7957537445313144
Yamhill (17090008),2023,111719.06206524157,219705.11665631636,129792.39791589051,89912.71874042551,156613.3032738886,1.9665857607004722,1.161774862020364,0.8048108986801051,1.4018494281882687
Yamhill (17090008),2024,121199.27921493833,257728.00271008533,206162.26403845393,51565.73867163175,89393.84148386856,2.126481315561481,1.7010188952760994,0.42546242028538445,0.7375773359619979
