HUC8_all,Year,ACRES FTR GEOM,ET VOLUME,EFF VOLUME,CU VOLUME,AW VOLUME,ET RATE,EFF RATE,CU RATE,AW RATE
Alsea (17100205),1985,2262.157443011,4814.021699663047,3119.3741743564897,1694.6475253065573,3300.5420992093705,2.128066600552541,1.3789376968406357,0.7491289037119053,1.4590240433558193
Alsea (17100205),1986,1749.5319539878633,3847.090516865414,3267.486824691247,579.6036921741655,1131.201230692517,2.1989255515433137,1.8676348364163196,0.3312907151269935,0.6465736325158679
Alsea (17100205),1987,1523.1034645099223,3823.193436128221,2887.2190227686574,935.9744133595648,1811.8543845833233,2.510133766492601,1.8956158199650976,0.6145179465275041,1.1895806337531445
Alsea (17100205),1988,1625.6305079876133,3499.1154829266056,2987.1307486909704,511.98473423563547,998.9409824372598,2.1524666679996063,1.8375213395747438,0.31494532842486284,0.6144944853882327
Alsea (17100205),1989,1698.028843099211,3686.7021063337093,2868.499877686638,818.2022286470701,1583.3224838489064,2.1711657733709684,1.6893116329232103,0.4818541404477574,0.9324473434497469
Alsea (17100205),1990,2014.2222959569326,4422.85529280884,3668.9707114660487,753.8845813427899,1457.6737552861525,2.195812895968166,1.8215321709180887,0.3742807250500762,0.7236906066485722
Alsea (17100205),1991,1549.1785038640621,3088.783813525237,2869.7735537789977,219.01025974623823,416.3994413379402,1.9938204705403482,1.852448602030703,0.14137186850964467,0.2687872574395588
Alsea (17100205),1992,1633.6377075165608,3685.292923377022,2729.107894181693,956.1850291953284,1845.1551229051092,2.255881402847493,1.6705710706999135,0.5853103321475794,1.1294763302875122
Alsea (17100205),1993,1711.235105060612,3386.710708180984,3306.8121663641623,79.89854181682217,153.90968484209455,1.9791031040477787,1.93241253442322,0.04669056962455907,0.0899407009515756
Alsea (17100205),1994,1414.2035133393877,3221.049076059218,2592.629701367386,628.4193746918336,1204.5635963810162,2.2776418285465074,1.8332790697467274,0.44436275879978127,0.85176113976457
Alsea (17100205),1995,1815.214791963327,4219.9662915141835,3658.8768492906984,561.0894422234807,1090.066497684779,2.324775178231051,2.0156715698274343,0.30910360840361445,0.6005165352942992
Alsea (17100205),1996,1887.6146688920812,4079.312967827512,3683.8597746117416,395.45319321577017,773.6093608164622,2.161094123209918,1.9515952250858226,0.2094988981240954,0.40983436586161165
Alsea (17100205),1997,1964.132032825349,4309.758365977706,4155.2881617519715,154.47020422573254,303.4398222810807,2.194230476338314,2.1155849465856456,0.07864552975266713,0.15449054198489448
Alsea (17100205),1998,1439.5128474631094,3216.547194460119,2817.4553300999164,399.0918643602019,794.4111415371167,2.2344692512669986,1.9572283325329054,0.2772409187340924,0.5518610986606531
Alsea (17100205),1999,1783.4895466247463,3770.4321939289257,3106.045340087993,664.3868538409364,1306.69326925375,2.1140758582322325,1.7415551136625294,0.3725207445697052,0.7326610193632291
Alsea (17100205),2000,1944.495657608156,4473.392166100939,3610.2502647283072,863.1419013726313,1687.7563212269388,2.3005410933154122,1.8566512352972426,0.4438898580181694,0.8679661045388901
Alsea (17100205),2001,1978.1024249708428,4334.34434561281,3886.190380790543,448.15396482226936,874.7356735325955,2.1911627481457123,1.964605235670658,0.22655751247505557,0.44220949455915515
Alsea (17100205),2002,1843.5314259594516,3932.7363389368293,3425.735861523894,507.0004774129361,999.278257341809,2.1332624351060723,1.8582465225625304,0.2750159125435422,0.5420456864855138
Alsea (17100205),2003,1730.8665034717378,3753.724815060328,2827.0182588704956,926.7065561898319,1830.3639185758589,2.1686968969190756,1.6332965328060358,0.5354003641130395,1.0574841646681308
Alsea (17100205),2004,1879.912886435045,4431.796168942911,3881.9843094898356,549.8118594530753,1089.7671359042647,2.3574476247923943,2.0649809560332337,0.29246666875916033,0.5796902312696172
Alsea (17100205),2005,1851.1365921520844,4082.0847882438543,3845.434643906873,236.650144336981,468.2858042764417,2.2051775139392205,2.0773370588694746,0.12784045506974584,0.2529720422910686
Alsea (17100205),2006,1909.448738211746,4299.709818213871,3606.727993357955,692.981824855916,1374.3562247027014,2.2518068865470946,1.8888844309775814,0.36292245556951347,0.71976597077428
Alsea (17100205),2007,1979.7860885982484,4346.524191816055,3327.6596975556877,1018.8644942603677,2006.4614026752859,2.195451426216219,1.6808177998218872,0.5146336263943324,1.013473836507218
Alsea (17100205),2008,1934.2197813875614,4172.146939204023,3319.1698324459385,852.977106758088,1689.648343155507,2.157018028329246,1.7160251716921477,0.44099285663710014,0.8735555077114324
Alsea (17100205),2009,2081.653622539155,4510.282883659607,3607.661429304106,902.6214543555004,1785.069959716131,2.1666826963066335,1.7330747969989169,0.4336078993077161,0.8575249697587739
Alsea (17100205),2010,2174.623183905603,4520.774599166894,4422.238652719979,98.53594644691466,194.6527640914531,2.0788772200283567,2.0335654864019608,0.045311733626395456,0.08951103139710785
Alsea (17100205),2011,2366.3921768075807,5077.035016442111,4339.414433746471,737.6205826956332,1455.9580298752921,2.145474898962591,1.8337680779525851,0.3117068210100035,0.6152648931756847
Alsea (17100205),2012,2423.8143730537295,5065.6827478752875,4392.090020546983,673.5927273283,1331.929429586727,2.08996316062484,1.8120570904171391,0.27790607020769914,0.5495179186963266
Alsea (17100205),2013,2366.1038229241185,5421.528619209157,4613.036749038578,808.4918701705869,1584.802276765639,2.291331667986163,1.9496341218609827,0.3416975461251835,0.669794056123489
Alsea (17100205),2014,2341.0786726074957,5643.686265324057,4662.518841270063,981.1674240539987,1916.9646149625867,2.410720464613055,1.9916113438754899,0.4191091207375673,0.8188381865986031
Alsea (17100205),2015,2064.4583908245127,4642.574315470352,3553.4357076521296,1089.1386078182215,2137.088398964421,2.2488098263952803,1.7212435588168684,0.5275662675784114,1.0351811441018681
Alsea (17100205),2016,2142.0592571070747,4819.000312833829,3640.2990882571607,1178.7012245766712,2326.243522383587,2.2497044826584567,1.699439021669975,0.5502654609884826,1.085984673236939
Alsea (17100205),2017,2457.703343210682,5564.2998468808055,4140.415235083376,1423.884611797434,2787.182161122782,2.2640242005822167,1.6846684310053635,0.579355769576855,1.1340596369461244
Alsea (17100205),2018,2533.9033591442176,5636.384025017459,4015.632325759156,1620.7516992583064,3193.1256356478825,2.2243879209825317,1.584761435856562,0.6396264851259709,1.260160780846159
Alsea (17100205),2019,2575.1866471114868,5654.97081472998,4736.012727663383,918.9580870665995,1803.907334496314,2.1959459991270918,1.8390949382156951,0.35685106091139784,0.7004957627128524
Alsea (17100205),2020,2806.2159261120005,6405.262797550151,5602.695596966206,802.5672005839459,1579.5294093113484,2.2825267072105224,1.9965304682482916,0.285996238962231,0.5628680938675233
Alsea (17100205),2021,2737.6846397500008,6411.819642489882,4722.799530640488,1689.0201118493944,3331.4441571297702,2.3420592530611546,1.7251072172694675,0.6169520357916871,1.216883825389761
Alsea (17100205),2022,2950.494790681,6256.353485267442,5404.537442591509,851.8160426759275,1689.6655546954337,2.1204421390703154,1.831739361025645,0.28870277804466854,0.5726719328677222
Alsea (17100205),2023,2734.503082039877,5981.791723482514,3916.0524449327518,2065.7392785497614,4058.7780415474704,2.1875242206786005,1.4320892416078266,0.755434979070774,1.484283586369087
Alsea (17100205),2024,2886.7643017642117,6769.646139823951,5738.536859419072,1031.109280404876,2040.0723885052498,2.3450636879799163,1.987878558672779,0.35718512930713664,0.7066986339198125
Alvord Lake (17120009),1985,11742.354210104002,25980.75643759643,5421.212731757512,16519.405820882315,32017.310348738214,2.212567937632186,0.4616802248302725,1.406822305417067,2.7266517238245225
Alvord Lake (17120009),1986,13288.43083435272,32148.314632723363,8599.260771618332,18982.084187943972,36600.472157258715,2.4192709457925483,0.6471238687857612,1.42846694425893,2.754311070547219
Alvord Lake (17120009),1987,8914.5253504228,19202.961177738394,5726.704431231407,10197.341873710344,19905.282853455225,2.154120429623057,0.6424014971206291,1.1439018313214737,2.2329043971489915
Alvord Lake (17120009),1988,5894.107656498638,11304.811032534784,2828.030751298387,5631.310100721108,10952.34647460905,1.9179851627023632,0.4798064297621538,0.955413512766809,1.8581856852467522
Alvord Lake (17120009),1989,10722.164637906617,23674.582121099753,7330.232967316489,12830.505988094414,25068.175576225494,2.2080039731344727,0.6836523421214352,1.1966339280721423,2.3379771177548134
Alvord Lake (17120009),1990,2488.270441731961,5216.939868304721,1283.393831295817,3313.2655725157147,6376.179350826103,2.0966128845196863,0.5157774692699845,1.3315536434253166,2.5624945118055424
Alvord Lake (17120009),1991,6348.631069774476,12402.860543271978,4966.537679414672,6630.598116907613,12789.436846384597,1.9536275469402207,0.7823005660322769,1.0444138341059963,2.014518831827303
Alvord Lake (17120009),1992,1145.9461592999432,2290.1542421080385,577.2221321490705,1417.9384063459477,2662.9086476031425,1.9984832825890269,0.5037078988961354,1.2373516808260556,2.323764189087129
Alvord Lake (17120009),1993,14750.500846929235,33641.26664631589,11335.237171006458,17638.916184619604,34228.90063876199,2.280686398070296,0.7684645618908752,1.1958181195109507,2.3205246380422246
Alvord Lake (17120009),1994,2738.5212034884107,5909.283490160119,1291.2660606766128,3976.1227993749803,7465.681969518097,2.1578374060542953,0.4715194678908307,1.451923320626503,2.7261727825981725
Alvord Lake (17120009),1995,14202.606748149614,30989.341674066098,10891.328629083646,15992.097714503554,31155.311207925955,2.1819474568007413,0.7668541995294366,1.1259973607723162,2.193633306926915
Alvord Lake (17120009),1996,14321.981814194449,33774.208960719094,10010.57927596098,18972.776608711032,36955.18643820218,2.358207781498901,0.6989660652996739,1.3247312316726447,2.580312342079367
Alvord Lake (17120009),1997,12920.305955259679,29771.110274911123,7707.884877886077,17160.859012933783,33461.017928867295,2.3042109357164033,0.596571389607713,1.3282084087140238,2.589800740379973
Alvord Lake (17120009),1998,16437.06947186956,36865.034493814215,15421.5335984733,17043.8192697037,32829.083010195434,2.2427984840549056,0.938216731690874,1.0369135020614553,1.9972588828184492
Alvord Lake (17120009),1999,12720.785937658431,29467.47033877478,5629.393964439638,18642.77198645414,36260.64622391746,2.3164818968881242,0.4425350754291416,1.4655361766024493,2.850503608945416
Alvord Lake (17120009),2000,8352.235284927518,19321.132344334525,4600.246748625018,11105.847412254065,21727.92171917697,2.3132888005683374,0.5507803111014657,1.3296856510131758,2.6014499086714284
Alvord Lake (17120009),2001,6676.942495639884,14142.035386577863,2995.7900498823956,7898.47351814108,15224.721250398852,2.1180406145197095,0.4486769283753273,1.1829476625414803,2.280193555709183
Alvord Lake (17120009),2002,8750.152150465581,17821.53653036983,3591.1019111233018,10602.842609231546,20591.145343855667,2.0367116164284726,0.41040451061553546,1.2117323706956782,2.353232834101067
Alvord Lake (17120009),2003,3047.7145684906923,6681.764131631875,2027.2754158769437,4046.8246241233246,7669.560462048645,2.1923851402334105,0.6651788972747875,1.3278227121273425,2.51649565262498
Alvord Lake (17120009),2004,7431.0849116729405,15549.434993865265,4525.373077039373,8050.507212123646,15679.172098117058,2.092485172580899,0.6089787871930786,1.0833555675669513,2.1099438755554805
Alvord Lake (17120009),2005,11137.387336192263,24626.19446148656,9037.188352983054,12375.073375140326,24170.136370824504,2.211128491640119,0.8114280378501012,1.1111289390938264,2.170180100702862
Alvord Lake (17120009),2006,11659.230931528278,28667.784818723772,6257.000954419678,17642.456852780975,34423.09136061615,2.4588058155021066,0.5366564047976634,1.5131750075447234,2.9524324170928837
Alvord Lake (17120009),2007,4651.227428434546,9815.316964623615,2193.374599492801,4806.744458094455,9066.359145375141,2.1102638208183975,0.47156898544327264,1.0334356967172107,1.9492401274445073
Alvord Lake (17120009),2008,5641.294975436187,11572.11064198634,2580.961657156688,8123.606429784156,15445.621808767317,2.0513216721292933,0.4575122677319541,1.440025112169575,2.7379567769496145
Alvord Lake (17120009),2009,5169.587889774557,11147.297570682445,3875.731960370311,6415.009819248047,11911.043038706046,2.156322284941087,0.7497177807996083,1.2409131938615328,2.304060457559119
Alvord Lake (17120009),2010,7635.46859542933,16779.676641485246,4837.229609374099,10828.426001978665,20567.811830676397,2.1975961830986686,0.6335209881250398,1.4181743879426958,2.693719655004344
Alvord Lake (17120009),2011,15417.300167143654,38576.58202210804,11069.114693018373,22211.06723497979,42274.1368176064,2.502161961166193,0.7179671260865861,1.440658675266281,2.741993498167616
Alvord Lake (17120009),2012,3614.4959097938945,8635.407594649094,1926.2131261754073,5572.289002723196,9769.771418978671,2.389104265203471,0.532913350643477,1.5416503827337125,2.7029416169779985
Alvord Lake (17120009),2013,2934.904481939923,6536.829000411035,1737.1604843402356,3883.0333359232354,6592.923974500012,2.227271463393691,0.5918967704161879,1.323052712555952,2.2463845127055717
Alvord Lake (17120009),2014,2978.306448298668,7379.138704681887,1979.0639674290564,4266.324080299502,7266.199029140998,2.477629093170435,0.6644930606652583,1.4324664551347976,2.4397083225910996
Alvord Lake (17120009),2015,3633.4462156841046,8200.884720203829,3379.1128106595643,3889.464212572971,6651.541451979737,2.2570541115495133,0.9300021549991061,1.0704614797334115,1.8306426068088602
Alvord Lake (17120009),2016,5482.905750832437,13026.778451293496,4385.1308950989305,7417.555091843222,13241.006332628262,2.375889545304644,0.7997822859590761,1.352851102851268,2.4149615066095125
Alvord Lake (17120009),2017,8993.061563974297,21685.182274106286,6369.9920584068905,13608.449212595062,25591.01520901029,2.4113236765748294,0.7083229680006554,1.5132165076140198,2.845639944412976
Alvord Lake (17120009),2018,3795.728589517855,9064.114098756869,2253.170190930356,5552.5027007929875,9244.138503237657,2.3879774027542418,0.5936067708193437,1.4628292223333816,2.4354055579121043
Alvord Lake (17120009),2019,12620.145054884402,28405.075788834984,11324.488941105794,13622.633248350074,25667.350924066373,2.2507725279941457,0.897334293057341,1.0794355523732808,2.0338396121788063
Alvord Lake (17120009),2020,7330.452741754002,16237.73256828141,4595.432377353689,10010.02184963331,18286.251801056136,2.215106370687291,0.626896119414053,1.3655393742076223,2.4945596739063998
Alvord Lake (17120009),2021,4208.002331617003,10231.300261273771,2697.511492824758,6128.755225256248,10585.072618452969,2.4313913004278693,0.6410432505126938,1.4564524309332216,2.5154626315013133
Alvord Lake (17120009),2022,5421.9698547940025,13239.165928990962,3551.4337849670164,7882.595459492981,13655.480205088394,2.441763101520224,0.6550080284616312,1.4538250249627154,2.5185459474686085
Alvord Lake (17120009),2023,12163.811769538132,28632.14237834695,12138.955641184022,12879.990151226477,24429.81557885999,2.353879106387564,0.997956551052824,1.0588777921968402,2.0084013170969683
Alvord Lake (17120009),2024,10878.898718249968,28023.077194482372,8310.819886390982,14976.340859725247,28700.10053782192,2.575911213096605,0.7639394484341611,1.3766412619139095,2.6381439225714893
Applegate (17100309),1985,6232.214569781,17384.398188587955,5369.534301664973,11187.879989121915,18230.35765778081,2.7894415370231456,0.8615772518008247,1.7951692554634004,2.925181322571412
Applegate (17100309),1986,6358.04652237214,18404.46239922656,7373.699548602252,10212.04106528605,16506.15309283232,2.894672496413252,1.159742937183036,1.6061601671760044,2.5961044850414203
Applegate (17100309),1987,5823.126628293849,18207.182871283305,5120.911338935036,12063.449778147042,19554.134794413578,3.1267022054469615,0.8794092359340365,2.071644762030803,3.3580129786981563
Applegate (17100309),1988,5915.8347339285565,17002.462176406192,4519.849221369134,11525.13791389507,18540.29211693019,2.8740596959028446,0.7640256066395581,1.948184564351668,3.134011166775454
Applegate (17100309),1989,6748.262532758955,18406.76908995056,7713.4089199855,9872.227331518972,15991.284831546727,2.727630853215361,1.143021464049644,1.4629287588612558,2.369689198355604
Applegate (17100309),1990,6071.261418018804,17291.822386964555,6154.110857273297,10342.727588765796,16802.97675340244,2.848143276394658,1.0136461656894902,1.7035549742710425,2.767625308232181
Applegate (17100309),1991,6457.015854122526,17736.2960001478,7109.668445052708,9826.69003006404,15864.739692174331,2.7468255306859652,1.1010765043287747,1.521862459698023,2.45697703871137
Applegate (17100309),1992,5642.885864382981,15804.63646157351,6097.817448994075,8958.539161834713,14402.010571398334,2.8008073956147013,1.0806203767973674,1.5875811379385893,2.5522420473363794
Applegate (17100309),1993,6551.700987360734,17341.91445814089,8596.387448950863,8069.331989327191,12983.084215700064,2.646933138675923,1.3120848258390687,1.2316392345887284,1.9816356455745592
Applegate (17100309),1994,6641.290587432342,18526.397307364,5504.661377253421,11906.88689557331,19239.982999005522,2.7895778784958547,0.8288541669401089,1.7928573880060794,2.8970247191734595
Applegate (17100309),1995,6119.475154122803,17137.003585911625,8371.788055909492,8006.24485300602,12819.484260061381,2.800404144849924,1.3680565481615306,1.3083221438707966,2.094866624537998
Applegate (17100309),1996,6074.9333709951825,17529.14420903008,9316.668772806048,7543.247046999115,12276.900600290928,2.88548748414643,1.5336248488400805,1.2417003753513425,2.0209111525250774
Applegate (17100309),1997,6014.691905913381,16837.89500765388,8149.402736564267,7944.703644861773,12931.992058979738,2.799460931839185,1.3549160728502374,1.3208828929460026,2.1500672455501126
Applegate (17100309),1998,5805.619111667601,15346.340203307833,8078.294060571627,6683.353660287279,10871.321299792615,2.6433598050664684,1.3914612559298993,1.1511870709629723,1.8725515902247927
Applegate (17100309),1999,5769.541805304192,16544.197254453993,5946.23741581886,9755.363415429094,15903.360568220758,2.8675062618047398,1.0306255880410164,1.6908385006345845,2.7564338910934145
Applegate (17100309),2000,6222.797777266321,16913.71947949553,7318.845452675636,8796.533426558382,14478.358935447703,2.7180249278365167,1.1761342268607047,1.4135978287282067,2.3266638984061694
Applegate (17100309),2001,6466.690770988312,16150.84306073276,4692.357847893023,10537.435001458276,17343.49155333488,2.497543741103366,0.7256196428851174,1.6294941840628367,2.681973232915891
Applegate (17100309),2002,5990.951999745805,16023.611030921795,5375.470213499742,9853.920343087217,16293.723410564617,2.6746351884644834,0.8972647775725499,1.6448004162786345,2.7197219091817058
Applegate (17100309),2003,6119.145596686531,16108.485388497429,7469.475279638517,7948.052444878845,13077.744761548149,2.6324729709356887,1.2206729128463913,1.2988827147997022,2.13718476785871
Applegate (17100309),2004,5581.929113865573,14566.826317822934,5524.956973042365,8374.523601549914,13837.524933693614,2.6096401478189284,0.9897934675161516,1.500292001334719,2.478986144650431
Applegate (17100309),2005,6410.258091214038,16374.789658726393,8388.129289179373,7402.853289645756,12200.15921217893,2.554466516905121,1.308547825972284,1.1548448103504878,1.903224338018556
Applegate (17100309),2006,5904.801269778392,16002.267537654981,6894.485814128816,8412.526975352515,13749.670435488357,2.7100433709017184,1.1676067490053845,1.4246926511157991,2.3285576952201783
Applegate (17100309),2007,6065.809571262975,16130.527483317515,5262.057460003116,10027.542374872422,16379.156011241488,2.659253854545082,0.8674946679718288,1.6531251528861575,2.7002423697635383
Applegate (17100309),2008,5623.256764278154,14908.80497167305,4388.417232020761,9669.747407168277,15718.34306159024,2.6512758703073134,0.7804049176445694,1.7195991242291357,2.7952383681715043
Applegate (17100309),2009,5264.960001422145,13673.033006099013,5510.597090976051,7494.812817098015,12006.064035652118,2.5969870620870283,1.046655072305878,1.4235270192125968,2.2803713670016674
Applegate (17100309),2010,5835.667397741247,14749.061184180506,9535.090677352724,4792.460545601045,7732.940670396329,2.5273992122802054,1.633933195206323,0.8212360676100242,1.3251167592912234
Applegate (17100309),2011,6069.52275853801,15306.780155858232,7481.8086848369485,7189.555607471647,11644.23232316662,2.5219083550393075,1.232684839069476,1.1845339235870043,1.9184757659548528
Applegate (17100309),2012,5117.53327974237,14201.090332313275,7092.896954580111,6458.761061740156,10518.118376809909,2.7749873925642934,1.3859991849309843,1.262084818736207,2.0553102054940457
Applegate (17100309),2013,5527.29335208327,15088.452987149798,5178.131572598783,9154.62733477808,14968.870569336514,2.7298086108389503,0.936829519035228,1.6562586335910046,2.708173714661744
Applegate (17100309),2014,5210.315358164406,14725.534181517782,6706.956734024721,7462.279940282321,12246.463275875149,2.8262270456323373,1.2872458331173993,1.4322127217480523,2.3504264970613176
Applegate (17100309),2015,5192.560507494175,14292.812490963724,5249.661297744983,8420.046080347389,13616.518375775577,2.7525557902186386,1.0109966538027622,1.6215595500900062,2.6223128947892866
Applegate (17100309),2016,6412.737063256447,16989.52518602008,6998.2585293486645,9344.335795286863,15202.700016788169,2.649340682212946,1.091306014938165,1.457152492471245,2.370703783240428
Applegate (17100309),2017,6356.926936572691,15895.247989489406,8418.538019562739,7010.859915234045,11476.15463820176,2.5004610164765015,1.3243093877843994,1.1028693557730143,1.8052991253017416
Applegate (17100309),2018,7180.959527999978,18189.488553588355,8554.90225740446,8942.999803076238,14446.29722037947,2.5330164419760273,1.1913313567702488,1.245376717165125,2.011750263185652
Applegate (17100309),2019,7060.325027224031,17048.985358104463,8944.876588695832,7545.327042251124,12127.101557162317,2.414759276997161,1.266921360448014,1.0686940067428858,1.7176406908182291
Applegate (17100309),2020,5965.995448709996,15265.203949116318,4286.7180660350705,10185.682388720377,16235.548642637943,2.558701909907936,0.7185251988353378,1.7072896679669423,2.7213478089643015
Applegate (17100309),2021,5896.966001077997,15182.60867518337,5462.060704557635,9045.408409210737,14414.711350674546,2.57464748353779,0.9262493125378612,1.53390886221104,2.4444284311694284
Applegate (17100309),2022,8149.209091929998,19988.787005328595,9849.717449525931,9447.452824900885,15409.685266349821,2.452849936704054,1.208671582531845,1.1593091695556705,1.8909424328809687
Applegate (17100309),2023,7438.5668453397475,18257.702100397655,8940.728996129861,8600.05974305176,14130.922310846123,2.4544650172547797,1.2019424147181277,1.1561447146824642,1.8996834477193854
Applegate (17100309),2024,8056.327321279897,20972.687620878318,9935.184332304358,10262.770252761367,16920.159165256067,2.6032566434436304,1.2332150787942378,1.2738770215620951,2.1002323379492465
Beaver-South Fork (17070303),1985,12841.002768933988,28422.040811108483,11140.773446727017,16544.828035952716,33061.04973270289,2.2133817212367113,0.8675937266892967,1.2884373855894906,2.574647037121346
Beaver-South Fork (17070303),1986,12390.167287968054,26083.923479592886,11790.587419163825,13569.73172480125,27131.663574909442,2.105211566023219,0.9516084121490052,1.0952016554270947,2.1897737895158755
Beaver-South Fork (17070303),1987,13121.985401515905,31668.435456322848,11757.924659866265,18962.852270449923,37918.125657024495,2.413387493379194,0.8960476863895872,1.4451206650678987,2.8896637587056024
Beaver-South Fork (17070303),1988,9419.094829030677,19520.611365034503,7352.477021564334,11654.683026773886,23302.95670578748,2.072450879767114,0.780592737945816,1.237346394565737,2.474012325894122
Beaver-South Fork (17070303),1989,12563.175838040006,24680.29624115897,13851.754491142554,10420.168894462166,20825.019138599833,1.9644950098071194,1.1025679071688914,0.8294215593887466,1.6576237893243375
Beaver-South Fork (17070303),1990,8591.956479557693,17968.5598814017,6183.006179649526,11224.01736769631,22415.04821306238,2.091323428389468,0.7196272693373583,1.306340109426871,2.608840985914338
Beaver-South Fork (17070303),1991,10567.52337179439,21612.36289288512,10067.231554125196,10959.897025274808,21859.64569437867,2.045168213260861,0.9526576095393822,1.03713014295551,2.0685684739268146
Beaver-South Fork (17070303),1992,5518.079500086795,11464.642015189233,4903.43370713913,6100.83034797261,12149.984369525699,2.077650750593373,0.8886123708551142,1.1056075484009698,2.2018501852564083
Beaver-South Fork (17070303),1993,14291.865018592396,28123.434169557364,18384.550646212163,9309.898222807138,18583.361738078365,1.9677931559646955,1.2863646992394318,0.651412409135954,1.3002754863625656
Beaver-South Fork (17070303),1994,10938.42095368089,23320.25599511048,8607.314456059332,14127.601015994129,28193.428917631285,2.131958176949021,0.7868882074028137,1.2915576275422136,2.5774679030014758
Beaver-South Fork (17070303),1995,14617.33321781877,33251.9035209792,16932.4630358081,15516.067892145871,30982.124460610357,2.274826948628672,1.1583825027103543,1.061484175049901,2.1195469788458157
Beaver-South Fork (17070303),1996,13566.090503285594,26423.6199422217,14694.446550569939,11174.114074449957,22322.540111975446,1.9477696935474609,1.0831747397683265,0.8236797529652099,1.645465958418095
Beaver-South Fork (17070303),1997,11958.887620709036,23663.11504472085,14932.59219703269,8354.885291211058,16661.37614305338,1.978705360835047,1.2486606338848885,0.6986339830422874,1.3932212318979496
Beaver-South Fork (17070303),1998,11607.466839311359,23910.14539016468,14309.98372882142,9446.96666782223,18850.427451830892,2.0598934910748543,1.232825725623214,0.8138697959341052,1.6239914972653275
Beaver-South Fork (17070303),1999,12435.166336625376,24073.30830974722,11194.960159916827,12273.73295887248,24506.550215620668,1.9359056130068761,0.9002662173439722,0.9870179961101586,1.9707456701597441
Beaver-South Fork (17070303),2000,12553.734210718525,28292.59501868331,11182.301785370473,16218.263832306697,32379.296657586394,2.253719454608714,0.8907550213882092,1.2919075360428893,2.5792561889625296
Beaver-South Fork (17070303),2001,11766.367010612596,24866.711728767557,9536.073929080554,14458.576104351747,28829.76633796138,2.11337209746553,0.8104518514915909,1.2288054665735764,2.4501841827607933
Beaver-South Fork (17070303),2002,9097.4593314788,20390.71657558673,6061.032155349502,13388.973049876506,26702.10988158653,2.2413638613399773,0.66623349822266,1.4717266175126849,2.935117257319586
Beaver-South Fork (17070303),2003,10824.91186854087,23856.295044976945,10033.496767013328,13030.165309886424,26003.229191766695,2.203832727202852,0.9268894646775337,1.2037202212938487,2.402165440934141
Beaver-South Fork (17070303),2004,12669.025908431853,28385.28296655765,15080.549137262227,12649.361019143958,25260.730265888105,2.2405260808304024,1.1903479593664252,0.9984477978472831,1.993896803784722
Beaver-South Fork (17070303),2005,13709.83711434779,31414.472253948214,13707.245401042286,16762.623604786775,33458.060849731744,2.291381873608983,0.9998109595844292,1.2226712443756276,2.440441893705418
Beaver-South Fork (17070303),2006,13146.236986674548,29496.995577341164,15297.442897883919,13539.14717949404,27017.92523121058,2.243759610239818,1.163636629507737,1.02988765478804,2.055183187295104
Beaver-South Fork (17070303),2007,11565.975258867751,25980.72677570521,8883.410779744876,16228.309222262473,32375.442678081494,2.246306618699147,0.7680641347502343,1.4031077240823304,2.7991969508372336
Beaver-South Fork (17070303),2008,11543.58087610831,24876.763792869286,8103.69353495255,15771.366488052958,31477.791176922598,2.1550300604170927,0.7020086420258659,1.366245592015115,2.7268653907967173
Beaver-South Fork (17070303),2009,11566.29534566328,25312.986811103474,10406.352673447953,13991.878952029634,27926.922760220958,2.188512920915031,0.8997135523908057,1.209711366853157,2.414508874761875
Beaver-South Fork (17070303),2010,12907.788111133863,27126.016815405572,13177.041243650654,13261.371796569718,26464.001904867146,2.101523249518444,1.0208597422113352,1.0273930500246486,2.0502352282991154
Beaver-South Fork (17070303),2011,14195.89080773914,30446.779566729027,12666.93669191728,16898.194349805002,33736.647484110916,2.1447600562079856,0.8922960075891593,1.190358152134606,2.376507958607204
Beaver-South Fork (17070303),2012,11507.957232990962,23190.771106686512,9073.570929299065,13444.747922931461,26811.758028311142,2.0151944117591354,0.7884606056135655,1.168300129269521,2.3298451224207986
Beaver-South Fork (17070303),2013,11575.701946698378,23265.128079889662,11994.922080856535,10695.850794727075,21285.722259345235,2.00982438793056,1.0362155259429193,0.9239915509208274,1.8388277754003808
Beaver-South Fork (17070303),2014,11111.930391083755,24246.587710310945,9781.240088396096,13849.475867698284,27549.7471434993,2.18203200136733,0.8802467027911363,1.2463609274236584,2.4792944316502643
Beaver-South Fork (17070303),2015,10348.808761762097,23307.65192123056,10183.033794022893,12731.506108323589,25322.2838369453,2.2522062642949017,0.983981251218814,1.230238803461645,2.4468790968974927
Beaver-South Fork (17070303),2016,12598.24434068888,28049.33883137683,12510.755975748138,14881.83808659412,29632.75816365629,2.226448231424211,0.9930555113415146,1.1812628556925078,2.3521339451998555
Beaver-South Fork (17070303),2017,12702.727277506654,27129.86013598712,13036.555393016171,13593.136779082684,27055.786822258204,2.1357508150259434,1.0262800348473704,1.070095931536901,2.12991952288602
Beaver-South Fork (17070303),2018,11156.470722324068,23573.095854069616,9234.699384509118,13706.085091614099,27263.368525660062,2.1129527823615324,0.8277437923115336,1.2285323408045397,2.443726981787003
Beaver-South Fork (17070303),2019,14402.23665828048,30108.435492731413,18378.18237220646,11045.400893766104,21984.84875474014,2.0905388660879103,1.2760644619486954,0.7669226076364754,1.5264885084428939
Beaver-South Fork (17070303),2020,12287.05819806799,25857.538208526556,10849.268925319775,14328.074713911074,28496.21202550887,2.1044531401822755,0.8829834408227762,1.1661110806949715,2.3192054246141356
Beaver-South Fork (17070303),2021,5924.232423630001,13092.771146860894,4503.363451230443,8327.386332074326,16484.02845767335,2.2100367120367737,0.7601598197376366,1.4056481475741665,2.782474973791282
Beaver-South Fork (17070303),2022,9268.772587185,19789.698470688465,8884.290900619868,10217.690425725536,20296.1950739308,2.1350937553532914,0.958518597478946,1.1023779394320785,2.1897392435749596
Beaver-South Fork (17070303),2023,12233.891038856797,26521.082951027503,14773.83727346366,11014.487309572964,21882.691858717408,2.167837106509474,1.2076155678140001,0.9003257650888984,1.788694356457359
Beaver-South Fork (17070303),2024,10387.32513900686,22304.448241731832,11054.029088671725,10576.193497927059,20988.525569717458,2.147275448033619,1.0641843728527602,1.0181825789019499,2.020590025713221
Brownlee Reservoir (17050201),1985,17442.503552080983,41988.861703605005,15546.253033984016,24760.24357908423,45701.512390445234,2.407272647428844,0.891285645295412,1.4195349598269222,2.620123438931036
Brownlee Reservoir (17050201),1986,18478.05803389221,47750.737600916145,15239.890102361824,30405.47762109928,55740.64805934872,2.5841859308663486,0.8247560471132312,1.6454909690904724,3.0165858315365157
Brownlee Reservoir (17050201),1987,16999.02193438437,44776.05791701372,9526.879839759822,32988.48327371611,60940.64450416858,2.6340373046077437,0.5604369402271051,1.9406106657812727,3.5849500482673258
Brownlee Reservoir (17050201),1988,16920.202989586218,41228.40795103758,11803.831750067766,27522.867946845967,50916.81722174396,2.4366379041913504,0.6976176206238545,1.6266275270920396,3.0092320554949277
Brownlee Reservoir (17050201),1989,17504.44812279174,45923.85617533389,18237.771838627836,25960.273126024997,47678.74526341829,2.623553502126042,1.0418935638925555,1.483067214911124,2.7238073962090805
Brownlee Reservoir (17050201),1990,17057.64328975694,46641.13974101762,15172.13105500504,29577.045414614146,54333.48608003067,2.7343249561928333,0.8894623247348511,1.7339467658099679,3.1852868041072098
Brownlee Reservoir (17050201),1991,18250.58743677717,47212.28435185075,15229.01935343591,29940.7185840367,54413.98912868025,2.5868912173595144,0.8344399546694903,1.6405345136289962,2.981492476183501
Brownlee Reservoir (17050201),1992,16105.684659474813,42656.06786080446,12520.871173221209,28289.134437129047,51743.95782803576,2.6485100610553878,0.7774193670093562,1.756468913632109,3.21277604287349
Brownlee Reservoir (17050201),1993,18895.877379336485,44589.025058340565,19964.09396868466,23070.53122110641,42310.329480849476,2.3597223967541576,1.0565317274188242,1.2209293465428126,2.2391301886366906
Brownlee Reservoir (17050201),1994,17912.562311111116,44460.784364128325,11317.094864625386,31065.498317008176,56514.5928084263,2.4821007509656736,0.6317965385446515,1.734285568834467,3.1550256086685287
Brownlee Reservoir (17050201),1995,18305.271208644826,47206.66256961188,20456.55118447427,25056.756122946135,46268.02501123145,2.578856222972436,1.117522431178921,1.3688273632959265,2.5275793231285735
Brownlee Reservoir (17050201),1996,18167.492166494212,48439.19747846175,18784.947769412873,27681.471579468565,50748.27125919133,2.666256687194107,1.0339868374379937,1.523681492513354,2.7933558905166294
Brownlee Reservoir (17050201),1997,18151.796283519754,48067.423914828774,17540.32743640128,28583.491953560017,52508.79584087542,2.648080838063933,0.9663135902602854,1.5746921961388103,2.8927603098184185
Brownlee Reservoir (17050201),1998,17678.696492849864,45311.28340021828,21044.689969310693,22738.6674685291,41823.29887338908,2.563044363510873,1.1903982840489513,1.2862185556342198,2.365745624418887
Brownlee Reservoir (17050201),1999,17771.1955843491,44061.41849438991,11914.818299128829,30007.600077883777,55016.928593415294,2.4793727740633456,0.6704567648572884,1.6885526882789554,3.0958484662600925
Brownlee Reservoir (17050201),2000,17769.13917572479,47894.129656205485,13197.915174686223,32365.675828768886,59384.80345752207,2.6953545235120777,0.7427436435815912,1.8214543489526533,3.3420191529959022
Brownlee Reservoir (17050201),2001,17239.972271805433,44038.9005646867,12611.41810890751,29397.13077785298,54042.150283383875,2.554464698107939,0.7315219485319274,1.7051727412537425,3.134700533814976
Brownlee Reservoir (17050201),2002,17752.688419804857,46196.365125182456,9801.684928462482,34113.89405809382,61938.72446022123,2.602217987087854,0.5521239767565427,1.921618475545171,3.488977161967341
Brownlee Reservoir (17050201),2003,17522.487511982916,49451.91891179445,14345.478608450185,32775.429433544465,59527.94342894244,2.82219741220967,0.8186896180488014,1.8704781162566493,3.397231322792138
Brownlee Reservoir (17050201),2004,17818.59034047246,45932.219389878665,17934.972048491614,26242.6479784487,47772.780057799646,2.577769538006045,1.0065314767215232,1.4727679057103726,2.6810639419264493
Brownlee Reservoir (17050201),2005,17425.60982205155,45473.91098622448,17427.43767815834,26193.834378205633,47774.24527251902,2.6096022722073524,1.0001048948143254,1.5031803561364134,2.74161109771104
Brownlee Reservoir (17050201),2006,16661.132856194472,42607.07492440799,12892.325895654183,27686.121988577543,51216.46958781024,2.5572735835046796,0.7737964763218921,1.6617190576140248,3.074008834205315
Brownlee Reservoir (17050201),2007,16923.14167539035,45260.78290856463,12309.483059029937,30725.621992063723,55424.96086744505,2.674490574902112,0.7273757612589393,1.8155979889209906,3.27509879256309
Brownlee Reservoir (17050201),2008,18104.86464426967,44965.176715482536,12644.586779257847,30095.28548721839,54807.84473195334,2.4835964034513984,0.6984082470486713,1.6622761936385855,3.0272441031090747
Brownlee Reservoir (17050201),2009,17648.35661249044,45191.169552767606,18604.864767584535,24796.886173656516,45056.342583653175,2.5606446279980557,1.0541981429827374,1.4050535536043498,2.553004994910689
Brownlee Reservoir (17050201),2010,18472.72626027719,43635.312812536096,19626.475757597134,22470.43003754462,40359.264417442595,2.3621479687255067,1.062456915187495,1.2164111415359349,2.1848028195074325
Brownlee Reservoir (17050201),2011,18774.908867318514,46359.940055751795,17929.502059935352,26565.904584027696,48364.21702685548,2.469249804799348,0.9549714561408731,1.4149684971451961,2.5760027581834537
Brownlee Reservoir (17050201),2012,17570.93964731439,45530.36646422422,14290.209332724891,29186.119178225785,52796.92391534553,2.591231167946289,0.8132865754227926,1.6610448709091494,3.0047865950877144
Brownlee Reservoir (17050201),2013,18208.392720000877,46133.74967618314,14403.96774664663,29646.422994498258,53713.94007535542,2.5336530459115076,0.7910620101479191,1.6281735269216464,2.9499550510218144
Brownlee Reservoir (17050201),2014,17915.58779060759,48668.90953024033,13922.468600603697,32418.849373593715,58604.53412517038,2.716567834618044,0.7771148099256155,1.8095331145422753,3.271147718407226
Brownlee Reservoir (17050201),2015,17726.285265616032,47697.22038718607,15103.952481730426,30298.508853414918,54352.5712397323,2.6907623155374325,0.8520652948662523,1.7092418631096633,3.0662132773616637
Brownlee Reservoir (17050201),2016,18221.48416871045,48378.50467854961,12693.038038621955,33294.77355012711,60160.355885722296,2.6550254760050866,0.6965973748954091,1.8272262150467522,3.301616670118914
Brownlee Reservoir (17050201),2017,18438.24135190361,49452.091688449815,16232.791204333818,30934.346996466167,55927.641402764995,2.682039503910944,0.8803871743797249,1.6777276317229912,3.033241638145218
Brownlee Reservoir (17050201),2018,18121.8497562247,47822.05720310939,12491.879660256676,32988.83758320114,59252.591222153016,2.6389169895133318,0.6893269632127825,1.820390193438711,3.2696767724718754
Brownlee Reservoir (17050201),2019,18979.02800858892,48529.61651119294,18768.90674411238,27820.6310738856,50538.932717924356,2.5570127452907996,0.9889287657733868,1.4658617428297924,2.662883088378028
Brownlee Reservoir (17050201),2020,18365.74831023699,47557.19078813342,16931.83924301938,28558.546610965463,51249.188833573535,2.5894502083329347,0.9219248220657388,1.5549895451331568,2.7904764874191077
Brownlee Reservoir (17050201),2021,17926.70231877299,46192.21192831868,11657.982423587908,32206.69805451732,57268.22416004364,2.576726667678629,0.6503138288506957,1.7965768316903552,3.194576623279558
Brownlee Reservoir (17050201),2022,18859.890490910984,48864.20782351007,16087.36542409801,30619.457415243614,54260.73667427002,2.590906232836233,0.8529935755380383,1.6235225453721398,2.8770441005699112
Brownlee Reservoir (17050201),2023,19005.17869329239,51081.18412707049,18368.30494382878,30608.543045941595,55013.69035307253,2.6877507942137306,0.966489462701638,1.610536977310529,2.8946684080633687
Brownlee Reservoir (17050201),2024,18265.84141942771,50884.29080726754,13927.870211614098,34479.1238869279,61819.10698920696,2.785762212582584,0.7625090950806291,1.8876285573275369,3.384410582008864
Bully (17050118),1985,12864.756959733995,28209.930022022527,9466.106267575558,17218.884398315302,26292.6188410293,2.19280707053527,0.7358169530294251,1.3384539212213253,2.043771127843596
Bully (17050118),1986,12960.922606791717,29305.138409061703,10087.363051779294,17835.338169680825,27288.332975088775,2.261037990744993,0.7782905089251412,1.3760855388747435,2.1054313649546277
Bully (17050118),1987,11836.344204430998,29065.941625329913,6169.430436251385,21131.932673712454,32069.933984496125,2.4556519414540956,0.5212276974795838,1.7853428650547019,2.7094458753988055
Bully (17050118),1988,8725.08053166361,18516.56837143215,4661.950973206363,12282.368339850784,19068.50593038701,2.1222232051881815,0.5343160967154386,1.4077083065626335,2.1854819403886028
Bully (17050118),1989,11419.048979678344,26217.982666310083,10266.99213984193,14638.666800417086,22421.328594635237,2.2959865320630755,0.8991109643292847,1.281951485317951,1.9635022701572482
Bully (17050118),1990,10079.178951441198,21534.311869021833,6277.097096108805,13931.509988835724,21237.49621830188,2.136514489202783,0.6227786138484284,1.3822068301350767,2.1070660934405954
Bully (17050118),1991,11015.251257554808,21829.972589646713,7698.713002824273,12807.316699487743,19985.57517587518,1.9817952472645262,0.6989139714397447,1.1626894748046575,1.8143549074441745
Bully (17050118),1992,5996.659983302472,12966.85453277399,4199.9258191186445,7701.79331891566,12041.154961857683,2.1623461341613206,0.700377515285712,1.2843471766551853,2.0079769397274374
Bully (17050118),1993,13027.005537961511,26539.733183111435,13452.636761063848,12148.534962190324,18591.825579347125,2.0372857834268197,1.0326729901098162,0.9325654254762333,1.427175687088593
Bully (17050118),1994,10247.119121874744,22612.08771129369,5844.093842260024,15232.082757266176,23175.61471677957,2.206677549304876,0.5703157904922284,1.4864746448345587,2.2616712503425562
Bully (17050118),1995,11797.951924931927,27290.784527854546,13251.330378499166,12809.2968818044,20083.294939813568,2.313179838458446,1.1231890469477077,1.08572207814606,1.702269603029379
Bully (17050118),1996,11747.569005994816,26739.27970905487,10708.608178446564,14935.558215928042,22854.846716521617,2.2761543001287965,0.9115595041818382,1.271374376120403,1.9454958472564603
Bully (17050118),1997,12307.826425011808,28733.74284663931,9419.715954742256,18019.173302195348,27460.77340680653,2.3345911661743104,0.765343581349151,1.4640418770918815,2.2311635262422205
Bully (17050118),1998,12955.540918556786,30876.310773901125,15703.407736865527,14148.192484615543,21546.844880234188,2.3832513800852295,1.212099736752238,1.0920572574743268,1.6631374186292525
Bully (17050118),1999,12625.941490231864,29683.155913307262,8067.725960843009,19900.74411012247,30499.805825817966,2.350965742734656,0.6389801479030022,1.5761790220173917,2.4156460608830104
Bully (17050118),2000,11819.32908312457,30620.659185875433,8981.052259428918,20034.520013984755,30640.79706819405,2.590727356055689,0.7598614266736938,1.6950640660805094,2.59243116531398
Bully (17050118),2001,11961.743680590707,27203.33209113757,7131.0107982709815,18637.365374277873,28431.685131347404,2.274194533634597,0.5961514465354962,1.5580809848416266,2.3768846658603002
Bully (17050118),2002,12012.66383724047,28096.43780119224,5819.203035147582,20730.484959501417,31336.914953770207,2.3389015277436176,0.48442236576266,1.7257192276732842,2.6086566125843467
Bully (17050118),2003,11188.108423285446,26561.170988248625,7561.891672139351,17760.618034262792,26895.691206540145,2.374053770605916,0.6758865204059903,1.5874549443316257,2.4039533931011086
Bully (17050118),2004,12124.06075026245,27705.74336283532,10208.767806611793,16250.441238146645,24675.523536229342,2.2851867813542235,0.8420254580455483,1.340346404796336,2.0352523832161755
Bully (17050118),2005,12185.465461821057,29287.85144174856,10138.365348891815,17674.23995908805,26660.530801245277,2.403506992286172,0.8320047667162882,1.4504361786149382,2.187895972031338
Bully (17050118),2006,12199.862564719377,30363.995781571684,11192.885405009105,17872.61797733927,27015.590543245195,2.4888801509437433,0.9174599587193436,1.4649851899991775,2.2144176133074835
Bully (17050118),2007,11098.831695493873,27363.84823863181,6477.597962271128,19557.039298035717,28799.970835693774,2.4654710504116877,0.5836288124723104,1.7620808959537497,2.5948650836273663
Bully (17050118),2008,12275.768599843263,27803.77329983831,7294.861693679197,18970.124247856405,28569.90488931205,2.264931362439767,0.594248876096633,1.5453308763166664,2.3273414334053864
Bully (17050118),2009,12028.170261857142,28080.566989503106,10706.060335037379,16164.69733834439,24247.966751771193,2.3345668026125432,0.8900822071822228,1.3439032692781796,2.0159314529047347
Bully (17050118),2010,12670.287429988672,29223.920550477647,9943.099841271845,17709.47832603348,26674.295927799994,2.3064923121877254,0.7847572437652849,1.3977171728652185,2.105263678917491
Bully (17050118),2011,12604.455553786598,28840.306386830343,12003.31515651414,15537.153892411992,23242.758475861883,2.288104096504685,0.9523073095297745,1.2326715601567066,1.8440113003436593
Bully (17050118),2012,11511.268203549955,28173.24724114394,6131.355676236216,20517.909412434998,30282.441365694336,2.447449468031299,0.5326394596857165,1.7824195431488157,2.630678117321213
Bully (17050118),2013,11543.962606945799,27636.478080653204,8296.15122034644,18068.557032691795,26687.438055056686,2.3940200624025603,0.71865714597471,1.5651953880914569,2.3118091216788352
Bully (17050118),2014,11045.493626637477,27753.33659597996,7107.12180657647,19277.336857253613,28315.260952444376,2.512638867406487,0.6434408498898436,1.7452671205897128,2.5635124974549686
Bully (17050118),2015,11284.2900287766,28451.292365392856,9556.240394469989,17541.95785479805,25969.48935702936,2.521318779722771,0.8468623520044388,1.554546879782731,2.3013844283338463
Bully (17050118),2016,12484.759256146239,32264.08493777925,9181.114919135283,21384.714631968203,31735.61760810845,2.584277700180375,0.7353858196837417,1.712865598224533,2.541948703775367
Bully (17050118),2017,12464.872480965381,31521.863019230026,9386.540033027797,20484.18172445254,30298.06191571395,2.5288556354961376,0.7530393950970309,1.6433526901886186,2.4306756416466304
Bully (17050118),2018,11562.64125181273,30634.410771501945,6855.362876645032,22151.50453579076,32336.627063173073,2.6494301867835985,0.592889005837683,1.9157823937777159,2.7966470946336335
Bully (17050118),2019,13121.279698890708,33078.93837107,13101.222173140834,18526.421237021714,27502.96553368004,2.5210146517848058,0.9984713742706384,1.4119370718534385,2.0960581715215763
Bully (17050118),2020,12359.58774604499,31873.02893558441,9042.974136872874,21245.062692669155,31286.470977139532,2.5788100372347476,0.7316566153079485,1.7189135373441136,2.531352308830127
Bully (17050118),2021,12233.683318649995,32206.5970904328,7961.372167247327,22374.55052915058,33057.17066498084,2.6326165433213817,0.6507747470551556,1.8289300079429915,2.702143729238591
Bully (17050118),2022,11855.06237078199,28622.46097632028,7839.560884732314,19051.19656414933,28187.953509594365,2.414366123189976,0.6612838161065867,1.6070093912878052,2.3777144841571185
Bully (17050118),2023,13496.610596731925,34599.08277320297,12798.576055078536,20329.55946367049,30328.979415844056,2.5635386399590434,0.9482807526637531,1.506271468526557,2.2471552541634363
Bully (17050118),2024,12865.03464676905,34710.45526456509,10283.688637613122,22717.862128034976,33385.67258674462,2.698045999688181,0.7993518027715368,1.7658609363901234,2.595070553900853
Burnt (17050202),1985,17343.298556363992,35477.4954384975,13064.504407455974,22351.00605512604,40026.015164097815,2.045602531905864,0.7532883300715626,1.2887402002847093,2.307866351606487
Burnt (17050202),1986,17743.859816579356,40315.631913473786,12817.922763078786,27416.40511713303,48868.96273006555,2.2720891807206463,0.7223863858021514,1.54512070093768,2.7541337248620383
Burnt (17050202),1987,15781.925310168812,38839.33773230531,8861.47988325854,29888.926097453397,53647.533718447674,2.4610012383774142,0.5614954898784623,1.893870710324233,3.3993022184613184
Burnt (17050202),1988,14747.305858859563,32774.50328619147,8685.713704820888,24000.313876311953,42894.4222565435,2.222406153358644,0.5889695235148917,1.627437181137297,2.908627695598673
Burnt (17050202),1989,18646.237156696494,42757.6211091088,18858.765992069002,23837.40742125461,42720.10820047048,2.293096497153212,1.0113979476709691,1.278403101973515,2.2910846752331606
Burnt (17050202),1990,15661.579931067003,36501.223578327175,10844.69466877918,25578.365048478317,45298.64139816983,2.330622053393332,0.6924393781796666,1.6331918721520515,2.892341743141344
Burnt (17050202),1991,18232.69359808598,40079.49594940497,14329.12476774645,25672.761031909424,45976.468663622,2.1982213288338484,0.785902789988786,1.4080618913381224,2.521649827343585
Burnt (17050202),1992,15814.859975518635,37332.95314369205,12095.138147050717,25169.113186265637,44970.64001388025,2.3606249566220234,0.7647957785129911,1.5914850479376588,2.8435686489475525
Burnt (17050202),1993,18321.99503568916,35758.41960203703,16500.414049074934,19187.66535964955,34538.0385334502,1.9516662640931677,0.9005795502582555,1.047247601708993,1.885058830447996
Burnt (17050202),1994,16328.87907037495,39224.47608707304,9922.406265536942,29241.798144774348,52219.01384150259,2.402153627203778,0.6076599760934539,1.7908025418491196,3.1979545942159713
Burnt (17050202),1995,19104.48961932478,42248.458230198776,18249.101469176396,23927.017172346135,42741.408461490275,2.2114413455705804,0.9552258046567685,1.2524290179489128,2.2372441930223577
Burnt (17050202),1996,18839.768401035333,42045.634521215405,15703.758951152702,26264.479325029417,46690.7271093767,2.231749012312954,0.8335430997277922,1.3940977811375888,2.4783068515221673
Burnt (17050202),1997,18859.96887038827,43703.991513621186,16020.865005843996,27601.363474454607,49366.95810919462,2.3172886346721446,0.8494640217035615,1.4634893442369916,2.6175524704446818
Burnt (17050202),1998,19449.35973932257,44242.13654982708,21353.063100088944,22821.64920551636,40877.570971338835,2.2747348572291903,1.0978800015158074,1.1733881994776272,2.101743785873469
Burnt (17050202),1999,17691.23633203119,38908.75119173842,9859.434151142394,28951.037767214337,51589.80942544699,2.199323465104102,0.5573061128176336,1.6364621004353725,2.9161223363479762
Burnt (17050202),2000,18051.574190755793,43174.96172499754,12984.727642718086,30118.04699424855,53625.92450618468,2.39175604679992,0.7193127594028648,1.668444351499937,2.9707062630386276
Burnt (17050202),2001,16680.149612374844,36014.109897099785,9867.357210537473,26058.2244885702,46282.46386395257,2.1590999321961273,0.5915628720270576,1.5622296618513452,2.7747031615121758
Burnt (17050202),2002,17126.364891542613,36348.39271683851,9035.669294741727,27240.344861606845,48783.78662299471,2.122364725207284,0.527588274100346,1.5905503026540526,2.848461242764088
Burnt (17050202),2003,16584.989347210983,38856.59133773511,12498.009897545822,26288.49833318173,47095.14354579103,2.342877075424196,0.7535735860841871,1.5850777943129966,2.8396245882250617
Burnt (17050202),2004,17615.519964817697,38925.30547089305,15627.910540797157,23258.458181744627,41933.55613768956,2.209716519786868,0.8871671442006673,1.3203390094755758,2.380489262959064
Burnt (17050202),2005,17115.181323164652,37770.56674593253,13534.588098316119,24204.262114244317,43350.0153419219,2.206845842457521,0.7907943154535935,1.4141984041667677,2.5328399695800794
Burnt (17050202),2006,17520.303541593326,40348.572826075484,14392.792353101522,25923.68594131184,46771.82811129115,2.3029608322873907,0.8214921801401973,1.4796368042236725,2.6695786405900157
Burnt (17050202),2007,14526.126305253163,33850.480354004685,8479.565171649961,25348.60475275313,45340.0110993132,2.3303170881670736,0.5837457966053516,1.7450354086199962,3.121273362666318
Burnt (17050202),2008,17209.750330193627,36932.91073377974,10714.312328257993,26175.363682534295,47149.575337394184,2.14604570230068,0.6225722118385576,1.5209612679046807,2.7397012991334724
Burnt (17050202),2009,16654.013367993633,36834.02818976232,14707.699554420722,22113.75695067737,40021.63533055215,2.2117208252367244,0.8831324455813505,1.3278335054766135,2.4031225654872697
Burnt (17050202),2010,17316.367023879255,35189.42008723815,13736.181998958247,21427.481919981343,38587.74173638597,2.0321479695314824,0.7932484902876027,1.237412090563388,2.228397081395509
Burnt (17050202),2011,18616.291621599015,39183.37592187605,15787.975855503093,23352.900498120147,41810.415217931004,2.1047895423175835,0.8480730843937548,1.2544335344975805,2.2459046123569357
Burnt (17050202),2012,15525.364048827918,34106.65158404962,10801.258053880561,23297.577525650708,41508.31453216903,2.196834256303606,0.6957168939749273,1.5006139277880284,2.673580754797353
Burnt (17050202),2013,14701.612897104014,30598.5575886698,9823.249911990515,20768.645834120296,36613.41887637097,2.081306167073494,0.6681749805781881,1.4126780496452462,2.4904355142953896
Burnt (17050202),2014,15634.059431294168,36501.36656574888,9945.444891073541,26555.921674675294,47080.87878219994,2.334733773154612,0.6361396369752874,1.6985941361793215,3.011430203978868
Burnt (17050202),2015,15958.62992078068,37483.439582502484,12689.514082492276,24777.46599174219,43601.548533928006,2.3487880706910227,0.7951505953508268,1.552606089290784,2.73216114104832
Burnt (17050202),2016,15676.87425120587,35086.76799758909,10333.05427780433,24753.713719784748,43373.60586834402,2.2381226917661987,0.6591272030525797,1.578995488713618,2.7667253799020366
Burnt (17050202),2017,17307.66209530091,37403.320706295985,12823.123751090725,24558.252060680676,43027.74212034993,2.1610845243189205,0.7408928878136722,1.4189237070527465,2.486051662172912
Burnt (17050202),2018,17403.201594329003,38609.57028475529,12056.293551937144,26534.336809443925,46603.41897371521,2.2185326116854602,0.6927629658594429,1.5246813447297185,2.6778646860530175
Burnt (17050202),2019,18182.06219850756,39832.507905735525,16210.37065434667,23581.651614178823,41332.52937360371,2.1907585328250114,0.8915584204566888,1.2969734322058628,2.2732586063310474
Burnt (17050202),2020,17835.723467675016,39026.85966407697,13186.102227499046,25826.352370175624,45113.725388841034,2.188128770599533,0.739308514812824,1.4480126033004834,2.5294026043072453
Burnt (17050202),2021,16558.91555103899,36960.43783705735,9491.36633897789,27452.489363582994,47835.615314228504,2.232056665977638,0.57318767703857,1.6578675867370123,2.8888132901449004
Burnt (17050202),2022,18900.65557065301,40934.14512104291,13475.491223409617,27441.189513342957,48140.818233329825,2.165752662283378,0.7129642235443395,1.4518644292926437,2.547044892351667
Burnt (17050202),2023,19370.21127506635,44622.07288409132,18818.194422007113,25784.00641560725,45491.48241068246,2.303644098168902,0.9715017639601173,1.331116426633758,2.348527941418989
Burnt (17050202),2024,17531.27764598107,40196.46595198018,12851.506413189476,27302.673222565314,47657.38177792838,2.2928429270068036,0.7330615984018484,1.557369278720212,2.71842034221924
Chetco (17100312),1985,655.3053045520002,1586.9256998071821,1297.5047355380314,274.19357400304165,520.0745737216702,2.4216585594283946,1.9800003548347151,0.4184211116534365,0.7936370575806942
Chetco (17100312),1986,501.07433775847863,1251.4970101944868,1170.4668484363424,81.0301617581443,152.80175653920213,2.4976274294807674,2.3359145744169316,0.16171285506383568,0.30494827817914244
Chetco (17100312),1987,640.6925559224752,1706.91531561259,1266.6462293796146,438.89148483928534,842.1132314188563,2.6641722302438136,1.9769953898650896,0.6850266649459743,1.314379609431194
Chetco (17100312),1988,326.9929876632897,813.2087096779011,736.7709596513547,76.43775002654625,138.08953503895904,2.486930118866268,2.2531705187819515,0.23375960008431595,0.4223012121016865
Chetco (17100312),1989,564.4338962953583,1246.497568279815,1211.336410563046,35.161157716769125,65.64326091697536,2.208403103465538,2.1461085496700485,0.06229455379548983,0.11629928916002841
Chetco (17100312),1990,450.75495716171866,1021.4328635015734,912.0802563194029,109.35260718217042,195.9988530365729,2.266049096682726,2.023450306708825,0.24259878997390075,0.43482351091760446
Chetco (17100312),1991,616.3033779583517,1451.9924520597722,1333.3280190194525,118.66443304031945,218.0599943064917,2.355970296430688,2.16342805622194,0.1925422402087475,0.3538192424465791
Chetco (17100312),1992,337.344658617138,818.2361633053504,724.8680112772257,93.36815202812465,175.76148204082983,2.4255198427018514,2.1487460754489045,0.2767737672529471,0.5210145693763792
Chetco (17100312),1993,390.49881899066025,845.3462489607582,797.8212949982117,47.52495396254654,92.21708604613151,2.1647856737333098,2.04308247861127,0.12170319512204009,0.23615202290365214
Chetco (17100312),1994,390.7553981067275,931.3810961449635,871.3418580993836,60.03923804557988,112.48402793343766,2.383539934848384,2.2298907764836375,0.15364915836474582,0.2878630173209143
Chetco (17100312),1995,478.6137598849113,1161.0253935522553,1106.5958977224045,54.42949582985106,100.43355857812104,2.4258086391654063,2.3120854235124777,0.11372321565292923,0.20984260586714337
Chetco (17100312),1996,463.80973765493974,1194.6461640949326,1068.5560812563979,126.09008283853505,232.68808268976116,2.575724628239075,2.303867285450076,0.27185734278899987,0.5016886533393009
Chetco (17100312),1997,703.1625565575577,1770.6108646896803,1724.0934433485406,46.51742134113959,86.2167831826831,2.5180676191832267,2.4519130423967823,0.06615457678644453,0.12261287575489067
Chetco (17100312),1998,603.6063168730387,1312.3025993743106,1183.0114820288893,129.2911173454213,249.4269844361794,2.1741034887982087,1.9599057348462465,0.21419775395196222,0.4132279226770308
Chetco (17100312),1999,387.9446196215649,946.2690397899332,806.6390163918858,139.63002339804754,265.60589007555143,2.4391858835753584,2.079263316446435,0.3599225671289239,0.684648985039789
Chetco (17100312),2000,556.2612688393098,1429.4997930299123,1220.1749461619518,209.32484686796062,402.2071726502728,2.5698352071369177,2.1935284991312787,0.3763067080056394,0.7230544263660762
Chetco (17100312),2001,591.7725751480895,1534.5788896038396,1435.500248723296,99.07864088054325,184.5743446586632,2.593190279593162,2.4257633912218153,0.1674268883713462,0.31190080853691804
Chetco (17100312),2002,524.3452691623794,1340.9212431024707,1092.5531323933221,248.3681107091485,465.09258499112246,2.557324957359754,2.0836521213181385,0.47367283604161553,0.8869968174483376
Chetco (17100312),2003,436.6787163992712,1006.4151447259709,831.2319037620906,175.18324096388022,321.15519021883154,2.304703909145343,1.9035319848335936,0.4011719243117492,0.735449606674184
Chetco (17100312),2004,431.08152649392997,1076.7249052302407,942.2288263672934,134.496078862947,250.3707227022679,2.497729174310609,2.1857323231422696,0.31199685116833886,0.5807966876673695
Chetco (17100312),2005,592.8226869434183,1404.555218627692,1396.5528343414255,8.002384286266956,12.149786082788006,2.369266982459039,2.3557682003400098,0.0134987821190297,0.02049480620492454
Chetco (17100312),2006,489.75139269181386,1250.3116387225416,1088.7811822926071,161.53045642993453,303.0875482785599,2.5529516758502124,2.223130344374018,0.3298213314761943,0.6188600028530883
Chetco (17100312),2007,537.0025052536497,1356.460277655353,1212.6694763846383,143.79080127071478,270.0357748407256,2.5259850082349944,2.2582194021829407,0.2677656060520539,0.5028575699347546
Chetco (17100312),2008,477.06344467715746,1194.6972755886368,988.2176498478253,206.47962574081131,387.10051962332483,2.504273360112768,2.071459594890111,0.43281376522265713,0.8114235620909643
Chetco (17100312),2009,430.11794081979446,1081.8554153893601,913.6462298135291,168.20918557583073,319.56895913888206,2.5152529404548196,2.1241760529033997,0.3910768875514192,0.7429798406683323
Chetco (17100312),2010,467.2471699587549,1095.4044563385708,1085.466783577959,9.937672760611823,13.665515618271485,2.3443790070152053,2.323110450671699,0.021268556343506686,0.02924686653421095
Chetco (17100312),2011,629.464527507209,1540.8699190348877,1498.4368431800572,42.43307585483049,78.51578983465885,2.447905881427513,2.3804944960348,0.06741138539271305,0.12473425650464415
Chetco (17100312),2012,624.6116724409252,1485.0134890140992,1417.2710805533313,67.74240846076809,125.21229521533094,2.377498779699077,2.269043540308438,0.10845523939063925,0.20046422559798277
Chetco (17100312),2013,656.0901013376462,1753.3572145190237,1624.3916268446249,128.96558767439907,250.13106832965292,2.672433574206124,2.4758666889392043,0.1965668852669201,0.38124499641083137
Chetco (17100312),2014,592.8417993715692,1666.750455165726,1546.8509778449375,119.89947732078802,228.02504362219017,2.8114590721041153,2.6092137556505763,0.20224531645353822,0.38463050996725234
Chetco (17100312),2015,661.5825052447982,1659.6607432037088,1434.6117998412828,225.04894336242612,422.22069283801113,2.508622477236762,2.168454861590466,0.340167615646296,0.6381980924386467
Chetco (17100312),2016,691.1554955280964,1781.6494551620292,1552.2009455090388,229.44850965299,437.3196162867289,2.5777838224388434,2.245805691413966,0.3319781310248768,0.632736944314655
Chetco (17100312),2017,701.182222209664,1797.0149509904866,1695.6178589494402,101.39709204104624,194.59205131063976,2.5628358707205674,2.418227110216758,0.1446087605038095,0.27751994438394906
Chetco (17100312),2018,678.1705351761765,1639.5342521079042,1415.9116818138261,223.622570294078,432.13161900006844,2.4175840250593943,2.0878401646364626,0.32974386042293163,0.6372019965270365
Chetco (17100312),2019,539.0192360220682,1327.4734462723789,1274.3431145719317,53.13033170044721,102.82866137078466,2.4627570920642063,2.3641885658413835,0.09856852622282293,0.1907699289725807
Chetco (17100312),2020,675.3481869460002,1791.6414174708068,1741.9626049819178,49.67881248888911,95.41929655278598,2.6529151215653797,2.5793548256333776,0.07356029593200249,0.14128903933877823
Chetco (17100312),2021,622.990526562,1637.766486582359,1539.2522547383878,98.51423184397143,182.05883327510836,2.6288786374015087,2.470747449777154,0.15813118762435513,0.29223371064694653
Chetco (17100312),2022,661.310279586,1593.3839592415416,1576.5514870424213,16.83247219912068,30.713474040390203,2.40943473650379,2.383981522303554,0.025453214200236402,0.04644336401305867
Chetco (17100312),2023,600.5699198652795,1387.8226620536664,1312.833950600176,74.98871145349091,146.6494550687071,2.3108427780815,2.1859801951031317,0.12486258297836904,0.2441838164349018
Chetco (17100312),2024,692.4377950322568,1845.4251732260557,1776.1482780421184,69.2768951839382,134.17066459404637,2.6651132946030014,2.5650654698294995,0.10004782477350327,0.19376565744479057
Clackamas (17090011),1985,2176.8886654119997,4616.537243812141,2935.5661737037403,1573.2815448103079,2393.288930306957,2.1207043415508857,1.3485146118614904,0.7227202611726343,1.0994080534908757
Clackamas (17090011),1986,2064.576917656445,4554.448813685504,3745.460527032553,721.783941692121,1083.4836378414614,2.2059961896965206,1.8141540259416067,0.34960380285149983,0.5247969347014457
Clackamas (17090011),1987,1231.9349015358011,2793.9717604792495,1992.4744990681195,703.9237508705695,1020.5801725329776,2.267954059095268,1.6173537226554633,0.5713968733193755,0.8284367715052666
Clackamas (17090011),1988,893.8175024475283,1617.3751897486586,1495.7036872269882,102.61239423072698,159.40283589211685,1.8095138944133697,1.6733882287282618,0.11480239976252965,0.1783393539012452
Clackamas (17090011),1989,1522.195298453243,2792.9656472538727,2547.3202685091737,230.05041385504808,337.20857016131515,1.8348274036136525,1.6734516727896853,0.15113068217252446,0.2215277964029746
Clackamas (17090011),1990,1502.3462702055438,3071.618699634601,2498.1833826141674,520.7161514786106,767.1850762165914,2.044547758762936,1.6628545842979183,0.3466019530952533,0.5106579564454398
Clackamas (17090011),1991,1779.6833708185109,3667.0529782200533,3464.574717729157,182.8311652935933,271.27090139938184,2.060508649093858,1.9467365794038587,0.10273241200737056,0.15242649667205638
Clackamas (17090011),1992,1719.9108237943387,3591.693001351298,2563.722549403518,902.9215202406043,1295.4854030827125,2.0883018768540413,1.4906136492284088,0.5249815907598315,0.7532282401855634
Clackamas (17090011),1993,2000.3058714432711,3519.7137286182083,3463.5242942680516,55.02209599780243,83.89070802353308,1.7595877604851733,1.731497339338924,0.027506841220289277,0.04193894004970541
Clackamas (17090011),1994,1397.3045630041538,2950.3567745612227,2356.81599514165,512.8650162915532,725.9526537482726,2.111462921310486,1.6866873962499498,0.3670388187875892,0.519537882412336
Clackamas (17090011),1995,1614.993448181273,3712.9916623963272,3335.7128284760206,339.8915299087812,500.4570541739812,2.299075371839878,2.0654652390277732,0.21046000545175617,0.30988178604536853
Clackamas (17090011),1996,1370.6026963244828,2472.905692846928,2325.0634204127855,136.35895098082173,201.83439923946392,1.8042469196058555,1.6963803052831141,0.09948831367871429,0.14725959592865176
Clackamas (17090011),1997,1557.0784486375205,2695.339793751867,2608.33625653189,83.55485282175214,135.40663658041308,1.7310237619115154,1.6751476194499024,0.053661299400081325,0.08696198749581115
Clackamas (17090011),1998,878.2107278586187,1778.1407159430182,1737.011657215211,38.60941471001562,59.721652040724685,2.02473126271042,1.9778984725575441,0.04396372474765677,0.06800378331331332
Clackamas (17090011),1999,1960.3991057392732,3944.841587497688,3478.7707044264343,424.89214124817266,689.4095305722834,2.0122645312114007,1.7745216748171175,0.21673757144872008,0.35166794789589784
Clackamas (17090011),2000,2128.4684642331445,4471.186101262464,3624.231243089074,763.9940563867203,1199.5584373240672,2.100658842917537,1.702741339132234,0.35894074505913626,0.5635782054004969
Clackamas (17090011),2001,2130.080606559743,4477.739290032001,3771.9260956562625,643.1746246225683,1011.3459776442322,2.102145466346422,1.7707903090804795,0.30194849088896625,0.47479235035975464
Clackamas (17090011),2002,2164.655273345895,4663.524609363285,3734.166274276648,873.2757837771367,1431.5210725364666,2.154395975556377,1.7250627941809733,0.4034248753277558,0.6613159564773439
Clackamas (17090011),2003,1794.8834611950958,3646.2353934808316,2439.8478575144236,1079.3488506344843,1723.4907144382018,2.031460800832741,1.3593349709121996,0.6013475938520355,0.9602242996270308
Clackamas (17090011),2004,2012.2435756583632,4280.072904889051,3592.0607760664325,632.2527449042412,1010.5033263711524,2.127015315970733,1.7851023700702768,0.3142028890301621,0.5021774394486698
Clackamas (17090011),2005,1985.4110505955675,4454.279282732675,3817.562968245349,576.9220225472695,939.6553443278432,2.24350483059743,1.9228073537216324,0.290580644433408,0.473280001159444
Clackamas (17090011),2006,1781.9834361251978,3873.04051204342,2891.8766607452885,871.0336959630946,1403.1551267500672,2.1734436098155236,1.6228414934279514,0.4888001079612156,0.7874119917753741
Clackamas (17090011),2007,1775.2447024906137,3768.931838757726,2559.9288228978876,1058.0885905813568,1707.7299979124532,2.1230491962432168,1.4420146244100243,0.5960240800025434,0.9619687897204033
Clackamas (17090011),2008,1785.3979768477893,3624.073130392954,2898.663940270575,649.8578905325933,1040.3272212149222,2.02984050468761,1.6235393888976581,0.3639848924215487,0.5826864568602641
Clackamas (17090011),2009,1843.3429307384156,3896.2941231172454,3002.783487629666,794.2319442489639,1290.4879999458697,2.113710942302227,1.6289879856629803,0.43086499587507926,0.7000802609359938
Clackamas (17090011),2010,1840.8545099409055,3873.350819106859,3797.3969265664987,72.01055248569298,122.94439573261587,2.104104804692686,2.062844676784588,0.03911800313214576,0.06678659017792916
Clackamas (17090011),2011,2095.766507361954,4111.499040862876,3887.8009152186332,213.68091851288324,385.6442982440343,1.9618115980096587,1.8550735024926046,0.10195836118301846,0.18401109898901097
Clackamas (17090011),2012,1768.6421915704768,3542.124523827537,2873.7802968662772,628.190907835681,1048.5774995423853,2.002736642102994,1.6248511488434447,0.3551825862968218,0.592871471991344
Clackamas (17090011),2013,1872.5770988669253,3887.5582848223494,3327.7250960537317,490.80593369218604,804.9280381280342,2.076047115589882,1.7770830894318315,0.26210185630763455,0.42985041236223964
Clackamas (17090011),2014,2021.7465317651493,4875.478711750349,3910.9131770733597,843.6849534692271,1345.7808695131437,2.4115182764743808,1.9344230919287466,0.41730500842389057,0.6656526168679352
Clackamas (17090011),2015,2160.364177735771,4822.720846981423,3370.2588736746434,1306.4645381411683,2111.860122377564,2.23236475437026,1.5600420097721375,0.6047427334730407,0.9775482042064578
Clackamas (17090011),2016,1849.2152822683063,4290.142086310588,3339.240219314454,826.5587295025821,1340.901790821757,2.319979792211193,1.8057606657989738,0.44697809791442933,0.725119353965626
Clackamas (17090011),2017,2209.18182981692,4727.448400869525,3629.811684023705,1013.7060741987613,1655.838486063657,2.1399091451251433,1.643057006459498,0.4588604072860627,0.7495256676997385
Clackamas (17090011),2018,2419.583091590283,5083.416476629763,3496.827678581162,1396.53260020613,2244.543976331345,2.1009472641374187,1.4452190919729295,0.5771790210718707,0.9276573241616214
Clackamas (17090011),2019,2603.272700477794,5629.98269181456,4652.997860877974,854.6708394591878,1315.7089074648322,2.1626557566486433,1.7873647505403416,0.3283063043308237,0.505405717665826
Clackamas (17090011),2020,2702.850502564,5932.479821113326,5217.23594229398,650.7237980554554,1056.0265993103503,2.194897503759682,1.9302717399074654,0.24075463938466463,0.3907084754811906
Clackamas (17090011),2021,2776.1808738370005,6020.133316860516,4283.632552922149,1572.7281856415607,2559.9173132665487,2.1684946300130656,1.5429947642430364,0.5665078239185006,0.9221003348130014
Clackamas (17090011),2022,3405.7807749220015,6766.8115213036135,5856.433671813075,806.5324332966185,1303.218815617733,1.9868605669308195,1.7195568531410241,0.23681278584793514,0.38264906103581464
Clackamas (17090011),2023,3012.3387676286475,5726.214417575412,4000.5331896556304,1619.7931337465564,2654.774735126268,1.900919803280679,1.3280489009557523,0.5377194461503673,0.8813001922808773
Clackamas (17090011),2024,3351.522944547333,7083.268822500975,6512.41592989788,545.2539544003787,888.5689054699943,2.1134478085626425,1.9431213921698118,0.1626884146168429,0.265123921325267
Coast Fork Willamette (17090002),1985,2311.261823187,4739.1746986855605,2884.8466748373166,1818.8024912277538,2716.6464305949494,2.050470721724945,1.2481695694949004,0.786930529886833,1.1753953634075798
Coast Fork Willamette (17090002),1986,2080.4173277163122,4644.676887170063,3229.9501942089487,1393.380882978349,2045.0343210904048,2.2325697951518966,1.5525491694276967,0.6697602756980843,0.982992351508268
Coast Fork Willamette (17090002),1987,1418.9291245113209,3206.811640224666,1922.7312121891405,1260.0441818494812,1863.2183721956794,2.2600224245373015,1.3550579651759063,0.8880247505550641,1.3131158843732746
Coast Fork Willamette (17090002),1988,1679.3008143149195,3217.02356375423,2740.658882727357,473.85345437704206,697.2048053622998,1.9156922549737663,1.632023791904981,0.2821730629424802,0.41517564894811804
Coast Fork Willamette (17090002),1989,2021.9795567493454,4080.6699857355143,2872.212679094836,1202.322760301667,1824.5972510469614,2.0181559067272876,1.4204954098113514,0.5946265659750747,0.9023816511677757
Coast Fork Willamette (17090002),1990,2168.8266091630676,4830.680637494102,3194.6718750165396,1602.3597306172842,2451.365157795458,2.227324497534739,1.4729955181845253,0.7388141236590701,1.130272538818315
Coast Fork Willamette (17090002),1991,2154.202561463226,4583.305798656265,3849.0147589310013,716.9822617665645,1070.2914539823716,2.127611340106795,1.7867469047648827,0.3328295465768826,0.49683881782007727
Coast Fork Willamette (17090002),1992,2299.252751214207,5561.502618147931,3380.8705024861874,2139.5865742399915,3188.248635551819,2.418830472296258,1.470421423090955,0.9305573617820408,1.3866455672905662
Coast Fork Willamette (17090002),1993,4878.665647906219,8330.073189559445,7973.467877957584,356.6053116018582,524.6452816294537,1.7074490835694938,1.6343542381059795,0.07309484546351373,0.1075386836264576
Coast Fork Willamette (17090002),1994,1544.5738114245564,3157.6310281198453,2584.7791050953306,562.0869683690677,831.3952057681299,2.044338059317198,1.673457808216621,0.363910720362827,0.5382683557228879
Coast Fork Willamette (17090002),1995,2449.3061559087205,5110.081128853859,4431.389521059627,675.236381561996,1018.3479406557731,2.08633825400972,1.8092427973405112,0.27568476073644443,0.4157699674248989
Coast Fork Willamette (17090002),1996,1727.4626155582055,3865.0277321384297,3272.292004809499,588.1115020784229,857.7313366544868,2.237401664920835,1.8942765969798445,0.34044817918585335,0.49652671434358236
Coast Fork Willamette (17090002),1997,2416.2034803964157,5763.008261380594,4832.302478440676,920.5916469751703,1348.3259341870255,2.385150219399189,1.9999567576352726,0.3810074997591399,0.5580349275739855
Coast Fork Willamette (17090002),1998,2080.7838391104847,3800.3366942045454,3515.0123392404657,277.14444106997496,416.13071592105854,1.8263966793538502,1.6892731831015662,0.13319232678606904,0.19998747976577444
Coast Fork Willamette (17090002),1999,2263.8365131659093,4975.857507095473,3487.744393486936,1471.2570857344385,2142.3785091016293,2.1979756392111907,1.5406343935187383,0.6498954660276808,0.9463485974548469
Coast Fork Willamette (17090002),2000,2415.8304510711678,5537.170139889535,3672.2561785674075,1836.59091687506,2671.505870336052,2.292035907335459,1.5200802593324156,0.7602317108225556,1.105833345693411
Coast Fork Willamette (17090002),2001,2728.0238648302975,5879.612143592091,3977.924392610144,1856.3056279525392,2731.409141899538,2.1552641893614246,1.4581706721460808,0.6804579871474162,1.0012409264863418
Coast Fork Willamette (17090002),2002,2473.2151872347727,5662.044360768899,3744.8698252733393,1866.8339554983083,2722.3503998811366,2.2893456218419312,1.5141706409543625,0.7548206743730856,1.1007333344596328
Coast Fork Willamette (17090002),2003,2408.41800093879,5135.140454966444,3142.4979885339553,1955.2583422221464,2859.384933391234,2.1321632926530154,1.3047975838533943,0.8118434347609077,1.1872461226733313
Coast Fork Willamette (17090002),2004,2182.5934640298283,5054.408121979687,3880.43021777269,1134.4255396048516,1653.788163046135,2.315780838382741,1.7778987620571645,0.5197603485489719,0.7577169959964352
Coast Fork Willamette (17090002),2005,2268.125909221981,5136.612125543789,4119.581358211747,991.003686449756,1456.0186361001622,2.264694435462696,1.8162930644466988,0.4369262228434632,0.641947887540163
Coast Fork Willamette (17090002),2006,2243.6314209658403,5129.270885762252,3786.7697737251656,1304.4974092619793,1889.4655966209539,2.2861468411572696,1.687786032206232,0.5814223303667312,0.842146164902422
Coast Fork Willamette (17090002),2007,2598.941225352175,5564.437320391838,3343.5027504494,2173.770878037124,3169.7489634741196,2.1410400766711515,1.2864864806614977,0.8364063245572484,1.2196308760482246
Coast Fork Willamette (17090002),2008,1768.5412921757209,3907.426664730071,2475.92230863968,1397.2566425122418,2053.4263773704306,2.2094065216441847,1.3999799267303024,0.7900616449804733,1.1610847801264703
Coast Fork Willamette (17090002),2009,2336.469665864084,4976.434704285306,3528.284983510351,1407.1817252437068,2075.528501776243,2.12989484819393,1.5100923564550128,0.602268347756741,0.8883181888041596
Coast Fork Willamette (17090002),2010,2025.8450237587258,4251.948166167872,4130.216121401736,121.73204476613643,189.83015342839087,2.0988516477330847,2.0387621328203025,0.060089514912782624,0.09370418329245271
Coast Fork Willamette (17090002),2011,2742.1673251172606,5754.126537196832,5126.454212289097,625.3806305014452,933.889622033682,2.098386369238345,1.869489934232908,0.22806071123858304,0.34056624243152156
Coast Fork Willamette (17090002),2012,2953.6188265572705,6017.280792765188,4897.490392424001,1117.3135980339434,1699.7156924662527,2.0372570551965614,1.6581321693877815,0.3782863204918967,0.5754688713328105
Coast Fork Willamette (17090002),2013,2610.4988565814515,5728.512928744255,4351.243768474431,1368.0482697862485,1980.5716622742723,2.194413115447966,1.6668246214719864,0.5240562608702921,0.7586947059106959
Coast Fork Willamette (17090002),2014,2553.581985932028,5898.070120681617,4243.780043897926,1620.1941436028494,2337.372477399673,2.309724204343057,1.6618930064816362,0.6344789995107587,0.9153308921650145
Coast Fork Willamette (17090002),2015,2394.6601492568975,5550.378325633846,3461.624470696465,2060.2095167086213,2938.4297413697336,2.317814629084724,1.4455598101345044,0.8603348234395342,1.227075893120607
Coast Fork Willamette (17090002),2016,2241.7945277360436,5002.7914415446985,3361.6939587198544,1624.4320492398872,2276.3438911513826,2.2316012371557292,1.4995548954768756,0.724612371536288,1.0154114763810356
Coast Fork Willamette (17090002),2017,3497.977852181438,7710.852751525777,5831.01348254626,1864.430110112338,2748.1395046301986,2.204374377818622,1.6669669531812146,0.5330022627071886,0.7856366222891839
Coast Fork Willamette (17090002),2018,4196.0483005599535,8271.354579291987,6083.071958180612,2171.3519711102763,3213.608994586136,1.9712248255550806,1.4497144747759074,0.5174754472727385,0.7658655869517247
Coast Fork Willamette (17090002),2019,4611.22895362449,9358.13426768309,7377.110164636627,1973.072134023279,2922.387361854699,2.0294230370685598,1.5998143312398565,0.4278842264972371,0.6337545568102104
Coast Fork Willamette (17090002),2020,5826.003573786,13323.60506319809,10375.902234266383,2925.36110082938,4546.243913642848,2.286920166535327,1.7809639322832844,0.502121405141595,0.7803366160121481
Coast Fork Willamette (17090002),2021,4246.652813590001,9255.72921407378,5153.767452976984,4067.7290927166214,6229.601357996114,2.17953518226258,1.213606969819634,0.9578671182393829,1.4669438806158923
Coast Fork Willamette (17090002),2022,6144.849957791997,13425.713218033396,11063.378330932857,2347.9024505749253,3597.1447126937232,2.1848724232898276,1.8004309961879383,0.38209272263802957,0.5853917894500177
Coast Fork Willamette (17090002),2023,6249.726600027935,12498.363942483595,8109.416708713121,4351.9782890226115,6744.034989934219,1.9998257111643458,1.2975634340031568,0.6963469872431154,1.0790928022201922
Coast Fork Willamette (17090002),2024,6611.928946663996,14702.981190345377,11756.263340624873,2921.3986987840476,4571.520254172634,2.223705261951381,1.7780383660287846,0.44183758209592067,0.6914049275255996
Coos (17100304),1985,3367.1687750040023,6866.223561089076,6116.052750617175,750.1708104718994,1500.3416209437987,2.0391682211061473,1.8163784352062675,0.22278978589987894,0.4455795717997579
Coos (17100304),1986,3350.5963180393783,7913.561722550361,7442.055225197956,471.5064973524073,943.0129947048146,2.361836810941471,2.221113652256599,0.1407231586848732,0.2814463173697464
Coos (17100304),1987,3343.80812073332,8550.471508696926,7252.171875620072,1298.299633076856,2596.599266153712,2.5571059103779405,2.168836133464985,0.3882697769129558,0.7765395538259116
Coos (17100304),1988,3355.480603608523,7053.383460473114,6925.073524865844,128.3099356072698,256.6198712145396,2.102048646291629,2.063809731881191,0.0382389144104376,0.0764778288208752
Coos (17100304),1989,3352.6312260403784,7335.248651470036,7148.690575138252,186.5580763317858,373.1161526635716,2.1879079913400807,2.1322627193868877,0.05564527195319362,0.11129054390638723
Coos (17100304),1990,3359.401427199923,7716.105590019822,7248.711114209518,467.3944758103033,934.7889516206066,2.2968691766173452,2.1577388922678864,0.13913028434945887,0.27826056869891774
Coos (17100304),1991,3339.833359256414,7886.911536985714,7366.71807031065,520.1934666750628,1040.3869333501257,2.3614685790016985,2.205714261130318,0.15575431787138014,0.3115086357427603
Coos (17100304),1992,3334.304717220616,8319.352175099335,7454.477564219388,864.8746108799471,1729.7492217598942,2.495078548799858,2.2356917547815587,0.2593867940182991,0.5187735880365982
Coos (17100304),1993,3342.8274337116954,7629.164003697842,7478.803036343259,150.36096735458383,300.72193470916767,2.2822488312616334,2.237268654947946,0.04498017631368758,0.08996035262737516
Coos (17100304),1994,3344.637522148403,7523.540319059793,6935.451458224498,588.0888608352946,1176.177721670589,2.249433688774472,2.0736033164423637,0.17583037233210852,0.35166074466421704
Coos (17100304),1995,3350.025860393096,8481.203273722274,7956.078055627706,525.1252180945722,1050.2504361891445,2.531682926390031,2.374930339998668,0.15675258639136397,0.31350517278272794
Coos (17100304),1996,3344.77073313233,8699.397478791665,7957.45614378084,741.9413350108307,1483.8826700216614,2.6008950008495213,2.3790737179551904,0.22182128289433256,0.4436425657886651
Coos (17100304),1997,3352.071873943044,8190.1489448816,8017.964485947375,172.18445893422293,344.36891786844586,2.443309467361606,2.3919428900895965,0.05136657727200886,0.10273315454401773
Coos (17100304),1998,3338.1817281137073,8306.895746460374,7632.147922710345,674.7478237500306,1349.4956475000613,2.48844922866267,2.286318883850284,0.20213034481238612,0.40426068962477224
Coos (17100304),1999,3355.0410253912682,8222.307558046985,7298.78742651504,923.5201315319473,1847.0402630638946,2.4507323444988547,2.175468905231598,0.27526343926725766,0.5505268785345153
Coos (17100304),2000,3360.473722801913,8681.877417291997,7751.335670009379,930.5417472826227,1861.0834945652455,2.5835278396562424,2.306619932009595,0.27690790764664897,0.5538158152932979
Coos (17100304),2001,3354.737568099039,8424.113065097166,7871.1088909070795,553.0041741900856,1106.0083483801711,2.5111094069485405,2.3462666545828323,0.16484275236570747,0.32968550473141495
Coos (17100304),2002,3349.208926063241,8482.642270422917,7317.557001327368,1165.0852690955448,2330.1705381910897,2.5327301036408216,2.1848613099000187,0.3478687937408015,0.695737587481603
Coos (17100304),2003,3350.4020892974413,8380.113615055901,7260.43587796047,1119.677737095433,2239.355474190866,2.5012262384343127,2.1670341900613304,0.3341920483729828,0.6683840967459656
Coos (17100304),2004,3356.510066873956,8677.42894390244,7937.634575919848,739.794367982594,1479.588735965188,2.585253364660412,2.364847540383654,0.2204058242767591,0.4408116485535182
Coos (17100304),2005,3347.3704251803692,8535.605424973684,8383.179135039787,152.4262899338982,304.8525798677964,2.5499434901991025,2.5044073616645126,0.04553612853458992,0.09107225706917985
Coos (17100304),2006,3358.1598680761763,8685.875414735447,7525.180412998894,1160.6950017365505,2321.390003473101,2.5864984860626703,2.2408642556108926,0.3456342304517771,0.6912684609035542
Coos (17100304),2007,3356.510066873956,8493.16384798942,7899.879044565891,593.28480342353,1186.56960684706,2.53035554155195,2.3535990916670615,0.17675644988488845,0.3535128997697769
Coos (17100304),2008,3349.180513617077,8485.0135007605,7534.944165283156,950.0693354773509,1900.1386709547019,2.53345959295481,2.249787413562102,0.28367217939270967,0.5673443587854193
Coos (17100304),2009,3342.8274337116954,8645.999008587232,7811.014398029926,834.9846105573059,1669.9692211146119,2.586432946371743,2.336649005347248,0.24978394102449494,0.4995678820489899
Coos (17100304),2010,3349.0029434671974,8301.752893129466,8072.510923539574,229.24196958989035,458.4839391797807,2.478872976007218,2.410422164389669,0.06845081161754904,0.13690162323509808
Coos (17100304),2011,3374.0265784494322,8071.845376096268,7271.207922509399,800.6374535868657,1601.2749071737314,2.3923478930642466,2.155053540168304,0.23729435289594153,0.47458870579188306
Coos (17100304),2012,3380.8486517723536,8209.962059391417,7855.322733497132,354.63932589428475,709.2786517885695,2.4283731408939233,2.323476600876265,0.10489654001765829,0.20979308003531658
Coos (17100304),2013,3367.925680745423,9976.121663091124,9139.849781353016,836.2718817381066,1672.5437634762131,2.9620967351284038,2.7137920036674004,0.24830473146100257,0.49660946292200514
Coos (17100304),2014,3387.949962609206,9750.272602428027,8782.845970382195,967.426632045839,1934.853264091678,2.877926979452472,2.592377711392806,0.2855492680596682,0.5710985361193364
Coos (17100304),2015,3363.704565891226,9053.67617850866,8118.4140432169,935.2621352917614,1870.5242705835228,2.6915788830907195,2.4135336157460356,0.2780452673446844,0.5560905346893688
Coos (17100304),2016,3362.038708909754,9093.45900125096,8615.315923856126,478.14307739483183,956.2861547896637,2.70474547992334,2.5625272847170493,0.14221819520629037,0.28443639041258073
Coos (17100304),2017,3375.3227661812903,8711.536408061433,8353.831617071824,357.70479098960885,715.4095819792177,2.580949145173849,2.4749726754348376,0.10597646973901173,0.21195293947802346
Coos (17100304),2018,3375.024235137541,8885.212740831032,8337.604941303634,547.6077995273951,1095.2155990547901,2.632636722523842,2.4703837248042326,0.16225299771960855,0.3245059954392171
Coos (17100304),2019,3356.370086385868,8865.10563689306,8757.691805761333,107.41383113172616,214.8276622634523,2.641277752072623,2.6092747761292308,0.03200297594339161,0.06400595188678322
Coos (17100304),2020,3359.497371776002,9194.29279346826,9080.918069886153,113.37472358210736,226.74944716421473,2.7368060682862465,2.703058542678816,0.03374752560743088,0.06749505121486175
Coos (17100304),2021,3385.8386942520024,8976.77039289335,8839.003525053964,137.76686783938646,275.5337356787729,2.6512693614532905,2.610580220510674,0.04068914094261713,0.08137828188523426
Coos (17100304),2022,3393.551052384002,8564.937500998094,8520.300942722653,44.636558275440855,89.27311655088171,2.523886444844006,2.51073309674745,0.013153348096556038,0.026306696193112076
Coos (17100304),2023,3374.2393410485274,8879.889519388626,8769.597420146594,110.2920992420295,220.584198484059,2.63167150337037,2.598984995955114,0.03268650741525549,0.06537301483051099
Coos (17100304),2024,3406.7738727464734,9158.333839573688,9086.676966003286,71.65687357040166,143.31374714080332,2.6882717144329926,2.667238069040898,0.021033645392094458,0.042067290784188915
Coquille (17100305),1985,17283.876472317006,35487.07517051874,28337.393166950787,7111.66087681606,14094.145282213498,2.0531895855282913,1.6395276379310983,0.4114621443983683,0.8154504751748028
Coquille (17100305),1986,17399.369585413468,39450.302944556526,33771.40643932044,5669.607715260475,11304.33707943777,2.2673409373193136,1.9409557497779835,0.32585132969492847,0.6496980838268194
Coquille (17100305),1987,17135.729278676074,42990.77555300446,28603.0070814577,14335.912568904901,28489.896995347084,2.508838395719915,1.6692027877127855,0.8366094220888923,1.6626019547822972
Coquille (17100305),1988,15855.613574104093,29899.765660735815,29448.813868038,444.8019026228143,871.7138529438714,1.885752671821486,1.8573115275800343,0.028053275929307418,0.05497824785333966
Coquille (17100305),1989,16847.99414736952,35241.07129925021,32958.95563657447,2272.7502019523095,4508.281893407415,2.091707237727905,1.9562539818261009,0.13489737603613508,0.26758567542067274
Coquille (17100305),1990,17247.918732719078,37972.97082244946,32815.240590491165,5144.11758584152,10235.701274948347,2.2015972715835694,1.902562338042623,0.29824569941202217,0.5934455880483339
Coquille (17100305),1991,17112.96764922554,37446.936559023525,32539.983999793207,4891.534056146281,9726.733270283523,2.188219911741504,1.9014810678535836,0.285837860294655,0.5683837817997461
Coquille (17100305),1992,16430.127120277313,39009.36750353623,30510.863721645208,8466.535928747106,16822.212041359267,2.3742584106602957,1.8570071611917167,0.5153055643920182,1.0238637789112455
Coquille (17100305),1993,17112.52912191234,37541.090804375395,35816.06555703468,1724.2193830038639,3438.070598920865,2.1937780521468673,2.0929732421125724,0.10075771796911227,0.20090955430535787
Coquille (17100305),1994,16244.106732328739,34830.91079328212,29328.621869572642,5489.2860544099185,10937.73433550656,2.144218292038321,1.8054930537487377,0.3379247714178852,0.6733355373575866
Coquille (17100305),1995,17290.176503887786,42691.60375177494,37760.90372501385,4918.868360242714,9791.664078420856,2.4691248086551063,2.1839513157383394,0.2844891929898275,0.5663137143926292
Coquille (17100305),1996,17223.342403766732,41844.87590812877,35675.3491044954,6153.119763307156,12246.233030041301,2.429544447712851,2.071337157919663,0.3572546848956259,0.7110253482136579
Coquille (17100305),1997,17553.682164849564,40724.31479232963,37698.10809877865,3021.233856451973,6012.058120193489,2.319987020949837,2.1475897617804294,0.17211396606586932,0.3424955552762803
Coquille (17100305),1998,16894.967511288145,36963.989692885225,31633.27911687462,5325.97693472435,10613.179783819476,2.1878698297696184,1.8723492126125292,0.3152404366072838,0.6281858652127281
Coquille (17100305),1999,17236.10987745428,40581.57073118247,32477.75632381903,8079.508813436988,16089.605276232298,2.354450686361965,1.8842857555869732,0.4687547753455321,0.9334824035485136
Coquille (17100305),2000,17442.58111992441,43437.062636086135,34919.990134702784,8488.560737833863,16880.605757209574,2.490288698526883,2.0019967168055297,0.4866573748157893,0.9677814103972893
Coquille (17100305),2001,17576.43579613984,42013.16725096569,37349.350052982045,4644.796235968296,9228.750075051576,2.390312105267251,2.1249672280647913,0.2642626918131145,0.5250637946220249
Coquille (17100305),2002,17380.674774848947,41177.941062479666,31235.772606141207,9914.905046366823,19733.25945799594,2.3691796547546606,1.7971553470030723,0.5704557029462621,1.1353563491419418
Coquille (17100305),2003,17098.480014033557,40722.729574298144,30568.90748472,10125.950679138588,20138.05679277091,2.3816578749032082,1.7878143238247262,0.5922134991430658,1.1777688295241813
Coquille (17100305),2004,17193.592159895787,42247.480211665206,36624.58854112094,5607.048662157057,11143.65080599769,2.4571642632194015,2.1301301206008674,0.3261126941951985,0.6481281341539762
Coquille (17100305),2005,17359.985392311988,42791.39026455676,41453.05978775832,1336.8792047061831,2653.588118187463,2.4649439096594676,2.3878510753883555,0.07700923557794184,0.15285658704313346
Coquille (17100305),2006,17162.552765111363,41740.350090506574,33263.125706901345,8450.302846453545,16792.948014756697,2.4320595346024407,1.9381222689971733,0.4923686448109058,0.9784644653150893
Coquille (17100305),2007,17503.74368933677,40708.52332616609,34819.81767689959,5871.861567601616,11672.33539540781,2.3257038064928706,1.9892783106800016,0.33546318272351855,0.6668479385080669
Coquille (17100305),2008,17246.22741729628,40695.56232820543,33497.803278252366,7170.400493370144,14235.610152501244,2.359679096391351,1.942326426975986,0.4157663191996955,0.8254332850919222
Coquille (17100305),2009,17289.40729612381,41529.11757248204,34214.37218840883,7288.643556036868,14480.12075023656,2.4019977585809227,1.9789210585651196,0.42156699944658843,0.8375140050915987
Coquille (17100305),2010,17053.203528960436,39785.40468037274,38413.778522126304,1367.8074512090652,2709.464794575059,2.3330164688885326,2.2525842993013296,0.08020824057404813,0.15888303860173467
Coquille (17100305),2011,17343.001513635238,37260.76944213957,30218.228539108903,7025.470961414468,13978.854119460724,2.148461407493091,1.7423874705512212,0.4050896816154328,0.8060227699611519
Coquille (17100305),2012,17605.08949925374,39793.84478335657,36662.91228456081,3123.7449811381866,6200.535090503931,2.2603602659925923,2.0825178018046944,0.17743420056288828,0.3522012819512656
Coquille (17100305),2013,17495.821693609956,45210.84028269109,38233.27763726971,6952.194618784277,13814.635688807623,2.5840935667059046,2.185280480495166,0.39736313849857335,0.7895962779417887
Coquille (17100305),2014,17548.507248529462,45963.85007968069,37866.69354217713,8066.889743083558,16030.278473114415,2.6192455819016964,2.1578298943547063,0.45969093717413206,0.9134838790608658
Coquille (17100305),2015,17180.776081584376,42924.2441846198,34477.40139593906,8416.000425132124,16706.355475964185,2.498387964594287,2.00674295690836,0.48984984061069364,0.9723865439275057
Coquille (17100305),2016,17716.210418070903,44194.98370768614,34042.589309653195,10120.241786467685,20121.106359340683,2.4946070669044627,1.9215502924332535,0.5712419048796591,1.1357455056424899
Coquille (17100305),2017,18020.303188299928,43659.67570870005,36846.805118630386,6804.919041147396,13541.60116325583,2.4228047248975835,2.0447383561534065,0.37762511374201724,0.7514635587290234
Coquille (17100305),2018,18159.48537689475,43894.84481355011,33026.99948890386,10839.669543554599,21567.749816252966,2.417185504023136,1.8187189120968048,0.5969150181616087,1.187685078548246
Coquille (17100305),2019,18039.82446543573,44035.47044405948,40783.205891052465,3244.0018325461733,6445.640818646367,2.441014352907444,2.260731858516307,0.17982446773590702,0.35730063953760766
Coquille (17100305),2020,18153.346830536022,46956.228792400274,41920.252959503036,5032.28995578139,10021.71479698835,2.5866430708752,2.3092299921790915,0.27721003750760154,0.5520587961295749
Coquille (17100305),2021,17954.868121687006,44504.14300583109,39694.65183238469,4806.678171947998,9572.94153467662,2.4786672173924917,2.2108016368239998,0.2677089098828965,0.5331669088181064
Coquille (17100305),2022,18335.969670724022,44183.46647866715,41403.39113758345,2777.4912216806188,5520.959007020183,2.409660752723229,2.258042082371561,0.15147773865023773,0.30109992032955735
Coquille (17100305),2023,18267.57671999464,44635.85359197066,38555.185406395365,6072.810263404229,12086.57073919214,2.443446893704014,2.1105801824384884,0.3324365544750815,0.6616406173875747
Coquille (17100305),2024,18509.58181732648,45286.61108015689,40156.637249868094,5122.0228339555915,10196.927727572229,2.4466577109681062,2.1695053754417186,0.2767227744259981,0.5508999516146319
Crooked-Rattlesnake (17050109),1985,1458.958398595,2941.3409264843754,742.5127127523136,2198.828213732062,4057.115540969624,2.0160553784925828,0.5089334373532275,1.5071219411393555,2.780830176430452
Crooked-Rattlesnake (17050109),1986,1506.1284343461575,3507.7179940344186,958.3886290127069,2549.329365021711,4710.285889282872,2.328963396509537,0.636325964743348,1.6926374317661887,3.127413162030705
Crooked-Rattlesnake (17050109),1987,966.0227971791819,2096.136108523487,607.0113737823674,1489.12473474112,2649.016548885221,2.169861948024698,0.6283613342820278,1.5415006137426701,2.7421884417432336
Crooked-Rattlesnake (17050109),1988,789.6988513448853,1794.8125520450815,356.4458833847204,1438.3666686603613,2627.5180493833263,2.2727810088471725,0.45136938312330116,1.8214116257238713,3.327240561270375
Crooked-Rattlesnake (17050109),1989,1679.9976254350845,3311.6050324975595,1113.8689832902785,2197.736049207282,4151.038074145792,1.9711962578756161,0.6630181890892909,1.3081780687863258,2.4708594889059796
Crooked-Rattlesnake (17050109),1990,725.7832137335811,1621.409343685316,346.68712728782157,1274.7222163974945,2407.762487987614,2.2340132879960755,0.477673113303889,1.7563401746921867,3.3174678642697986
Crooked-Rattlesnake (17050109),1991,1240.19023313474,2710.226916239374,919.7221389894472,1790.5047772499274,3240.130152584061,2.1853316078686795,0.7415976310865885,1.4437339767820914,2.6126073774941894
Crooked-Rattlesnake (17050109),1992,651.5419141854517,1493.3412292918288,333.0423620597836,1160.2988672320446,2183.387734618029,2.29201099235309,0.5111603026739245,1.7808506896791645,3.351108634887548
Crooked-Rattlesnake (17050109),1993,1683.8005206545085,3140.9472797578496,1439.5191880723544,1701.428091685496,3226.7238194442893,1.8653915598843829,0.8549226410221088,1.0104689188622744,1.9163337817415762
Crooked-Rattlesnake (17050109),1994,1004.1270713871671,2174.2486583850523,454.59853693808907,1719.6501214469636,3079.7994764915074,2.165312260112062,0.4527300875476615,1.7125821725644006,3.067141165945133
Crooked-Rattlesnake (17050109),1995,1670.2645675496183,3595.131078849283,1446.0704217902803,2149.060657059001,3961.6120526580457,2.1524321048871697,0.8657732732196763,1.2866588316674923,2.371847029282299
Crooked-Rattlesnake (17050109),1996,1721.0309504072943,3668.5316291981576,1232.190471515184,2436.341157682973,4542.34507403515,2.1315895732903427,0.7159606695182195,1.415628903772123,2.639316319651411
Crooked-Rattlesnake (17050109),1997,1821.5168100748274,4035.052803787089,1226.8733744091503,2808.179429377941,5330.9667283235185,2.215215792393006,0.6735449091786041,1.5416708832144028,2.926663481137198
Crooked-Rattlesnake (17050109),1998,1825.4925948827722,3840.513414510013,1798.4575426064487,2042.0558719035637,3944.2868933049926,2.1038230586504456,0.9851902700936129,1.1186327885568326,2.1606698949980037
Crooked-Rattlesnake (17050109),1999,991.0714541689961,2136.146996143671,507.95421389301913,1628.1927822506525,2934.2385743677214,2.155391508006665,0.5125303647444208,1.6428611432622449,2.960673079649996
Crooked-Rattlesnake (17050109),2000,892.834127636838,2036.3778662666641,559.0789155735154,1477.2989506931485,2705.06348583155,2.2808020025584916,0.6261845266301489,1.6546174759283425,3.029749202118134
Crooked-Rattlesnake (17050109),2001,1146.7757654559848,2769.3069969767857,561.7678043298257,2207.539192646961,3968.538893702461,2.4148635508317047,0.489867174779765,1.9249963760519406,3.4606058248226734
Crooked-Rattlesnake (17050109),2002,1109.5918889007532,2640.7111119580004,529.2768401102478,2111.434271847753,3915.824798121183,2.3798940298437934,0.4770013600537311,1.9028926697900626,3.5290676124178404
Crooked-Rattlesnake (17050109),2003,1291.1908947172205,3233.983833031984,749.2813783345271,2484.7024546974553,4644.225318528174,2.5046519815648547,0.5803025574298405,1.9243494241350128,3.596854142582295
Crooked-Rattlesnake (17050109),2004,1215.1555614152217,2847.8006734901683,811.7763883647624,2036.0242851254056,3738.620959846184,2.343568810378071,0.6680431824048382,1.675525627973233,3.076660370538919
Crooked-Rattlesnake (17050109),2005,1441.1585741007093,3418.931011143148,1159.584918689398,2259.34609245375,4165.8145871708375,2.3723489368798845,0.8046199353273703,1.567729001552514,2.8906011191518797
Crooked-Rattlesnake (17050109),2006,1389.5403393941156,3375.19960331408,839.0016771975925,2536.1979261164865,4731.1636348315915,2.429004403561091,0.6037979995337338,1.8252064040273568,3.4048407956940148
Crooked-Rattlesnake (17050109),2007,1004.6162640011244,2295.979052694969,520.4965893322756,1775.4824633626927,3298.425778883178,2.285428909492948,0.5181048804239675,1.7673240290689796,3.283269340819159
Crooked-Rattlesnake (17050109),2008,1159.7610848743639,2586.1779342923305,567.4442668839337,2018.7336674083974,3690.586218922136,2.229923014335741,0.4892768642477813,1.7406461500879602,3.182195253017939
Crooked-Rattlesnake (17050109),2009,1408.0704124326148,3348.731606517485,1125.7194700545635,2223.0121364629213,4128.585059210813,2.3782415829135557,0.7994766881790696,1.578764894734486,2.9320870765817557
Crooked-Rattlesnake (17050109),2010,1353.4271874801095,3203.0367254372195,917.8760374388778,2285.160687998342,4289.102840358838,2.3666117801289497,0.6781864927272767,1.688425287401673,3.1690680370804007
Crooked-Rattlesnake (17050109),2011,2142.1416576133774,4597.772167099899,1814.9139200146342,2782.858247085265,5289.971719415935,2.146343660681344,0.8472427178493335,1.2991009428320106,2.469478010763138
Crooked-Rattlesnake (17050109),2012,1224.2866422948555,2965.037914734846,630.6051251633448,2334.4327895715,4281.625767268623,2.4218494364824985,0.5150796417914938,1.9067697946910038,3.4972412663450774
Crooked-Rattlesnake (17050109),2013,981.7422112697467,2271.5362530571774,538.3904581310677,1733.1457949261103,3187.365915990541,2.3137807735894964,0.5484030858108206,1.7653776877786764,3.2466424275147827
Crooked-Rattlesnake (17050109),2014,1019.126589203376,2508.12113535707,521.5518705744933,1986.5692647825767,3788.7062266341363,2.4610496496981806,0.5117635788329067,1.9492860708652737,3.7176011957412145
Crooked-Rattlesnake (17050109),2015,1372.0131483030448,3415.931776192494,1224.0145418672712,2191.917234325223,4158.542185824587,2.489722332776068,0.8921303293493772,1.597592003426691,3.030978377261196
Crooked-Rattlesnake (17050109),2016,1379.3896160899885,3414.4285461433797,824.1798021968295,2590.24874394655,4860.556686032892,2.475318435281471,0.5974960175016003,1.8778224177798708,3.523701084404712
Crooked-Rattlesnake (17050109),2017,1426.3862019860956,3363.450544641746,1070.514529905452,2292.9360147362936,4272.19618355021,2.3580223504395152,0.7505081922517696,1.6075141581877452,2.9951188378025653
Crooked-Rattlesnake (17050109),2018,1278.027507380401,3109.5849508202937,752.0750102260106,2357.5099405942824,4332.020155567932,2.433112693477211,0.5884654327726906,1.8446472607045201,3.3896141754001543
Crooked-Rattlesnake (17050109),2019,1449.7912805894987,3649.7104516905597,1292.1062217948056,2357.6042298957555,4324.288434580512,2.5174040570905856,0.8912360276228335,1.6261680294677532,2.982697228543281
Crooked-Rattlesnake (17050109),2020,1489.4591319959998,3845.439843415351,1037.4056761843635,2808.034167230986,5171.8800600233035,2.5817692884679153,0.6964982481890276,1.8852710402788866,3.4723208908005097
Crooked-Rattlesnake (17050109),2021,1471.9744791859998,3996.7792030678893,1084.2340035628556,2912.5451995050344,5336.456130456127,2.7152503386322997,0.7365847838356788,1.9786655547966214,3.6253727261679023
Crooked-Rattlesnake (17050109),2022,1476.5027789759997,4025.4429440007566,836.7554860915644,3188.6874579091923,5853.737504128496,2.726336178515374,0.5667144674606575,2.1596217110547165,3.9645963336338883
Crooked-Rattlesnake (17050109),2023,2086.071460835998,4948.218781652818,1955.0866517922043,2993.132129860614,5549.678660326039,2.3720274566576003,0.9372098168720925,1.4348176397855081,2.660349256732553
Crooked-Rattlesnake (17050109),2024,1587.7647850486444,4025.586396209225,1205.4988610250334,2820.087535184192,5106.792348701062,2.535379568886139,0.7592427243485568,1.7761368445375822,3.2163406045969243
Donner und Blitzen (17120003),1985,32254.116159645004,72014.73349492229,22128.055500928254,49831.58497425231,99538.13293864625,2.23273002237848,0.6860536928497191,1.5449682368478446,3.08605985189525
Donner und Blitzen (17120003),1986,32417.601799738964,77071.79749138559,30147.219112047427,46859.31290383057,93589.01551980188,2.37746758589669,0.9299645081176295,1.4454898049925424,2.88698146451276
Donner und Blitzen (17120003),1987,32798.69207824946,75278.6836939616,26800.925354083498,48444.12637839255,96632.48280361088,2.2951733414968354,0.8171339665052254,1.4770139694234454,2.9462297634634327
Donner und Blitzen (17120003),1988,26594.745637379092,56373.23021620841,17976.77126620939,38346.358028345065,76692.71605669013,2.119713081104843,0.6759519910934181,1.4418772245916502,2.8837544491833005
Donner und Blitzen (17120003),1989,32488.013251330114,80561.7985927823,32539.17780192741,47995.84965508533,95442.7757430166,2.479739157009977,1.0015748747146058,1.4773402511192433,2.9377843146228404
Donner und Blitzen (17120003),1990,25962.20879573475,57913.657102022116,16564.133102265212,41312.83709575818,82434.05833452818,2.2306906765011676,0.638009394061513,1.5912681937349389,3.17515581910238
Donner und Blitzen (17120003),1991,33406.97668844343,80555.99238091605,28917.82188458167,51595.09411912568,103007.15668263142,2.411352369063167,0.8656222367642533,1.5444406897489205,3.083402537239025
Donner und Blitzen (17120003),1992,23717.469632143504,51278.73660143636,15484.968036262655,35753.04337774538,71506.08675549076,2.1620660802676848,0.6528929213964878,1.507456062230621,3.014912124461242
Donner und Blitzen (17120003),1993,33020.71295078498,77333.88024414782,38160.20163596683,39154.21988447457,78123.9726572677,2.341980936614193,1.1556443888065617,1.1857472593893157,2.365908112695989
Donner und Blitzen (17120003),1994,32824.495897392146,81220.21350754942,21039.17796781395,60125.659755585526,119550.0642479123,2.474378091332767,0.6409596672430689,1.831731397902821,3.642099017198018
Donner und Blitzen (17120003),1995,32772.819094838145,76416.368562568,32721.83949511622,43651.81412911861,86927.33203288766,2.3316995813339685,0.9984444548522237,1.3319517616961414,2.6524215625557543
Donner und Blitzen (17120003),1996,33420.30493628376,79436.01849142852,34384.7557568237,45006.571749265844,89607.88715564225,2.3768789256374023,1.0288582292225843,1.3466834559131475,2.6812408602040234
Donner und Blitzen (17120003),1997,33437.486678823334,82165.70740133787,33988.86984892528,48126.024856454766,95749.0399987186,2.4572931629270793,1.0164899705351105,1.4392835597579166,2.8635238323506678
Donner und Blitzen (17120003),1998,33550.55321691051,82767.42427735339,41391.868216825496,41342.51561900877,82327.83907210815,2.466946632511444,1.233716414427489,1.2322454223547905,2.453844457939143
Donner und Blitzen (17120003),1999,32913.72497334154,70635.60844109635,24258.230575005735,46331.45147443113,92037.47534165638,2.1460836929976064,0.7370247698992952,1.4076635662465211,2.796325101950694
Donner und Blitzen (17120003),2000,31991.414511120347,74967.66961803258,23903.582166351265,51011.68470732405,101330.61910837937,2.3433683931660325,0.747187410486094,1.5945429574422907,3.1674316580517696
Donner und Blitzen (17120003),2001,29684.167358988077,71470.45564147564,19219.97114224007,52191.644813094405,103684.05749799608,2.4076961559049788,0.6474822389256085,1.7582317260885298,3.492907725660075
Donner und Blitzen (17120003),2002,27891.745935679017,66683.92430839951,16125.232176142981,50510.6248128277,100496.33672582674,2.3908121227756376,0.5781363494895329,1.810952420451195,3.6030851907794057
Donner und Blitzen (17120003),2003,30296.97581115001,72943.51396127207,25057.515209599773,47837.63198232498,95246.5234456636,2.4076169983416995,0.8270632476914745,1.5789573282994005,3.143763392074618
Donner und Blitzen (17120003),2004,21965.04508437388,51330.24993046744,18293.49283573737,32981.32134203597,65600.37482387845,2.336906194969944,0.8328456766406328,1.5015367013974017,2.986580476930007
Donner und Blitzen (17120003),2005,33033.100118324226,74949.58980165896,34622.371647487525,40282.086931762096,80172.24564173995,2.2689238834136156,1.0481114858572325,1.21944615514354,2.4270275982140275
Donner und Blitzen (17120003),2006,33350.05033874494,77747.30022938977,31475.006266842876,46221.2204568189,92029.1577481801,2.3312498613852357,0.9437768743118297,1.385941549932855,2.7594908197563885
Donner und Blitzen (17120003),2007,29687.851624127037,70280.22624005195,19408.253125050942,50808.997069618905,100726.4768308098,2.3673058977071912,0.6537439411505963,1.7114406833105738,3.392851665593422
Donner und Blitzen (17120003),2008,30366.918160499077,65122.336579203205,18031.18287436558,47042.380621491364,93424.79945520837,2.1445158259066788,0.5937771748540596,1.5491325254955746,3.0765321314934826
Donner und Blitzen (17120003),2009,30438.400683459684,66708.27461888774,30963.561928015697,35701.23681194923,70946.969617786,2.1915827744240586,1.0172532469763231,1.1729012040816384,2.330837626969632
Donner und Blitzen (17120003),2010,33473.03759175194,77779.93795045561,26954.192427561353,50780.724572630155,100972.77219915527,2.3236593851769607,0.8052508635846992,1.5170635301154438,3.0165404595379735
Donner und Blitzen (17120003),2011,33473.03759175194,84756.76491723393,33680.609324750265,51030.845930224285,101488.08836735672,2.5320906321964265,1.00620116212726,1.5245358533818498,3.031935422328217
Donner und Blitzen (17120003),2012,31477.188321493824,64631.46485842592,21144.655240213273,43464.34085503922,86211.48373028368,2.0532794796761786,0.6717453612518147,1.3808203074275256,2.7388559247972983
Donner und Blitzen (17120003),2013,26704.233684213996,58368.95989698005,22198.843068304137,36135.909692947185,71568.92869974743,2.18575678250915,0.8312855306320516,1.3531902888607754,2.680059257497243
Donner und Blitzen (17120003),2014,28822.80847519797,69207.0282585515,22892.77415699747,46282.462734676694,91860.62159201622,2.401120221095184,0.7942589694788662,1.6057582582385321,3.187080872811624
Donner und Blitzen (17120003),2015,27239.11273656323,59875.51771048559,26544.57387085188,33290.67767249643,66139.27827232705,2.198144935540221,0.9745021479800601,1.222164539442217,2.42809958283068
Donner und Blitzen (17120003),2016,29929.053761442377,68792.52538317417,27923.15566500712,40821.368951001685,81133.96951993287,2.298519890789185,0.9329782320408855,1.3639378403466897,2.710876533773274
Donner und Blitzen (17120003),2017,30412.369350710145,72894.30418325115,28747.816664302285,44096.86325703383,87657.17893672068,2.3968637018262777,0.945267247440917,1.44996474127078,2.8822870696417424
Donner und Blitzen (17120003),2018,30094.40056804689,70876.68613532699,20302.37347997187,50525.844598241536,100297.52012560323,2.3551453026973133,0.6746229563225848,1.678911812315278,3.3327635118971397
Donner und Blitzen (17120003),2019,32387.94898965746,83070.36665339947,33515.597169223875,49513.887665438335,98384.2743582126,2.5648541894371446,1.0348169061253774,1.5287750292940672,3.0376815274604128
Donner und Blitzen (17120003),2020,31746.576192095,75160.11906817082,22265.06832501808,52856.33278282721,104890.48093842402,2.3675031478476707,0.7013376242620505,1.6649459287514792,3.3039934859035944
Donner und Blitzen (17120003),2021,26475.857815105,60820.82253680439,18592.19178804209,42179.61856657747,83663.81904649516,2.2972182039029123,0.702231894349987,1.5931351067504662,3.160004092436367
Donner und Blitzen (17120003),2022,28616.104616432,65695.90414094814,22158.00732727516,43474.77619755419,86192.98515289066,2.295766842536077,0.7743194828324588,1.5192415872211347,3.0120446618508914
Donner und Blitzen (17120003),2023,33350.05033874494,80352.14004706322,38377.0063438884,41934.60715872178,83307.81998036926,2.4093558849508803,1.1507330859798828,1.2574076120659883,2.4979818361348944
Donner und Blitzen (17120003),2024,33366.947117884454,84648.2909306391,28909.740374534987,55692.106153026165,110508.11179938345,2.5368904932051213,0.8664185030892313,1.6690800616630455,3.3119035855741163
Goose Lake (18020001),1985,40584.68582981402,93283.7007484354,22607.898472281828,63074.55576334202,118385.9501242265,2.298495081115252,0.5570549090138276,1.5541467051842164,2.9170103871361914
Goose Lake (18020001),1986,39381.25147877581,98181.22441205564,35009.21671121767,56495.400619581495,106530.31782554234,2.493095590549467,0.8889818224818372,1.4345760608961147,2.7051023983571456
Goose Lake (18020001),1987,37894.802193233874,84887.99967369919,30573.890774819927,48655.518731545046,91622.36011563955,2.2400961282456824,0.8068096151793319,1.2839628633879636,2.4178081112136995
Goose Lake (18020001),1988,33867.470056187354,71226.20854776938,23497.0684808737,43052.115936059636,80552.05274905416,2.1030861894792414,0.6937946189039575,1.2711937403247016,2.378449072676979
Goose Lake (18020001),1989,37241.88131004048,76714.19467590857,27407.078090583076,44530.129683327454,83387.63444345848,2.0598904238284623,0.7359208806455778,1.1957003276126668,2.2390822243713293
Goose Lake (18020001),1990,32900.08203822271,74552.54268837754,23491.887538258805,45855.54561459154,85154.51343121928,2.2660290816832545,0.7140373544043557,1.3937821055071355,2.5882766289849473
Goose Lake (18020001),1991,36472.06349704428,70272.64648234665,29929.28935540994,35699.056486408525,66983.92886089135,1.926752690810642,0.8206086106928233,0.9788055038153134,1.836581822860661
Goose Lake (18020001),1992,8927.544489020534,19040.439240129053,5301.247607565945,10666.436939457251,18962.53240176664,2.132774500709101,0.5938080302019934,1.1947783573159763,2.1240479311066496
Goose Lake (18020001),1993,43527.857208743226,84487.72750350126,46231.06970087334,33837.50798826768,63964.95151266311,1.9410035991050492,1.0621030453938158,0.7773759187362641,1.4695175828644922
Goose Lake (18020001),1994,22447.921061932266,53418.12276053922,13268.595255308286,35200.45615464679,65052.08572832447,2.379646766093052,0.5910834780067672,1.5680942594876006,2.8979113722313192
Goose Lake (18020001),1995,41164.74831288521,81302.58002118426,41809.844018631215,35371.862229828,67117.18743792076,1.9750534948791434,1.0156710712972847,0.8592755617251292,1.6304530013830312
Goose Lake (18020001),1996,39843.85209260321,89136.47950058788,38011.2567522589,45356.415192559085,85866.97270039728,2.2371451257629675,0.9540055681341987,1.1383541703534046,2.155087126135026
Goose Lake (18020001),1997,37520.594680202674,87589.13478557579,26568.955422095973,54496.322738021765,102539.4586402083,2.33442821288201,0.7081165863321134,1.4524376066666167,2.732884686774757
Goose Lake (18020001),1998,37136.43204009693,77245.74629847915,37268.852905510066,35774.7380158112,67792.67883495339,2.0800529844944555,1.0035657939693872,0.963332664193063,1.825503289108558
Goose Lake (18020001),1999,40575.41195783829,92985.269522554,25906.088774995627,60481.3653285268,114339.90907609687,2.291665445545557,0.6384676710593725,1.4905915284698203,2.81796052237022
Goose Lake (18020001),2000,36305.167053593694,87540.59019830391,26951.645919019815,54312.26191820012,101926.30138520464,2.411243283058758,0.7423639141842755,1.4959926182965733,2.8074874641050687
Goose Lake (18020001),2001,24684.05840493479,57209.38731797508,12981.514112428671,38703.621371485744,70965.02534932131,2.3176653684524537,0.52590679779924,1.5679602088345486,2.874933456450343
Goose Lake (18020001),2002,35275.474587761906,82920.09257308568,17576.732046631176,58356.50966867388,108971.69912491927,2.3506442802573404,0.4982706044932719,1.6543082793539357,3.0891632330504417
Goose Lake (18020001),2003,34473.79063617123,85045.01675673472,29609.032924985913,49421.129224305696,92693.79312200149,2.466947068695782,0.8588853264636055,1.4335855823308024,2.6888192859401885
Goose Lake (18020001),2004,33247.99285318435,77311.7498050813,22289.528018682613,48964.71134893552,91161.9963583617,2.3253057754936544,0.6704022139654611,1.4727117984280333,2.741879690630125
Goose Lake (18020001),2005,42930.53157663115,99687.40312431028,40452.501045182085,53327.983809230805,100779.3618881388,2.322063097363887,0.9422781307278768,1.2421924875083405,2.347498579379277
Goose Lake (18020001),2006,34744.38891512739,83611.74359695049,20333.818838700005,56929.79495478061,107689.84022698691,2.406481915718676,0.585240364663511,1.63853205459584,3.099488682620051
Goose Lake (18020001),2007,24383.91908562833,61668.28649392211,16257.164060123365,39628.297768934484,72538.55675398055,2.5290555745925545,0.6667166177444049,1.6251816465504536,2.9748522581316363
Goose Lake (18020001),2008,36530.95369698135,82229.11232886264,18836.154542835495,55818.357250861016,104032.63060178413,2.250943487841585,0.5156217573479878,1.5279742684482238,2.847793995873166
Goose Lake (18020001),2009,35395.42704618751,82361.59659872936,24212.220055144586,51515.89479503168,95960.67421423168,2.3268993616394473,0.6840493836548446,1.455439278294582,2.7111037278632786
Goose Lake (18020001),2010,40456.331197121166,92393.32474257846,27575.908930398084,57533.15768752833,108478.79857004834,2.28377912698997,0.6816215933183867,1.4221051683406807,2.6813800302724333
Goose Lake (18020001),2011,44815.55622989117,104603.30268667736,28497.15143783038,67794.71700822585,128261.55458933352,2.3340846680579372,0.6358763303449371,1.5127496501540239,2.861987340542822
Goose Lake (18020001),2012,30120.00501744794,71110.36184966659,17107.16908473714,48086.02402230965,89352.08123595738,2.3609013945540087,0.5679670064738463,1.5964812753003972,2.966536067447447
Goose Lake (18020001),2013,30764.63777042636,68250.0519944189,22474.41437904118,40810.79135602886,75812.64623199769,2.2184578444810024,0.7305275149589291,1.3265487362656267,2.464278851509033
Goose Lake (18020001),2014,21492.606178000617,50344.87875905778,13954.169045050427,31641.944933468392,57624.8750278795,2.3424278257417543,0.6492543961157035,1.4722246651435147,2.6811487890595194
Goose Lake (18020001),2015,24665.04165551687,57179.84024584702,20978.5807368413,30993.186986632074,57074.90353190526,2.3182543554738944,0.8505390353617743,1.2565633344349036,2.3139998840885485
Goose Lake (18020001),2016,38228.27275902165,89211.63712781461,32897.5266127005,49739.79616683766,93606.5946821158,2.3336559747330248,0.8605548783246262,1.3011259096214163,2.4486221303321947
Goose Lake (18020001),2017,38041.77949085079,91390.2304195201,31610.481502915194,53215.54469130666,99860.26841728884,2.4023647590276327,0.8309411895549641,1.398871067640388,2.625015699943943
Goose Lake (18020001),2018,33630.14476942631,77526.15679593474,24367.995954536775,47039.534200236296,87314.83324219895,2.3052578966717676,0.7245878993863297,1.3987312431375754,2.5963264161020865
Goose Lake (18020001),2019,42571.55712585262,96117.47986059726,31353.723688114937,58015.470061982116,109266.46769068853,2.2577863331719095,0.7364946411385696,1.3627753828800122,2.566654242119178
Goose Lake (18020001),2020,31298.780082233996,73467.01385885935,15204.993081116534,51413.48539747876,95001.60785251274,2.3472804264521847,0.4858014606693021,1.6426673903070874,3.035313440425051
Goose Lake (18020001),2021,15344.162043484997,28155.917822144434,8792.329260921004,15947.695761318755,28567.016407132756,1.8349596245367599,0.5730081079699072,1.0393331167986468,1.8617514808677396
Goose Lake (18020001),2022,24468.362629564002,50656.468172723675,18884.555136319967,27408.13135406059,50107.18386767331,2.070284347981576,0.7717948038542891,1.1201457068870069,2.047835591872874
Goose Lake (18020001),2023,40330.930157166455,89491.8739158478,35180.835578701015,48165.55546913107,90550.97138947959,2.2189390020786783,0.8723040961764104,1.1942584830410232,2.2451991817845407
Goose Lake (18020001),2024,30203.288782809144,77675.09801116947,20210.24287191038,51074.98815684163,95094.34858376083,2.571743049895279,0.6691404706699847,1.6910406189246538,3.148476620131707
Guano (17120008),1985,5342.999926443999,10690.300261827291,3660.5513013564278,7029.748960470863,14059.497920941725,2.000804867864214,0.6851116136534715,1.3156932542107425,2.631386508421485
Guano (17120008),1986,10409.792858161747,24344.5438661467,10068.465051982448,14273.275305001214,28544.24183775052,2.338619432475977,0.967210893547062,1.3711392243324345,2.7420566601736507
Guano (17120008),1987,5507.366033257082,11359.80081288549,4545.739257216848,6814.061555668641,13628.123111337281,2.062655858406283,0.8253926159559213,1.2372632424503611,2.4745264849007222
Guano (17120008),1988,2203.5682891466377,4629.048455048595,1536.8315390433918,3092.2169160052035,6184.433832010407,2.100705695325312,0.6974285964328117,1.4032770988925,2.806554197785
Guano (17120008),1989,3263.398681401984,6792.760124724156,3105.216917425584,3687.5432072985727,7375.086414597145,2.081498703617153,0.9515285199819828,1.1299701836351703,2.2599403672703406
Guano (17120008),1990,1351.128239688298,2546.216083420406,1123.130551959573,1402.621213314556,2788.3894587439427,1.8845110394612223,0.8312538506475718,1.0381110927250972,2.063748929847856
Guano (17120008),1991,10461.734942134657,20781.138546317095,9291.913920593604,11353.186570465012,22599.11263430435,1.986395054095762,0.8881809730401794,1.0852106876403484,2.160168725293009
Guano (17120008),1992,1130.06210544342,2329.805649406433,729.5801414165664,1402.2695632180667,2650.8130754305657,2.061661600883653,0.6456106597170513,1.2408783167433408,2.3457233568507503
Guano (17120008),1993,8869.915847733435,17343.814851271774,11118.144417201347,6072.542267718329,12026.841975317522,1.9553528070622799,1.2534667304698737,0.6846223089331868,1.3559138758222593
Guano (17120008),1994,2046.045332499783,4606.072364708931,1462.1959367022778,2573.0244599604216,4698.062257818597,2.2512073860462323,0.7146449364911287,1.2575598492809517,2.2961672369588593
Guano (17120008),1995,11210.679094545949,23645.810714418614,11379.109540113917,11989.932859659013,23761.49605127282,2.1092219762068134,1.0150241072951514,1.069509951943248,2.1195411848719234
Guano (17120008),1996,13174.771242354574,27927.814443639192,13630.003230288292,14002.664885964106,27770.70888483645,2.1197950180612,1.0345533125061197,1.0628393182985978,2.1078702904198066
Guano (17120008),1997,8932.856228536599,18715.443752761712,8672.029993181584,9604.800289656649,18864.558101598937,2.095124255215705,0.9708014739427029,1.0752216361630762,2.1118170514526877
Guano (17120008),1998,20591.574935457356,44360.26633127853,23734.199376093453,20052.735710286543,39783.20965526666,2.1542920573254953,1.1526170023655986,0.9738320537957994,1.9320139319097227
Guano (17120008),1999,13132.36165077037,26641.341547949938,9327.00911288066,16861.01074283758,33364.11128645183,2.028678638041247,0.7102309059797725,1.2839282979880837,2.5406025339314824
Guano (17120008),2000,7677.6761369141805,16725.088769546444,5639.452144627598,10536.017376992371,20637.731421620978,2.1784050891561324,0.7345259221749633,1.372292499593115,2.6880179697076563
Guano (17120008),2001,5112.176840620616,11857.168385758192,3338.5780214146,7947.881908499583,15440.688746195538,2.31939714830341,0.6530638758203243,1.5546962001288505,3.0203745346808164
Guano (17120008),2002,6296.194550229837,13393.532460800974,3708.3433416216817,9163.956655385096,17911.60550570396,2.1272424722504892,0.5889816955364431,1.4554754593869046,2.8448303753654045
Guano (17120008),2003,4082.1514852172168,9385.705514851523,3287.331291065854,5589.009543727309,10770.396590279655,2.2992055901992323,0.8052938022928199,1.369133302369329,2.638411785864078
Guano (17120008),2004,8162.243210019176,18665.35689045136,7028.420065922213,11190.521243861904,22030.6198664504,2.2867925409940715,0.8610892722842182,1.371010512174583,2.699088877847667
Guano (17120008),2005,9903.360493203272,19065.049221972316,10034.907290265097,8754.791469199967,17292.556890544227,1.925109081412997,1.0132830464115798,0.8840222947764474,1.746130205238131
Guano (17120008),2006,11643.925174566903,26304.277076373735,11658.86374331232,14226.087923712023,28123.138090215045,2.259055832291719,1.0012829495656712,1.2217605069109494,2.415262694374115
Guano (17120008),2007,1393.7181348641934,3376.81152774251,912.5135457394036,1915.723884084698,3399.650937571246,2.4228798085285392,0.6547332081808067,1.374541836087517,2.4392672036964735
Guano (17120008),2008,6891.875361089384,13700.922361244724,4353.6468627653285,8837.461476771388,17273.022137807828,1.9879817384101748,0.6317071384293226,1.2823014076352173,2.506287655074122
Guano (17120008),2009,6523.391192704461,13295.315531135091,6284.172288481732,6509.201871838438,12621.690791960527,2.038098764643169,0.9633290573635591,0.9978248551333405,1.9348357961540306
Guano (17120008),2010,13400.837487059027,29358.149053269073,11358.435357649709,17426.889830732078,34399.75965130603,2.1907697247742735,0.8475914560279062,1.3004328906727616,2.5669858085007986
Guano (17120008),2011,19662.58723153426,44979.22064456831,18460.003998383207,25923.828643321594,51482.661683869585,2.2875535205474895,0.938839013452798,1.3184342598488639,2.6183055707594396
Guano (17120008),2012,2520.7321464092965,5273.483777847983,1550.556863024028,3125.3940368901176,5777.938917852074,2.0920444821398,0.6151216285446065,1.23987550257656,2.292166950813305
Guano (17120008),2013,2849.470691710895,6328.892164736542,2317.7974857893037,3424.187827971216,6383.975135648816,2.2210764206655216,0.8134133446368731,1.2016925943236307,2.240407369066749
Guano (17120008),2014,1803.7298236515464,4854.546153222256,1356.8931579841053,2777.548175977082,4982.364883976831,2.6913931840382332,0.752270733782709,1.539891473521293,2.762256751895537
Guano (17120008),2015,1410.7188298800318,3794.233758001483,1392.9545233366584,1779.0438343812773,3061.822641338541,2.689574759786928,0.9874076207341161,1.2610903014122015,2.1703989317268273
Guano (17120008),2016,5985.276665382013,14809.840317674016,6145.7230036144765,7996.550391912733,15462.947119589882,2.4743785702224965,1.0268068373782056,1.3360368850054403,2.5834974695531394
Guano (17120008),2017,2877.0134871001997,6163.6265296972,2666.2162534198387,2950.4889950172487,5467.018073307987,2.142369702934429,0.9267305368481856,1.0255388124687266,1.9002406828541862
Guano (17120008),2018,1829.393356512827,4720.906030348799,1329.5223405336537,2740.538598031521,4966.031456786556,2.5805855331997853,0.7267558591488367,1.498058680641276,2.7145782721397658
Guano (17120008),2019,10992.313491558847,23016.39095089427,12258.54904816542,10283.97412009109,20191.833297342873,2.093862312839684,1.1151928170151746,0.9355604830583024,1.836904789228261
Guano (17120008),2020,2795.157212634,6511.486736896265,1942.9910190120288,3921.393446297655,7330.835112591458,2.3295601075548102,0.6951276336907942,1.4029241105198347,2.622691517835338
Guano (17120008),2021,1488.2792234839994,3708.097433866091,1130.7024593696453,1976.6185316778165,3477.0697196676892,2.491533426896594,0.7597381200570134,1.3281234465200926,2.33630199548712
Guano (17120008),2022,3005.2446174339993,6853.7107221258775,2275.6449745685113,3960.92272125955,7434.847353866993,2.2805833117098655,0.7572245405139599,1.3180034324931418,2.473957464472616
Guano (17120008),2023,11729.764226163006,26347.719240972358,14773.385505779854,11122.88035654429,21889.46367423126,2.2462275228179176,1.2594784704050668,0.9482612047508104,1.86614694483008
Guano (17120008),2024,10026.67968024164,24239.053320461237,8950.458971291135,14702.942026310573,28936.892548932246,2.4174556377048924,0.8926642973275308,1.4663819424972633,2.8859895271168052
Harney-Malheur Lakes (17120001),1985,59047.28690155702,124864.99164460458,35514.2045057,83978.10020523405,165807.92118841648,2.114660947128326,0.601453620805794,1.4222177615923557,2.808053170416612
Harney-Malheur Lakes (17120001),1986,36234.47734072954,86693.52989697682,22287.000322988926,59076.67902266392,115974.93903792831,2.3925701778932114,0.6150771850084646,1.6303996458162924,3.200679230097963
Harney-Malheur Lakes (17120001),1987,25184.533898930316,61747.58830435586,17075.151041646488,40593.53539422098,79422.27755169768,2.451805880234238,0.678001471465459,1.611843822765572,3.153613160776863
Harney-Malheur Lakes (17120001),1988,20347.134787590006,51093.40304507022,12003.037477380907,36154.45975389823,71085.10178301891,2.511085888919986,0.5899129092466484,1.7768821080376056,3.4936172844529776
Harney-Malheur Lakes (17120001),1989,58489.32526595197,119494.62377418735,44280.29496363181,71276.4522642648,140988.82374235778,2.04301593890583,0.7570662640112285,1.2186232605722418,2.410505217854355
Harney-Malheur Lakes (17120001),1990,16338.437393093358,37937.11299951056,8218.129984783049,28073.565321138194,55404.855365314506,2.321954792050522,0.5029936331767594,1.7182527707946875,3.3910743134306984
Harney-Malheur Lakes (17120001),1991,48694.57197490649,85321.18397872441,34909.715108513985,47397.44172220434,93640.57444671422,1.7521703245013123,0.7169118382743732,0.9733619128355705,1.9230187400552472
Harney-Malheur Lakes (17120001),1992,5677.054094978877,11198.383123180827,3906.268768434542,5564.197695290932,10328.000488457874,1.9725693882475666,0.6880802442748392,0.9801206051942041,1.8192534923337385
Harney-Malheur Lakes (17120001),1993,57902.84537032311,93966.26037046936,45843.31265314352,45575.530559228006,90212.28415543548,1.6228263010133488,0.7917281501444063,0.78710347078361,1.5579939738448827
Harney-Malheur Lakes (17120001),1994,37797.1023039301,73458.61306357848,22486.23405021861,47643.576702744205,93758.98479362614,1.943498537874432,0.5949195223857284,1.2605087109492592,2.480586581471278
Harney-Malheur Lakes (17120001),1995,58759.02433521958,110030.60257231399,41842.054124739436,62976.521785292185,123926.00001120172,1.8725736823775463,0.7120957946141342,1.0717761654109814,2.1090547607496894
Harney-Malheur Lakes (17120001),1996,58337.77757558516,119779.89160494258,48750.04623578802,66183.29840347455,130528.74533920713,2.0532131422001827,0.8356514125452443,1.13448439679973,2.2374651686051625
Harney-Malheur Lakes (17120001),1997,56096.21761865605,116566.5026224624,39034.251279356635,72871.68732229355,143942.50418864825,2.0779743727979194,0.6958446208390158,1.2990481429189702,2.5659930437230933
Harney-Malheur Lakes (17120001),1998,60027.31773093012,130303.57981661291,51892.54604545393,74497.21325837841,147476.23457049983,2.1707380029987866,0.8644821725678307,1.2410551741177072,2.4568186643213967
Harney-Malheur Lakes (17120001),1999,59161.09970173954,124519.3106174072,33578.415018684056,85859.70002969624,169756.48388102851,2.104749763698965,0.5675759103189344,1.451286410539317,2.8693936511805083
Harney-Malheur Lakes (17120001),2000,53602.26563756061,117985.9818949503,36112.0657328835,76386.89433525159,150668.57418233834,2.2011379648153193,0.6737040926042269,1.4250683889325222,2.810862048278061
Harney-Malheur Lakes (17120001),2001,25165.32872810407,50501.44135248265,13910.359435990797,32949.2902597491,64289.08813652696,2.0067864758739984,0.552758900401568,1.309312928741999,2.554669117623342
Harney-Malheur Lakes (17120001),2002,20029.581649653937,38547.77355713191,8487.893260846551,25336.989662456086,48696.9267971411,1.9245421213177423,0.4237678754010921,1.2649784756185283,2.4312503200975475
Harney-Malheur Lakes (17120001),2003,12839.639326348943,27629.4590607752,8911.961573646697,15632.45037180578,29899.562201804834,2.151887475847958,0.6940975012715476,1.2175147583566117,2.3286917523022836
Harney-Malheur Lakes (17120001),2004,20483.28613907176,43255.864215505215,14657.573099465797,24058.07216373202,46411.5138601151,2.111763899689654,0.7155869912643829,1.174522095741336,2.2658236351825103
Harney-Malheur Lakes (17120001),2005,49600.05786317469,98274.42355324098,42661.95601467187,51146.07746113722,100604.65417656809,1.981336873120955,0.8601190775292628,1.0311697135964506,2.02831727442926
Harney-Malheur Lakes (17120001),2006,60852.305736523114,129520.9347434644,43869.031170076574,79701.07263935235,157025.69640871813,2.1284474462522605,0.7209099250900972,1.3097461414928169,2.580439549630285
Harney-Malheur Lakes (17120001),2007,18655.01109887705,44481.23833216825,11157.178054064929,28865.40317267466,55267.701906551505,2.3844123220514097,0.5980794112063832,1.5473270436388125,2.962619620734419
Harney-Malheur Lakes (17120001),2008,25309.525816705664,46553.207347217554,13545.599417055797,27625.426868133374,52749.751611334024,1.8393551773494667,0.5351976767622791,1.0915031387075254,2.084185693297988
Harney-Malheur Lakes (17120001),2009,16950.37891888186,36239.41554861624,13464.57821842331,18609.60357085455,35062.773229683786,2.13797082189398,0.7943526385374462,1.0978871717212408,2.068553947819163
Harney-Malheur Lakes (17120001),2010,26861.00041183363,51801.96051154046,16169.328564054611,30489.54047035522,58718.33145052694,1.9285194042407698,0.6019630064459999,1.1350858122515435,2.1860068705653473
Harney-Malheur Lakes (17120001),2011,62042.35562714949,134757.70235254473,44828.84535999389,84055.9277480026,165740.22659147458,2.172027496221876,0.7225522775021289,1.3548152209620499,2.6714044770883474
Harney-Malheur Lakes (17120001),2012,28171.80103115486,63263.392736335765,16267.128835576315,42007.00338103866,81553.69778816067,2.2456282673008205,0.5774259450997361,1.49110109554528,2.894869862880666
Harney-Malheur Lakes (17120001),2013,27974.0647316298,53541.48738870202,17743.86510393632,31118.860883953854,59886.7028425943,1.913968810123027,0.6342969916657709,1.112418276803667,2.140793746533425
Harney-Malheur Lakes (17120001),2014,11731.522875838129,26553.88483070294,7442.8683739565495,14775.290583887705,27273.26824705119,2.263464437800524,0.6344332660583771,1.259452054116386,2.324784986203483
Harney-Malheur Lakes (17120001),2015,9563.31755290434,21634.21409969155,7546.692761103082,10747.895388360233,19585.446022741446,2.26220806535085,0.7891291614395031,1.1238668306163422,2.0479761248536
Harney-Malheur Lakes (17120001),2016,14273.867191058782,30440.55281949203,9967.227196135847,15616.243877178033,28668.22473181745,2.132607261370635,0.6982849891148887,1.0940443586976991,2.008441324841201
Harney-Malheur Lakes (17120001),2017,31079.129056606813,64834.283089274875,20239.10187500336,38525.04134694905,74343.91177363732,2.086103602555503,0.6512120026960964,1.2395791811533852,2.392084785845479
Harney-Malheur Lakes (17120001),2018,16030.974480684148,33465.4802567785,9217.773797648711,18833.00341954021,34594.2024631627,2.087551215124279,0.5749977213646795,1.174788434866031,2.1579600482082695
Harney-Malheur Lakes (17120001),2019,57046.46181070611,114547.93833361407,49769.04083093894,58528.12195866814,114043.44093074233,2.0079762126827725,0.8724299325711837,1.025972866693793,1.9991325896628946
Harney-Malheur Lakes (17120001),2020,18048.138587169018,38274.92794838708,10741.083186827578,21171.673203842,38724.58042025549,2.12071332251393,0.5951352343040931,1.1730668568166693,2.1456273860721566
Harney-Malheur Lakes (17120001),2021,12721.613404787002,27735.83791148271,8006.101697752703,14091.504106737642,24775.738688023306,2.180213863521904,0.6293306865259792,1.107682151497794,1.9475311738918644
Harney-Malheur Lakes (17120001),2022,12152.639063010001,27340.114482676578,8214.285898818198,13629.656224049726,23929.936668822847,2.2497265277871996,0.6759260977165613,1.1215387993818926,1.9691144075578109
Harney-Malheur Lakes (17120001),2023,32002.704616004852,65208.5543821958,29389.622712851124,29820.706653200443,56834.90415354637,2.0375951084329413,0.9183480916845103,0.9318183263262952,1.7759406536259659
Harney-Malheur Lakes (17120001),2024,24641.370985014488,58338.11559583933,16556.912887886017,34344.16809360108,64767.009033188275,2.3674865993177625,0.671915247652211,1.393760441108869,2.628384965778729
Illinois (17100311),1985,2055.288693113999,5740.578158069855,2117.7123382773925,3526.9858390387335,6170.937479923117,2.7930763095729474,1.0303722028795936,1.7160537353489467,3.0024674881918587
Illinois (17100311),1986,2596.91187795831,7168.934620120192,3774.9774426752497,3209.269238596068,5467.631572902437,2.760561373286337,1.4536409474329695,1.2358021332318727,2.105435929231871
Illinois (17100311),1987,2442.7447750680217,6922.683937031635,2322.667879974755,4450.796338344781,7600.585783062561,2.8339775844321937,0.950843454331031,1.8220472248153075,3.1114940294369933
Illinois (17100311),1988,2028.2458855790628,5749.660872885561,2710.6456800747947,2805.1484961641727,4904.5096571554695,2.834794791778432,1.336448257751997,1.383041630262351,2.4181040829550287
Illinois (17100311),1989,2258.931791896205,5826.807324949983,2752.9103611462606,2872.086307745417,5117.929286034899,2.5794525296661623,1.2186779481444179,1.2714356042306678,2.2656413550843775
Illinois (17100311),1990,2518.719228371855,6892.491817641428,2946.147120415149,3688.3728889844906,6357.423803050267,2.736506610185708,1.1697004919121496,1.4643842979547668,2.5240700636409636
Illinois (17100311),1991,2641.2470633691355,7138.624339368222,3686.969469442759,3284.404612563718,5768.204131054481,2.7027476673319226,1.3959199503054878,1.243505258600905,2.1838941956821887
Illinois (17100311),1992,1694.9167358957325,4729.896974056574,1970.8556117447552,2661.5506666522556,4618.578717760001,2.7906367751787586,1.1628037944313494,1.5703135205905407,2.7249590613778247
Illinois (17100311),1993,4021.481823456743,10768.462367827568,6468.4011541320415,4142.483798317594,7459.407537429297,2.677734934674236,1.6084621137419444,1.0300889025918416,1.8548902779864906
Illinois (17100311),1994,2352.122717346667,5659.148421731029,2872.6478721636963,2667.9682972345613,4612.8783618216075,2.4059749859118242,1.22130016898277,1.1342810804719352,1.9611554821532469
Illinois (17100311),1995,2427.9529865911823,6487.995661358566,3871.1063789736536,2507.823691646161,4361.764276022683,2.67220810995506,1.594390995358045,1.0328963145069445,1.7964780620182226
Illinois (17100311),1996,2512.5568915166664,7370.066361256325,4237.329626645724,2955.8409382034165,5038.185456833612,2.9332933260697223,1.6864611666914036,1.176427466451981,2.0052025384358116
Illinois (17100311),1997,2320.7686174162964,6497.363285801006,4170.797580434269,2211.944017958448,3972.2098987291897,2.7996600940918004,1.797162176847084,0.9531083802835104,1.711592387504549
Illinois (17100311),1998,1502.3147277504243,3969.71009503741,2362.7557411440725,1513.0488119582644,2703.656651028864,2.6423957788004113,1.5727435120616027,1.0071450302719946,1.799660617770377
Illinois (17100311),1999,1776.1172916745613,4680.96145928312,2029.228655908907,2505.0517874060192,4407.2407217305445,2.635502441885361,1.142508248425253,1.4104089854585014,2.481390582924455
Illinois (17100311),2000,2117.0899038813154,5402.510097114299,2730.6946801007493,2568.6266027215825,4560.237130969447,2.551856719551559,1.2898340666093095,1.2132817779785607,2.1540120344483467
Illinois (17100311),2001,2028.9212094804054,4957.757430616438,2374.290156473702,2533.8414050167466,4564.739173771831,2.4435435971838895,1.1702229467460412,1.2488614112647816,2.2498356034933624
Illinois (17100311),2002,1635.3340550102403,4332.733391338908,1803.5277049923761,2441.227573855139,4439.439505667902,2.6494485197471027,1.102849720194375,1.4928005482279596,2.7146988666117537
Illinois (17100311),2003,2584.2877028042835,6419.67903939704,3566.710472840338,2657.5900698153037,4633.54318988183,2.4841193309981953,1.380152244260575,1.0283646309702583,1.792967240007311
Illinois (17100311),2004,1943.4705556086635,5059.597980493711,2893.638002439387,2046.4616191834018,3702.7703615016662,2.6033828842388234,1.4889024143374,1.0529933748044271,1.9052361512840201
Illinois (17100311),2005,2168.509928843183,5591.190252597871,4271.840498781031,1232.363618029949,2195.262480151426,2.5783558462102856,1.9699427897293025,0.5682997350569512,1.012336835977742
Illinois (17100311),2006,2044.8018060406746,5391.049613585219,3055.4740664195374,2165.8716603490607,3767.6192953121827,2.6364655966456936,1.4942641665285965,1.0592086010246695,1.8425351954316682
Illinois (17100311),2007,2463.1093054028956,6567.31485026246,3059.365846730873,3255.088945322678,5602.444284844045,2.666270163429971,1.2420747386322128,1.3215365384648394,2.274541479972056
Illinois (17100311),2008,1826.4684244687007,5060.2059595577875,2086.329081346646,2688.8478898732324,4626.454199854504,2.7704864161720972,1.1422749243275507,1.4721567883963766,2.5330053002149695
Illinois (17100311),2009,2022.1183593087455,5330.157992318131,2632.431775431336,2556.4272312749795,4425.262924224969,2.6359277970950363,1.3018188392944636,1.2642322441248621,2.1884292300959722
Illinois (17100311),2010,2257.4294898405797,5720.412267754437,4628.973806672252,1050.995714397513,1818.8670904611404,2.5340380700698715,2.050550782429599,0.4655718901199145,0.8057248736436013
Illinois (17100311),2011,2298.314090973015,6154.505192221278,3186.367212329181,2815.2725427959854,4936.057029230565,2.677834686039672,1.3863932805547041,1.2249294184173543,2.1476860141169105
Illinois (17100311),2012,2406.6022432908453,6621.907760527424,3946.495243869567,2596.8316784694216,4645.31760420428,2.7515588747530084,1.6398618653629422,1.0790448175259955,1.9302390401881124
Illinois (17100311),2013,2018.61005103547,5418.728571039721,2423.4223800827895,2878.0259163810106,4997.667833852329,2.6843860052416364,1.2005401334644432,1.4257463520032971,2.475796566696334
Illinois (17100311),2014,2155.313313159304,5755.853734868003,3102.4266918555923,2561.9350623907417,4465.092411504494,2.6705415401675174,1.439431878842705,1.1886601575505524,2.0716674389021734
Illinois (17100311),2015,2071.5416668781095,5410.201643233273,2946.3012408349855,2334.3182419783457,4040.2013703358743,2.6116788910100217,1.4222746700891473,1.126850731173682,1.9503355568148473
Illinois (17100311),2016,2432.016603126115,5923.146145732995,3298.2374658553713,2497.4130260263187,4441.20424067291,2.435487544829826,1.3561739100036634,1.0268897929463734,1.826140592528926
Illinois (17100311),2017,2518.0539249169965,5754.262107499129,3956.6842452530236,1781.5992339348622,3176.5988178512016,2.2852020961738573,1.5713262556056853,0.7075302146254036,1.2615293049992617
Illinois (17100311),2018,2472.859879141856,6085.924242620499,2862.7726555822237,3147.13199572874,5751.128991377195,2.4610873806292926,1.1576768581710652,1.2726689539808755,2.3256995027850023
Illinois (17100311),2019,2433.072858480524,5453.200750024735,3548.9854712041647,1856.320095009654,3479.6420660991553,2.2412813208685862,1.4586433196334854,0.7629529418074816,1.4301429790607354
Illinois (17100311),2020,2564.362337403001,6398.030393360188,3015.4506316696616,3287.142052576563,6118.038851127779,2.4949790831196053,1.1759066133858016,1.2818555336862185,2.38579344341942
Illinois (17100311),2021,1185.8499456209993,3215.4645511840386,1327.2313334442365,1826.1626312543008,3298.6030498962114,2.711527342104133,1.1192236744162427,1.539960968921735,2.781636126962773
Illinois (17100311),2022,2940.0953128110004,7414.923415961959,4028.816012100348,3335.283676082062,6134.683665288713,2.5220010329776055,1.3703011581105617,1.1344134530432026,2.086559452191158
Illinois (17100311),2023,3018.2348946360867,6997.992722780827,4550.700686656403,2375.871915177609,4383.147435738276,2.3185712733019694,1.5077357613033258,0.7871726350390869,1.45222210621442
Illinois (17100311),2024,3058.7012932222424,8091.573958054386,4389.505825056787,3589.7290251970326,6620.356066119708,2.6454279716638087,1.435088099247699,1.173612157928429,2.1644336701951623
Imnaha (17060102),1985,921.644424244,1920.545669446241,1158.3679754408847,762.1776940053566,1344.6409824025516,2.083824975148754,1.2568491111863045,0.8269758639624498,1.458958517006734
Imnaha (17060102),1986,972.4189555377828,2294.083104840559,1170.7585574272337,1123.3245474133253,1950.9925622058868,2.359150952144745,1.203965174434266,1.1551857777104788,2.00632921756129
Imnaha (17060102),1987,800.0110599226857,1866.6888126604588,800.8324649765584,1065.8563476839006,1926.820264200226,2.333328757780997,1.0010267421227304,1.3323020156582668,2.4084920330806887
Imnaha (17060102),1988,842.3734622753507,1692.9417701061875,893.8699104285022,799.0718596776852,1451.6544797159938,2.009728280771513,1.0611325622890035,0.9485957184825093,1.7232908498742385
Imnaha (17060102),1989,733.3523655840603,1572.5017799450095,979.6917529496704,592.810026995339,1135.265485335904,2.144264958759122,1.3359086285477777,0.808356330211344,1.5480491215593883
Imnaha (17060102),1990,788.2464449804653,1793.8775551127023,981.5732644693068,812.3042906433956,1463.9930634937998,2.2757826141000344,1.2452618983820887,1.030520715717946,1.857278358585025
Imnaha (17060102),1991,693.4763041357187,1487.1145212162387,628.9363464706677,858.1781747455711,1612.399312804792,2.14443451398045,0.906932713807017,1.2375018001734333,2.325096478695591
Imnaha (17060102),1992,608.6383596350393,1266.7623682674061,684.370553548904,582.3918147185021,1086.9617283835455,2.081305504679332,1.1244288873926322,0.9568766172866997,1.7858909337152618
Imnaha (17060102),1993,979.1451347835709,1933.0969597171377,1333.5026993844854,599.5942603326517,1122.44665399856,1.9742700964800557,1.3619050455469415,0.6123650509331136,1.1463537060281306
Imnaha (17060102),1994,843.2247619125874,1806.5306089740288,868.2474982739884,936.3144714427503,1701.7062651987437,2.1424069721060945,1.0296750492770692,1.1103972674130425,2.0180933270258383
Imnaha (17060102),1995,984.4820451106064,2209.259898061641,1267.0346185634953,942.2252794981448,1732.8421365369134,2.244083484339657,1.2870063246518064,0.9570771596878499,1.7601561604327978
Imnaha (17060102),1996,918.3601465129233,1898.6179945874708,1133.872619272209,764.7453753152613,1425.6424694437462,2.0674002479274107,1.234670976933833,0.8327292709935772,1.5523784158720397
Imnaha (17060102),1997,959.9534419141648,2351.229192363282,1356.8647286642238,993.0916817545909,1800.6435818988912,2.449315862313997,1.4134693094683952,1.0345206740176356,1.8757613684975958
Imnaha (17060102),1998,1093.110102893304,2453.001064074871,1596.4144963972653,855.6057550977351,1552.035639727747,2.24405671266063,1.4604333929142066,0.7827260518707775,1.4198346860208624
Imnaha (17060102),1999,985.8200565632147,2083.7334660408765,960.126534571711,1122.1697427654885,2019.5046573056138,2.113705693212643,0.9739369047926687,1.138310927328481,2.04855302330331
Imnaha (17060102),2000,962.4381357755635,2270.614105374094,1113.0232440981297,1157.590861275964,2039.5956455555327,2.3592312284512293,1.1564621171221772,1.202769111329052,2.1191966213100657
Imnaha (17060102),2001,798.6759796255445,1783.6847566123963,700.3817714321623,1081.915654635458,1900.9234303547248,2.2333021176480963,0.8769285533797235,1.3546365262452353,2.38009340314199
Imnaha (17060102),2002,948.459276593904,2076.899028024066,923.3741322378247,1153.5248957862411,2012.0326813718796,2.189760888293066,0.9735516906469989,1.2162091976460672,2.121369605448394
Imnaha (17060102),2003,932.2400883387045,2237.306319317982,984.1971867817401,1251.8307958369703,2177.9520798351964,2.3999250271515,1.05573360241955,1.3428201720736892,2.336256622171665
Imnaha (17060102),2004,1027.7582995451323,2441.806886590582,1462.4851489443597,978.9184227786183,1679.2641497428044,2.3758571326266913,1.422985491425007,0.9524792192988082,1.6339095977001763
Imnaha (17060102),2005,940.6376170262856,2183.0845982300707,1039.961794070669,1142.3882468027327,1992.8307514879928,2.320856149822749,1.105592393124129,1.2144828424088097,2.118595637061689
Imnaha (17060102),2006,927.1895837108978,2133.0385302129166,1133.103394971072,998.907792025391,1720.297120748875,2.3005419470695956,1.2220838271673027,1.0773501013972298,1.8553887478585738
Imnaha (17060102),2007,866.524466074974,2006.90147614614,912.157018427103,1094.7444577190372,1877.3770091447072,2.3160355589688537,1.0526615856085715,1.2633739733602825,2.1665597252533564
Imnaha (17060102),2008,901.9796313719096,1982.1775005305992,992.8068385140912,989.3706620165082,1693.5685965378334,2.197585656691283,1.10069762551515,1.096888031176133,1.8776129056949082
Imnaha (17060102),2009,945.8868180601394,2209.881653426703,1387.8239454006484,822.0577080260546,1408.3010274882838,2.3363066396874124,1.4672198818108604,0.869086757876552,1.4888684360529318
Imnaha (17060102),2010,1021.2091581697806,2278.6787163455915,1420.089026303363,858.5896900422281,1475.9958866360143,2.2313535852238715,1.3905956629379022,0.8407579222859689,1.4453414120191659
Imnaha (17060102),2011,977.665703602082,2031.8235540011635,1163.6024983948641,868.2210556062993,1509.9728600972585,2.0782395726015284,1.190184430227758,0.8880551423737704,1.5444674539916456
Imnaha (17060102),2012,657.7891537752856,1349.6003337482634,750.8304602389952,598.7698735092682,1002.4258716907754,2.051721780455679,1.141445485882083,0.9102762945735958,1.5239318951027045
Imnaha (17060102),2013,870.9766585751227,1787.216417618418,891.3441482176604,895.872269400758,1527.9067714834089,2.051968212950989,1.0233846561122062,1.028583556838783,1.7542453709184278
Imnaha (17060102),2014,834.9373522151024,1971.4987199498287,871.9897550958735,1099.508964853955,1895.5590001807159,2.36125346975963,1.0443774647073467,1.316876005052283,2.270300873654493
Imnaha (17060102),2015,820.9396981728775,1968.3453291239334,918.6151419335747,1049.730187190359,1808.7677068189857,2.397673463111574,1.1189800468634765,1.2786934162480978,2.203289365643622
Imnaha (17060102),2016,920.7489662453642,2241.312521299184,1099.0833013366555,1142.2292199625285,1942.3247195790614,2.4342275728408604,1.1936839916513882,1.2405435811894723,2.109505186304455
Imnaha (17060102),2017,983.992410750421,2174.213419775063,1267.0597178630314,907.1537019120315,1547.1485085654444,2.209583525260063,1.2876722462693948,0.9219112789906682,1.572317521621477
Imnaha (17060102),2018,1007.355190971432,2423.997005076015,1235.8944266185226,1188.102578457492,2047.7317847465645,2.406298222118119,1.2268705593572227,1.179427662760896,2.0327802974558127
Imnaha (17060102),2019,1011.1995048990717,2360.021576829523,1146.382255449432,1213.6393213800907,2078.9856449472004,2.3338832400487357,1.133685538704702,1.2001977013440335,2.0559599118422285
Imnaha (17060102),2020,1079.610021025,2667.275115459424,1340.8461369833635,1326.428978476061,2281.022276986123,2.470591290850624,1.2419726668620041,1.2286186239886205,2.1128205857338025
Imnaha (17060102),2021,793.4212718860001,1939.5795949404192,783.2919012765013,1156.2876936639175,1969.8792819418095,2.4445772550689826,0.9872333009355537,1.4573439541334285,2.4827659047498343
Imnaha (17060102),2022,1031.784289715,2380.8094149798276,1345.8785364419732,1034.4046755188047,1786.9780790227342,2.307468177905147,1.3044185202836653,1.0025396643755142,1.7319299167816695
Imnaha (17060102),2023,934.3452635884067,2348.258906795088,1222.4809092176704,1124.856646542029,1939.5552708344892,2.5132667744003587,1.3083824115752052,1.2038982701340535,2.075844279860226
Imnaha (17060102),2024,909.8786984888679,2214.518594765206,730.4314542529135,1482.703577909432,2507.1550084202318,2.4338613470598798,0.8027789368692975,1.6295618090322534,2.7554826952033604
Jordan (17050108),1985,16174.790242395999,36311.41626718837,13663.021181906057,20305.15644906138,36783.950551888316,2.2449389279875755,0.844710872731672,1.2553582547141298,2.274153172971191
Jordan (17050108),1986,16783.72133152162,40399.03415319407,15868.941951262355,21749.876076761062,40001.59247946566,2.4070367563432056,0.9454960337942925,1.2958911582923194,2.383356568506556
Jordan (17050108),1987,12892.085565559295,29860.158718773328,9638.865469967002,17813.54323901443,31986.358388673703,2.3161620024105005,0.7476575780505876,1.3817425542537989,2.481084866061083
Jordan (17050108),1988,9058.157038277175,19428.88210579203,5941.85894843274,11986.266767498928,21040.31674240833,2.1449045345196756,0.6559677562802397,1.3232566753753991,2.3228032648913
Jordan (17050108),1989,8786.56833848187,20097.11225528879,8109.655039957906,10561.965441608521,18803.191161238967,2.2872538494091015,0.9229604468493875,1.2020580771392944,2.139992592886127
Jordan (17050108),1990,11626.814728488105,26233.549114325244,9087.268549103816,15558.099035793692,27973.030331404156,2.2562971653833626,0.7815785115108203,1.3381222113803126,2.4059066033678542
Jordan (17050108),1991,15599.968301974968,35879.11035022751,14403.078919061445,19347.278117120266,35003.062733790335,2.299947644488815,0.923276165711055,1.2402126557315432,2.2437906318924328
Jordan (17050108),1992,5054.1583357284,11182.156997769498,3419.6260449725214,6048.411965058357,10799.050466769753,2.2124666967240825,0.676596540476148,1.196719921159072,2.136666433742307
Jordan (17050108),1993,17661.269143267815,36790.02359463789,19956.751349259383,14906.040282816968,27126.410359625297,2.083090591972641,1.1299726643295376,0.8439959870323875,1.5359264467109623
Jordan (17050108),1994,7520.3276222103705,16529.62962689832,4733.749745729954,10104.019530405385,17805.74014050586,2.1979932866328955,0.6294605745299449,1.3435610837703926,2.3676814408881306
Jordan (17050108),1995,18610.53479532578,46642.39507954049,19600.628009801272,24170.217950744536,44274.47241489122,2.5062361502505124,1.0532006858139382,1.2987384949741005,2.3790005446813485
Jordan (17050108),1996,14187.482436337947,31885.78388683885,13821.997186196366,15970.001582591996,29422.728824755402,2.247458915273848,0.9742388932087432,1.1256402715740843,2.0738512950962957
Jordan (17050108),1997,16187.884988479458,38757.691103578654,16211.665166839399,20060.605827881525,36517.33935033693,2.394240577515939,1.001469010829819,1.2392357520552062,2.2558437607090407
Jordan (17050108),1998,15919.09845001846,35201.41420634899,20362.349361124056,13050.068722120617,23830.328969209426,2.211269332674312,1.2791144815804845,0.8197743586481484,1.4969647335262124
Jordan (17050108),1999,15199.966510036138,34643.300534601345,10685.959290197246,21334.297255295704,39492.7736097009,2.2791695305201682,0.7030251864792983,1.4035752803277053,2.5982145147244147
Jordan (17050108),2000,10752.611164807919,26893.979104640355,8442.514077378893,15855.676990928103,28620.087370768837,2.5011579692067087,0.7851594322512366,1.474588520676907,2.6616871876144046
Jordan (17050108),2001,12255.767129081276,28336.866679413775,8868.100260183364,16693.591115691255,30358.531419289855,2.312125090250306,0.7235858977069304,1.3621008738065545,2.477081287490619
Jordan (17050108),2002,13345.296405021463,31456.224111340507,9149.162873314637,19628.037919694838,36031.91191130961,2.3571019448848216,0.6855720993856729,1.4707832126013591,2.6999708974430727
Jordan (17050108),2003,10410.086010916242,25601.05261269108,8935.397579668861,14346.408440082116,25876.010798751955,2.459254667621887,0.8583404181578336,1.3781258315289768,2.4856673395030366
Jordan (17050108),2004,16193.91080969233,39650.32546945158,16036.143822743272,20991.15036106288,38087.184866122036,2.448471276359024,0.990257635181328,1.2962372466877685,2.3519448336918227
Jordan (17050108),2005,18987.51411965076,47200.95360288268,19342.888919184123,25246.773714945255,46094.400160322104,2.4858943253678984,1.0187162362220747,1.329651346450697,2.4276163730468325
Jordan (17050108),2006,15962.827282310336,38107.93218273933,14640.506381298912,20765.785276802806,38341.87108879973,2.387292144980465,0.9171624877206563,1.3008839167116095,2.4019473750298213
Jordan (17050108),2007,9574.526743902083,23242.270357770598,7391.262012750469,13578.642495478487,24374.92905304408,2.4275111427907765,0.771971525115629,1.4182050829955208,2.5458103261937435
Jordan (17050108),2008,16804.64726903878,37337.24508554298,12843.138872687268,22064.064840841307,40720.92576456217,2.221840452095288,0.7642611396164039,1.312973993895878,2.423194317180773
Jordan (17050108),2009,16698.68904706353,37387.92465904384,16961.678220590093,18532.18551523151,33606.35620868066,2.2389736435997962,1.015749091008603,1.1097988269019479,2.012514641955702
Jordan (17050108),2010,15320.712718581344,34394.24451706542,13497.33090905257,18867.574238050955,34621.88634859085,2.2449506853131718,0.8809858364280058,1.2315076057243661,2.259809121451678
Jordan (17050108),2011,21384.860761921493,44291.5834766762,22852.131538198697,19639.607300769057,35804.88404212659,2.071165389841728,1.0686125943307458,0.9183883645265494,1.6743098980509528
Jordan (17050108),2012,12757.086753556712,28817.898403629377,8340.0290429819,18304.796927718085,33218.03148423675,2.2589717355018273,0.6537565514835647,1.434872810801781,2.603888499462894
Jordan (17050108),2013,8462.529683450573,18711.662589682208,5617.9082477472075,11903.464991752255,21307.779578760867,2.2111192857940534,0.6638568439805485,1.4066083590856782,2.517897174461984
Jordan (17050108),2014,9615.231380421223,22935.053777057514,7262.86753065256,13180.340506927798,23686.044012445618,2.385283605733966,0.7553502607791004,1.370777258024798,2.463387834917394
Jordan (17050108),2015,9450.64232914029,22538.810345372112,9617.355251042563,11102.162842637474,19845.064530136922,2.384897191154459,1.0176403799970535,1.1747521973617447,2.0998640980144043
Jordan (17050108),2016,8969.603231189129,21067.784618580303,8170.193789803363,11450.408844707068,20105.295102046788,2.348797831471892,0.910875718715622,1.2765791919191782,2.2414921355870683
Jordan (17050108),2017,14500.660315487587,36222.96317490158,14494.252041179037,19309.159202954812,35104.58855482417,2.4980216339674723,0.9995580701727282,1.3316055119456496,2.4208958620546634
Jordan (17050108),2018,11944.29504346075,27674.732669589026,8578.351117472414,16720.175452850133,30331.076519665505,2.316983343838309,0.7181965186106886,1.3998461518249314,2.539377703690527
Jordan (17050108),2019,15806.802655117443,36405.77826936573,18899.266720189924,15738.142957650245,28488.169464530165,2.3031715561767565,1.1956413407914155,0.9956563196893605,1.8022727357393267
Jordan (17050108),2020,16206.321436254995,36994.91544737022,15445.764938901195,19294.829655603626,35047.87295060289,2.2827460008666294,0.9530703805706108,1.1905742911182398,2.162605072869754
Jordan (17050108),2021,11689.364593848004,28312.29632856669,10381.552070298934,15665.676817242416,28005.666656107504,2.4220560579885726,0.8881194513996631,1.3401649586229096,2.395824548996154
Jordan (17050108),2022,14275.454402260993,32361.950055025343,13202.927586124928,16953.88971229637,30389.791981193703,2.2669646193468806,0.9248691645173694,1.1876252226066555,2.1288143357720695
Jordan (17050108),2023,18834.611992556736,44300.950842461905,23261.225986379297,19015.88563041659,34836.268179251434,2.352103184284828,1.2350254943171601,1.0096244954730944,1.8495877798288811
Jordan (17050108),2024,15185.011560012677,40320.90787783902,16039.042795031748,21710.613169459102,39412.53703095079,2.655309659692176,1.0562417243901234,1.4297396537142297,2.595489432140932
Lake Abert (17120006),1985,25238.92037890899,57042.70870407481,16216.637976382384,37822.645379988964,75406.25233598835,2.260108905123485,0.6425250261470726,1.498584123732789,2.987697223332972
Lake Abert (17120006),1986,30148.758024201667,80409.30091349951,29481.59261850968,46263.54796823843,92314.17629162167,2.6670850205156578,0.9778708826029774,1.5345092468187496,3.061956191280491
Lake Abert (17120006),1987,28328.084284504926,69317.97326193085,24249.91121759732,41523.700204229935,82851.96217772717,2.4469700303683024,0.8560378094773493,1.4658139176373048,2.924728737235721
Lake Abert (17120006),1988,28201.034543950005,60565.807728482556,21805.803101294783,36526.63147357376,72852.00771932364,2.1476448899097496,0.7732270625501859,1.2952231031329258,2.5833097578667603
Lake Abert (17120006),1989,29976.24758930347,66598.55075438999,23822.827833473377,40172.86642902029,80111.99000840267,2.221710724665704,0.7947234810661945,1.340156612642715,2.6725156232359555
Lake Abert (17120006),1990,27249.512657552572,64328.25261128522,17707.679750947787,42486.34393765273,84874.43396663172,2.3607120398704002,0.64983473185308,1.5591597718308943,3.1147138311520455
Lake Abert (17120006),1991,30213.476291162053,62881.59580452224,23426.97284758202,36306.937797577964,72458.64642191664,2.0812433232953125,0.7753815754870551,1.2016802518086391,2.398222757409481
Lake Abert (17120006),1992,8150.697239150693,18756.412029524436,4859.248644677189,13367.644419504062,26610.856581575485,2.3012033791944484,0.5961758242394887,1.6400614606679929,3.2648564657455426
Lake Abert (17120006),1993,30477.73900514241,65551.42561225171,36445.025407391775,27040.59663422384,53967.49718615008,2.1507968685338317,1.1957916366841557,0.8872244962023386,1.7707185292532468
Lake Abert (17120006),1994,15619.409322284007,34630.346539788334,8470.930791256606,25803.384308018613,51507.85640172707,2.2171354771003835,0.542333619439196,1.6520076896381262,3.2976827317177406
Lake Abert (17120006),1995,30134.870996286907,65764.71693417769,30689.887235859973,33728.07668068369,67341.96447185459,2.182346058235356,1.018417740684586,1.1192374669478269,2.2346856729584865
Lake Abert (17120006),1996,26411.33612638866,58061.28428073515,27952.314309265126,29138.564439960486,58074.083626016334,2.1983471037924396,1.0583453323036092,1.1032597631759697,2.1988317193840152
Lake Abert (17120006),1997,28580.539071765328,69916.71604022926,24390.9130141954,42607.59552120686,84813.30492588678,2.4463050142150706,0.853409830827549,1.4907904785917365,2.967519426870213
Lake Abert (17120006),1998,23410.535821103727,51145.98469967733,25177.974682780645,24870.73477834186,49454.95355802366,2.184742164404931,1.075497582592007,1.0623735812113202,2.1125083994635383
Lake Abert (17120006),1999,33714.1561332893,76128.66223156737,26573.448622248347,46127.91136834915,91705.22078258674,2.2580622196382976,0.7881985394262847,1.3682060196310988,2.7200805625989597
Lake Abert (17120006),2000,26080.71770340944,62873.43956388116,20327.922085397262,39169.65361037839,77670.96939962753,2.410725052848601,0.7794234160488561,1.501862565893188,2.978099386792331
Lake Abert (17120006),2001,15448.451006113813,35800.78699285472,8089.523186058452,26484.29218630168,52178.478965666465,2.3174353842133657,0.5236462337134626,1.714365548741448,3.3775864612585775
Lake Abert (17120006),2002,29351.292798466326,69925.42464229435,16483.042875852785,48948.37864225336,97045.43463708788,2.382362682367031,0.5615780875149071,1.6676736857332235,3.306342766685859
Lake Abert (17120006),2003,28730.06985946553,71684.91092561251,22010.037615157366,45883.1320883131,91070.68726820464,2.495117877410761,0.7660976016703226,1.597042134347482,3.169873505831386
Lake Abert (17120006),2004,27667.86858174648,67395.14313484744,21593.303996573937,42229.500165316414,83749.49395567043,2.4358632084623433,0.7804469626120691,1.526301169190054,3.0269586436782157
Lake Abert (17120006),2005,36354.50034342927,81272.93259792696,36842.561922036984,41079.04880991061,81503.04196430567,2.235567311616656,1.013425066332838,1.1299577334814137,2.2418969094437458
Lake Abert (17120006),2006,33509.7489176334,86118.27940632644,28548.350994143373,53285.14717903677,105763.36667958651,2.569947021029738,0.8519416562718781,1.5901386581562007,3.156196930617168
Lake Abert (17120006),2007,24520.762091849338,61362.97245631675,17852.37216659177,39730.06973134308,78724.99769398868,2.502490429394676,0.728051277514163,1.6202624364823184,3.210544492830292
Lake Abert (17120006),2008,33585.742842284395,79577.11161025548,20141.155932883463,55107.09255748375,109519.70007861305,2.3693717892125354,0.5996936267708743,1.6407882599548762,3.2608985483187802
Lake Abert (17120006),2009,32233.20142433564,77877.99471605137,26478.59805377823,46983.95831704326,93420.06528043502,2.416080044014943,0.8214696922343941,1.457626181728601,2.898255871348358
Lake Abert (17120006),2010,27299.062510762527,62913.83840010346,16813.85628583241,43129.20218074858,85762.99518047995,2.3046153462339585,0.6159133222689837,1.5798785091519203,3.141609538667062
Lake Abert (17120006),2011,31216.522601052784,70779.52425483761,25689.172845392994,42118.225031566995,83669.54556919164,2.2673737609854903,0.8229351223293084,1.349228598259902,2.680296797900541
Lake Abert (17120006),2012,25204.124655289274,59903.69925789273,15052.291851659978,42066.78065111189,83550.22104271608,2.3767419054294154,0.597215418409746,1.6690435088085418,3.3149423828604356
Lake Abert (17120006),2013,26113.321059346545,61918.53453050475,21744.87601998367,36253.21499685981,72029.3964657398,2.3711474457724218,0.8327120081955524,1.3883034989869267,2.7583391749384116
Lake Abert (17120006),2014,20781.69194924597,53513.25531024665,16220.73870293076,34690.1457065382,68660.1320860745,2.575019177501969,0.7805302254766269,1.6692647447214648,3.303875943005965
Lake Abert (17120006),2015,31055.578669494862,81285.63588302562,31613.25271919957,45690.07436744226,90477.21375592427,2.617424609861497,1.0179572905608902,1.4712356466995256,2.913396485662585
Lake Abert (17120006),2016,31103.17938072933,79992.25806728886,23001.883644096062,51910.56516621324,102751.2607703652,2.5718354091109363,0.7395348032602543,1.6689793840939486,3.3035613341196575
Lake Abert (17120006),2017,34581.14854581454,87727.92486882796,30002.126199343602,53575.98848128189,106096.76709851886,2.5368713463233408,0.8675861693718918,1.5492830844036947,3.068052148642705
Lake Abert (17120006),2018,31207.48037212627,76492.18537242965,25688.4108362706,46366.11201015096,91672.43303436699,2.451084946952351,0.8231491466134138,1.4857371199875526,2.937514722151247
Lake Abert (17120006),2019,36156.49982804695,85429.83358976732,35391.42059464094,46374.91533931373,91707.70601746926,2.3627794171464176,0.9788397871186488,1.282616280886245,2.5364099526672295
Lake Abert (17120006),2020,24730.217544271993,59082.08085834531,12898.589946349444,41572.4798770988,81970.45412214473,2.3890643401165668,0.5215720372559769,1.681039796866963,3.3145868602005364
Lake Abert (17120006),2021,17727.574456739992,38902.79484184554,10321.769735353955,25763.135088705498,50497.26623660965,2.194479280669712,0.5822437672193579,1.4532803205297158,2.8485152528811226
Lake Abert (17120006),2022,25897.270804138992,65170.11143437408,20440.01169448978,40181.50045223186,79306.76831847432,2.5164856917648004,0.7892728098291727,1.551572779854853,3.0623600810398615
Lake Abert (17120006),2023,36689.10998101726,88041.49008082565,42398.3156900595,41718.886655321556,82517.67986017265,2.399662737154917,1.155610362638836,1.1370918148983902,2.2491055221254164
Lake Abert (17120006),2024,29414.3777987365,77768.91138497194,24838.918902230394,50101.145836512056,99138.75139225689,2.6439080886597073,0.844448217541333,1.7032876295844734,3.3704181020111674
Little Deschutes (17070302),1985,1052.6306715489998,2289.168165426995,1096.2410751036189,1192.9270903233758,2385.8541806467515,2.174711631818943,1.041429919090657,1.1332817127282855,2.266563425456571
Little Deschutes (17070302),1986,905.645713180091,2039.270885441617,1163.8890375549213,875.381847886696,1750.763695773392,2.251731395360893,1.2851482876985447,0.9665831076623482,1.9331662153246965
Little Deschutes (17070302),1987,680.4598225170183,1577.3550593587788,865.0949328990025,712.260126459776,1424.520252919552,2.3180722904757967,1.2713387392939963,1.0467335511818001,2.0934671023636002
Little Deschutes (17070302),1988,707.6530341070461,1739.7889135689281,858.4610934353059,881.3278201336219,1762.6556402672438,2.4585338149002434,1.2131101713123542,1.245423643587889,2.490847287175778
Little Deschutes (17070302),1989,707.6530341070461,1411.1831307628086,1176.0751922543286,235.10793850847992,470.21587701695984,1.9941737867958325,1.6619376100582433,0.3322361767375894,0.6644723534751787
Little Deschutes (17070302),1990,729.7923843434498,1550.582328287948,998.683670205542,551.8986580824062,1103.7973161648124,2.124689653596363,1.3684490159540337,0.7562406376423291,1.5124812752846581
Little Deschutes (17070302),1991,737.0386520884169,1775.4418115382575,944.9932185931757,830.4485929450816,1660.8971858901632,2.408885621544406,1.2821487935748206,1.1267368279695853,2.2534736559391706
Little Deschutes (17070302),1992,645.8640941265373,1489.7724872402757,778.8151137963397,710.957373443936,1421.914746887872,2.306634632251906,1.2058498388110652,1.1007847934408406,2.201569586881681
Little Deschutes (17070302),1993,707.6530341070461,1307.9304227150965,1123.1511913750892,184.7792313400074,369.5584626800148,1.84826512383362,1.5871495453875084,0.2611155784461118,0.5222311568922235
Little Deschutes (17070302),1994,539.6977453739058,1245.6860063154543,680.5092638897038,565.1767424257506,1130.3534848515012,2.3081178622535017,1.2609081096276267,1.0472097526258755,2.094419505251751
Little Deschutes (17070302),1995,707.6530341070461,1509.46857265551,1161.110253850589,348.35831880492105,696.7166376098421,2.1330630971719593,1.6407903278698426,0.49227276930211705,0.9845455386042341
Little Deschutes (17070302),1996,707.6530341070461,1671.8505875854673,1249.2130922697474,422.6374953157203,845.2749906314406,2.3625286786130952,1.7652903782799014,0.5972383003331945,1.194476600666389
Little Deschutes (17070302),1997,707.6530341070461,1766.0614841034228,1249.866539828114,516.1949442753089,1032.3898885506178,2.4956601596881898,1.76621377933504,0.7294463803531499,1.4588927607062998
Little Deschutes (17070302),1998,1007.8474545548343,2144.6040238552787,1525.6511458418524,618.9528780134264,1237.9057560268527,2.1279053830646912,1.5137718897308043,0.6141334933338871,1.2282669866677742
Little Deschutes (17070302),1999,966.5063227958403,1977.1483973405893,1293.254863284612,683.8935340559772,1367.7870681119543,2.045665248853454,1.3380718085149994,0.7075934403384542,1.4151868806769083
Little Deschutes (17070302),2000,707.6530341070461,1553.3554599773793,812.3437066639534,741.011753313426,1482.023506626852,2.1950806187632406,1.1479406821013798,1.047139936661861,2.094279873323722
Little Deschutes (17070302),2001,671.4968108459168,1423.7245878511849,619.2139388598303,804.5106489913544,1609.0212979827088,2.120225390285399,0.9221398059653876,1.1980855843200113,2.3961711686400227
Little Deschutes (17070302),2002,650.540734487228,1343.2038246123382,732.4114997926198,610.7923248197184,1221.5846496394367,2.0647497587850268,1.125850328757544,0.9388994300274829,1.8777988600549658
Little Deschutes (17070302),2003,646.9220366121976,1380.8756827771708,793.4520513262271,587.4236314509436,1174.8472629018872,2.134531836337718,1.2265033596341501,0.9080284767035679,1.8160569534071358
Little Deschutes (17070302),2004,655.8850482832993,1470.2097690353105,1007.0424048029257,463.1673642323849,926.3347284647698,2.241566220915401,1.5353946662433284,0.7061715546720727,1.4123431093441454
Little Deschutes (17070302),2005,680.4598225170183,1435.3081934723748,833.5745424373171,601.7336510350577,1203.4673020701155,2.109321000265931,1.2250165474192554,0.8843044528466754,1.7686089056933507
Little Deschutes (17070302),2006,707.6530341070461,1600.1619820039425,1045.1725225292303,554.9894594747121,1109.9789189494243,2.26122394009532,1.476956180719389,0.7842677593759307,1.5685355187518615
Little Deschutes (17070302),2007,688.7730831297024,1673.2007735085044,673.5972252493449,999.6035482591594,1999.2070965183188,2.4292482016075314,0.9779668249935084,1.4512813766140231,2.9025627532280462
Little Deschutes (17070302),2008,707.6530341070461,1603.286588473881,512.6055062722395,1090.6810822016416,2181.3621644032833,2.2656393899264384,0.7243740669028179,1.5412653230236206,3.0825306460472413
Little Deschutes (17070302),2009,674.764999260643,1642.338664835934,815.1779466682352,827.1607181676986,1654.3214363353973,2.4339416932346607,1.2080916282875465,1.2258500649471142,2.4517001298942285
Little Deschutes (17070302),2010,687.7060902619854,1487.9655817402363,808.2324833089581,679.7330984312782,1359.4661968625564,2.1636649766666856,1.1752585803058069,0.9884063963608788,1.9768127927217576
Little Deschutes (17070302),2011,707.6530341070461,1508.1563147493137,696.4595429922599,811.6967717570535,1623.393543514107,2.131208716786447,0.9841822325697922,1.1470264842166547,2.2940529684333093
Little Deschutes (17070302),2012,707.6530341070461,1592.6957723744197,614.5914111018382,978.1043612725811,1956.2087225451621,2.2506732757588854,0.8684925824946995,1.3821806932641851,2.7643613865283703
Little Deschutes (17070302),2013,687.7060902619854,1547.9422675493968,547.7005118897945,1000.2417556596021,2000.4835113192041,2.2508776488509787,0.7964165501008504,1.454461098750128,2.908922197500256
Little Deschutes (17070302),2014,543.9228320972936,1484.202794832302,697.5547151887183,786.6480796435836,1573.2961592871673,2.7287010348681537,1.2824516163424151,1.4462494185257382,2.8924988370514764
Little Deschutes (17070302),2015,683.0782598733269,1625.510724020304,629.8171593778336,995.6935646424707,1991.3871292849415,2.3796844659084098,0.9220278207867861,1.4576566451216242,2.9153132902432484
Little Deschutes (17070302),2016,683.0782598733269,1519.4870893271373,884.1298255501351,635.3572637770019,1270.7145275540038,2.2244699891472433,1.2943316710358959,0.930138318111347,1.860276636222694
Little Deschutes (17070302),2017,707.6530341070461,1672.0296390838407,672.16193766415,999.8677014196908,1999.7354028393815,2.36278170020665,0.949846754366452,1.4129349458401976,2.8258698916803953
Little Deschutes (17070302),2018,536.6765643523266,1418.779379510288,573.4355512991606,845.3438282111273,1690.6876564222546,2.643639528442057,1.0684937435104802,1.5751457849315766,3.1502915698631533
Little Deschutes (17070302),2019,603.3014724841595,1419.4592808347327,998.5909017695267,420.86837906520606,841.7367581304121,2.352819188373525,1.6552104500221423,0.6976087383513829,1.3952174767027659
Little Deschutes (17070302),2020,543.922832106,1312.4635415749258,666.7668526984596,645.6966888764663,1291.3933777529326,2.4129590892392474,1.2258482515191047,1.187110837720143,2.374221675440286
Little Deschutes (17070302),2021,536.676564361,1412.7866680342775,605.3293378837798,807.4573301504979,1614.9146603009958,2.6324731912160684,1.1279220634583176,1.5045511277577512,3.0091022555155025
Little Deschutes (17070302),2022,543.922832106,1401.155066806447,702.7856409065741,698.3694258998729,1396.7388517997458,2.576018111579087,1.2920686528003937,1.2839494587786935,2.567898917557387
Little Deschutes (17070302),2023,543.9228320972936,1359.38212462887,785.7152946987702,573.6668299301,1147.3336598602,2.499218720764625,1.4445344970520124,1.0546842237126128,2.1093684474252257
Little Deschutes (17070302),2024,663.1313160282663,1563.3849878910805,608.433526596248,954.9514612948324,1909.9029225896647,2.357579788652962,0.9175159005314014,1.4400638881215604,2.8801277762431208
Lost (18010204),1985,117724.80086264703,268322.4914184688,85057.15628641892,158915.49307283512,250935.57497494505,2.279235041828854,0.7225083895929252,1.3498896741243716,2.1315438474830715
Lost (18010204),1986,138985.68153852216,326091.434838804,130877.98327061112,173878.9133686885,213624.8571912273,2.3462232312644553,0.9416652263876272,1.2510563062605489,1.5370278062205829
Lost (18010204),1987,135446.88743996853,310900.4100898759,91974.55961542112,194959.86308016634,247582.24834085902,2.2953676970072143,0.679045206233958,1.4393823790640783,1.8278917516697462
Lost (18010204),1988,133654.3768278255,293215.82309046126,92075.47107214363,178090.94145477182,224201.27420165457,2.1938362966458174,0.6889072640752789,1.332473695823593,1.677470499080417
Lost (18010204),1989,140516.95151207835,300532.62373494497,144646.90250145725,136836.7923730224,186528.2494180795,2.138764188241817,1.02939112288544,0.9738098563948735,1.3274430409347884
Lost (18010204),1990,137829.70437371667,318002.05099618895,112133.29051143635,182666.30620736454,227826.26322403306,2.307209845955602,0.8135640355680798,1.3253043459490867,1.6529547404839258
Lost (18010204),1991,136829.6186663369,298212.679548327,97903.20185944901,177423.5833007025,223811.09689453297,2.1794453748755047,0.7155117642927068,1.2966752741842773,1.6356918851049567
Lost (18010204),1992,126895.49602515381,294413.58830743603,74987.12748092417,192954.0910542502,239684.02225630754,2.3201263837534154,0.5909360838627391,1.5205747808102026,1.8888300196942864
Lost (18010204),1993,141642.41638899056,288331.60724984517,163213.7359020451,110665.85690791972,141196.96047529287,2.0356303895437944,1.1522942072225988,0.78130449712182,0.9968550669703746
Lost (18010204),1994,135482.1924299886,329583.28852381866,82269.34245092026,218843.22128293954,271838.43886177713,2.4326686969885967,0.6072336221856872,1.6152914073635793,2.0064514308937804
Lost (18010204),1995,143592.92855901216,324195.7117206108,167380.14940598566,139126.27255061537,180000.76683771808,2.257741484723439,1.1656573278759874,0.9688936213417979,1.253548964033723
Lost (18010204),1996,142445.16646900357,336100.58651227964,164464.72146454258,151406.92431083738,201921.08094620914,2.3595085382234853,1.1545826758560498,1.0629137377138305,1.4175355047245333
Lost (18010204),1997,142178.85425374043,333742.9748630912,142721.794003484,168836.258439885,221051.1128412891,2.347346070657417,1.0038187095584175,1.1874920453260247,1.5547397255487008
Lost (18010204),1998,143535.80826334932,308487.9768144735,169935.44041336124,123607.80342442702,158796.6161542516,2.1492056968006317,1.1839236666405624,0.8611635306894304,1.1063205626215782
Lost (18010204),1999,141315.5155203567,310932.0815763166,115869.91188402422,171032.45752510484,231867.69776170177,2.200268529831223,0.8199376512717953,1.2102878929841738,1.6407801854446824
Lost (18010204),2000,139186.70318557587,330466.79517837794,121549.78196627813,184585.83892627846,234578.72928341696,2.3742698664093704,0.8732858756214474,1.3261743737127856,1.6853530108451245
Lost (18010204),2001,126129.82943611994,273152.1795196504,63536.88593059573,185344.25563498563,221909.76257481705,2.165642978673747,0.5037419475999118,1.4694720231018437,1.7593757445553837
Lost (18010204),2002,136829.81521901165,329956.92909490754,81106.0395361129,219929.71245872922,276745.54356613127,2.411440288556803,0.5927512173154182,1.607323024639818,2.0225529291490205
Lost (18010204),2003,134146.4565135683,320908.73331464705,114979.69584185496,182541.3579598354,225686.7840383115,2.392226687569557,0.8571206338963213,1.3607616831934148,1.682390947206901
Lost (18010204),2004,136185.12066416105,324264.7235156092,106622.12464214813,191870.73604000054,240668.02379046817,2.3810583853375684,0.7829205137988852,1.4088964719806862,1.7672123255224548
Lost (18010204),2005,140035.71730186007,338076.74498726364,119561.71865157037,193907.72516627554,239596.25175184358,2.41421796882368,0.8537944529811913,1.384701909644161,1.7109652906291861
Lost (18010204),2006,137787.63387486996,334658.79359347286,115920.87674257357,193137.70235729232,246595.70403144855,2.428801367598698,0.841301018695521,1.401705631527774,1.7896795024101453
Lost (18010204),2007,135995.05342861015,334970.781337896,101184.93641750951,205610.24074572456,255050.63136967807,2.463110038879003,0.7440339473128409,1.5118949958989392,1.875440502720678
Lost (18010204),2008,137886.81888969493,320565.0367389271,81900.68084689809,211362.93673464865,262124.42287507985,2.3248417747266252,0.5939703410839874,1.5328726736652927,1.9010114598754435
Lost (18010204),2009,110882.77415769627,273863.86393353785,85189.45991686387,161997.95446116148,247183.07739473192,2.469850398440173,0.7682839878781202,1.4609839597877463,2.2292288344372664
Lost (18010204),2010,108843.83023533609,242714.56668573178,77878.23550289679,141645.95897418848,217799.83411711772,2.229934082262153,0.7155043637706684,1.3013687470197388,2.001030592604128
Lost (18010204),2011,139907.70208629023,309692.9892546384,120508.203529937,167077.8306379288,217565.42948182946,2.2135521106881626,0.8613407391653943,1.194200377437984,1.555063990313004
Lost (18010204),2012,134120.43268237173,324928.40282922494,101999.10694672313,196697.76460591378,245189.80744912295,2.422661456802266,0.7605038613935928,1.4665756788284428,1.8281316466506579
Lost (18010204),2013,109044.08417570622,253599.81565932898,86094.67171825621,143747.88468055121,219887.1381694434,2.325663217554246,0.789540050421526,1.3182547752790115,2.0164976379198367
Lost (18010204),2014,102367.13984555741,254483.32537356942,90895.30391694557,138555.69484111722,208955.50550553645,2.485986477276904,0.8879343904116151,1.3535173010612385,2.0412361410193762
Lost (18010204),2015,102697.88860309245,254060.6887149296,93219.25573313421,136886.99262155907,207285.1154637477,2.473864771425099,0.9077037220639333,1.332909512391252,2.0183970506430247
Lost (18010204),2016,113094.7993496181,271837.20671915694,99658.86988699515,148368.95867560396,228066.38400645278,2.4036225209508264,0.8811976364970816,1.3118990398218076,2.016594797621195
Lost (18010204),2017,136849.1067159998,331644.0659550087,125346.69157606945,182494.06812149548,234365.46295595454,2.423428796238056,0.9159481898277854,1.333542267836806,1.7125830674388578
Lost (18010204),2018,133199.7172518848,317164.7293568343,106272.84380712813,187068.43574047548,234384.5399073336,2.381121641249928,0.7978458663404133,1.4044206669502401,1.7596474282607157
Lost (18010204),2019,135752.87609236268,315851.28558030934,145723.5594680386,150527.1885315749,184722.51941435103,2.3266636749958245,1.0734473085409413,1.1088324083031595,1.360726378192317
Lost (18010204),2020,128098.03946097099,288827.0596059272,64888.54966423799,198190.59966625355,236005.71228710256,2.2547344270161704,0.5065538078278573,1.5471790239743552,1.8423834844014844
Lost (18010204),2021,88417.36284669809,194635.20025798486,53528.111047871505,117397.80589312672,174691.19018704194,2.2013232920716255,0.6054027096542214,1.3277686883364321,1.9757566224852148
Lost (18010204),2022,85389.61618672305,192411.50380995055,53874.47740525048,116049.32111217068,172970.99681008328,2.2533360893577594,0.6309253959807263,1.359056596043288,2.0256678099108023
Lost (18010204),2023,105146.17271791639,227246.7847715306,91280.96990803033,115986.06121737651,176700.70373825202,2.161246376329672,0.8681340228418651,1.1030935146687757,1.6805243516785
Lost (18010204),2024,91231.97169292919,222716.2272736821,80505.41401868562,121443.62431626748,184523.50868207577,2.44120808901627,0.882425453761459,1.331152029959688,2.0225750387501162
Lower Columbia (17080006),1985,331.66868103600007,580.6418695890021,567.6070051058904,13.034864483111761,23.449039469118564,1.7506683711446904,1.711367510893442,0.03930086025124853,0.07070019211905436
Lower Columbia (17080006),1986,341.93207275146176,664.9433480859636,654.5541130723599,10.389235013603749,18.166182421972746,1.9446650404429515,1.914281125503345,0.03038391493960648,0.05312804463118351
Lower Columbia (17080006),1987,333.79195491535853,657.2153568821702,640.234411807969,16.98094507420136,28.113338697388556,1.9689370795315422,1.9180642384575048,0.05087284107403761,0.08422413507394871
Lower Columbia (17080006),1988,346.5594265321892,639.916958069785,634.948136813299,4.968821256485864,9.278038855301137,1.8464855060300835,1.832147932511435,0.01433757351864832,0.026771855401946112
Lower Columbia (17080006),1989,283.6795746659707,467.0455433759568,451.1496531076149,15.895890268342011,24.376907552985063,1.6463841075829917,1.5903494414035209,0.056034666179471095,0.08593113403278534
Lower Columbia (17080006),1990,330.97057717079286,598.5782469025456,592.0292778957042,6.548969006841341,9.860215480337086,1.808554258868931,1.78876709511914,0.019787163749791073,0.029791818851767165
Lower Columbia (17080006),1991,341.93207275146176,599.4064993576143,591.3925053803356,8.013993977278762,13.717693593381487,1.7529987594737904,1.7295613734667052,0.02343738600708524,0.04011818336606402
Lower Columbia (17080006),1992,339.41539057541826,619.5550543831455,593.6052925344255,25.949761848719948,42.6669364000653,1.8253593431128754,1.74890505562542,0.07645428748745528,0.12570713522368895
Lower Columbia (17080006),1993,339.7339502609256,590.2970474527971,587.5787815010406,2.718265951756516,5.171086211335233,1.7375274004833243,1.7295262397230624,0.008001160760261987,0.01522098750320269
Lower Columbia (17080006),1994,278.73950456955976,501.23559035874064,497.25000829255964,3.985582066180971,7.442811537263493,1.7982222904958085,1.7839236998732282,0.014298590622580246,0.026701674557242858
Lower Columbia (17080006),1995,345.7099964162503,673.370944055037,664.725951745145,8.644992309891938,15.282169922002666,1.9477913599127408,1.9227848735527602,0.025006486359980696,0.04420517219757293
Lower Columbia (17080006),1996,342.4618571078402,564.2730754723773,560.4554980475418,3.817577424835498,7.105602734092867,1.6476961266220354,1.6365486737142119,0.0111474529078237,0.020748596045413997
Lower Columbia (17080006),1997,195.98106259193884,335.66359095725,335.66359095725,0.0,0.0,1.7127348250792505,1.7127348250792505,0.0,0.0
Lower Columbia (17080006),1998,346.6954918266265,644.882413958876,639.5764517825598,5.30596217631612,10.61192435263224,1.8600830675968671,1.844778680025051,0.015304387571816179,0.030608775143632357
Lower Columbia (17080006),1999,283.3018608040368,400.4009805052675,399.88572699407996,0.5152535111874861,1.0305070223749722,1.4133369239753408,1.4115181801459666,0.0018187438293739023,0.0036374876587478046
Lower Columbia (17080006),2000,322.02396067810935,546.7751459679364,541.6675273664357,5.107618601500681,9.819364725236934,1.6979331128545592,1.6820721235333138,0.015860989321245522,0.030492652486354063
Lower Columbia (17080006),2001,343.878914578291,668.5750252106415,662.7115002923996,5.8635249182418985,11.093078690335865,1.9442163996316406,1.9271652671845336,0.017051132447107188,0.032258676586610836
Lower Columbia (17080006),2002,342.9644869161017,613.50108932907,609.1482675799298,4.352821749140362,8.705643498280724,1.7888181217991497,1.7761263653194035,0.012691756479746484,0.025383512959492968
Lower Columbia (17080006),2003,317.48341967652635,512.1209584833579,507.0149893742232,5.105969109134631,9.7994240800904,1.613063633386403,1.5969810010576442,0.016082632328758898,0.03086593967670727
Lower Columbia (17080006),2004,343.0294844623521,711.9757781087721,705.5914716593259,6.384306449446325,11.669928556895535,2.0755527158975524,2.0569411774187163,0.01861153847883595,0.034020190932527034
Lower Columbia (17080006),2005,343.878914578291,691.1387681759163,686.7450577152382,4.393710460678096,8.065064987698243,2.0098317718127046,1.9970548603057392,0.012776911506965277,0.023453211714328785
Lower Columbia (17080006),2006,338.4320801004484,686.5740218701976,675.640802322154,10.933219548043624,19.04977318582127,2.028690724787139,1.9963852189237505,0.03230550586338798,0.05628831989026335
Lower Columbia (17080006),2007,338.4320801004484,660.7134561971515,652.4881056307026,8.225350566448888,14.727454708410026,1.952277857350427,1.927973569872693,0.024304287477734266,0.04351672189007272
Lower Columbia (17080006),2008,348.75646294867227,648.2347967891538,641.1400856326727,7.094711156481139,12.661398143831676,1.8587033235411523,1.838360442734022,0.02034288080713014,0.03630441149902102
Lower Columbia (17080006),2009,346.5594265321892,626.6063270482888,619.8618941368503,6.744432911438436,13.221555781926138,1.8080775736454775,1.7886164584799604,0.019461115165516924,0.03815090506764239
Lower Columbia (17080006),2010,341.93207275146176,599.3999292891235,596.3008265542308,3.099102734892755,6.19820546978551,1.7529795449308612,1.7439160408554613,0.009063504075399742,0.018127008150799484
Lower Columbia (17080006),2011,342.9644869161017,666.483030641655,659.6006622757033,6.882368365951735,13.76473673190347,1.943300417587243,1.9232331259914361,0.020067291595806964,0.04013458319161393
Lower Columbia (17080006),2012,331.8225048512362,493.6582966010835,490.09886761620476,3.559428984878731,6.549498151073983,1.4877179497587185,1.476991043256477,0.01072690650224133,0.019737956453587367
Lower Columbia (17080006),2013,346.5594265321892,662.2945391786699,656.3464327911438,5.948106387526156,11.896212775052312,1.9110561954867342,1.8938928868817853,0.01716330860494912,0.03432661720989824
Lower Columbia (17080006),2014,338.4320801004484,705.6351032459515,703.361497261335,2.273605984616469,4.547211969232938,2.0850124581467435,2.0782944012062146,0.006718056940528957,0.013436113881057914
Lower Columbia (17080006),2015,238.39581757913248,536.9470941517653,526.7556830379718,10.191411113793409,19.952973581141705,2.2523343723240132,2.209584414638994,0.04274995768501894,0.08369682733430744
Lower Columbia (17080006),2016,339.5786235603049,735.7476160823176,726.3692366634083,9.378379418909311,15.610677000528167,2.1666487965832104,2.1390310999196753,0.02761769666353521,0.04597072936116636
Lower Columbia (17080006),2017,349.4672660663717,669.3379181102687,651.6954560626641,17.642462047604475,30.370183761234838,1.915309338251859,1.8648254624766272,0.05048387577523148,0.08690423026764074
Lower Columbia (17080006),2018,342.9780403927245,707.4313738685086,689.3258440439888,18.105529824519813,30.659699870574713,2.0626141926126507,2.0098250116966128,0.052789180916038264,0.08939260319835068
Lower Columbia (17080006),2019,345.46836243791614,663.5853632302329,656.6955728248225,6.889790405410351,11.239461209500218,1.9208281723611822,1.9008848399043683,0.01994333245681364,0.03253398120217174
Lower Columbia (17080006),2020,346.559426532,664.1007168604035,661.0417706811832,3.058946179220161,5.425273721632434,1.916267935649654,1.9074413219579387,0.008826613691714745,0.0156546707614415
Lower Columbia (17080006),2021,322.444671023,651.1458951637841,635.3854048917078,15.760490272076163,24.608255125799886,2.0194034936224385,1.9705253706809926,0.04887812294144556,0.0763177603392446
Lower Columbia (17080006),2022,364.357695992,578.8526352070305,573.3852127946893,5.467422412341181,9.00757499058971,1.5886933131220042,1.5736876676464624,0.015005645475541776,0.02472179149685776
Lower Columbia (17080006),2023,274.37764522659705,545.3744483541145,526.3775396891925,18.99690866492206,30.47009142743364,1.9876781430342567,1.9184417857893608,0.0692363572448962,0.11105165438047863
Lower Columbia (17080006),2024,351.0372781463613,648.0838389895038,646.8682742665108,1.2155647229929814,2.3107228770681267,1.8461966273544659,1.842733847761906,0.0034627795925598662,0.006582556955972907
Lower Columbia-Clatskanie (17080003),1985,4364.686328814,9195.038278677193,8329.964901225723,865.073377451466,1634.672917908266,2.106689366879596,1.9084910744294408,0.19819829245015394,0.37452242721699763
Lower Columbia-Clatskanie (17080003),1986,4174.351210037896,8456.01053123964,8055.4806951985765,400.52983604106396,766.9712845529173,2.0257065363608624,1.9297563357457521,0.09595020061511017,0.183734248979485
Lower Columbia-Clatskanie (17080003),1987,3530.769851748679,8265.993690657468,7552.2561704058135,713.7375202516527,1263.6365204976337,2.3411306988937786,2.1389828528940846,0.20214784599969352,0.35789263349232303
Lower Columbia-Clatskanie (17080003),1988,4314.553172466126,8675.998741626341,8403.700649920102,272.29809170624435,462.86857341650114,2.0108684247985025,1.9477568855911649,0.0631115392073389,0.10728076695643857
Lower Columbia-Clatskanie (17080003),1989,4281.391028046725,9225.493708168013,8640.78016250865,584.7135456593599,1062.5625077416785,2.154788863650445,2.0182179356905845,0.1365709279598599,0.2481816075151737
Lower Columbia-Clatskanie (17080003),1990,4272.913828668448,9570.48997902571,9199.681451110066,370.80852791564917,647.6389236425201,2.239804115592971,2.153022930017039,0.0867811855759335,0.15156844944948056
Lower Columbia-Clatskanie (17080003),1991,4286.344983004815,9449.226622177837,9085.858891202739,363.36773097510195,596.1377422747353,2.2044951257175147,2.119721797295319,0.08477332842219662,0.13907833938667966
Lower Columbia-Clatskanie (17080003),1992,3859.8703396818196,8061.521141719153,7417.308437839027,644.2127038801268,1156.3754905047078,2.088547135597225,1.9216470464265536,0.16690008917067176,0.29958920604572203
Lower Columbia-Clatskanie (17080003),1993,3726.9928581813724,6877.179936326343,6817.35720361861,59.822732707730545,115.41192520366603,1.8452356089789073,1.8291844022865165,0.01605120669238999,0.030966500230961688
Lower Columbia-Clatskanie (17080003),1994,3276.032308686919,5818.0090787244335,5408.780955948947,409.22812277548456,727.0787835282347,1.77593153257282,1.6510157551275386,0.12491577744528079,0.22193883179975668
Lower Columbia-Clatskanie (17080003),1995,4265.897403234127,9435.551412166165,9080.752501900168,354.7989102659984,587.0063628417743,2.2118561513018906,2.1286851613017532,0.08317099000013758,0.13760442583470106
Lower Columbia-Clatskanie (17080003),1996,4323.717474517197,8787.154124597839,8606.872710412026,180.2814141858154,294.5822187262043,2.0323145941858853,1.9906186657982556,0.04169592838763044,0.06813169927554032
Lower Columbia-Clatskanie (17080003),1997,4335.541310927898,8857.980985973918,8782.75989655592,75.22108941799578,105.79094603445195,2.043108426541119,2.0257585539361918,0.017349872604926667,0.024400862187104945
Lower Columbia-Clatskanie (17080003),1998,4195.7932017128605,9203.639876305759,9035.03435930738,168.60551699838817,276.12393099172425,2.193539918161012,2.153355497982832,0.04018442017818177,0.0658097093248069
Lower Columbia-Clatskanie (17080003),1999,4069.7868631557717,8370.870244698626,8004.817307967283,366.0529367313427,624.9004232108779,2.056832587593477,1.9668885809317866,0.08994400666169038,0.1535462283954401
Lower Columbia-Clatskanie (17080003),2000,3979.654348472432,8049.0236465568005,7684.094483352651,364.92916320414986,603.2380200847444,2.022543402455636,1.9308446941634887,0.0916987082921475,0.15158050605985265
Lower Columbia-Clatskanie (17080003),2001,4262.392171998725,8704.07095378555,8491.647314076103,212.42363970944496,414.61675161186344,2.0420624387793085,1.9922257200688767,0.04983671871043135,0.09727325287795867
Lower Columbia-Clatskanie (17080003),2002,4420.699849326416,9928.605015216403,9394.9487692062,533.6562460101861,919.094034474285,2.2459351129050815,2.125217519718673,0.12071759318640453,0.20790690745817716
Lower Columbia-Clatskanie (17080003),2003,4389.279463723754,9608.066974620055,8913.525010190306,694.5419644297403,1227.811278118471,2.188985015428663,2.0307490292787818,0.15823598614987902,0.27972957481199584
Lower Columbia-Clatskanie (17080003),2004,4364.90137385587,9683.289601117594,9200.23928731966,483.0503137979333,921.3435134464827,2.2184440773660743,2.1077771292670344,0.1106669480990394,0.211080030115912
Lower Columbia-Clatskanie (17080003),2005,4196.150337616852,8441.31053067074,8276.486027057392,164.82450361334648,300.1784788417316,2.0116797186692006,1.9723997857898277,0.039279932879372564,0.07153663588998434
Lower Columbia-Clatskanie (17080003),2006,4186.599724204796,9519.398404900465,9085.633402645746,433.7650022547152,801.313429095045,2.2737780136620493,2.1701700666813744,0.10360794698067408,0.1913995800607011
Lower Columbia-Clatskanie (17080003),2007,4173.953810844125,8867.647660738196,8265.03439907991,602.6132616582894,1123.2233826900163,2.124519834814568,1.9801451510093306,0.14437468380523816,0.26910297372525543
Lower Columbia-Clatskanie (17080003),2008,4001.143281353315,8174.935492499256,7555.145126846711,619.7903656525434,1144.6313389747547,2.043149899329331,1.888246582434638,0.15490331689469275,0.2860760683850351
Lower Columbia-Clatskanie (17080003),2009,4149.006604295214,9157.242971484595,8598.546455133574,558.6965163510203,1007.972235327938,2.2070928886940453,2.072434988710797,0.13465789998324798,0.24294302985308477
Lower Columbia-Clatskanie (17080003),2010,4284.92449068243,8637.952658414037,8561.500101103275,76.45255731076381,120.96967228766249,2.0158937869727387,1.9980515688713443,0.017842218101394768,0.028231459515963724
Lower Columbia-Clatskanie (17080003),2011,4128.860776545773,8133.585588456618,7983.722373065544,149.86321539107047,294.3701284428714,1.9699345724273174,1.93363806753125,0.03629650489606648,0.07129572644228102
Lower Columbia-Clatskanie (17080003),2012,3935.334730683169,7746.219146536991,7517.830995008777,228.3881515282121,444.0426598078216,1.9683761805929676,1.9103409263749445,0.05803525421802282,0.1128347879395602
Lower Columbia-Clatskanie (17080003),2013,4365.3080652792605,9228.312837078689,8936.0935249414,292.2193121372784,564.6978400980014,2.114011817511516,2.04707053690373,0.06694128060778326,0.1293603639544913
Lower Columbia-Clatskanie (17080003),2014,4311.2569098688455,9643.657541254152,9360.973822048616,282.6837192055321,494.4249822139034,2.236855224094619,2.171286475788656,0.06556874830596253,0.11468232873854518
Lower Columbia-Clatskanie (17080003),2015,4228.743093124966,9312.137800265198,8678.724410339939,633.4133899252646,1150.4356372791121,2.2021053526294248,2.0523177263829746,0.14978762624645123,0.2720514374943881
Lower Columbia-Clatskanie (17080003),2016,4367.685464102403,9753.016193431175,9250.731060489326,502.2851329418439,907.2322711223196,2.2329941735938403,2.1179938749070226,0.11500029868681669,0.2077146531220658
Lower Columbia-Clatskanie (17080003),2017,4393.27151360757,10095.684532952147,9587.339831201934,508.34470175021073,929.8831116010864,2.2979878438384964,2.182278013436327,0.11570983040216865,0.21166074273372315
Lower Columbia-Clatskanie (17080003),2018,4399.706441148171,10445.836100274346,9882.592585907498,563.2435143668491,1015.5306661261861,2.3742120616457187,2.2461936308933566,0.12801843075236222,0.23081782380489183
Lower Columbia-Clatskanie (17080003),2019,4352.267100747535,9349.544955648164,8934.454982748133,415.0899729000336,741.9736301770296,2.148201095939702,2.0528278196008634,0.09537327633883931,0.1704798012166096
Lower Columbia-Clatskanie (17080003),2020,4437.1611676699995,9829.895760445697,9439.316112382356,390.5796480633397,691.1580247455267,2.2153569340839336,2.1273322639616987,0.0880246701222343,0.15576581481453403
Lower Columbia-Clatskanie (17080003),2021,4390.967228313,10218.858973814258,9839.5617009655,379.2972728487596,743.9552781106258,2.3272455571799657,2.2408642992186114,0.08638125796135462,0.1694285653770301
Lower Columbia-Clatskanie (17080003),2022,4417.978481315999,9335.324732336008,9068.368841472937,266.95589086308127,525.2244403162136,2.113030828877026,2.0526059327413724,0.060424896135655735,0.11888343108447265
Lower Columbia-Clatskanie (17080003),2023,4396.6176355623675,9498.84467728394,8854.024441588652,644.8202356952844,1263.3125815216533,2.160489145212863,2.0138263491398978,0.14666279607296484,0.2873373775566144
Lower Columbia-Clatskanie (17080003),2024,4422.904839980859,9235.987685205495,8960.910759234375,275.0769259711188,543.993578238771,2.088217589878209,2.026023865182945,0.06219372469526368,0.12299463766919418
Lower Columbia-Sandy (17080001),1985,243.386613732,531.2295872487045,376.5126211372843,145.74572726929551,279.5770462145236,2.182657374220493,1.5469734155218298,0.5988239247610402,1.148695246330901
Lower Columbia-Sandy (17080001),1986,248.50716008506896,597.1504074848697,476.3577149610831,111.19809950708128,206.31091166618182,2.4029505116892937,1.9168772231673983,0.44746436870879674,0.8302010758786889
Lower Columbia-Sandy (17080001),1987,46.0904716051009,116.61890802339758,75.00599845787815,27.31844240248508,40.27414006269252,2.5302172870474857,1.6273645255905154,0.5927134492471043,0.8738062046263662
Lower Columbia-Sandy (17080001),1988,120.982708700068,258.56409821718944,228.80624966592634,29.75784855126311,57.82354477846991,2.1371987864662856,1.8912310042021545,0.24596778226413096,0.47794883582762276
Lower Columbia-Sandy (17080001),1989,157.33080103001308,320.12937769332194,289.4913708372913,27.315441034840713,51.17163292596525,2.034753370589226,1.8400171418568365,0.17361788572874493,0.3252486645396507
Lower Columbia-Sandy (17080001),1990,65.31804872500773,140.20490873197897,107.70938226720077,22.340458118799173,35.65418881895032,2.146495669554501,1.6489987739937346,0.34202580381501635,0.5458550816338107
Lower Columbia-Sandy (17080001),1991,170.17790473473184,351.8923812196697,334.4842519104475,12.015054997263634,17.404571806821135,2.0677912433355488,1.965497532901415,0.07060290826821694,0.10227280582606099
Lower Columbia-Sandy (17080001),1992,61.74473157707911,142.83547022193858,91.57471571593865,37.13610320657154,60.56336688884319,2.313322393241434,1.4831178851530231,0.6014456984109267,0.9808669556403989
Lower Columbia-Sandy (17080001),1993,100.61872731676341,177.78011011303315,176.83692884501744,0.9431812680157057,1.8863625360314114,1.7668689999760552,1.757495185645782,0.009373814330272975,0.01874762866054595
Lower Columbia-Sandy (17080001),1994,99.94483718596709,214.89521648116033,189.78534428831162,24.63821817702275,45.440304497906,2.150138241571252,1.898900930071841,0.24651816812886979,0.45465384483397925
Lower Columbia-Sandy (17080001),1995,138.8620163947225,334.76756587926207,292.8502697078072,39.31068483048612,72.37903302025448,2.410792919265034,2.1089299817983704,0.2830917039166668,0.5212298863248055
Lower Columbia-Sandy (17080001),1996,42.30368520357641,74.99492393322994,71.38245787227214,3.6124660609578063,7.224932121915613,1.7727751984805753,1.687381549119446,0.0853936493611295,0.170787298722259
Lower Columbia-Sandy (17080001),1997,140.86855047079058,243.84695639754435,241.90107739167954,1.9458790058648272,3.8917580117296544,1.7310248141447766,1.7172113760185121,0.013813438126264455,0.02762687625252891
Lower Columbia-Sandy (17080001),1998,18.462255923927255,42.104979073490995,39.29061491632051,2.8143641571704867,5.628728314340973,2.280597736646178,2.128158935626036,0.1524388010201421,0.3048776020402842
Lower Columbia-Sandy (17080001),1999,223.6592231183652,461.933539599317,437.0942049352846,24.83933466403235,49.50510194688322,2.0653453640713577,1.9542865205427504,0.11105884352860713,0.22134165207523804
Lower Columbia-Sandy (17080001),2000,217.0207530195524,472.5229381410371,418.44978315387925,54.073154987157736,106.97870458876204,2.177316830609584,1.928155613376658,0.24916121723292536,0.492942279023075
Lower Columbia-Sandy (17080001),2001,227.1200115720498,482.31657494272355,435.3718793379181,46.94469560480553,89.35709891101618,2.1236198941884834,1.9169243446423656,0.20669554954611807,0.393435603901725
Lower Columbia-Sandy (17080001),2002,213.35203922458268,460.6121688216964,389.98697348906876,70.62519533262774,126.17646401601314,2.158930238003669,1.8279036605717804,0.331026577431889,0.5914003188092094
Lower Columbia-Sandy (17080001),2003,162.00564856147616,325.2250949731855,229.74178000132187,95.48331497186365,175.27596795373398,2.0074923180828015,1.4181096896392593,0.5893826284435426,1.081912695699756
Lower Columbia-Sandy (17080001),2004,193.98365311802343,418.93006869976983,406.1272206003565,12.802848099413405,25.27559786042873,2.1596153179200344,2.0936156942732738,0.06599962364676111,0.13029756607919207
Lower Columbia-Sandy (17080001),2005,209.25928498195358,446.22330509915025,438.77784548823445,7.445459610915798,14.07512312162109,2.1323942932216,2.0968142251182518,0.03558006810334792,0.0672616420477348
Lower Columbia-Sandy (17080001),2006,234.10500435323374,511.99440244293356,443.0739386008904,67.68724970804169,131.23516007594714,2.1870288670566014,1.8926290782419584,0.2891320067891864,0.560582463576603
Lower Columbia-Sandy (17080001),2007,223.80726791172174,476.04247794720726,394.03763429875806,82.00484364844924,161.81785751254523,2.1270197451093362,1.7606114313239452,0.3664083137853911,0.7230232468427811
Lower Columbia-Sandy (17080001),2008,298.5773427208987,574.2956694635509,500.18481116510037,72.2699785181958,136.57056321646087,1.9234402189732982,1.6752269499318921,0.24204776511040105,0.45740430928854175
Lower Columbia-Sandy (17080001),2009,159.14156930496983,329.6122405252525,271.5033532100516,58.1088873152009,114.0931218738116,2.0711888286937925,1.7060492390253992,0.36513958966839355,0.7169284704939037
Lower Columbia-Sandy (17080001),2010,157.47357706753073,331.87723510499154,328.85154352509755,3.0256915798940227,5.419073454397351,2.107510614067462,2.088296650453767,0.019213963613695585,0.03441258879941137
Lower Columbia-Sandy (17080001),2011,247.71940740095914,494.0100450946092,462.94632194490157,31.063723149707716,61.08898300859737,1.9942323061309586,1.8688334789836458,0.12539882714731312,0.24660555928796735
Lower Columbia-Sandy (17080001),2012,219.81274654255986,454.291788093326,365.0200967765541,89.27169131677194,166.75464646340328,2.066721767681323,1.6605956775390156,0.4061260901423078,0.7586213678974092
Lower Columbia-Sandy (17080001),2013,308.53081574713303,627.1617243204809,577.2849086349121,49.87681568556883,97.96156530828026,2.032736090888544,1.8710769854121982,0.16165910547634593,0.3175098249782868
Lower Columbia-Sandy (17080001),2014,362.2093579160715,858.6446779489249,797.0435430822696,56.610214563826226,107.19391305327834,2.3705756330787118,2.200505110270935,0.1562914191105563,0.29594462625152973
Lower Columbia-Sandy (17080001),2015,344.49066371812506,755.7529773420517,619.1841546314192,130.91443923539788,248.8165373009469,2.193827168449583,1.7973902338847083,0.3800231850187873,0.7222736738797012
Lower Columbia-Sandy (17080001),2016,223.70408409537242,532.5636429006634,452.2324977065278,79.4947498008477,137.21193434758362,2.3806612429731677,2.021565674740771,0.35535672101076377,0.6133635642033503
Lower Columbia-Sandy (17080001),2017,305.71641420746,666.6205846344117,511.31871980288497,155.30186483152696,298.99797748540607,2.180519441072736,1.6725262237830079,0.5079932172897288,0.9780239581199105
Lower Columbia-Sandy (17080001),2018,324.4194875628991,724.9400228381207,510.76008652126205,208.0578773919021,357.93840123457477,2.234576067806555,1.5743816450675912,0.6413236114601883,1.1033196677655714
Lower Columbia-Sandy (17080001),2019,290.5513855426586,618.4254810329389,532.2885016964399,86.04211980000156,166.71836676384402,2.1284547649907597,1.8319943672004606,0.29613391668844374,0.5737999371521377
Lower Columbia-Sandy (17080001),2020,375.08288890800003,811.4240365119581,760.1223251151173,51.301711396840965,90.49431092812239,2.163319256909593,2.0265449253846377,0.1367743315249558,0.24126483399864915
Lower Columbia-Sandy (17080001),2021,394.3611708380001,879.3958595916506,713.9212546356274,160.4484803507389,290.4659564507994,2.229925065195879,1.8103233975053281,0.4068566892876217,0.7365480628672749
Lower Columbia-Sandy (17080001),2022,407.14798696000014,853.1077619542373,701.8056008743143,150.75525618168126,275.0809544893769,2.0953259976158254,1.7237113367903316,0.37027140256128066,0.6756289194582262
Lower Columbia-Sandy (17080001),2023,500.9740932211292,1014.2368273320059,627.0698407788447,371.4595028485949,651.313043058445,2.0245294937523313,1.2517011343779347,0.7414744751773686,1.3000932620500927
Lower Columbia-Sandy (17080001),2024,258.4619243751888,584.9439024379756,543.9763083907503,40.84476745407581,76.58431727165072,2.2631724338199177,2.1046670982806073,0.15803011431109162,0.29630792797348093
Lower Crooked (17070305),1985,43996.19146104204,93613.1581574738,23701.814255558227,68291.90736416873,102334.02203844054,2.1277559499750525,0.5387242274492287,1.5522231606033483,2.325974559162826
Lower Crooked (17070305),1986,44719.792934848214,102764.59885527473,27328.13649119972,73673.87708869409,110821.79492362152,2.297966786317445,0.6110971160133453,1.6474556846904183,2.478137478969918
Lower Crooked (17070305),1987,41889.28633437182,94613.1982547214,29171.728295225785,63988.251411688085,97065.9063708476,2.2586490851024004,0.6964006992711458,1.5275564950167984,2.3172012432019207
Lower Crooked (17070305),1988,42192.3131392833,94265.43270542037,23329.772480501077,69344.06859896511,103824.40480025896,2.2341849899112125,0.5529389299772667,1.643523747324535,2.460742184423941
Lower Crooked (17070305),1989,43932.94499379376,97871.4803755373,34192.80066314217,62255.42809081214,93963.4101645241,2.227746862619003,0.7782952103022561,1.4170556537834358,2.138791519161712
Lower Crooked (17070305),1990,41679.882373243745,88958.14727948689,26527.586713848425,61008.732160316424,91890.44408462521,2.134318578034022,0.6364602106189656,1.4637453055645082,2.204671387067396
Lower Crooked (17070305),1991,43067.76326126012,95400.78494595729,27964.169665562866,66055.38318775375,99657.30485598976,2.215132101642512,0.6493062919456724,1.5337546736997882,2.313965186709208
Lower Crooked (17070305),1992,36986.23967689405,88232.20995595658,26672.079366999486,60275.494389896696,90812.65147394253,2.38554150751034,0.7211352005503279,1.6296734925327336,2.4553091167760637
Lower Crooked (17070305),1993,45446.95683343473,96558.64391144381,38280.30685498722,57012.79770059494,86779.59351199097,2.1246448748006577,0.8423073737431171,1.2544909862622833,1.9094698426132763
Lower Crooked (17070305),1994,41977.79261592358,96325.42608715303,20551.850971447657,74260.5720070199,111391.16317345864,2.294675829395888,0.4895886536837969,1.7690442345663118,2.653573621477282
Lower Crooked (17070305),1995,44492.65072870234,99058.85667480309,36065.41824184531,61718.19738860145,93298.94239013124,2.2264094193628234,0.8105927080352487,1.3871548756430208,2.0969517630907033
Lower Crooked (17070305),1996,44088.37497132063,96677.02462436492,30640.64916310842,64653.957617898086,97025.9345574497,2.192800816252653,0.6949825023725661,1.4664627049637307,2.2007146922644534
Lower Crooked (17070305),1997,46544.47900787028,106516.94453379605,38404.719915613205,66619.39132151315,100045.71157510913,2.2884979444239764,0.8251186979473826,1.4313059839008697,2.149464634853733
Lower Crooked (17070305),1998,45555.61557082157,104879.6382411695,44678.95173993651,58845.348643815,89004.40639740886,2.302232928410807,0.9807561851618011,1.2917254636222175,1.9537526884921803
Lower Crooked (17070305),1999,45421.932469131774,100168.792517664,29042.39583798596,69480.67523577544,104835.50136606711,2.2052957034740333,0.6393914626534845,1.5296723732085533,2.3080370135575388
Lower Crooked (17070305),2000,43489.33063834679,101808.91582221354,20520.673821841476,79504.87281141453,119036.19685780935,2.3410090320508026,0.47185536131814676,1.82814661997375,2.737135640180421
Lower Crooked (17070305),2001,43308.02035250237,101814.11464942906,23235.909093218812,76733.49661585875,114544.97810156301,2.3509297774574027,0.5365266965354657,1.7718079928681163,2.6448906500281657
Lower Crooked (17070305),2002,43390.21832583747,101043.36911951378,17769.969835903386,81475.70568199363,120714.34051312048,2.328713083689319,0.40953861311460477,1.8777436211579852,2.782063450490614
Lower Crooked (17070305),2003,42321.95537584958,101034.82808496107,26295.607446607894,73050.9254768498,108769.8394982933,2.387291116105074,0.6213230748221313,1.7260763314951952,2.5700570432613152
Lower Crooked (17070305),2004,44244.289171550154,104834.40755356844,34814.396292552905,68474.47151237245,101979.87939636737,2.3694449502192203,0.7868675696781036,1.5476454203360266,2.304927512813161
Lower Crooked (17070305),2005,44348.45617494573,104499.80251165346,35730.652638503496,67280.20769541658,100341.32743881189,2.356334617363517,0.8056797399565222,1.5170811680571181,2.2625664136533987
Lower Crooked (17070305),2006,43391.05182980442,103662.71000297024,30798.89732595344,71418.35638392127,106840.04107888293,2.389034273922958,0.7097983576604223,1.64592360342059,2.4622597649383717
Lower Crooked (17070305),2007,43437.62522913473,102667.24926794894,28452.37582710195,72657.97415633511,107436.26552822898,2.3635557590079164,0.6550168356813902,1.6726967409719615,2.4733457448813
Lower Crooked (17070305),2008,43977.955308234006,99926.20007731419,20751.39791832334,77483.29389802311,114586.86013553909,2.2721884038707225,0.4718590887839219,1.7618666751320267,2.60555224390082
Lower Crooked (17070305),2009,43632.07920331972,105754.84566934154,31560.554896154226,72621.54810386593,107240.51265448197,2.4237865258847267,0.7233337368381234,1.6644072304108892,2.457836404145568
Lower Crooked (17070305),2010,43803.44723078399,98258.18710811662,34371.82930771895,62584.922510519136,92768.36680259577,2.2431610596862606,0.784683203735693,1.4287670598339572,2.1178325603880883
Lower Crooked (17070305),2011,44333.441604774096,101126.11080242599,28852.073949206788,70760.09096533003,105601.73394504661,2.281034522515755,0.6507970711233891,1.5960883794257505,2.3819881814380675
Lower Crooked (17070305),2012,43260.17836708122,102369.40241875256,30996.281585188524,69987.48725614372,103442.48675390288,2.3663657035831926,0.7165084092389019,1.6178270616979382,2.391171064440578
Lower Crooked (17070305),2013,43611.30231430768,99975.7059545738,30385.073116668547,68175.95267919175,99978.49242663194,2.2924265190258835,0.6967247365759136,1.563263398736549,2.292490412372568
Lower Crooked (17070305),2014,44632.07449509152,112104.78488467427,29397.317964157475,80960.71840880197,119803.40371811228,2.511753848614031,0.6586590091704227,1.8139582200622504,2.6842445723935113
Lower Crooked (17070305),2015,44525.4966196452,114948.64483182189,29165.824357973954,84040.31533509238,123810.01687435502,2.581636445602386,0.6550364751036967,1.8874649743493879,2.780654372751645
Lower Crooked (17070305),2016,44296.162001980134,110914.31033940945,35112.28546697131,74100.52410014179,109654.15694138674,2.503925968449622,0.7926710550092742,1.672842990253407,2.4754776031495678
Lower Crooked (17070305),2017,44670.65914996345,112115.06746436519,29830.442531152945,80463.59206958105,118762.31580493775,2.5098144866854266,0.6677860389525359,1.801262699067356,2.6586201785436363
Lower Crooked (17070305),2018,44013.06652481957,110272.90173534413,21503.591489589002,86800.90603472828,127506.46605570769,2.5054582750592878,0.48857289862915665,1.9721621983730686,2.897013912534475
Lower Crooked (17070305),2019,45033.913362036554,104648.66944836498,36929.6356330088,66082.57530973358,98664.20339829195,2.323774720777064,0.8200405622341577,1.4673957996606395,2.190886734739459
Lower Crooked (17070305),2020,42762.25967303609,100365.34854590487,21195.161105054434,77191.9427577108,114476.87890268651,2.3470543725543727,0.4956511013944178,1.8051418084059876,2.677054013936274
Lower Crooked (17070305),2021,39165.153516777,92463.88867022644,20476.368137531543,70285.27060967639,103852.83977692216,2.3608713452538392,0.522821087086003,1.794586878858233,2.6516643100207737
Lower Crooked (17070305),2022,38510.285589829065,89454.69809288374,20796.767656893,66978.60900092543,100448.78528505436,2.3228780758901872,0.5400315094621273,1.7392394778452414,2.608362512678531
Lower Crooked (17070305),2023,41824.276565969,98408.18254499105,27013.971235598332,69676.1477600544,104582.83247891496,2.3528962273805942,0.6458921337943401,1.6659259521238805,2.500529383071517
Lower Crooked (17070305),2024,40156.67236740212,96038.2920466432,19753.113210868036,74546.16438103018,111867.70708043265,2.3915898998793526,0.4919011473396628,1.856383011495353,2.7857813032148355
Lower Deschutes (17070306),1985,33226.64902657302,71729.4695588185,21019.466339527622,49996.08088708154,70522.61822812402,2.1587933679816116,0.6326086727168093,1.504698257326436,2.1224715791148108
Lower Deschutes (17070306),1986,35412.31327034243,78808.3806830242,23572.466210021194,54066.52763618284,76714.47785438782,2.225451358723455,0.6656573387359863,1.5267719796623167,2.1663221283721015
Lower Deschutes (17070306),1987,31337.44138445512,68988.96442589986,21875.14820762698,46155.06611673601,65512.38693884087,2.2014868278340587,0.6980515077557705,1.4728409237529885,2.0905467723136506
Lower Deschutes (17070306),1988,32607.217683721752,69588.8630334814,20580.63977618157,47774.42128024027,68041.71894972584,2.1341551955909965,0.6311682271025499,1.4651486595279277,2.086707293143069
Lower Deschutes (17070306),1989,35513.44461174389,75244.46447272474,29403.143136154064,45037.483578634216,63517.80554752658,2.1187599596532025,0.8279439929752908,1.268181221816507,1.7885565943248987
Lower Deschutes (17070306),1990,31750.51832178119,67404.09995539801,22845.514986351096,43797.64484584586,61855.60342751247,2.122929121102193,0.7195320326685449,1.379430861631012,1.9481761778068005
Lower Deschutes (17070306),1991,30465.62035047871,61010.50199892987,21350.944164698292,38660.41402085742,54988.53263535253,2.0026016636805886,0.7008209227015724,1.2689849599681609,1.8049372375405606
Lower Deschutes (17070306),1992,26063.690778349417,55852.87346766907,19048.931038363226,35578.886586710985,50780.304703416965,2.142938003011643,0.7308608439364539,1.365074765860315,1.9483159593651695
Lower Deschutes (17070306),1993,32686.45826606517,65050.75191363737,29652.897482462282,34429.01533998117,49659.63281136629,1.9901437893371445,0.907192123450331,1.0533112844387031,1.5192723667746695
Lower Deschutes (17070306),1994,31176.997488563593,67426.87977508476,17604.385179810048,48598.38576280415,68022.12412586276,2.162712422830916,0.5646594155279938,1.558789802662399,2.1818048434848407
Lower Deschutes (17070306),1995,32858.8767971133,71196.38658255768,32757.93140532016,37190.6015412621,52959.53111808408,2.1667322051864044,0.9969279110659678,1.1318281440627134,1.611726762453933
Lower Deschutes (17070306),1996,35978.373690651955,79323.24588979929,29714.618950785,48349.44459991818,68003.3737387101,2.204747956976426,0.825902226884301,1.3438474183306546,1.890118056013716
Lower Deschutes (17070306),1997,37574.31271446714,85010.96219536397,35002.16879001802,48842.049719992436,69081.61609801669,2.2624755066413345,0.9315451504330837,1.2998787254247477,1.83853305908689
Lower Deschutes (17070306),1998,39363.99638233117,84432.27663964033,39402.250353143274,43886.51800983443,61699.68881979739,2.144911198029131,1.0009718009939985,1.1148897988806143,1.5674142488106662
Lower Deschutes (17070306),1999,35459.908777228615,76023.9547007487,25804.484286351744,49130.89473995648,69287.11556266024,2.143941068161157,0.7277087047365074,1.385533590867752,1.9539563961640685
Lower Deschutes (17070306),2000,36946.48159962856,82367.98372856405,20584.525700979928,60357.1595282542,84707.4557163061,2.229386403315658,0.5571444102322012,1.633637545851213,2.2927069655573833
Lower Deschutes (17070306),2001,32842.58626405359,72431.00801741082,19156.472847927944,52320.705591978374,72491.50684524271,2.2053990338966387,0.5832814959793473,1.5930750754925687,2.2072411186626035
Lower Deschutes (17070306),2002,33437.90004145591,78852.41217690054,16840.060003537663,60667.90847437671,84284.20916027004,2.3581747681265948,0.5036219374619685,1.8143456496718202,2.5206190895892227
Lower Deschutes (17070306),2003,32700.128142346737,76609.69668624656,23641.849036308467,51884.394553385995,72084.65863324284,2.342794999235396,0.7229894920715072,1.586672514784295,2.2044151729146604
Lower Deschutes (17070306),2004,35148.62151646393,82801.80827932863,28936.054431719516,52666.660910229395,73209.0490690602,2.3557626076613993,0.8232486277780655,1.4983990449116151,2.0828426808934295
Lower Deschutes (17070306),2005,35658.75786762212,80028.80987150066,29762.30274692161,49078.339683839076,67919.60353351591,2.244296062375359,0.8346421616089313,1.3763334063972497,1.9047103038658113
Lower Deschutes (17070306),2006,33707.301607776484,77890.9782718832,28789.487297694635,47961.53714326098,66521.94233730495,2.310804322999064,0.8541024028767916,1.422882724382659,1.973517284514935
Lower Deschutes (17070306),2007,34110.736555078955,79523.19049220035,25315.35098017438,52921.657798787564,72870.86896145025,2.331324343108025,0.7421519889873214,1.5514662872592746,2.1363030037121864
Lower Deschutes (17070306),2008,37255.37312181488,85567.16115551004,22875.742644139085,61490.175412847966,84692.30440586088,2.296773699614518,0.6140253264768457,1.6505048872223587,2.273290999634877
Lower Deschutes (17070306),2009,35325.17528446912,83810.66867360487,26815.86139619754,55928.22283148727,77154.22025254012,2.372547850044289,0.759114744095474,1.5832397824244167,2.1841142933114144
Lower Deschutes (17070306),2010,36406.85254009491,79879.80492749835,33530.42505725699,45378.00270463363,62779.41931689032,2.194087084005041,0.9209921407056513,1.2464137803359625,1.7243846950996733
Lower Deschutes (17070306),2011,36766.06377930514,80056.22264190738,29325.09922382863,49791.09455120333,68695.67626913176,2.177448832229067,0.7976132392049845,1.3542677521880846,1.8684533835737709
Lower Deschutes (17070306),2012,34288.07466579073,78048.02549176193,27533.010682874923,49696.81064077699,68392.47596207984,2.2762440368117427,0.8029908634778101,1.449390527907348,1.9946432288400004
Lower Deschutes (17070306),2013,36179.39938834854,83942.31114781715,31203.71187103682,51971.3894489745,71430.32275516939,2.320168730464069,0.8624718043574233,1.4364912167588864,1.9743368868133642
Lower Deschutes (17070306),2014,36090.21366802149,87887.99892299887,27222.926589718587,59598.31400560629,82091.60054241632,2.435230772847264,0.754302172886276,1.651370494888886,2.2746221814462504
Lower Deschutes (17070306),2015,34055.709793230926,83651.43525641684,22580.93016424843,60015.3605583651,82557.78287828364,2.4563116071961533,0.6630585678979659,1.7622701427381213,2.4241979797083313
Lower Deschutes (17070306),2016,33511.2112739833,77403.79951549953,25437.701085382774,50943.55927256883,70142.94305175092,2.309788174550187,0.7590803232210093,1.5201945061329154,2.0931187022239017
Lower Deschutes (17070306),2017,34976.92102825572,82498.6565879632,27434.96268216612,54001.50837972133,74541.19859487782,2.3586597722914937,0.7843732917486673,1.5439182978998298,2.131153812385617
Lower Deschutes (17070306),2018,36536.98868843682,85792.4382648464,20824.102420463612,63591.73443492096,87295.0139440687,2.348098224416559,0.5699457773610664,1.7404755213186573,2.3892230059916164
Lower Deschutes (17070306),2019,34962.949814175816,75633.53957502323,27624.77319461188,46745.3571626964,64341.76521075867,2.163248237834824,0.7901156321601717,1.3369969470866379,1.8402842309567122
Lower Deschutes (17070306),2020,31723.211029546026,69501.34026453386,16964.94594429047,51233.64999004633,69919.34639086209,2.190867128797348,0.5347802253841781,1.615020936636234,2.2040437938562194
Lower Deschutes (17070306),2021,26912.793178195996,58060.36639094615,13394.164998351634,43367.327478292165,59282.8015788072,2.157351933205694,0.4976876576751319,1.6114019526381669,2.202774018522778
Lower Deschutes (17070306),2022,30967.03783219999,60759.83018688954,21961.4020573257,37592.21874402463,51766.907259811065,1.9620807942989809,0.7091863993039046,1.2139429979620355,1.6716777219803394
Lower Deschutes (17070306),2023,27683.375465239125,55898.47660840143,19302.38038110997,35337.181919156836,48141.27379087638,2.019207400433912,0.6972553041932035,1.2764766335495568,1.738995804587681
Lower Deschutes (17070306),2024,31470.030641735997,67053.59561281808,18972.975022612394,46724.473253389835,63693.04172254266,2.130712752592324,0.6028902621229154,1.4847291947476906,2.0239269051766366
Lower Grande Ronde (17060106),1985,741.639459864,1314.6405953271483,810.5570693226115,474.14231328415235,866.7110462851326,1.7726141426835944,1.0929260283308677,0.6393164589315399,1.1686420332112155
Lower Grande Ronde (17060106),1986,847.8878859016241,1610.3500049309673,930.0769374330627,640.7978224267117,1198.939864353491,1.8992487470422563,1.0969338669628952,0.7557577282110857,1.414031128748309
Lower Grande Ronde (17060106),1987,635.5327084587258,1253.2513784555895,578.0731676957251,576.4993495558706,1051.7730803627671,1.9719699108719926,0.9095883815290172,0.9071120052246862,1.6549472062791144
Lower Grande Ronde (17060106),1988,671.4601686896718,1232.0406163644425,749.4497733185268,427.0095015530854,793.9090621344545,1.8348677610597832,1.1161492643428852,0.6359416708013785,1.182362110449138
Lower Grande Ronde (17060106),1989,710.857631042595,1375.029084986777,898.561101848883,441.8137489208161,835.4341971733888,1.9343241528828499,1.2640521288784488,0.6215221299275078,1.1752482644774889
Lower Grande Ronde (17060106),1990,459.46120336696504,865.6881477768768,488.2760419931317,361.90635935614836,694.7788674836717,1.8841376408564015,1.0627144107380764,0.7876755571614584,1.5121600309063783
Lower Grande Ronde (17060106),1991,720.3969144400805,1316.9952350111478,766.1949617920804,521.5481044350463,1000.4136924833916,1.828152243037806,1.063573353014145,0.7239732624901829,1.3886979142060187
Lower Grande Ronde (17060106),1992,482.8075877272102,943.6077441212542,567.5858246290765,331.2982731605122,611.1741994080171,1.9544178014335587,1.1755942513268176,0.6861911071449402,1.265875298864058
Lower Grande Ronde (17060106),1993,718.6092252861087,1248.216862746912,945.7854109449097,302.09583081043564,590.5846461690691,1.7369897558021805,1.3161331328140864,0.4203895805681573,0.8218439527184367
Lower Grande Ronde (17060106),1994,576.0681623821118,1160.3126735883843,547.8507949055082,536.9764666021036,993.7898909723494,2.0141933704344126,0.9510173112849678,0.9321405029252801,1.7251255248387751
Lower Grande Ronde (17060106),1995,678.3006974758994,1352.237112756311,819.5930981818711,492.996433134086,937.4775014237085,1.9935658591952976,1.2083034872759983,0.7268110367107541,1.3820972098543625
Lower Grande Ronde (17060106),1996,545.396025055006,1021.846848338578,627.3644902062938,359.933504027402,684.5163883015753,1.8735869008864143,1.1502916438436104,0.659948894917415,1.2550813663017406
Lower Grande Ronde (17060106),1997,662.8554064796007,1437.7591786230498,817.680186719681,538.0897975916662,1001.1748944538513,2.169038925485926,1.2335724785928033,0.8117755280136285,1.5103971162746521
Lower Grande Ronde (17060106),1998,648.4400907186265,1331.6506444716445,827.5445840506878,447.4837894600147,840.2696457331613,2.0536217046602676,1.2762082355728048,0.690092725395951,1.2958323486784136
Lower Grande Ronde (17060106),1999,524.8488455553165,1066.6042473539062,495.90816671801934,468.4866658594166,836.6048260991511,2.0322122386024972,0.944859021635693,0.8926125489782378,1.5939919334565382
Lower Grande Ronde (17060106),2000,551.1355678680778,1167.7637493785412,568.3946252596998,498.03372465336804,892.641264837742,2.1188321303517506,1.0313154483177052,0.9036501247413223,1.619640097427732
Lower Grande Ronde (17060106),2001,447.9228219064752,918.8684966727433,393.55317054702897,422.60482002609325,743.8687859233734,2.0513991512238685,0.8786182603332535,0.9434768655621922,1.6607074914318403
Lower Grande Ronde (17060106),2002,597.4107805629463,1211.5096239626805,578.2273142992989,526.0401065586537,937.9963375982029,2.0279339834160046,0.9678889854555843,0.8805333343046818,1.5701027971311787
Lower Grande Ronde (17060106),2003,516.9813616319551,1058.9189287889776,543.9482288272402,436.8606606465886,780.4197467600412,2.048272930858258,1.0521621652087394,0.8450220705588892,1.5095703727045209
Lower Grande Ronde (17060106),2004,636.0981313566663,1270.5068044366076,861.1667896336844,366.4505177107073,683.6728777051217,1.99734402886372,1.3538269445894977,0.5760911715447801,1.0747915203696452
Lower Grande Ronde (17060106),2005,547.7301092495362,1109.0654009677125,591.3082455563167,462.4529087115777,816.1843535434501,2.024839208652015,1.079561330609501,0.8443079920240286,1.4901213932930075
Lower Grande Ronde (17060106),2006,652.9997858696536,1248.1971639143935,749.8081856127977,437.04755191762956,801.2224232307992,1.911481735406799,1.1482518093236684,0.6692920294538495,1.2269872679418192
Lower Grande Ronde (17060106),2007,329.2853041189468,622.3551188308801,309.99979868385515,279.56950979516495,500.1959681964308,1.8900178995114478,0.9414322315819925,0.8490190916451493,1.51903520120578
Lower Grande Ronde (17060106),2008,609.6218653582043,1198.4324051567773,627.3823412677039,495.83015407709985,861.3576217140438,1.9658619108955304,1.0291335939846313,0.8133405021254573,1.412937544830226
Lower Grande Ronde (17060106),2009,667.040769178927,1412.7401529510194,857.1491041423892,495.7324708614228,840.08226285773,2.1179217496555536,1.2850025721778147,0.7431816670990429,1.2594166678774419
Lower Grande Ronde (17060106),2010,745.0242773216418,1442.5844653938186,917.3423849557954,454.44492041042497,800.1868975259745,1.936291889144743,1.2312919362220467,0.6099733045534462,1.0740413727222984
Lower Grande Ronde (17060106),2011,674.9858637512904,1229.0113766864326,765.6972773317884,405.88757029332453,747.6514484268172,1.8207957272706412,1.134390093855243,0.6013275123090288,1.1076549726118436
Lower Grande Ronde (17060106),2012,511.92708853466434,1029.6925405707718,571.2295792551804,361.2834315073605,614.7650622136599,2.0114046777992445,1.115841673645876,0.7057322021022467,1.2008840242725933
Lower Grande Ronde (17060106),2013,711.0413889472484,1336.6164073150594,754.8641656548937,513.839982282993,893.7364890860696,1.8798011312590721,1.0616318225476695,0.7226583294170438,1.256940176730521
Lower Grande Ronde (17060106),2014,633.936714744147,1330.516763864399,762.8454250719747,514.0262273988831,886.0477828292819,2.0988163848522126,1.2033463393579507,0.810847858222474,1.3976912240946406
Lower Grande Ronde (17060106),2015,569.058586078284,1071.120100162894,582.8919328350281,424.7789577261402,741.5708352542508,1.8822668287014348,1.0243091785189955,0.746459095984371,1.3031537584993662
Lower Grande Ronde (17060106),2016,695.1077829234898,1390.767501927937,793.0990986880203,504.73138853821865,870.9843741130832,2.0007940294937225,1.1409728364030076,0.7261196046682363,1.253020604157085
Lower Grande Ronde (17060106),2017,754.1767272488853,1437.1748757549915,939.0689249416153,472.60465100666255,828.9799450037589,1.9056208231160525,1.2451576547146805,0.6266497412756926,1.099185263947011
Lower Grande Ronde (17060106),2018,945.2601396455078,1849.0832797937671,1033.4730837233917,736.4758803274593,1324.0968416162968,1.956163390627274,1.0933213412669296,0.7791250783129955,1.4007750735293467
Lower Grande Ronde (17060106),2019,859.1874008742167,1645.6996814379702,1016.2240825984943,563.6124499246889,1021.9252311356876,1.9154141224178605,1.1827734922142643,0.6559831409902165,1.1894090044801475
Lower Grande Ronde (17060106),2020,946.9846506879999,1907.6766962530016,1095.9684367785985,717.3654011819553,1266.0571030090355,2.014474780417025,1.157324393782264,0.7575259014607868,1.3369351890648113
Lower Grande Ronde (17060106),2021,459.1371356289999,909.8152747016045,366.20117730522423,433.7064355822769,692.334103685844,1.9815763180540673,0.797585620695967,0.9446119730396368,1.5079026503429598
Lower Grande Ronde (17060106),2022,935.7449164019998,1823.6840915968949,1168.1863327599679,589.365723290392,1074.8067167515003,1.9489115672774147,1.24840254249173,0.6298358804411587,1.1486107997083246
Lower Grande Ronde (17060106),2023,1015.9912368952331,2026.5180704610138,1161.82546270384,821.0881697369713,1465.4301078768106,1.9946216038770659,1.1435388618648539,0.8081646178820735,1.4423649089287593
Lower Grande Ronde (17060106),2024,672.277991410498,1331.5027944871263,557.8710195730646,650.7462344808326,1048.6312782696405,1.9805836447114935,0.8298219288758842,0.9679719443373569,1.5598179498179323
Lower John Day (17070204),1985,8809.389320071003,18093.994960252538,6069.810324873464,11386.160465324836,17573.396253543724,2.0539442977083344,0.6890160151106299,1.292502811674245,1.994848407199477
Lower John Day (17070204),1986,9537.135931426914,21108.611598704258,7538.521579097557,12886.299574311312,20451.60447763852,2.213307197305099,0.7904387263954692,1.3511707987560693,2.1444178445906474
Lower John Day (17070204),1987,7919.86292758937,19004.96604093949,5774.277785606534,12646.902864939737,19677.74962860821,2.3996584555440252,0.7290880963976603,1.5968588068466953,2.48460734845037
Lower John Day (17070204),1988,8512.521834488527,18486.69612330971,6362.373962366432,11495.814039356148,17858.867854028384,2.1717061621399623,0.7474135263406011,1.3504592719845718,2.097952663295745
Lower John Day (17070204),1989,9193.112910970402,19240.44461624943,8433.056268038134,10247.76719546645,15935.794578866815,2.0929194281176797,0.9173232559751038,1.1147222159359642,1.7334492389243017
Lower John Day (17070204),1990,7930.6990863772135,17645.40873247985,6278.4534172737085,10742.973751554891,16221.049928161534,2.2249499748124184,0.7916645618364698,1.3546061494135369,2.045349313029023
Lower John Day (17070204),1991,9813.771456227856,20971.509422878953,8522.838254609074,11834.408513194036,18516.471099818395,2.136946994987371,0.8684569732057953,1.2058981163336422,1.8867844215047185
Lower John Day (17070204),1992,6568.269797391368,15558.260120165065,5481.182762732567,9551.813006085018,14323.807725288758,2.3686999164291533,0.8344941562707207,1.4542357882251706,2.1807581246095515
Lower John Day (17070204),1993,11205.137538548472,23722.198202820044,11539.299668260437,11664.82279521138,18587.582793739242,2.1170822866930243,1.0298222247216837,1.0410245081848817,1.6588446799330498
Lower John Day (17070204),1994,8857.42856151561,20516.28092046575,6920.210450871572,12874.673969864143,19869.466989155677,2.3162795813681587,0.7812888811702076,1.4535453354716232,2.2432545575908973
Lower John Day (17070204),1995,9782.018923630812,20896.039317745854,9904.829956584661,10398.990162830358,16383.699891915812,2.1361683596078986,1.0125547736017122,1.0630719735891232,1.6748791859661052
Lower John Day (17070204),1996,9525.441835936399,18995.173362758127,9013.61239248543,9516.396903247527,15030.729889536775,1.9941514199473147,0.9462671178653358,0.9990504448145651,1.5779561881141
Lower John Day (17070204),1997,9879.89103175122,20640.137960007247,9682.551486480315,10417.9446576206,16619.906236758998,2.0891058305881702,0.9800261415195056,1.0544594696581393,1.6821952978375212
Lower John Day (17070204),1998,9608.16712621606,20960.28910416535,9461.247088183572,10881.740037280377,17159.36133500452,2.181507547571151,0.9847088382099836,1.1325510780916113,1.785914119685209
Lower John Day (17070204),1999,8270.31564885494,18049.129870434877,5915.631279319289,11493.399664684988,17774.388002748736,2.1823991534027916,0.7152848247259261,1.3897171707438154,2.1491789137709243
Lower John Day (17070204),2000,7813.777443397637,18106.55063726594,5671.8715409118495,11778.08263562722,17820.274531906034,2.3172595800722897,0.725880866456515,1.5073481067187648,2.2806222292603855
Lower John Day (17070204),2001,7936.660046335594,16968.8931798435,5834.516683095735,10489.899567936578,15784.86441881253,2.1380395633397633,0.7351350125912938,1.321702014032947,1.9888547987009348
Lower John Day (17070204),2002,7554.754564941532,16527.0599209975,4735.567810197017,11093.10579416667,16533.86135931815,2.1876369085096026,0.6268327805343689,1.4683608446586935,2.1885371943179877
Lower John Day (17070204),2003,7950.127675568534,17749.59426382145,6500.064364794607,10493.659190133998,15844.127918615179,2.2326175110831956,0.8176050285041203,1.3199359329010487,1.9929400589761126
Lower John Day (17070204),2004,8957.153487396723,20362.251990967692,8809.546824807601,10918.940893780004,16674.835250628148,2.273294972517626,0.9835208068281052,1.2190190677366017,1.8616221407940243
Lower John Day (17070204),2005,8088.0396007072395,17123.597102399017,6666.081314784362,9743.65297019259,14878.921912146516,2.1171505021935952,0.8241899945941736,1.204698969245969,1.8396203093324943
Lower John Day (17070204),2006,9009.887575686076,20390.964036603466,9404.71848442582,10409.541201142036,16156.016443015886,2.263176301070633,1.043821957313344,1.1553464029044092,1.7931429562577703
Lower John Day (17070204),2007,7978.719937097573,17937.68138630868,6753.0678842527395,10583.936938106392,16006.00304017503,2.2481903773694665,0.8463848759565948,1.3265206726828065,2.0060865861144075
Lower John Day (17070204),2008,8243.808087881333,17599.396150933608,6128.10019213666,10874.583109325136,16581.92841562237,2.1348624280574042,0.74335793929327,1.3191213324472133,2.0114403730477846
Lower John Day (17070204),2009,7871.326908753797,17720.657650060715,6184.029879249606,10950.686359948888,16309.301208285471,2.251292298678811,0.7856400770716653,1.3912122424708975,2.07198880155107
Lower John Day (17070204),2010,9327.84811773061,19539.891568203984,9294.852943589267,9659.650321979203,14776.111509777684,2.0947909230063537,0.9964627239074976,1.0355711413887514,1.5840857744768462
Lower John Day (17070204),2011,9453.039649091983,19842.026438814977,8516.693932135982,10708.467086840437,16483.87827600071,2.0990101782468367,0.900947657926523,1.1328067462267595,1.7437648510851298
Lower John Day (17070204),2012,8195.755838001973,17459.53034852956,6998.006623020053,9952.295200097611,14924.733326131925,2.1303136273988836,0.8538573819600369,1.2143230468080735,1.8210319610705237
Lower John Day (17070204),2013,8200.241902336382,17448.65539469699,8180.024279031364,8768.512415904526,12990.563646453413,2.127822032875102,0.9975345089150044,1.0692992377951966,1.5841683454182236
Lower John Day (17070204),2014,8903.326007544114,20526.12667587993,7906.440499468473,11870.363872270642,17757.862710977894,2.305444803266486,0.8880322356801331,1.333250502364223,1.994520103602969
Lower John Day (17070204),2015,8243.569310821782,19262.651399750303,6069.764586798087,12312.437778841411,17900.093181781605,2.336688232179133,0.7363029724066221,1.4935809131462272,2.1714008224911967
Lower John Day (17070204),2016,9085.014427447817,20145.756699019443,7391.821068840406,11855.458036196598,17744.88811459343,2.2174710739208847,0.8136278844542169,1.3049465282497146,1.9532041755467375
Lower John Day (17070204),2017,10590.628056166057,23556.00770186153,9754.440314337855,12852.345827798415,19837.003668458558,2.2242314220587507,0.9210445558664145,1.2135584178424192,1.8730715084370366
Lower John Day (17070204),2018,9335.40772647435,20401.171728628535,7036.789952879471,12435.38888699165,18679.380194783404,2.1853541191106958,0.7537742495085444,1.3320670346005392,2.000917447002386
Lower John Day (17070204),2019,10676.235125488789,23746.084165917655,10550.460275795902,12431.075346289383,18925.311058051524,2.2242001873137363,0.9882191757473936,1.1643688247939605,1.772657761430209
Lower John Day (17070204),2020,9236.798312050003,20937.43541502545,6227.511378651957,13681.68847986673,20421.591942920382,2.2667416465845323,0.6742067075912834,1.481215462073918,2.2108950799844886
Lower John Day (17070204),2021,7652.556180761998,17937.47897203001,4633.655403257945,12256.565320121455,17685.087830892622,2.3439852708463094,0.6055042646934938,1.6016302305540233,2.3110039852241426
Lower John Day (17070204),2022,9660.936794009995,22108.655899825822,8681.561842636413,12612.037452724004,19231.514571052157,2.2884588080043855,0.8986252604425673,1.305467339414099,1.9906469715210375
Lower John Day (17070204),2023,9214.790402971827,20614.86414768675,7381.169634249316,12343.710355655185,18717.739150694608,2.2371495439590605,0.801013296175336,1.33955410984435,2.031271285851279
Lower John Day (17070204),2024,8999.892583188812,20641.496766710818,6133.295993432148,13604.744706385236,20353.682480485382,2.2935270144521205,0.6814854662697561,1.5116563426321303,2.261547267631247
Lower Malheur (17050117),1985,35991.68123445697,77849.3611929087,26175.588534351467,49053.452700830145,78602.93025714866,2.162982070378499,0.7272677362260039,1.3629108454613774,2.183919382512685
Lower Malheur (17050117),1986,38519.76624470979,90670.89885348604,29907.781036743516,57435.30343636814,91519.46314545898,2.353879778954748,0.7764268569737486,1.4910605394511232,2.3759090998644896
Lower Malheur (17050117),1987,36561.244723622105,91760.26772989977,19434.3518613458,68541.60051687725,109036.44568152424,2.5097687024482993,0.5315560782532474,1.8747064284874508,2.982295775369927
Lower Malheur (17050117),1988,31229.365399685812,72166.37608447594,16746.429331856187,52493.4703481803,83274.3150246507,2.3108499055572223,0.5362398216399449,1.6809009621664748,2.6665388155946483
Lower Malheur (17050117),1989,34045.43401607642,83000.05123268024,31309.228789968947,49193.39868893082,77934.65666888705,2.437920197859343,0.9196307726664485,1.4449338100874691,2.2891368232252796
Lower Malheur (17050117),1990,34305.326405326145,78376.11740059895,20952.639855170586,54286.859447339266,86268.34614847972,2.2846632174422483,0.610769290098273,1.5824615339882278,2.5147216245430024
Lower Malheur (17050117),1991,37295.929743928,82359.88221535501,25610.24899131087,53692.409097987824,85271.06564817908,2.208280710008676,0.6866767812774629,1.4396318704651483,2.2863370408955075
Lower Malheur (17050117),1992,25433.741119012095,60359.32954837593,16492.479237738014,41289.659884989196,65648.88854517965,2.373199021958136,0.648448812959319,1.6234206242716125,2.5811731053638094
Lower Malheur (17050117),1993,39546.203648434035,84864.60538895114,39647.42367731151,42778.281786678606,67847.4122172547,2.1459608650023134,1.0025595384522197,1.0817291633598451,1.71564918899469
Lower Malheur (17050117),1994,34518.587614142365,82466.04894363893,19972.2982720042,58896.054000451084,95270.99552554842,2.3890331164607774,0.5785954655868217,1.7062127413440635,2.759991126824541
Lower Malheur (17050117),1995,34796.33772196592,85539.26289087959,36859.763579303006,46273.06523216603,74110.47084487077,2.4582835002455194,1.059300087090329,1.3298257305669032,2.1298353705219664
Lower Malheur (17050117),1996,36376.33395053259,82174.50352484692,32857.78518151583,46618.42542015427,74874.69244810168,2.259010037586368,0.9032736840990748,1.2815591995485218,2.0583353053092757
Lower Malheur (17050117),1997,37473.43832553623,90593.87211914806,28676.029039866768,58446.13987558289,93301.90806690938,2.417548967141693,0.7652361331446205,1.5596684608402969,2.4898144455383187
Lower Malheur (17050117),1998,35995.174598816855,87815.87630668849,42051.75909756144,43155.56947703117,68938.53530040539,2.4396569063891955,1.1682610118230585,1.198926521624642,1.9152160273913874
Lower Malheur (17050117),1999,38378.64758543102,92475.27429571559,25446.47875316112,63132.14256164507,101183.94939079511,2.4095501043872187,0.6630374011100093,1.644980908228011,2.6364646947383763
Lower Malheur (17050117),2000,38079.71534297126,102192.87751074233,28905.353590659928,69022.72877004577,110109.24094541188,2.6836565502216927,0.7590748336829484,1.8125852083814473,2.891545799481292
Lower Malheur (17050117),2001,36293.8243372806,89126.32124848067,21081.31319997346,63985.41375661507,102686.43832156676,2.4556883402593406,0.5808512490737708,1.7629835082132688,2.8293088478991844
Lower Malheur (17050117),2002,35894.12876780274,88757.01008415755,17298.42099434203,67060.33558021083,107721.56544704587,2.4727445164729325,0.4819289836018759,1.8682814678138777,3.0010915195599566
Lower Malheur (17050117),2003,34159.965633969165,86701.22223662437,23067.720714163464,59754.0504996512,95595.4495076107,2.538094539252329,0.6752852435900751,1.7492421139976473,2.798464451982621
Lower Malheur (17050117),2004,37469.591928488684,88534.39967389457,31131.272825729746,54043.88222579783,86166.76524145181,2.362833303412108,0.830840989278567,1.4423397599029486,2.2996451470809305
Lower Malheur (17050117),2005,36505.76858268776,89480.8084081896,29871.47909458857,56344.89469889118,89557.08494214325,2.4511416108254287,0.8182673657980348,1.5434518128625785,2.4532310486571753
Lower Malheur (17050117),2006,36338.41155699996,91828.4185381722,33193.13672804981,55641.47923434384,87989.21807944064,2.527034468585159,0.9134449004735247,1.5312028470772678,2.4213831675449518
Lower Malheur (17050117),2007,35940.50553200301,91987.39379532696,21610.471265233988,66129.1925652356,105503.62993362878,2.5594351674719027,0.601284565849834,1.839962782558839,2.9355076778117017
Lower Malheur (17050117),2008,37739.2573694033,88735.42947626245,23311.47062120115,61569.50740972342,97708.79981490952,2.351276513146328,0.6176981807835116,1.6314445938101645,2.5890493514089625
Lower Malheur (17050117),2009,38387.72742039309,91835.51857646095,34645.45436196677,53883.93075329806,84951.13091134265,2.392314542894099,0.9025138160057301,1.4036759760014543,2.2129762978939262
Lower Malheur (17050117),2010,37698.0727359606,89130.821991472,29509.95476373249,56036.28710321972,89755.37433170636,2.364333652167028,0.7827974382250746,1.4864496521002808,2.380900874173542
Lower Malheur (17050117),2011,38636.78055887811,90022.58918579269,38112.232971113495,48876.33900529022,77676.91211926805,2.3299712834149933,0.9864236207008691,1.2650210058472178,2.010439560327682
Lower Malheur (17050117),2012,35789.43957165786,88313.53644545848,20486.18896370466,63924.476138638005,101652.21849225977,2.4675864585316156,0.5724087666331593,1.7861267710171316,2.840285282722324
Lower Malheur (17050117),2013,37624.59275378652,91389.36706851957,26040.095965549925,61296.591858857224,97855.80462219141,2.4289795684053535,0.6921030650339534,1.6291629323400016,2.6008468785975962
Lower Malheur (17050117),2014,35014.78029276306,87518.31698538881,23755.472028926353,59615.374080312446,95764.680596584,2.499467831973725,0.6784412705235849,1.7025774139337921,2.7349787659920537
Lower Malheur (17050117),2015,37409.96310818928,93429.10135592522,30367.142684838716,59127.936565532,93042.58999429383,2.4974390133914084,0.8117394448376549,1.580539825568246,2.4871072373211245
Lower Malheur (17050117),2016,39301.229436502486,102092.67759169934,28062.784411732828,69494.30088273181,109089.0903384598,2.5976967910545046,0.7140434234270663,1.76824750469985,2.775716991620095
Lower Malheur (17050117),2017,40331.942654469494,101724.78253068883,32977.065018138994,64920.15485118443,101593.14286307133,2.522189010387674,0.817641374249166,1.609646116165697,2.5189251044373635
Lower Malheur (17050117),2018,39748.8254305039,101691.98554151767,23577.749422740075,73467.00876216032,114812.90163982316,2.5583645413451026,0.5931684563601248,1.8482812502374102,2.8884602348957427
Lower Malheur (17050117),2019,40917.10464189577,100401.07034813814,41085.176853767734,56020.77962953125,88121.5791569612,2.4537677146719625,1.004107627197548,1.3691286350738159,2.153661162689696
Lower Malheur (17050117),2020,40401.06495445797,101551.95095248791,30458.250212046627,66895.79239599995,104666.03991740351,2.5135958932508875,0.7538972115309494,1.65579279831876,2.590675271441189
Lower Malheur (17050117),2021,39641.98197141298,101144.97843921374,25410.694132546385,71255.79059373282,111159.98540021287,2.5514611885993093,0.6410046336954293,1.797483048277392,2.804097572123757
Lower Malheur (17050117),2022,37413.063936708015,89160.76154684357,23451.137980970067,61678.06082137609,95658.91767498493,2.3831451414318154,0.6268168258189852,1.6485701605652339,2.5568319621406013
Lower Malheur (17050117),2023,40728.108617810445,106421.57425502985,38868.074246055956,63640.49613725717,99966.12731812714,2.6129760960343633,0.9543304505198384,1.5625693973283874,2.4544750716563315
Lower Malheur (17050117),2024,39003.89321388799,104854.71500856959,30065.910386675307,70392.37728032163,110374.97373869066,2.68831407248429,0.7708438288916717,1.8047525895506564,2.8298450396584975
Lower Owyhee (17050110),1985,20186.41680388199,41736.37724325494,14699.993253118406,25507.090506387576,36627.66683702402,2.0675475815613167,0.7282121139147139,1.2635769267125398,1.814470948107059
Lower Owyhee (17050110),1986,22502.730182160965,49210.94290939302,17935.151874663185,29600.28059092525,44139.072254076586,2.186887658120924,0.797021149410629,1.3154084127263306,1.961498533589841
Lower Owyhee (17050110),1987,20017.13212395992,46688.505756898834,11192.751883576528,33639.55392796718,48270.27944718742,2.332427316149553,0.5591586154431749,1.6805381370142238,2.411448310790201
Lower Owyhee (17050110),1988,18698.728658868695,41590.19677602052,10048.17515157825,29751.590812430666,42839.695157932314,2.2242259104762474,0.5373721034671767,1.5911023340252421,2.2910485487800103
Lower Owyhee (17050110),1989,19133.988841144354,44111.40419982501,15961.616252575946,26407.16949263083,39185.27250139605,2.3053951042853655,0.8342022348342356,1.3801183700832287,2.047940595488112
Lower Owyhee (17050110),1990,15878.68108142388,32729.131265811604,9278.696726344193,22141.10231160043,31699.90462117848,2.061199610848076,0.5843493347315311,1.394391775870026,1.9963814663589095
Lower Owyhee (17050110),1991,21137.707868107056,42236.68175192757,14308.304916739373,26391.3810137099,37915.33783562246,1.9981675409401896,0.6769090104763911,1.2485450730223062,1.7937298628688962
Lower Owyhee (17050110),1992,12341.839894555036,27478.23073978958,7517.714945320538,18871.16918213889,27253.065040591533,2.226429039313045,0.6091243290748892,1.5290401871494426,2.2081849443384063
Lower Owyhee (17050110),1993,22658.816368012765,45003.76763534087,23741.687340914097,20160.99770539497,29856.722330017277,1.9861482128815986,1.0477902709176818,0.8897639390315223,1.317664693737742
Lower Owyhee (17050110),1994,19654.24602680243,42838.638337319,11220.278415276985,29598.345241933475,42286.64543923091,2.1796123992189824,0.5708831770995402,1.5059517013051689,2.151527226308491
Lower Owyhee (17050110),1995,20029.430710485965,47416.20759426253,20135.371659998185,25806.40537733883,37021.45365045282,2.3673267742671698,1.0052892641355382,1.28842430672922,1.848352765766381
Lower Owyhee (17050110),1996,20514.081813631183,42816.965054178756,18119.28727875365,23260.961834151603,33254.864549709346,2.08719870785188,0.8832609445241542,1.133902167568386,1.6210749694686397
Lower Owyhee (17050110),1997,21202.35103969384,48879.72395655962,17514.664715956053,29620.875396830066,42547.57229356747,2.305391692885839,0.8260718202036222,1.3970561727506323,2.006738413768941
Lower Owyhee (17050110),1998,20864.345565705356,48115.323429290765,24261.676594617173,22570.289492799984,32272.306943395255,2.306102689766495,1.162829503480617,1.0817635962614942,1.5467682339599054
Lower Owyhee (17050110),1999,21156.13769895607,48669.75829512841,13675.506048325235,32971.10193821945,47302.67862495917,2.300503002375995,0.6464084438720608,1.5584650850446289,2.235884417943322
Lower Owyhee (17050110),2000,21602.13068141827,54238.185899864446,16224.69822818201,35855.31563791833,51434.45938282422,2.510779455033992,0.7510693490127887,1.6598045890334496,2.380990104233891
Lower Owyhee (17050110),2001,21539.9389803758,50683.007811299154,12498.461090039773,36057.47209405295,51670.36317285717,2.352978244621513,0.5802458911989785,1.673982090984729,2.3988165992453383
Lower Owyhee (17050110),2002,21126.92076871703,49012.48046558616,9456.006847113149,37265.70935730375,53356.691279790066,2.319906483398173,0.4475809300669509,1.7638968671896418,2.5255309026763695
Lower Owyhee (17050110),2003,19763.191106894108,46267.33575289312,12844.102881936193,31743.381139264602,45392.17910471328,2.341086290298201,0.6499002520628214,1.6061870255452508,2.2968041375099015
Lower Owyhee (17050110),2004,21743.95964055565,50532.146082154955,17579.447332637752,31098.41523094885,44513.81854021142,2.3239624667029433,0.8084749798674903,1.4302093889535086,2.047180884993305
Lower Owyhee (17050110),2005,20724.487323703237,48039.46068126848,16688.90670045188,29651.170695278797,42303.49159200485,2.318004780090471,0.8052747669837054,1.4307312037275748,2.041232235627901
Lower Owyhee (17050110),2006,22507.588848458858,53616.896889599855,20479.945012882323,31685.112892657326,46923.200499758335,2.382169731755657,0.9099128809741266,1.407752429902187,2.0847724212347725
Lower Owyhee (17050110),2007,21250.98431594717,51016.70101692373,12768.172271184154,36242.039738694904,51628.131771266424,2.4006747291531227,0.6008273349297358,1.7054287556693617,2.429446608387152
Lower Owyhee (17050110),2008,21619.526737297674,49520.68902741055,13037.509705795152,34554.746123134406,49322.805981315745,2.2905537956100686,0.6030432517888119,1.5983118660743434,2.2814008179108196
Lower Owyhee (17050110),2009,21868.863511336058,50429.55453499886,17203.99950379129,31551.050956152656,45042.31757709339,2.3059979549855405,0.7866892348966069,1.4427384824912226,2.0596551601204616
Lower Owyhee (17050110),2010,22076.586321954037,50193.8394955603,16406.55495748344,32152.262753311483,45931.49391745875,2.273623229767416,0.7431653933365576,1.4563964865046957,2.0805523665487278
Lower Owyhee (17050110),2011,24529.630769146148,55775.59988535237,23462.16488665195,30849.233504828597,46183.22014189389,2.273805113915861,0.9564825947630293,1.2576313844736453,1.8827523567938926
Lower Owyhee (17050110),2012,21518.459939351807,49341.1763735803,12945.01726292342,34597.44113931624,49238.086831027365,2.2929696880094936,0.6015773108023528,1.6078028463387517,2.2881789389111153
Lower Owyhee (17050110),2013,22136.651040716482,49695.474772916394,14321.813741649654,33571.6303230281,47707.68267064341,2.2449409660707165,0.6469729190430473,1.5165631992517286,2.155144542094172
Lower Owyhee (17050110),2014,19596.37336129762,46311.917437884695,13469.199004644932,30967.330039387645,44047.03522777771,2.3632902162065177,0.6873312095209558,1.580258217602008,2.2477136159678186
Lower Owyhee (17050110),2015,19952.257912013985,45489.53428901503,16304.121976934117,27467.212911646384,38895.739985430846,2.2799191194107467,0.8171567372892071,1.3766468453230734,1.9494405173065799
Lower Owyhee (17050110),2016,21487.24411878548,53850.032185611395,16724.95694490987,35247.46734258886,49962.97357683624,2.5061395443695993,0.7783667767002227,1.6403903240329152,2.325238792868533
Lower Owyhee (17050110),2017,22184.383681656855,54233.43325205127,18778.469000097204,33885.5108098121,49357.09470553306,2.444667114953216,0.8464724226539667,1.5274488259879093,2.2248576031591063
Lower Owyhee (17050110),2018,22127.071916607376,55215.33489074551,13150.01665916796,39864.47383724307,56769.544812637425,2.495374674915929,0.5942953820879605,1.8016154142529346,2.565614873336643
Lower Owyhee (17050110),2019,22451.81364496599,53297.72292625284,23319.97331188288,28483.599070443655,40646.55972908042,2.3738716065017282,1.0386676854104187,1.2686547074040087,1.8103909275139538
Lower Owyhee (17050110),2020,22523.473316351003,54535.13673508979,18325.60348404012,34343.23213676151,48969.17102160407,2.42125785704196,0.813622447419625,1.5247751381146843,2.174139411529158
Lower Owyhee (17050110),2021,22182.95226620499,56972.60989233871,15476.849185654868,39268.70822455578,55907.868542514014,2.568306022058869,0.6976911368660945,1.7702201110706257,2.520307841426853
Lower Owyhee (17050110),2022,20720.03651956999,50263.29844463631,14678.548199834171,33541.21909309402,47555.500779273294,2.425830591425977,0.7084228923038018,1.6187818521176098,2.2951456062520603
Lower Owyhee (17050110),2023,22672.993741413495,57973.31115085427,21756.748872272554,34317.90785030338,49127.36582065099,2.556932349209922,0.9595887124748168,1.5136028458218025,2.16677896095023
Lower Owyhee (17050110),2024,21388.27239299878,57814.37408340115,16707.140393973634,38787.24395125219,55275.80932318013,2.7030876089985676,0.781135572195281,1.813481857653392,2.5843980433536125
Lower Rogue (17100310),1985,565.5928526399998,1538.0577806491312,627.391736964492,866.9643055753703,1224.3015304393596,2.7193727315859593,1.1092639060695966,1.532841692621589,2.164634020258082
Lower Rogue (17100310),1986,682.6107039700321,1818.3117745105278,948.9389268028674,831.7086054202987,1144.4302192395514,2.6637610045305635,1.3901612167577841,1.2184230346566793,1.6765488917527933
Lower Rogue (17100310),1987,597.7012138974776,1762.3030940199274,600.6545277484616,1118.604779731062,1554.14863514014,2.9484683200295647,1.0049411207177013,1.8715116411373625,2.600209936007792
Lower Rogue (17100310),1988,514.043703792318,1467.548929392856,622.3472106538266,804.9349992494917,1055.3727083190747,2.8549108151040983,1.2106892975490369,1.5658882567982948,2.053079729472696
Lower Rogue (17100310),1989,591.2862071917074,1522.533453920684,842.4232848722863,649.2415450601662,871.7822197886006,2.574951749934946,1.4247301469678204,1.0980157107734945,1.474382810194574
Lower Rogue (17100310),1990,726.6398945270859,1901.3585522377323,908.5648850746489,957.3881910802781,1342.945042231683,2.61664486984324,1.2503647156146913,1.3175552268615374,1.848157598208536
Lower Rogue (17100310),1991,1291.1588673341857,3374.698974494027,1711.1065147723298,1624.070394652462,2161.2305492306004,2.613697709764918,1.3252486259147926,1.257839322286984,1.6738688041486511
Lower Rogue (17100310),1992,1186.3564192962801,3225.816794300707,1408.5967516486473,1777.2061950102568,2347.158155949156,2.719095831431661,1.1873301553711786,1.498037323441513,1.9784595234385272
Lower Rogue (17100310),1993,1402.0148539875147,3680.507915835554,2234.5411832312693,1420.8696658367528,1969.3084354293408,2.62515614964257,1.5938070676469227,1.0134483681079502,1.4046273688387598
Lower Rogue (17100310),1994,1269.6809802819962,2883.1676036047465,1245.5344905126801,1611.31229480739,2139.23626751589,2.2707811240618843,0.9809822387321632,1.2690686241905564,1.6848612373800904
Lower Rogue (17100310),1995,1260.1567061047722,3209.006804870275,1875.2565596640807,1299.725629895491,1708.3009272843613,2.5465140877514574,1.4881137802778694,1.0314000025544672,1.355625787656864
Lower Rogue (17100310),1996,1297.1234469774338,3381.2382961818453,2272.830210699681,1078.2601744890687,1463.7508532347592,2.606720512269538,1.7522081001587368,0.8312702827179927,1.1284591737552827
Lower Rogue (17100310),1997,1317.5193669350415,3281.9812522890616,2267.2020152894384,987.9738609837934,1344.3563266364308,2.4910307466097956,1.7208111487299447,0.7498742605067938,1.0203693094575303
Lower Rogue (17100310),1998,441.57850274947333,1217.0560834246621,661.5142712128234,523.5931057656917,729.0128476752942,2.756148852008656,1.4980672000424105,1.1857305156513671,1.6509246784798646
Lower Rogue (17100310),1999,824.3639172738928,2023.7181483116688,1019.5520529495308,974.6466085223351,1358.0240490033464,2.4548844338116433,1.236774234759219,1.1823013939588907,1.6473598862674947
Lower Rogue (17100310),2000,964.5842194350319,2157.813589580191,1339.3989418594235,792.9756638311308,1106.3000684926744,2.23704011127618,1.3885764611035467,0.8220906457453614,1.1469191037985746
Lower Rogue (17100310),2001,1256.6702696271102,2737.4610422076084,1277.6615051369267,1432.676600518423,1961.3028320752978,2.1783447164862833,1.0167038530449561,1.140057686686213,1.5607139593246462
Lower Rogue (17100310),2002,654.4450959432108,1855.8239193771992,786.0709371467012,1033.6656000514167,1433.5694055910114,2.8357213322876476,1.201125872925652,1.5794535041349176,2.1905113423226092
Lower Rogue (17100310),2003,961.3518480966056,2579.5317468007215,1304.6500063673645,1246.173610901909,1718.7678287608023,2.683233773262072,1.3570993897296395,1.2962721332145208,1.787865527240433
Lower Rogue (17100310),2004,833.4947978083018,2289.3128946541165,1072.5099148940792,1213.3036991199674,1615.8992612435623,2.7466432912046117,1.286762578139989,1.4556823897526223,1.9387034754057437
Lower Rogue (17100310),2005,1254.0055914179652,3160.763081163128,2250.3254813494523,893.0364405357911,1211.2604192848005,2.520533483099624,1.7945099262315884,0.7121470961911671,0.965913092871595
Lower Rogue (17100310),2006,911.1207582631657,2552.2857472158607,1293.9296886466418,1256.7901411210355,1720.9419825459681,2.8012595740669815,1.420151694395823,1.379389207986882,1.888818761880185
Lower Rogue (17100310),2007,1225.7702446484752,2996.4590355090086,1289.263244383116,1677.6388301027523,2269.953505185365,2.444551944861681,1.0517984508204874,1.3686405241333488,1.8518588741206874
Lower Rogue (17100310),2008,1160.2298710369482,2957.7729513923355,1149.5445837119669,1806.6823527355702,2442.2106619986635,2.549299087385885,0.9907903704328597,1.5571762095048105,2.1049368948034
Lower Rogue (17100310),2009,1124.3614427388386,2899.765163543658,1338.6941506430455,1561.0710129006131,2110.6022191128714,2.5790329099867595,1.190626163222133,1.3884067467646268,1.8771563474923536
Lower Rogue (17100310),2010,1157.200177967001,2791.340883939879,2172.5379507752914,618.8029331645872,824.5236662874227,2.412150410176896,1.8774089324736034,0.5347414777032925,0.7125160209843443
Lower Rogue (17100310),2011,1300.5708118382627,3076.218636343069,1876.7898693232564,1181.7499867325498,1624.1246422426057,2.3652834650310637,1.4430508913778788,0.9086394804310822,1.2487783267617878
Lower Rogue (17100310),2012,1242.1775635099468,3062.0574212031065,1902.2203417216253,1157.3883785731593,1587.9784275652614,2.4650722337560453,1.531359442966137,0.9317414937867629,1.2783827966415733
Lower Rogue (17100310),2013,1169.2157165315227,3068.7929877348474,1633.7574925299216,1408.0177571594065,1871.3839060088007,2.62465937153019,1.3973105812984292,1.2042412167844354,1.600546314550286
Lower Rogue (17100310),2014,1200.0462449409017,3259.515297513756,1719.0931894798105,1536.6536209701237,2070.743630305914,2.7161580741201155,1.4325224521363926,1.2804953371157781,1.7255531935003814
Lower Rogue (17100310),2015,1137.4767170616153,3262.500420925806,1361.4258907876472,1898.973142720764,2550.592708530342,2.8681909457924153,1.1968824243757255,1.6694611100491648,2.242325201274586
Lower Rogue (17100310),2016,1296.1193110951936,3525.7037152833286,1505.0762360886245,1985.5303472721223,2684.103205456998,2.7201999731831656,1.161217353375336,1.5319039923835336,2.070876641124178
Lower Rogue (17100310),2017,1327.9244871934707,3287.5454171386127,2112.0987849877893,1156.8029371500736,1572.7206262181821,2.475702081589551,1.5905262726585063,0.8711360836450441,1.1843449242675546
Lower Rogue (17100310),2018,1431.2496320851178,3665.8115552343165,1992.3269761868476,1646.3212010765087,2300.5381142132383,2.561266373842678,1.3920192058210863,1.1502683837745786,1.6073632877457558
Lower Rogue (17100310),2019,1307.9524750464818,3108.6790201096996,1804.6362411358468,1298.6578560372673,1780.486339596426,2.376752274580331,1.3797414474648353,0.9928937639657861,1.3612775491197808
Lower Rogue (17100310),2020,1339.192634924,3643.4357589812075,1370.7156544276727,2237.5374272391664,3071.3565380194027,2.720621114517983,1.0235388238268364,1.6708107324426467,2.2934389406895925
Lower Rogue (17100310),2021,1045.3173079709998,2966.135067138903,1312.602877674704,1651.6848175182358,2182.061718240697,2.837545159274444,1.255698023619752,1.580079852235699,2.0874634922827027
Lower Rogue (17100310),2022,1473.098042258,3916.9925427796757,2001.6371988961707,1867.3629396283434,2532.012208161119,2.659016868134327,1.3587942835278046,1.2676433516712877,1.71883481990105
Lower Rogue (17100310),2023,1560.4716083038422,4069.069927844835,2118.9225523208765,1895.647727980912,2692.513935519038,2.6075898505245596,1.3578731846483536,1.2147915526905293,1.7254488458432586
Lower Rogue (17100310),2024,1583.4761565512717,4268.847195927155,2112.1522370488497,2084.1213832308163,2948.7372592889647,2.695870839776003,1.3338705659130397,1.316168465567504,1.8621923968284815
Lower Willamette (17090012),1985,11175.561871104,22563.624541134526,13545.34256657835,8895.59604686045,14473.678249437577,2.0190147753980923,1.212050250609927,0.7959864702517798,1.2951186183185406
Lower Willamette (17090012),1986,11271.38315595814,21546.44824852269,16474.955996262328,5050.944819135918,8160.264269315589,1.911606406276152,1.4616623149354602,0.44812111781205394,0.7239807356741317
Lower Willamette (17090012),1987,10270.575642757569,21995.182265949865,12639.026389120512,9266.465534706462,14750.560314081571,2.141572491261486,1.2306054527754817,0.9022342911461668,1.4361960640914146
Lower Willamette (17090012),1988,8251.85606750183,14858.006897526813,12605.648417620303,2248.5783090481814,3875.864767596977,1.8005654456385751,1.527613704662755,0.27249364150978417,0.4696961187751736
Lower Willamette (17090012),1989,8653.594156063396,13883.174171415862,11214.422472160604,2655.9604719285826,4444.009852392546,1.604324621774434,1.2959265560545024,0.3069199252968901,0.513544981685872
Lower Willamette (17090012),1990,10897.449034813038,20188.231253702925,16162.333817477693,3994.935748467551,6554.165051840683,1.8525648699259352,1.4831300211494847,0.36659366203093147,0.6014403032216732
Lower Willamette (17090012),1991,10347.95009502816,20159.80730539957,17072.113850977526,3049.5993332088347,4948.809577813261,1.9481933252737347,1.6498063572204604,0.2947056475150633,0.4782405725159997
Lower Willamette (17090012),1992,11144.649959630658,23428.569927092452,14596.400568891499,8722.839115734565,13949.751730836293,2.1022257327020517,1.3097226581152517,0.7826929645463396,1.251699405666986
Lower Willamette (17090012),1993,8681.278778356724,16539.451470075135,14928.433322425286,1588.79969124651,2698.3204545551353,1.905186078266442,1.7196122487902736,0.18301447653167677,0.3108206202618803
Lower Willamette (17090012),1994,8044.405145775621,12310.426459511858,9897.587798713243,2353.7056963197024,3646.3312398005096,1.530309107563592,1.230369134740906,0.2925891540352999,0.45327543475546067
Lower Willamette (17090012),1995,11410.890416541813,24410.332424144985,21432.161785987817,2933.336874645704,4649.962155570471,2.1392136400467496,1.878219928825068,0.25706467835265406,0.4075021304936595
Lower Willamette (17090012),1996,11270.281173320704,23802.420229984666,21311.97109193369,2453.2563436158325,3746.8583002690525,2.111963300998236,1.890988411396863,0.21767481271214806,0.3324547313991341
Lower Willamette (17090012),1997,11117.733929954398,19894.20919108392,19145.60755760806,741.308632778596,1164.7133174444323,1.7894122414175746,1.7220782290916534,0.06667803326191281,0.10476175493877911
Lower Willamette (17090012),1998,8705.060118548927,17123.418844474556,14558.173939625984,2513.217541585386,3913.541772676064,1.9670649727033604,1.6723806316518273,0.28870766052840563,0.4495709069644454
Lower Willamette (17090012),1999,11696.574129806531,22957.450910645734,18360.05274686959,4544.6694505163505,7325.559439144066,1.9627500031947787,1.5696948989604085,0.38854705660652467,0.626299577794856
Lower Willamette (17090012),2000,11717.949571847594,25535.697233076142,19272.534995667324,6181.33095645004,9878.933659251603,2.1791950098868598,1.6447019913765155,0.5275096055457266,0.8430599226152815
Lower Willamette (17090012),2001,11802.519889236111,23707.795045550163,18782.44181770909,4877.870606602663,7825.321950002442,2.008706214269688,1.5913925156642743,0.4132906067840036,0.6630212889655139
Lower Willamette (17090012),2002,11930.45120264033,24475.948466640973,18216.200484609697,6184.602494433219,9971.859835503963,2.0515526236949193,1.5268660149733706,0.5183879795815689,0.8358325821991619
Lower Willamette (17090012),2003,11134.804583947564,23096.72255291335,16070.86245342299,6940.548437152278,11105.738032039366,2.0742818051976077,1.443299909959037,0.6233201835583254,0.99738957682741
Lower Willamette (17090012),2004,11290.972416988587,24243.63890330878,17322.905948802152,6867.7480099426975,11214.897128505687,2.147170146907045,1.5342262215376434,0.6082512432329893,0.9932622908219636
Lower Willamette (17090012),2005,11312.736420181713,23175.901983523334,20019.509738381603,3127.536673899161,5064.974060776583,2.048655702980753,1.7696434350461103,0.27646155251347443,0.44772315668389157
Lower Willamette (17090012),2006,11540.320463943857,24089.10473939321,18450.27579770252,5568.798641473862,8983.54084727006,2.0873861184926623,1.5987663302200201,0.4825514732344571,0.7784481267515835
Lower Willamette (17090012),2007,11594.320763964297,23605.162177056733,14698.854335624967,8829.315572556403,14151.081337202631,2.035924540782303,1.2677632985029799,0.7615207265955879,1.2205183576760157
Lower Willamette (17090012),2008,11716.264093291988,22682.363328566153,14368.828916378616,8220.84098700345,13207.715052394633,1.9359723498852062,1.2264002246761683,0.7016606079842633,1.1272974855488755
Lower Willamette (17090012),2009,11805.996960494245,25212.808754502883,17230.94849782716,7872.346777897684,12572.024856389593,2.1355933631756057,1.4595081258690927,0.6668091482862889,1.0648846428182783
Lower Willamette (17090012),2010,11482.237482790451,23584.428416640523,22458.42666647355,1126.001750166968,1805.890465496825,2.053992390593628,1.9559277275125326,0.09806466308109517,0.1572768781523191
Lower Willamette (17090012),2011,11745.883367061326,21611.53772458273,18193.078881903988,3389.6470672128116,5608.407529065442,1.8399244270709687,1.5488897951194003,0.288581706567793,0.4774785645150328
Lower Willamette (17090012),2012,9971.947465323818,18681.07729805546,15452.101908499768,3186.663215489259,5107.072094657975,1.873362987823245,1.5495570912534882,0.3195627761347998,0.5121439029253985
Lower Willamette (17090012),2013,11983.160254174201,24692.193582903943,19753.078421622264,4893.915231778406,7755.305060503242,2.0605744277101437,1.6484030925599529,0.4083993811293365,0.6471836223505204
Lower Willamette (17090012),2014,11629.946982013902,25785.014845315844,19538.376600022628,6176.872241972956,9833.698988802076,2.2171223037554015,1.6800056466499267,0.5311178332563075,0.8455497694022353
Lower Willamette (17090012),2015,12019.59491752143,27220.416857976128,16759.518991796933,10337.72609228706,16700.62382744382,2.2646700695624835,1.3943497353114565,0.8600727531355782,1.389449806091108
Lower Willamette (17090012),2016,11957.335036612361,26216.966860342836,17719.85638451385,8392.395986678643,13557.887264851339,2.1925426342967453,1.4819235498760492,0.7018617410135141,1.1338552631784775
Lower Willamette (17090012),2017,11713.770703670605,24923.60712087737,17897.721016195595,6920.604091494186,11093.702571482248,2.127718541824227,1.5279214071167706,0.5908092506305898,0.9470650273191661
Lower Willamette (17090012),2018,11902.443754078491,24617.253945233977,14851.123524027453,9585.210477258717,15199.523892450412,2.068252071075625,1.2477373412446136,0.8053144946788132,1.2770086720420035
Lower Willamette (17090012),2019,11736.782753828375,24017.76052316887,19069.44255030891,4878.092628341406,7984.19375921296,2.046366625925202,1.6247589267245086,0.4156243436260453,0.6802710697366046
Lower Willamette (17090012),2020,11513.107115958996,24132.569371564503,18993.3334577898,5092.824690275468,8197.302726658256,2.0960952702431586,1.6497139535392684,0.442350152654795,0.7119974342369743
Lower Willamette (17090012),2021,11672.780789841992,25010.643089283378,17085.990789600055,7822.98353041712,12588.76480883997,2.142646515819812,1.4637463940442368,0.670190220416451,1.0784717913828292
Lower Willamette (17090012),2022,11912.441063366998,23599.715112381724,18936.99453642623,4614.150108844808,7318.737415352878,1.981098163411301,1.5896821176862783,0.38733875654035255,0.614377639009638
Lower Willamette (17090012),2023,12279.875104622239,26016.760517087863,15279.075845253583,10625.602702223603,16890.438649358093,2.1186502546182213,1.2442370720450098,0.8652858935205331,1.375456876023145
Lower Willamette (17090012),2024,12330.9343714686,26248.347668319155,20953.57830567945,5251.736355111982,8388.705408306763,2.1286584517920035,1.6992693071306892,0.4258993030782392,0.6802976283546368
Mckenzie (17090004),1985,3276.339327035999,7038.752929336742,4375.852889830464,2535.147528514616,4814.022491852969,2.1483589539257157,1.3355920901481106,0.773774409626882,1.4693296424238402
Mckenzie (17090004),1986,3620.1330945854934,8242.6836429958,6035.780878771976,2129.9414733445697,4082.1195834156083,2.276900718187432,1.6672814841530226,0.5883599905567695,1.1276158850405507
Mckenzie (17090004),1987,2596.9291572942398,5991.77943460249,4316.548108890013,1627.2702929775467,3088.2541051158814,2.307255636054921,1.6621739937594053,0.6266132783818454,1.189194590249646
Mckenzie (17090004),1988,1742.8627383641963,3299.9135812487452,2960.6134268102483,313.99814940457105,597.1815482004325,1.8933869596328363,1.698707168178373,0.1801622941914985,0.3426440505354604
Mckenzie (17090004),1989,2802.3678543334513,5632.247614525422,4840.380969543024,760.7075129127818,1437.450493280147,2.0098173784772677,1.7272468216683559,0.271451698154637,0.512941400986077
Mckenzie (17090004),1990,3386.6731770091965,8023.950569141495,5793.789053038974,2138.2286370942284,4135.379069528495,2.369272188297639,1.7107611954914188,0.6313655098489659,1.221074149581947
Mckenzie (17090004),1991,3111.1722352757656,6967.852346287959,5665.098767124551,1241.5374087533849,2398.7536929568346,2.2396228236044116,1.8208888286194198,0.39905775536189125,0.7710128246063548
Mckenzie (17090004),1992,3243.6687009762204,7777.700929986633,4870.713981352964,2802.091598821509,5373.1370386074805,2.397809901993333,1.5016064926381245,0.8638649187502369,1.6564999492674364
Mckenzie (17090004),1993,3409.7001174829115,6257.293858130208,5998.112714351198,250.8864470749231,456.46447997674545,1.83514492258323,1.7591320373297488,0.07358020894228405,0.13387232432443763
Mckenzie (17090004),1994,2668.491764739085,5773.118497417565,4788.440173432711,916.828728973035,1732.527349276244,2.1634387535694866,1.7944369312681416,0.3435756261600002,0.6492533993057475
Mckenzie (17090004),1995,3222.473441274003,6954.545447037559,6359.586023453362,555.325947512712,1042.6441661322947,2.1581389494053,1.973510764122575,0.17232909987713171,0.323553998235618
Mckenzie (17090004),1996,2416.0630510610085,5198.965936737204,4694.583170350753,479.6481751737369,897.1868741996443,2.1518337174413102,1.9430714642522005,0.19852469287301938,0.37134249199566494
Mckenzie (17090004),1997,4109.054535863688,9971.390614512271,8844.75703572006,1087.9474629041001,2109.575811909194,2.426687338287266,2.15250417304597,0.26476831918596644,0.5133968881398112
Mckenzie (17090004),1998,1938.1629075584424,4071.0734247705755,3653.3393506158636,383.5249374380707,714.7274000776357,2.100480516314813,1.8849495758940493,0.19788065076593986,0.36876538978758894
Mckenzie (17090004),1999,3571.8537168931357,7995.672284668413,6462.689342047075,1446.7376783684583,2750.9522262793125,2.2385217644420212,1.809337630900641,0.4050383338841932,0.7701749411709228
Mckenzie (17090004),2000,3721.5314880668125,8858.704005711621,6466.068497114414,2261.3722682957227,4306.342564541732,2.3803920601282793,1.7374751544755245,0.6076456092194495,1.1571425845381482
Mckenzie (17090004),2001,3685.460954316671,8185.9133503478415,6063.660534477019,2005.562755860196,3839.9845873499758,2.2211369084672907,1.645292301190936,0.544182337221926,1.041927898558338
Mckenzie (17090004),2002,3221.499610784631,7390.498034962699,5315.8798965229935,1941.0765899253604,3693.1241011100415,2.2941173142537377,1.6501258850775566,0.6025382040796181,1.146399052399867
Mckenzie (17090004),2003,3505.3731183100404,7726.697221134222,5641.969552021399,1966.212237078055,3755.264152226287,2.2042438737190135,1.609520402421932,0.5609138230699894,1.0712879985902102
Mckenzie (17090004),2004,3443.683228973573,8010.249231592679,6527.896714405897,1391.6255974904454,2704.2610073914025,2.326070285500743,1.8956147474550402,0.4041096421941325,0.7852815800939498
Mckenzie (17090004),2005,3477.6612917896996,8128.475168689918,6753.6077583616825,1313.9489379319032,2508.46697469765,2.337339518336699,1.9419969892715145,0.3778254486812628,0.7213085933986183
Mckenzie (17090004),2006,3642.206139755551,8491.977487454134,6529.734660598584,1856.5581797797624,3554.83615801277,2.331547738268345,1.792796566159441,0.5097345148905731,0.9760117965896777
Mckenzie (17090004),2007,3735.1618532064795,8449.537657776214,5611.837234189476,2693.737483649073,5138.4316824294365,2.2621610494663416,1.5024348220337358,0.7211836031513903,1.3756918399716223
Mckenzie (17090004),2008,3484.91413834775,7751.302731028697,5720.302472910557,1922.289231659772,3686.224018144402,2.2242449665355903,1.641447176550134,0.5516030396580038,1.0577660946022895
Mckenzie (17090004),2009,3463.9647270135365,7684.540256620235,5923.976216257883,1649.553657453131,3138.644474048327,2.218423356535006,1.7101722110678794,0.4762039418557523,0.9060844210022644
Mckenzie (17090004),2010,3220.4619837643245,7364.760511872441,7156.0615514911315,181.39519335142265,328.9531096018755,2.2868646017252288,2.222060557636695,0.056325829730613355,0.10214469577975571
Mckenzie (17090004),2011,3854.0182017539482,8658.826656912333,7171.554899534119,1412.9319905705304,2707.5206941555257,2.246701028285683,1.8607994368761342,0.3666126926768303,0.7025189172493643
Mckenzie (17090004),2012,4369.171503776121,9776.004422106813,8029.588191055762,1681.1495549477424,3205.6508033978025,2.237496150850969,1.8377827888230232,0.38477536381778193,0.7336976359539266
Mckenzie (17090004),2013,3666.2383618156027,8134.804664603586,6810.700159135522,1247.0648666376537,2372.6799350159813,2.2188422742309233,1.857680676212965,0.34014833285964513,0.6471701239416898
Mckenzie (17090004),2014,3482.9162731069737,8411.512115736423,6729.824142361289,1589.5358619404453,3010.2438592445164,2.415077324908773,1.9322382781133798,0.45638072732724133,0.8642883213954481
Mckenzie (17090004),2015,3132.2179321167437,7680.753583314901,5172.547529953822,2342.0449091415444,4465.550097458892,2.4521772589828292,1.6514009057020593,0.7477273165212988,1.4256830764138708
Mckenzie (17090004),2016,2980.233764603763,6925.9102491863805,5267.363065414017,1559.4834137950763,2963.573160477719,2.3239486551173996,1.7674328530783354,0.5232755337239182,0.994409631779922
Mckenzie (17090004),2017,4637.773666163786,10841.781579785702,8315.226284747563,2411.614204370603,4679.816491221986,2.3377125233352896,1.7929349043946865,0.5199939406196618,1.009065303329685
Mckenzie (17090004),2018,4188.821304138407,8878.576904162363,6279.435969729865,2499.566274713313,4786.460197807584,2.1195883661570005,1.4990937817103835,0.5967230619849622,1.1426747168896252
Mckenzie (17090004),2019,4343.540567018985,9571.305864027194,8059.958123518977,1436.4355381044656,2756.9814416016666,2.2035723429644576,1.8556193960105238,0.3307061407487454,0.6347313669718551
Mckenzie (17090004),2020,4906.675104373,11103.303963854249,9018.940523413123,2014.6564445221798,3866.5757958674694,2.262897731695868,1.838096130590576,0.41059503669330943,0.7880236032790192
Mckenzie (17090004),2021,3689.0936935470017,8169.314538332879,5377.545378466516,2669.713695126936,5132.114745004862,2.21445027341613,1.4576873956530219,0.7236773898686348,1.3911586886454
Mckenzie (17090004),2022,5103.760675938998,11465.934996216576,10047.495529899265,1353.9906611946994,2649.692166040596,2.246565958758843,1.9686455082556766,0.2652927414049621,0.5191646580397505
Mckenzie (17090004),2023,5272.560450671722,10868.973846982108,7383.09659454327,3310.6322680405187,6377.150259175461,2.0614223295623675,1.4002867607905125,0.6278983994614505,1.2094977988091185
Mckenzie (17090004),2024,4989.67184933011,11475.445047058853,9689.822328633993,1703.6255250485244,3306.854205683992,2.2998396274495474,1.9419758696025078,0.341430373878644,0.6627398164726915
Middle Columbia-Hood (17070105),1985,22405.916757326977,54996.67353075578,20018.316396215956,32834.54493386859,39962.87423370415,2.454560289873936,0.8934388453295378,1.4654408159010648,1.7835857673904754
Middle Columbia-Hood (17070105),1986,23471.866092259195,56545.295339514196,20128.945648680525,33970.447942137296,41533.43453883488,2.4090668853194552,0.8575775598566007,1.447283646243212,1.7694986148771623
Middle Columbia-Hood (17070105),1987,23048.26608006328,58854.04978117776,16471.129504511297,39967.61482046025,48577.45044326831,2.5535131179384654,0.7146363829407021,1.734083365821266,2.107640126789743
Middle Columbia-Hood (17070105),1988,23766.607003387973,59714.646497801696,21005.32052579835,36184.634926131395,44157.739812765685,2.5125440282363094,0.8838165465858885,1.5224989802277291,1.8579740813011685
Middle Columbia-Hood (17070105),1989,24018.391193542415,56641.737123778934,22803.191075155457,31632.23410998082,38631.726999932034,2.3582652421369352,0.9494054323374633,1.3170005374250655,1.6084227577373527
Middle Columbia-Hood (17070105),1990,22903.401829708542,49531.061895791485,24455.06846435725,23487.372750181676,28515.6979866185,2.162607208486539,1.0677483042119973,1.0254971259210783,1.2450420334340953
Middle Columbia-Hood (17070105),1991,23240.01456593733,55574.531411793956,22691.700453148664,30620.628377980673,37004.95241816614,2.39132945696381,0.9764064643232916,1.3175821508675403,1.5922947170783597
Middle Columbia-Hood (17070105),1992,23201.102172119623,58494.62005689252,21157.729362817958,34843.12403886391,42454.372473552336,2.5212000543312345,0.9119277698902963,1.5017874487331173,1.8298429168838817
Middle Columbia-Hood (17070105),1993,23503.13759095709,49574.49439731306,22395.83111968809,25453.91476431674,30912.3325912227,2.1092713347509404,0.9528868659776285,1.083000712811647,1.3152428041401725
Middle Columbia-Hood (17070105),1994,23649.726583710377,59013.64393588499,20491.89377460506,35965.09782389404,43791.62617682774,2.4953203466010816,0.8664748703149748,1.5207405335783597,1.8516757909155213
Middle Columbia-Hood (17070105),1995,24239.925587426747,57704.00846434728,28544.317585123303,27140.893821232992,33170.4538030566,2.3805357098240583,1.1775744724203792,1.1196772747236063,1.3684222619999342
Middle Columbia-Hood (17070105),1996,23954.542997223434,57985.728283426484,24692.914986154225,31095.305527264325,38067.22876257125,2.420656836999462,1.0308238812577797,1.298096379082188,1.589144437737076
Middle Columbia-Hood (17070105),1997,23777.314581428393,54752.20270051733,22037.598832090316,30552.80037409853,37289.48970011513,2.3027075876466854,0.9268329590635561,1.2849558880783882,1.5682801172694505
Middle Columbia-Hood (17070105),1998,24649.723620373512,59536.86471487063,25503.634418491416,31710.711557755978,38758.428876309175,2.4153157103011966,1.0346418000975934,1.2864530266597558,1.572367685464616
Middle Columbia-Hood (17070105),1999,23667.54223544838,54994.56026174206,19310.6655565591,33206.752135135655,40585.26381381079,2.3236278492564897,0.8159134296435854,1.4030502958351034,1.7148068612305531
Middle Columbia-Hood (17070105),2000,24155.633864612977,58280.54080691345,18325.03062369235,37345.242591640905,45570.7177059606,2.4127100590099637,0.7586234634288681,1.5460261900371892,1.8865461350082744
Middle Columbia-Hood (17070105),2001,23913.6447160787,57347.29188587464,21144.151345747774,33631.72289767938,41016.4821037892,2.39809918424172,0.8841877345251009,1.406382142788405,1.7151915816584475
Middle Columbia-Hood (17070105),2002,23951.409074266383,58280.31326801879,16889.095676789617,38591.19105763082,47197.91997406547,2.433272843668964,0.7051399616791406,1.6112284224268691,1.970569657414242
Middle Columbia-Hood (17070105),2003,23831.960027847934,62210.98132368726,21734.04936863995,37892.6620764139,46060.542288090546,2.610401379114138,0.9119707041822599,1.5899935226534396,1.9327215316855284
Middle Columbia-Hood (17070105),2004,24286.69589578682,59363.81737263458,25801.894281904933,31058.18749498661,37996.25490963451,2.444293683560835,1.062388000105892,1.2788148551888645,1.5644884373187207
Middle Columbia-Hood (17070105),2005,24693.810848218363,59559.1555990704,25954.150273236228,31192.615330435336,38515.174469190235,2.4119062045608706,1.0510386765641235,1.2631754378521067,1.5597096254573874
Middle Columbia-Hood (17070105),2006,24116.70505595261,59167.91488567749,20098.51347096325,36543.66841183625,44196.96260027578,2.4533996144333723,0.8333855484956653,1.51528446058664,1.8326285658731334
Middle Columbia-Hood (17070105),2007,24250.569664509545,57448.04373907749,18822.06076386435,36091.96273089693,44032.87706994993,2.368935844964999,0.7761492214102598,1.4882933980605468,1.8157460908801488
Middle Columbia-Hood (17070105),2008,24361.80189969053,55794.11975769507,20108.447045165954,33219.55263798815,40593.773197988725,2.2902295974422087,0.8254088563712273,1.3635917726763118,1.6662877961627456
Middle Columbia-Hood (17070105),2009,24578.47470120937,61424.776710710394,22462.887190546073,36394.90697221282,44285.58486512569,2.4991289108631314,0.9139251911934471,1.4807634491013404,1.8018036270959745
Middle Columbia-Hood (17070105),2010,24779.22099736581,55404.4761458167,30796.6801003989,22560.926272370856,27301.356600780517,2.2359248562215313,1.2428429490851542,0.9104776245697647,1.1017842975645935
Middle Columbia-Hood (17070105),2011,25155.20903880336,56496.496975170965,25386.74107810674,28867.40368503767,35182.88558590037,2.245916417868834,1.009204138949759,1.1475716079523741,1.398632209004057
Middle Columbia-Hood (17070105),2012,24423.134276234636,58632.478419357285,25511.507479774078,30775.28097277928,37288.75290972229,2.4006942661905053,1.0445632076223117,1.2600872854687497,1.5267799983398023
Middle Columbia-Hood (17070105),2013,23402.606249596825,56289.36062861597,26895.78573845099,27155.60949062594,32918.019960879334,2.405260338454214,1.1492645499222698,1.1603668925162456,1.4065963256313145
Middle Columbia-Hood (17070105),2014,24660.55961129852,63457.64086141041,23836.48403265777,36829.14305994912,45152.60927423068,2.573244154294721,0.9665832571673195,1.4934431189094113,1.8309645030741108
Middle Columbia-Hood (17070105),2015,23826.86161044116,61138.38880560312,19744.226133828877,38491.24320059694,46678.40069687534,2.565943841248975,0.828654081961712,1.6154558594376403,1.9590662614341292
Middle Columbia-Hood (17070105),2016,23992.47101158196,59228.41000874132,18175.61131187808,38375.49160807542,46573.20778114725,2.4686248440250194,0.7575547888795661,1.59948058662029,1.9411592811205156
Middle Columbia-Hood (17070105),2017,24537.393830929585,59695.606920177044,27004.96868049971,30259.49752917693,36603.671224196565,2.432842189007467,1.100563852321583,1.2331993257994085,1.491750569616621
Middle Columbia-Hood (17070105),2018,25083.996336403965,63720.79777344144,18548.854625862135,42453.03979293079,51280.935539287595,2.5402968856666814,0.739469675290237,1.6924352572687724,2.044368642522263
Middle Columbia-Hood (17070105),2019,24565.702200611762,57920.047820197826,21463.816942613008,34175.607524151514,41007.15296545697,2.3577607245745833,0.8737310567120077,1.3911919653288167,1.6692847870001355
Middle Columbia-Hood (17070105),2020,24374.442154785986,60695.571473126554,22300.76076681826,35970.229322685016,43648.46841244972,2.4901317161512484,0.9149239447286981,1.4757354894221515,1.7907473793766078
Middle Columbia-Hood (17070105),2021,23621.60208347999,61674.17583577029,15987.824989290197,42966.02917027872,51702.46214096339,2.610922646897975,0.676830679510576,1.8189295128431384,2.188778811794567
Middle Columbia-Hood (17070105),2022,25651.352501557998,61741.18496432268,28752.523586003997,30588.663127203043,37391.66696640465,2.4069368256731365,1.1208969813290601,1.1924775945184631,1.4576879314310454
Middle Columbia-Hood (17070105),2023,24642.345264962532,59651.16202081876,19642.851115145255,37506.69571877423,45425.04971093804,2.4206771465714816,0.7971177622884069,1.5220424564094857,1.8433736408817054
Middle Columbia-Hood (17070105),2024,25268.026081889504,65665.00031281389,21903.393804654814,40889.09532984028,49837.161111741654,2.598738821149086,0.8668422983920282,1.6182148616328584,1.972340892407964
Middle Columbia-Lake Wallula (17070101),1985,65950.24317120908,176654.2070172457,35824.03812666339,128025.95596360587,157154.68495523298,2.6785982662512002,0.5431979687120027,1.9412507036743767,2.3829280590710495
Middle Columbia-Lake Wallula (17070101),1986,65513.32296188394,175833.5799408559,43021.08115741461,121043.4371125315,149323.90323212987,2.6839362131448743,0.6566768286573487,1.8476155938992032,2.279290630991309
Middle Columbia-Lake Wallula (17070101),1987,64470.13807132139,179497.4052205755,29845.740192322573,137674.5601479021,169172.3661309824,2.7841945215318584,0.4629389836160289,2.1354779788992673,2.624042249511426
Middle Columbia-Lake Wallula (17070101),1988,60083.92679478196,152296.9847429019,37162.3740984139,104224.74517497551,129905.87244489977,2.5347375390938707,0.6185077454298692,1.7346526889122533,2.1620736089469696
Middle Columbia-Lake Wallula (17070101),1989,66626.50042243648,162561.61783900578,43424.64977226918,108848.87167764941,134329.93202216426,2.4398942884333623,0.6517624293177782,1.633717379533783,2.0161637061899267
Middle Columbia-Lake Wallula (17070101),1990,66912.51394186208,184765.37534563016,40882.79183642106,131594.30211847308,161613.06813051004,2.7612977672034003,0.610988728833932,1.9666620541683835,2.4152891381562784
Middle Columbia-Lake Wallula (17070101),1991,68918.24773575811,177450.27393713518,36034.98879143969,130421.56206274338,160079.96241749547,2.574793755893266,0.5228657137308934,1.8924097223539011,2.3227514871135972
Middle Columbia-Lake Wallula (17070101),1992,67035.1970083398,182526.8203959333,46989.02528548209,124807.22223839661,152545.0906161406,2.7228505105045824,0.7009605010877527,1.8618162966369656,2.275596961356921
Middle Columbia-Lake Wallula (17070101),1993,71029.21420068636,173964.1971061541,43953.63531958933,119389.82714962614,146377.36077938628,2.449192195969318,0.6188106656424844,1.680855243763523,2.060805014198958
Middle Columbia-Lake Wallula (17070101),1994,70755.36813320399,198200.2098635208,39857.40203810044,145600.27268618107,178843.12036440478,2.8012038534007666,0.5633127646663492,2.057798249485101,2.5276261728681124
Middle Columbia-Lake Wallula (17070101),1995,74442.10001733723,193272.0710755189,56068.41525870801,127011.21911502175,155940.07583314372,2.5962737621655854,0.7531815363302476,1.7061745851533126,2.0947834061213477
Middle Columbia-Lake Wallula (17070101),1996,76024.7928709619,199243.5274600685,56234.14601756071,132093.10559836208,162389.59776975025,2.620770408388323,0.7396816734904866,1.7375003681044658,2.136008420902596
Middle Columbia-Lake Wallula (17070101),1997,76707.4939323508,201193.12926175247,55897.331988708196,133961.97816134023,164564.3845510899,2.622861456524534,0.728707576315877,1.7464001402455254,2.1453495103910067
Middle Columbia-Lake Wallula (17070101),1998,74907.21847681515,200323.0989667432,45006.88360008154,144201.91254608834,176964.4584817628,2.6742829735260565,0.6008350665698768,1.9250736508220618,2.36244866756781
Middle Columbia-Lake Wallula (17070101),1999,80190.58673482126,228073.86176912874,42225.552976132545,173075.3621762284,211334.87855208176,2.8441475621488617,0.5265649585002586,2.1583002347714917,2.635407560377826
Middle Columbia-Lake Wallula (17070101),2000,82786.3558228366,248241.3978060832,51936.07609990592,182683.51186388356,223308.49209011142,2.9985786345919316,0.6273506737154791,2.2066862352877035,2.697406956382924
Middle Columbia-Lake Wallula (17070101),2001,78005.72027944274,218333.5802396394,39380.16108319183,166675.22193467594,205337.2440293166,2.798943198748695,0.5048368368642561,2.1367051203115515,2.632335722223056
Middle Columbia-Lake Wallula (17070101),2002,82213.98430108691,248879.2772524992,39090.92203997217,196624.9687712595,240788.33523123898,3.0272134280835346,0.47547777147999587,2.391624374402933,2.9288002190651117
Middle Columbia-Lake Wallula (17070101),2003,81828.87967848915,257380.37346720695,43933.113451334546,199385.63988827827,244307.95511102572,3.1453488606769486,0.5368900762658677,2.43661700699896,2.985595746525275
Middle Columbia-Lake Wallula (17070101),2004,82771.0219350775,245038.97087657423,54059.82788772552,178036.4307139354,217865.80303116213,2.9604439470225903,0.6531250505778222,2.1509512212327224,2.632150696436344
Middle Columbia-Lake Wallula (17070101),2005,83111.90512954992,242855.1795337105,37744.143379427864,190790.01505246994,232911.40240537617,2.9220263830453916,0.454136423904548,2.2955798541144947,2.802383148868115
Middle Columbia-Lake Wallula (17070101),2006,83584.61706148856,241220.22364020447,65334.87214828541,164296.13315337317,201470.95680008642,2.885940405311089,0.7816614401693337,1.9656264385647615,2.410383200677649
Middle Columbia-Lake Wallula (17070101),2007,82888.02916901525,246040.8122631351,52518.84080507646,179773.63639599396,220523.65095639517,2.968351578989029,0.6336118898180869,2.16887333669644,2.6605005954084153
Middle Columbia-Lake Wallula (17070101),2008,84078.8521656009,240931.57918896273,41397.193143491866,185765.60090306355,227412.49752088796,2.8655431536389937,0.4923615401166081,2.2094212292192266,2.704752641876919
Middle Columbia-Lake Wallula (17070101),2009,85469.88531344949,245875.6185510131,53768.72438306065,179370.15740803097,219505.5083891878,2.8767514739173548,0.6290955485182995,2.098635756327678,2.5682204624960057
Middle Columbia-Lake Wallula (17070101),2010,84818.9184186641,232928.73547302163,62986.128685396405,158764.56513243107,194454.7498802691,2.746188466154344,0.7425952825111305,1.8718060556817415,2.2925870018814107
Middle Columbia-Lake Wallula (17070101),2011,83993.95617190436,234223.12157220248,55065.7932979406,166838.3165482065,204513.95348180042,2.788571133532929,0.655592328396122,1.9863133510076674,2.4348651117615714
Middle Columbia-Lake Wallula (17070101),2012,84079.71679076366,235849.3728880419,58433.41950233828,165053.12823289313,202337.8709359475,2.8050685931181736,0.6949764073034712,1.9630552353504664,2.4065003862878704
Middle Columbia-Lake Wallula (17070101),2013,88803.44097241506,254110.36542943635,63991.49723813234,177608.22218843206,217429.19838397176,2.861492332356473,0.7205970459862019,2.0000150922485354,2.448432132843947
Middle Columbia-Lake Wallula (17070101),2014,88510.0257498697,270747.82917563606,45451.054156704515,209610.89041219122,256296.31591231443,3.0589509706027243,0.513513059923287,2.3682163533039056,2.8956755321324907
Middle Columbia-Lake Wallula (17070101),2015,87104.46751809004,263539.14153227006,43431.77355005869,204292.30671613707,249298.55443702755,3.025552523784589,0.4986170604973699,2.3453711679450793,2.8620639278376014
Middle Columbia-Lake Wallula (17070101),2016,87095.34656057777,248795.11604530833,57584.812028862725,177253.96145992217,214792.68216211392,2.856583340790347,0.6611697903838126,2.0351714352113635,2.4661786265781527
Middle Columbia-Lake Wallula (17070101),2017,86799.95131456079,246248.5752989385,55866.0628294716,176872.5332665042,214941.4698617303,2.836966744445973,0.6436185963631987,2.037703139089591,2.476285603926066
Middle Columbia-Lake Wallula (17070101),2018,87131.1492296596,258727.2991390502,49570.21046115099,194241.30630987676,235758.80822054937,2.9694007416004444,0.5689149161856482,2.2292981101155576,2.705792478406754
Middle Columbia-Lake Wallula (17070101),2019,86977.02856077315,235066.05572383956,51110.88544421394,170651.09920828862,207412.374440481,2.7026222856026023,0.5876366011802923,1.962024939597128,2.3846799306963735
Middle Columbia-Lake Wallula (17070101),2020,86756.59073673005,258131.15003046393,33290.30535144401,208475.98842286516,253325.0183465684,2.9753491675783335,0.383720764828878,2.40299885752199,2.9199512820334745
Middle Columbia-Lake Wallula (17070101),2021,86302.11267002203,269210.801681693,38336.520528257555,213812.28453908185,259800.5019976299,3.119399900568208,0.4442130017701659,2.477486099982253,3.010360858615161
Middle Columbia-Lake Wallula (17070101),2022,85382.36547615803,246553.34163640524,65335.687874575015,168103.96882432842,204130.42272670387,2.8876377488657448,0.7652129044471039,1.9688370998724483,2.390779660276627
Middle Columbia-Lake Wallula (17070101),2023,85982.48378558809,243151.09826686478,42514.552819298566,185540.1317685295,225790.66972631193,2.8279143327983323,0.4944559746065933,2.1578829035830753,2.6260077609453485
Middle Columbia-Lake Wallula (17070101),2024,84981.32489294045,251416.79842097696,44924.51476068286,191122.9914814334,232345.5731897666,2.958494689718148,0.5286398490171671,2.2489999034753847,2.734078028113539
Middle Fork John Day (17070203),1985,2849.6966850459994,5483.885887187924,2732.7316031554697,2751.154284032452,5502.308568064904,1.924375290873949,0.958955252148654,0.9654200387252945,1.930840077450589
Middle Fork John Day (17070203),1986,2585.8912763972307,4909.414283418459,2954.590025353194,1954.8242580652634,3909.648516130527,1.8985385535073442,1.1425809168085557,0.7559576366987881,1.5119152733975763
Middle Fork John Day (17070203),1987,2667.858663910179,5784.421381483695,2556.925978776644,3227.495402707049,6454.990805414098,2.168188839886176,0.9584188298150154,1.2097700100711601,2.4195400201423203
Middle Fork John Day (17070203),1988,2441.5699892371654,5145.626772181046,2419.807276410664,2725.819495770382,5451.638991540764,2.1075073804411915,0.9910865906271642,1.1164207898140273,2.2328415796280545
Middle Fork John Day (17070203),1989,3010.8091223275455,6285.5009925810955,4384.617722989321,1900.883269591777,3775.8981423393075,2.0876451270089174,1.4562921609589567,0.6313529660499614,1.2541140899095922
Middle Fork John Day (17070203),1990,2332.2935885853462,5262.756091590149,2417.435313012193,2845.320778577957,5690.641557155914,2.2564723915320952,1.0365055775325822,1.2199668139995135,2.439933627999027
Middle Fork John Day (17070203),1991,3422.2478301176984,7234.869169441519,3833.9824830621205,3400.886686379399,6780.776338229078,2.1140693277005296,1.1203111736446807,0.9937581540558491,1.9813808569193752
Middle Fork John Day (17070203),1992,1736.4356618674562,3572.2070430705216,1942.7609199634596,1629.4461231070622,3258.8922462141245,2.0572066800498545,1.1188211360932947,0.93838554395656,1.87677108791312
Middle Fork John Day (17070203),1993,3604.2580815540323,6658.655499956585,4506.654411322323,2152.0010886342625,4304.002177268525,1.8474413733118693,1.2503695099933598,0.5970718633185095,1.194143726637019
Middle Fork John Day (17070203),1994,2821.582157233245,5966.212564291486,3004.4422323991585,2961.770331892328,5923.540663784656,2.1144918814420652,1.064807638047024,1.0496842433950415,2.099368486790083
Middle Fork John Day (17070203),1995,3370.6280726835466,6699.215646352975,4009.585309144749,2689.630337208225,5363.563775249299,1.9875273990165734,1.1895662240635445,0.7979611749530285,1.5912653842519815
Middle Fork John Day (17070203),1996,2951.6333608099408,5965.3502757619635,3423.5825458291292,2541.7677299328325,5083.535459865665,2.0210336266578333,1.1598942440770095,0.8611393825808232,1.7222787651616465
Middle Fork John Day (17070203),1997,3189.3856957128146,6394.666033544793,3946.424552442076,2448.241481102721,4896.482962205442,2.0049836061347266,1.2373619652671286,0.7676216408675994,1.5352432817351989
Middle Fork John Day (17070203),1998,3186.5116819483183,6540.240593490721,4136.509556892541,2403.7310365981766,4807.462073196353,2.052476578241145,1.2981309876646578,0.7543455905764862,1.5086911811529724
Middle Fork John Day (17070203),1999,2208.695592314505,3763.841168102169,1839.3359345822948,1924.5052335198725,3849.010467039745,1.7041013624507746,0.8327702291717094,0.8713311332790645,1.742662266558129
Middle Fork John Day (17070203),2000,2527.698861559964,4875.6849297220615,2586.4083385151985,2289.2765912068617,4578.553182413723,1.9289026093531738,1.0232264522677366,0.9056761570854368,1.8113523141708736
Middle Fork John Day (17070203),2001,2173.453564458723,4085.1012610481407,1829.3439224351337,2255.7573386130075,4511.514677226015,1.879543841124342,0.8416761012746612,1.0378677398496807,2.0757354796993615
Middle Fork John Day (17070203),2002,1561.886289461065,3070.0301174337205,1216.9607522025065,1853.0693652312143,3706.1387304624286,1.965591309782895,0.7791609161396913,1.186430393643204,2.372860787286408
Middle Fork John Day (17070203),2003,2154.1226513678107,4126.74251971811,2163.363467450518,1963.3790522675913,3926.7581045351826,1.9157416673083765,1.0042898281937844,0.9114518391145916,1.8229036782291832
Middle Fork John Day (17070203),2004,2772.8612534310255,5442.602389038904,3460.439891185534,1982.1624978533728,3964.3249957067455,1.9628109348437286,1.247967198828909,0.7148437360148207,1.4296874720296413
Middle Fork John Day (17070203),2005,2766.629594641681,5297.826943450229,2967.8465504565606,2329.9803929936697,4659.9607859873395,1.9149028672688566,1.0727299947215885,0.8421728725472687,1.6843457450945374
Middle Fork John Day (17070203),2006,2788.035980825066,5430.991070847885,3318.3869605654804,2112.6041102824056,4225.208220564811,1.9479630493293298,1.1902238648955554,0.7577391844337751,1.5154783688675502
Middle Fork John Day (17070203),2007,2436.4908583657943,4858.240796576318,2438.1278354853825,2420.1129610909347,4840.2259221818695,1.9939499382463688,1.0006718585107626,0.9932780797356061,1.9865561594712122
Middle Fork John Day (17070203),2008,2862.8996501528345,5537.346498528894,2708.1519939578934,2829.194504571002,5658.389009142004,1.9341741504049172,0.9459472300446577,0.9882269203602603,1.9764538407205205
Middle Fork John Day (17070203),2009,2866.4316816713954,5221.883479536908,2928.6162690046754,2293.267210532234,4586.534421064468,1.8217365908027037,1.0216940762031421,0.8000425145995619,1.6000850291991238
Middle Fork John Day (17070203),2010,3067.363549147165,5779.393281110277,3146.25173256369,2633.1415485465873,5266.283097093175,1.8841566017556515,1.0257185632392543,0.8584380385163973,1.7168760770327947
Middle Fork John Day (17070203),2011,3217.375885195817,6101.272245442751,3665.2355831570226,2436.0366622857314,4872.073324571463,1.89635046172773,1.1392003029617872,0.7571501587659437,1.5143003175318874
Middle Fork John Day (17070203),2012,2675.716478137495,4911.645504793197,2313.592598734577,2598.052906058621,5196.105812117242,1.835637499310869,0.8646628361555766,0.9709746631552929,1.9419493263105858
Middle Fork John Day (17070203),2013,2705.9996874984213,5079.843089128308,2900.20269487055,2179.640394257756,4353.58746648353,1.877251912702326,1.071767564597046,0.8054843481052795,1.6088647336497781
Middle Fork John Day (17070203),2014,2724.5435151072597,5912.527399885338,2861.809387518547,3050.718012366789,6093.409684331001,2.1700983548624198,1.0503812369485621,1.1197171179138568,2.2364882963123147
Middle Fork John Day (17070203),2015,2702.23614749833,5780.880985919251,2765.642531618315,3015.238454300935,6022.973338996073,2.1392952615451692,1.0234644126786199,1.1158308488665492,2.2288848976326543
Middle Fork John Day (17070203),2016,2466.0039331192925,4743.109143795787,2438.3377446380764,2304.7713991577107,4609.542798315421,1.9233988559767392,0.9887809633595269,0.9346178926172125,1.869235785234425
Middle Fork John Day (17070203),2017,2941.5470424351174,5680.702687877213,3756.750771872172,1923.9519160050368,3841.7761328074703,1.931195593994147,1.277134350624629,0.6540612433695164,1.3060393314761036
Middle Fork John Day (17070203),2018,3369.228163899112,6746.820746477357,3319.3127303679644,3427.50801610939,6847.924217866874,2.0024825919386395,0.9851849055323751,1.0172976864062635,2.032490494779067
Middle Fork John Day (17070203),2019,3329.508302771635,6697.345360591318,4242.457189697182,2454.888170894137,4904.188759845979,2.0115118364522897,1.2741993123025301,0.7373125241497599,1.4729468479665624
Middle Fork John Day (17070203),2020,3158.0120160299994,6934.4673321955215,3428.668259517167,3505.7990726783605,7005.976543950956,2.195833105446185,1.0857046275040507,1.1101284779421363,2.218476848216148
Middle Fork John Day (17070203),2021,2094.013466709,4318.175108319406,2059.3041190549134,2258.8709892644924,4509.103624868932,2.062152501390523,0.9834244868975763,1.078728014492947,2.153330767235009
Middle Fork John Day (17070203),2022,3558.028103189999,7432.130376456601,4501.149833183911,2930.9805432726894,5853.9630007786955,2.088834084754199,1.2650686567507277,0.8237654280034715,1.645282957582669
Middle Fork John Day (17070203),2023,3166.287331203833,6774.7832472033715,4326.161285717728,2448.62196148564,4872.935611829212,2.1396615463283224,1.3663198671463928,0.7733416791819286,1.5390061299258349
Middle Fork John Day (17070203),2024,3112.3446552209207,6786.333665830452,3886.181902834031,2900.151762996421,5767.904685734847,2.1804569922699466,1.2486348182277973,0.931822174042149,1.8532345625858808
Middle Fork Willamette (17090001),1985,1450.674257193,3184.215342589174,1857.387913311074,1294.8045317687363,2138.248121138633,2.194989899903863,1.2803618070021108,0.8925536007470998,1.4739684739950254
Middle Fork Willamette (17090001),1986,1201.341193663212,2648.543686507796,1844.910714299474,780.3234564738692,1243.565490182794,2.204655680233252,1.5357091923850923,0.6495435772866935,1.0351476306167684
Middle Fork Willamette (17090001),1987,797.0379757035523,1800.5485641442435,1159.2989977223187,613.2373287046626,937.5988047576209,2.259049906066124,1.454509111311786,0.7693953706074703,1.1763539923301576
Middle Fork Willamette (17090001),1988,441.7610767711581,818.4907661017583,759.0308669918334,59.45989910992504,92.51359494077467,1.852790590072186,1.7181931747803756,0.1345974152918107,0.2094199779142125
Middle Fork Willamette (17090001),1989,952.6218068452322,1988.4926469156776,1623.150668220973,351.36642385546094,560.463413712535,2.0873893843569533,1.7038772958560653,0.36884146607883156,0.5883377954244027
Middle Fork Willamette (17090001),1990,1286.535187806398,2979.6306710421463,2118.713491873091,831.6396086822906,1318.865494306135,2.316011796088185,1.6468368000766425,0.6464180821204546,1.0251297491169764
Middle Fork Willamette (17090001),1991,1293.8277002370417,2756.877367405921,2315.8215276857,429.559761066697,665.4070902217352,2.1307917328565735,1.7898994798622871,0.33200692873401727,0.5142934334299893
Middle Fork Willamette (17090001),1992,1260.9032615231843,2826.9931830914716,1849.7784326318583,942.8498787007924,1503.9956256444318,2.2420381240638827,1.4670264476890216,0.7477575064417075,1.19279223992774
Middle Fork Willamette (17090001),1993,1587.3927810115438,2883.5662016151728,2826.0529648930883,57.51323672208452,80.00308002006503,1.8165423429591638,1.7803110853838113,0.036231257575352595,0.05039904488483574
Middle Fork Willamette (17090001),1994,830.3690925067847,1706.8485281738367,1437.7826828182435,269.06584535559364,425.6234829609764,2.0555299367189424,1.7314983129703805,0.32403162374856237,0.5125714417862907
Middle Fork Willamette (17090001),1995,1067.4541563863315,2336.4251041035873,2158.3249893035895,175.24604205182777,293.9870557390963,2.188782619024242,2.021936938828548,0.1641719609253205,0.27540953771198484
Middle Fork Willamette (17090001),1996,1016.1827013836643,2272.527715937271,1981.211867288115,281.5045578524082,429.4207363883088,2.2363377302555243,1.949661084163742,0.2770216000224205,0.4225822145993992
Middle Fork Willamette (17090001),1997,1449.1190621964065,3450.4827183806,3000.15575054677,441.0260994044157,675.4751629446255,2.3810898692829,2.0703307470122447,0.3043408308603432,0.4661281329919286
Middle Fork Willamette (17090001),1998,557.6053842875832,1112.0745071643296,1053.6052353250661,58.46927183926336,85.572815555666,1.9943754821972464,1.8895176858293616,0.10485779636788445,0.15346483008767378
Middle Fork Willamette (17090001),1999,1519.0296472573293,3303.732784124621,2834.3448894959465,454.50729143652177,667.3139570392404,2.1748968429218265,1.8658917517597324,0.29920896689353854,0.43930278664679345
Middle Fork Willamette (17090001),2000,1626.1013351127765,3631.53846676143,2710.8201241418055,896.1833391776357,1388.3534504507838,2.233279309440803,1.6670671535693682,0.5511239181877198,0.8537927006587791
Middle Fork Willamette (17090001),2001,1698.6164784915618,3835.5715057639545,2964.7481028298985,850.1060471861098,1318.8090988459844,2.2580562206544075,1.7453899337316634,0.5004696810318462,0.7764019221202533
Middle Fork Willamette (17090001),2002,1677.3775453080193,3859.185362168819,2673.974088015817,1156.4385381020547,1821.565082157573,2.3007255420604498,1.5941396708782047,0.6894324663739887,1.0859600972082146
Middle Fork Willamette (17090001),2003,1662.7869230908766,3611.2114763944173,2410.926950415959,1184.0182806424841,1852.7564145632982,2.171782461267921,1.4499313874410318,0.7120685544252225,1.1142476458254171
Middle Fork Willamette (17090001),2004,1369.8387576023954,3169.3098698994713,2482.0281095283876,661.1177206883779,1048.2446539289797,2.313637172484927,1.8119126034020512,0.4826244819102071,0.7652321472957181
Middle Fork Willamette (17090001),2005,1459.185893560712,3185.9766663868218,2721.751169098362,463.957687221639,674.7052777520038,2.1833932745966913,1.8652532080451605,0.31795653265910306,0.4623847316023491
Middle Fork Willamette (17090001),2006,1655.1434397127186,3655.5260118987976,2965.2097019807584,685.168967482511,1013.1531863249562,2.2085856271969293,1.7915122223457722,0.4139634976902274,0.6121240987432534
Middle Fork Willamette (17090001),2007,1715.1712622187642,3652.3719801543916,2331.2837202296023,1283.5755068510693,2058.4248189090667,2.129450312401832,1.3592133751202362,0.7483657959559222,1.200127861427824
Middle Fork Willamette (17090001),2008,1303.4523513863257,2777.061809367766,1847.2375661549702,892.6391491082787,1383.0515953650095,2.1305434037647317,1.4171884106007293,0.6848268355639434,1.0610680121095517
Middle Fork Willamette (17090001),2009,1547.054135877329,3318.94426876486,2280.5265198891925,1008.0023532782616,1558.8517294848368,2.145331693181311,1.4741090612164738,0.6515624307527074,1.0076258440696502
Middle Fork Willamette (17090001),2010,1319.8496787604688,2912.101342261225,2635.8260406200857,276.2753016411393,406.7117109291128,2.2063886434371165,1.9970653348156364,0.20932330862148035,0.308150024562702
Middle Fork Willamette (17090001),2011,1615.3918788693325,3541.9662070121,2884.098955933462,639.3338401387718,978.7463209778527,2.192635888135851,1.785386563879559,0.3957763119288821,0.6058878553127991
Middle Fork Willamette (17090001),2012,1540.883798713771,3107.578453893871,2681.8310144695006,419.70663225198996,595.7092654371519,2.016750683268832,1.7404498747459851,0.272380456334432,0.3866023290882875
Middle Fork Willamette (17090001),2013,1544.7054162849681,3256.1042167086575,2616.834111051097,609.7289192494101,933.5778813732692,2.1079127336392856,1.69406676733523,0.39472181091707065,0.6043727635904412
Middle Fork Willamette (17090001),2014,1200.857373648516,2812.5703282736704,2185.025822003878,616.8248706939755,900.5970942289317,2.3421352027246605,1.8195548197078588,0.5136537312669378,0.749961747324484
Middle Fork Willamette (17090001),2015,1391.6060599266614,3339.8923721458486,2217.541654885602,1115.286233283666,1647.346558322881,2.400027183211507,1.5935125023833743,0.8014381838366257,1.1837736308863855
Middle Fork Willamette (17090001),2016,1523.7217508714216,3448.6409343153505,2527.815015444792,918.7416397727461,1396.5202410605975,2.2633009815230776,1.6589741624408303,0.6029589321326644,0.9165192006099033
Middle Fork Willamette (17090001),2017,1521.588187623546,3386.9220193040114,2699.5403358348317,681.2592196814174,1058.5064016563774,2.225912403140951,1.7741596299134266,0.4477290407632731,0.6956589241860367
Middle Fork Willamette (17090001),2018,1818.4747836254182,3585.119389037192,2664.297196089629,914.2545525920871,1432.6269812737103,1.971497994538966,1.4651273804181817,0.5027589938692333,0.7878178978195898
Middle Fork Willamette (17090001),2019,2015.234372254909,4306.580477461272,3788.256245624624,514.6558984274004,808.2469100790395,2.13701221890261,1.8798092657509733,0.2553826520195444,0.40106844206645137
Middle Fork Willamette (17090001),2020,2345.1259582480016,5203.4722315270155,4279.3808431009165,918.7094833091774,1523.9075196694132,2.2188455222313217,1.82479786556879,0.3917527244445017,0.6498190488701491
Middle Fork Willamette (17090001),2021,1996.3624173990006,4210.573679072142,2925.3513399510157,1278.7284582854554,2069.066414684355,2.109122893907194,1.4653408191095714,0.6405292181123463,1.0364182358131537
Middle Fork Willamette (17090001),2022,2388.600305151001,5432.178435092504,4764.286076524959,661.7260526647077,1026.9310355234659,2.2742098891045295,1.9945932629460053,0.2770350699686757,0.4299300445155666
Middle Fork Willamette (17090001),2023,2559.8275048315986,5133.1502589392785,3352.640087092968,1753.0865633395606,2905.9790045914,2.00527193697646,1.3097132837134373,0.6848455843335778,1.135224541148359
Middle Fork Willamette (17090001),2024,2403.0831111905577,5319.656068826157,4580.345880360168,736.0794098475171,1197.3231977507503,2.2136796035284205,1.9060289088757028,0.3063062639905292,0.49824460592940595
Middle Owyhee (17050107),1985,2173.0101101919995,4594.429793773615,1373.047576697555,3221.3822170760595,5076.523256919701,2.114315884783282,0.6318643296952896,1.4824515550879924,2.336171025210351
Middle Owyhee (17050107),1986,2309.6129474028344,5515.717775813918,1860.4260838507296,3655.2916919631903,5772.921585277665,2.388156761078239,0.8055142252050429,1.5826425358731968,2.499519060875256
Middle Owyhee (17050107),1987,1552.8164239164253,4151.182563892415,1059.8041609735478,3091.3784029188664,4434.214301142184,2.6733247407459397,0.6825044768013016,1.990820263944638,2.8555946684016007
Middle Owyhee (17050107),1988,1307.984676452073,3274.9599048374757,582.2821201502599,2692.677784687216,3720.58245421313,2.5038213090698056,0.44517503196574776,2.058646277104058,2.8445153228440434
Middle Owyhee (17050107),1989,1878.3236701689684,4265.198098137843,1408.8314416334879,2856.3666565043573,4320.8128977935585,2.270747137927596,0.7500472171054277,1.5206999208221696,2.3003558792425114
Middle Owyhee (17050107),1990,1461.689653647649,3370.380399611425,807.909333332018,2562.4710662794087,3676.4237589045233,2.3058112173132206,0.5527228925209116,1.75308832479231,2.5151876458385005
Middle Owyhee (17050107),1991,1967.0006727260518,4808.17137892239,1563.6529768584853,3244.5184020639063,4857.945908204727,2.444417760294297,0.7949427768580425,1.6494749834362548,2.469722545377748
Middle Owyhee (17050107),1992,1105.7973384450759,2910.5808865095614,546.1195991646612,2364.4612873448996,3133.6269941958953,2.6321105914419127,0.493869518561684,2.138241072880228,2.833816726853643
Middle Owyhee (17050107),1993,2443.499102338771,4950.475487925932,2459.416690121247,2491.058797804684,3932.8124109415985,2.0259780260150833,1.0065142597217411,1.0194637662933421,1.6095002478934188
Middle Owyhee (17050107),1994,1282.0423393619449,3318.4197483613216,602.3417475683118,2716.0780007930093,3700.6227886801457,2.5883854584809223,0.4698298403062797,2.118555618174642,2.8865059094084957
Middle Owyhee (17050107),1995,1944.6478601574756,4874.175175775489,1818.4286962674605,3055.7464795080277,4745.959511361153,2.5064564519052737,0.9350940771971981,1.5713623747080752,2.440523864807498
Middle Owyhee (17050107),1996,1856.8421007451402,4581.695896960334,1683.0008564824975,2898.6950404778345,4305.860377542193,2.4674666171785558,0.9063780144833633,1.5610886026951913,2.3189157418470185
Middle Owyhee (17050107),1997,1766.0958887412908,4611.732803945471,1731.3638417223208,2880.368962223149,4256.708607539674,2.6112584448810905,0.9803339970154601,1.6309244478656302,2.410236406004807
Middle Owyhee (17050107),1998,1893.4864585814335,4631.613481910326,2128.494436095695,2503.1190458146334,3756.66722881666,2.4460768974182416,1.1241138939490096,1.3219630034692331,1.983994768904283
Middle Owyhee (17050107),1999,1942.773307812267,4513.105524647611,1284.6311518193527,3228.4743728282574,5016.420364487934,2.3230222005313443,0.6612357430759433,1.6617864574554004,2.582092488256833
Middle Owyhee (17050107),2000,1581.4949901910804,3966.2732071818377,1234.2076946738703,2732.065512507966,4035.3772907702437,2.5079265073755446,0.7804056935550266,1.7275208138205171,2.5516219246971366
Middle Owyhee (17050107),2001,1567.9029790589368,4062.493532754024,927.2807724383222,3135.212760315701,4568.7929122925125,2.591036299447784,0.59141463778255,1.9996216616652334,2.913951292467551
Middle Owyhee (17050107),2002,1703.5881737203538,4329.05644285638,960.4194322967898,3368.63701055959,4943.628101068981,2.541140229567595,0.5637626787461157,1.9773775508214795,2.9018915353661545
Middle Owyhee (17050107),2003,1604.172871201104,4075.160436160279,1101.8002671313623,2973.3601690289174,4269.5749762581945,2.5403499269433816,0.6868338736500408,1.853516053293341,2.6615429377392505
Middle Owyhee (17050107),2004,1923.9998376604199,4836.363149272894,1563.5670030220092,3272.7961462508833,4903.7438788655645,2.5137024726332107,0.8126648310549255,1.7010376415782849,2.54872364481512
Middle Owyhee (17050107),2005,1986.6112448655576,5041.141043160462,1791.9477714623122,3249.1932716981487,4984.475939942261,2.5375578922093625,0.9020122966149731,1.6355455955943887,2.509034393530568
Middle Owyhee (17050107),2006,1916.0424016831264,4723.935243347351,1481.9702034636387,3241.965039883713,4843.645567448181,2.465464876558923,0.773453761859246,1.692011114699677,2.527942786231314
Middle Owyhee (17050107),2007,1283.204171235509,3433.671196071371,819.5522257955049,2614.118970275866,3567.674928516579,2.6758572587597853,0.6386764040880685,2.0371808546717167,2.780286261913808
Middle Owyhee (17050107),2008,1888.1704693448391,4507.448496360297,1369.550839085563,3137.8976572747342,4632.721266731987,2.3872042114525285,0.7253321992482873,1.6618720122042412,2.4535503239490115
Middle Owyhee (17050107),2009,1916.658509369939,4652.6215227934135,1716.1012558828534,2936.520266910562,4437.256583963599,2.4274650387892334,0.8953609876216214,1.532104051167613,2.315100244655608
Middle Owyhee (17050107),2010,1661.182209143823,4053.887988099102,1446.2368585117379,2607.6511295873643,3831.5864836198516,2.440363233957631,0.8706069993713281,1.5697562345863032,2.3065419690442384
Middle Owyhee (17050107),2011,2752.5287327585434,5644.9644652007455,2656.1858581071833,2988.778607093563,4853.705139461613,2.0508285337837133,0.9649984127305343,1.085830121053179,1.7633622064309213
Middle Owyhee (17050107),2012,1514.9496937089673,3858.4108853647954,847.8825512251043,3010.528334139691,4304.387530604512,2.5468904356279065,0.5596770339939675,1.9872134016339391,2.8412742340416064
Middle Owyhee (17050107),2013,1283.204171235509,3225.7895366359703,744.7262014566122,2481.0633351793576,3393.18345933363,2.5138552452881133,0.5803645422532929,1.9334907030348198,2.6443051974079594
Middle Owyhee (17050107),2014,1227.6970825503863,3307.3399341515533,697.6244999191343,2609.715434232419,3565.1476915882336,2.693938090396835,0.5682382974063171,2.1256997929905177,2.9039310610579014
Middle Owyhee (17050107),2015,1272.2347330274984,3459.744433927687,1129.9142448833688,2329.83018904432,3170.7021961617006,2.719423031074335,0.8881334674730552,1.8312895636012811,2.492230493201893
Middle Owyhee (17050107),2016,1413.9263103514108,3986.8017119057836,1039.9624608339625,2946.8392510718204,4048.6071804001967,2.819667250491238,0.735513904239815,2.084153346251423,2.863379195054355
Middle Owyhee (17050107),2017,1578.0803180279731,4017.6865173160354,1330.5149761111868,2687.171541204848,3921.2246834597076,2.5459328472816156,0.8431224703276491,1.7028103769539662,2.484806786234945
Middle Owyhee (17050107),2018,1404.280180183161,3539.160972129481,919.0834553963858,2620.0775167330935,3683.9625915512124,2.520266982382295,0.6544872372096779,1.865779745172616,2.623381461576073
Middle Owyhee (17050107),2019,1686.662174757167,4029.0702139525793,1885.6448552200218,2143.425358732557,3087.575908848833,2.3887831684686085,1.1179742354105398,1.2708089330580687,1.830583477271232
Middle Owyhee (17050107),2020,1597.9094905999993,3994.551931652544,1397.6578084159107,2596.894123236634,3777.721594093166,2.499861196864554,0.8746789581249085,1.625182238739646,2.364164939451401
Middle Owyhee (17050107),2021,1162.614277396,3285.840480127518,886.9249234079425,2398.9155567195758,3203.967814239897,2.826251615873045,0.7628711780440707,2.063380437828975,2.75583043880734
Middle Owyhee (17050107),2022,1431.0369751639996,3727.2681911806253,1030.199346837746,2697.068844342879,3773.6786060267805,2.6045925128898038,0.7198970849231083,1.884695427966695,2.6370238306346416
Middle Owyhee (17050107),2023,1896.4553696421794,4595.402128461861,2234.4675626389017,2360.934565822961,3415.2173259877763,2.4231533217303793,1.178233666031644,1.2449196556987359,1.8008424456791488
Middle Owyhee (17050107),2024,1926.2521320302799,5092.1819791589005,1799.5376653336373,3292.644313825262,4942.538650007886,2.6435698081702905,0.9342170920464681,1.709352716123822,2.565883545472536
Middle Rogue (17100308),1985,21885.526910685985,58026.28341504691,18835.760004111024,38753.16305213061,58985.14395232094,2.651354187260375,0.8606491441114968,1.7707210436504826,2.6951667279036555
Middle Rogue (17100308),1986,22335.176974790003,60719.63155819974,22664.69239542688,37544.51892889283,56683.48469395284,2.718565052192546,1.0147532039262015,1.6809590974483795,2.5378569759233254
Middle Rogue (17100308),1987,20341.674639765395,58834.176377213604,16943.92026568861,41278.514929709796,62398.496778553555,2.892297582137129,0.832965847982122,2.029258439175678,3.067520146869934
Middle Rogue (17100308),1988,20733.290321743036,55502.2158993169,16418.533627705194,38540.78021438441,57548.4279860207,2.6769613041646183,0.7918923322308882,1.8588839309295075,2.775653410190739
Middle Rogue (17100308),1989,22363.27615370375,58432.6201152378,26368.573513864536,31674.40037079306,47718.577732415004,2.6128828224285168,1.1791015472255588,1.4163577891313222,2.133791909756119
Middle Rogue (17100308),1990,21554.453764005753,57232.5614766305,18068.236880827615,38608.661556638726,57727.900060010295,2.655254552180041,0.8382600217408502,1.7912150305155106,2.678235351823731
Middle Rogue (17100308),1991,22531.335769635356,59114.12217607726,23916.255654171604,34736.01084938814,52264.44806476751,2.6236403727001028,1.0614663905724868,1.541675611447794,2.3196338024131866
Middle Rogue (17100308),1992,20057.49167184518,55126.46867403455,17511.297790806202,37128.46805304493,55135.588604561446,2.7484228624367772,0.8730552193316832,1.8511022544839137,2.748877551920194
Middle Rogue (17100308),1993,21589.152744679515,55203.49076322965,26180.211939269324,28640.949609479445,43029.91132411682,2.557001259664261,1.2126558299385435,1.3266361097258803,1.9931264479436888
Middle Rogue (17100308),1994,22888.666397200817,60601.996552232245,16637.786156689654,43409.439400855525,64739.46302421103,2.6476857804019374,0.7269006357978279,1.8965473412712375,2.8284506358189736
Middle Rogue (17100308),1995,22188.14954731163,59913.91245194891,30242.378599255764,29285.06452463301,43803.673689548414,2.7002662986471635,1.3629968796978837,1.319851592950042,1.974192286569286
Middle Rogue (17100308),1996,22305.510426966688,60689.664758379644,29216.00973633003,31022.456980553277,46193.11944484097,2.72083729969289,1.309811305685646,1.3907978964268877,2.0709285983877277
Middle Rogue (17100308),1997,23236.362318465384,63016.67309486992,29208.67899572014,33349.34459983799,49622.98537160912,2.7119853026560903,1.2570245977146215,1.4352222668406258,2.135574608947069
Middle Rogue (17100308),1998,22352.766324995217,56406.98020208633,31360.94091538722,24697.022715258103,36952.17493528975,2.523489906437717,1.4030004366984734,1.104875448352963,1.6531365468608352
Middle Rogue (17100308),1999,22933.101672300956,62568.29399320909,17395.377957365003,44514.9893296318,66499.84018482195,2.7282961933047325,0.7585270499356603,1.9410801890525722,2.899731625275169
Middle Rogue (17100308),2000,23183.540154649127,61889.820085621344,24696.700436334486,36675.38249342886,54783.167987863504,2.6695586469010526,1.0652687325400525,1.5819578135513586,2.363019953916638
Middle Rogue (17100308),2001,22319.34993735528,57016.136609674926,14690.620797225985,41719.93093247963,61951.93689633135,2.554560807985209,0.6582011052498755,1.8692269734368083,2.775705254418907
Middle Rogue (17100308),2002,23549.685776801638,61760.642715812624,17877.547352269892,43285.72044225647,65059.9265974432,2.6225675918211993,0.7591416514729353,1.8380593631910127,2.7626664412453663
Middle Rogue (17100308),2003,22547.94408114779,59413.528978255395,24803.051878338407,34141.54845820143,51032.38331485498,2.634986532006291,1.100013898787167,1.5141756754110007,2.2632832124824573
Middle Rogue (17100308),2004,21044.764265550468,55766.61728216811,19656.7771064199,35624.12555404124,52705.06897460311,2.6499045833198562,0.9340459630900854,1.6927785507370432,2.5044266739960324
Middle Rogue (17100308),2005,22376.443100095537,56554.40892827972,23684.007978361606,32410.889689091477,48220.23066033762,2.5274083407848793,1.0584348849554417,1.4484379641621012,2.154955121537245
Middle Rogue (17100308),2006,21289.03442218218,55852.62668251437,21710.86359261391,33662.14790751688,49957.13529882622,2.623539685967088,1.0198143871660146,1.5811965559340961,2.346613486930775
Middle Rogue (17100308),2007,22519.023642415992,58871.61841986472,19762.311711449376,38583.98045867902,57328.74106694963,2.614305991001152,0.8775829727460219,1.7133949087385687,2.545791592801002
Middle Rogue (17100308),2008,21917.873858370673,56719.88201371695,15848.428495286873,40320.1452093116,59483.93714956346,2.587836866852622,0.7230823846188981,1.8396011159591972,2.7139465047539684
Middle Rogue (17100308),2009,20764.66066678237,55067.21562693893,18625.97644876388,35911.79865768345,52835.538019778505,2.6519680003743584,0.8970036519094297,1.729467157396521,2.5444932073607416
Middle Rogue (17100308),2010,22492.670481369554,56244.1658465775,29520.591596012582,26359.240272581657,39049.52678325196,2.500555276136018,1.3124538333704832,1.1719035449532211,1.7361000693802133
Middle Rogue (17100308),2011,22555.232569581487,55680.54798673811,26944.468553624436,28320.958801064084,42348.64142690779,2.468631073298273,1.194599455824826,1.2556269909297406,1.877552860351356
Middle Rogue (17100308),2012,21290.24044010774,57619.8952183019,24342.96493784136,32836.379745678474,48398.72104438988,2.7063994594327987,1.1433860977907382,1.5423207566890356,2.273282031762012
Middle Rogue (17100308),2013,20492.565179973604,54359.08486821005,17132.34159288518,36766.70904216382,55400.081042996404,2.6526247149055093,0.8360271855876682,1.794148693404872,2.703423439498742
Middle Rogue (17100308),2014,19188.807750989017,54299.69044425047,21969.22125408466,31865.551956463183,48401.294386295005,2.829758427354706,1.1448976684313457,1.6606321961207198,2.5223711141616048
Middle Rogue (17100308),2015,19284.559123199888,54321.990452788734,17087.617825565034,36732.704721008,55212.84821309032,2.8168645238789924,0.8860777016679697,1.9047728540922402,2.8630599154671703
Middle Rogue (17100308),2016,20334.28111472238,52960.80938246977,18892.396145896746,33584.13294454272,52016.12757088196,2.604508567756802,0.9290909297117131,1.6516016846165862,2.5580509720218907
Middle Rogue (17100308),2017,22025.565539777523,56889.63051786308,27566.346062612654,28939.530950256565,44207.82411293642,2.582890796384868,1.251561328258684,1.313906373845095,2.0071141434756075
Middle Rogue (17100308),2018,24297.761061257042,63098.66795891058,23254.40754943116,39322.53850081958,58668.32587956627,2.596892273318214,0.957059685079811,1.6183605724693562,2.4145568693204966
Middle Rogue (17100308),2019,24473.748644554977,60443.92193024611,27819.69705618611,32134.1878895978,48116.79564577723,2.4697451464466984,1.136715811714261,1.313006370879238,1.9660574415714798
Middle Rogue (17100308),2020,22546.32483946,58120.561178314005,15876.769838120224,41623.20308352276,62259.91619664135,2.5778286080839607,0.7041843826508304,1.8461191959176821,2.761421945259816
Middle Rogue (17100308),2021,19770.76325254902,47949.66105034809,15764.148026120885,31651.882375788544,46413.139940001536,2.425281231576429,0.7973464567225766,1.6009438771519207,2.347564398355615
Middle Rogue (17100308),2022,25529.808661047027,58750.93735755062,26623.347024475534,31614.979582875676,48099.758764874474,2.3012682209088333,1.0428337861026358,1.2383555240315336,1.8840626423598825
Middle Rogue (17100308),2023,25363.250629525974,59489.02796835467,26096.94342331472,32929.23279294212,50233.51266096625,2.3454812175810797,1.0289273959598315,1.2983049087015843,1.980562877949414
Middle Rogue (17100308),2024,26402.517746625163,67418.84245802491,27139.162540095254,39748.209393335674,60746.65655210929,2.553500507225019,1.027900551020906,1.5054704166770758,2.3007902933754902
Middle Snake-Payette (17050115),1985,41901.27389057998,89188.7215894138,30671.051912294824,56996.795970902975,81271.64628503684,2.1285443927628354,0.7319837576391711,1.3602640368343715,1.9395984593992952
Middle Snake-Payette (17050115),1986,44973.669446005995,102972.84827521448,35821.418170098565,65613.32903688271,93120.93554167547,2.289625230577205,0.7964975642715714,1.4589276313256152,2.070565659612756
Middle Snake-Payette (17050115),1987,42837.79341784317,104102.34918648282,23365.718921031377,79005.2532095425,112504.31710456141,2.430151996183847,0.5454463700574009,1.8442885803878626,2.62628646641963
Middle Snake-Payette (17050115),1988,40800.3655520797,94369.7664301476,22976.51286681998,69841.54915446603,99783.6464717419,2.312963748074491,0.5631447796096721,1.711787338407953,2.4456556974807713
Middle Snake-Payette (17050115),1989,38108.65864080579,88273.4616731542,35134.97182771067,51840.76428791377,73304.0253152437,2.3163623392042774,0.9219682109222556,1.360340829010549,1.9235530173384692
Middle Snake-Payette (17050115),1990,36646.045052351634,85503.07563744087,22508.76513540217,61514.36035600885,87234.96526921219,2.3332142804303517,0.6142208552995747,1.6786084355932804,2.380474213372561
Middle Snake-Payette (17050115),1991,46019.09723907995,101680.99871416582,31709.108550157354,68344.12488683015,96990.57973063724,2.20953918730542,0.6890423857169804,1.4851252846566387,2.107615871444599
Middle Snake-Payette (17050115),1992,35562.87237195296,83541.96679712056,22588.064360404,59470.26266805002,84422.88260799016,2.349134398463461,0.6351586037301734,1.672257011358618,2.373905058202531
Middle Snake-Payette (17050115),1993,46864.24190917127,99251.24299250908,47702.53583385061,50487.81060053813,70913.49968925462,2.1178459087180017,1.0178877090619338,1.0773205442731748,1.5131686078843183
Middle Snake-Payette (17050115),1994,43293.7362130979,98684.07060053034,25818.11500636778,71123.53414208816,100682.79951318014,2.279407582537884,0.5963475843084405,1.6428134959756777,2.3255742820994967
Middle Snake-Payette (17050115),1995,40738.654224256556,95055.46480826242,40046.53045209289,53752.2969974572,76045.58441015112,2.3332990894840266,0.9830106373088888,1.3194421372282856,1.866669036034876
Middle Snake-Payette (17050115),1996,42940.86224082795,93882.95917118106,38453.160004655816,54092.99282063409,77041.20291177773,2.186331486420821,0.8954911009703656,1.2597090509561952,1.794123333614092
Middle Snake-Payette (17050115),1997,42906.80244235296,100079.4167450059,34576.983562127236,64031.85824277821,90807.93294348498,2.3324836866943577,0.8058625111620198,1.4923474740120202,2.1163994465793423
Middle Snake-Payette (17050115),1998,40039.513923770995,96255.74730297847,44980.420369509826,50166.80359543636,71377.01701717588,2.40401887710811,1.123400759937934,1.2529323830190882,1.7826644237756386
Middle Snake-Payette (17050115),1999,44879.4195128451,103971.91366471266,29387.321170830877,72834.38093377712,103291.66553620456,2.316694707580932,0.6548061781953268,1.6228904411950098,2.3015374676724836
Middle Snake-Payette (17050115),2000,44564.94270501931,113694.67651385082,33473.54120285841,78281.37996483291,111484.29353709026,2.551213344229106,0.7511182371404309,1.756568621281233,2.501614200987941
Middle Snake-Payette (17050115),2001,41668.47167301656,99338.75899529616,24618.21965778709,72878.66217067059,105040.29693672045,2.38402693947677,0.5908116777349725,1.7490121246243104,2.5208579225319143
Middle Snake-Payette (17050115),2002,41106.84881247404,101246.01759776364,19758.959365389986,79421.52682651451,113994.62199845887,2.462996325980602,0.48067317092411255,1.9320752896635007,2.773129667965858
Middle Snake-Payette (17050115),2003,41441.860504303906,106368.97056678672,28799.105279968815,75879.00205530193,108381.1635704339,2.566703552214792,0.6949279045273055,1.8309747953381963,2.6152581532669865
Middle Snake-Payette (17050115),2004,43958.025461119265,103125.9817979014,36953.66228346752,64620.51450194228,92212.81722502143,2.3460103295384824,0.8406579207283302,1.4700504361620819,2.097747027026575
Middle Snake-Payette (17050115),2005,42999.07495752944,102162.6525560781,34679.35863372507,65926.02130873593,93505.94157089668,2.3759267532379487,0.8065140626392119,1.5331962693116452,2.17460356212903
Middle Snake-Payette (17050115),2006,40098.23895880547,97656.69781796601,38509.18447254931,57699.59331309997,82043.03997128874,2.435436077836053,0.9603709657202486,1.4389557948511673,2.0460509514039966
Middle Snake-Payette (17050115),2007,43519.77907731653,109570.84461951072,27316.826394389627,80233.8271693556,114755.25323639666,2.5177252031736868,0.627687616379187,1.8436175199054547,2.6368528441406918
Middle Snake-Payette (17050115),2008,45150.78797605604,106823.94385734614,29859.992322043523,74974.90156566999,106823.60941168772,2.3659375316771007,0.66133934003275,1.6605446975904388,2.3659301243720807
Middle Snake-Payette (17050115),2009,46062.23935120098,108481.35776025822,40013.48165700343,66918.61355816963,94993.19679670318,2.355103861389444,0.8686829433523874,1.452786805434045,2.062279171284503
Middle Snake-Payette (17050115),2010,43823.858432914625,102281.55631892606,36358.216155065886,64311.00569566872,92215.7803482283,2.3339240307993014,0.8296443411235204,1.4674884411219913,2.1042369076057468
Middle Snake-Payette (17050115),2011,46559.25550818543,106183.6578105548,47043.98660463209,57664.61906432678,81559.91009770548,2.2806133098903825,1.0104110577189414,1.238521072446894,1.7517442924611777
Middle Snake-Payette (17050115),2012,42243.605858007024,100927.19127394224,27529.066694849647,71629.07411036376,102720.69041272627,2.3891708395629796,0.6516741678582743,1.695619316947748,2.431626948655856
Middle Snake-Payette (17050115),2013,44387.92654904577,105868.78595879745,28805.65948988177,75163.77865683791,107747.15371772608,2.3850806782294582,0.648952580789134,1.6933383579831518,2.427397765441296
Middle Snake-Payette (17050115),2014,42338.125085143525,103923.84597688259,30852.414597426956,71222.84449500624,102623.65141099585,2.4546161590265965,0.7287147112769311,1.6822389832278704,2.423906377635191
Middle Snake-Payette (17050115),2015,44143.433193017634,108545.21903075195,34984.446104090064,72062.30470773662,101956.74190865974,2.458921093792973,0.7925175631700462,1.6324580916179179,2.309669514440637
Middle Snake-Payette (17050115),2016,46601.49701811371,115649.50813306167,33718.70311414285,80253.17944514033,112995.8653651294,2.481669378305796,0.723554075978216,1.722115910009209,2.424726083825346
Middle Snake-Payette (17050115),2017,45538.846559612066,110557.55592538623,38643.186524278695,70358.37881240669,99211.96960337952,2.427763640887615,0.8485763132734008,1.5450189042514488,2.178622804455693
Middle Snake-Payette (17050115),2018,47406.31873686603,117814.99083775685,29416.163230051832,86363.25170006703,121956.21252090827,2.4852170338663475,0.6205114426481725,1.821766675860991,2.5725729347988313
Middle Snake-Payette (17050115),2019,48176.17313827192,116018.30839214084,48559.89705681282,66041.26787228373,92891.00275693281,2.4082093041959376,1.0079650145195127,1.3708284317796817,1.9281523771164528
Middle Snake-Payette (17050115),2020,48412.79969057094,117821.74192336365,38046.25375185488,77992.97670133533,110117.70994969485,2.433689905901291,0.7858717941335029,1.6109990994081167,2.2745577750823984
Middle Snake-Payette (17050115),2021,46956.684963087944,120949.19099689326,31198.231617969628,87735.4491067363,123666.04918786375,2.5757608547530535,0.6644044749431133,1.8684336250675282,2.6336196706619317
Middle Snake-Payette (17050115),2022,45579.626881104974,111059.23450976657,30318.473955139892,78822.70750543087,110893.48716167477,2.4365981494202655,0.6651760014233116,1.729340780060374,2.4329617144726043
Middle Snake-Payette (17050115),2023,48481.41651228797,123783.86405965533,46238.54842132997,75632.79052756044,106978.45030879449,2.5532229246701443,0.9537375709641337,1.560036730948048,2.2065867296117476
Middle Snake-Payette (17050115),2024,46430.93059351904,120679.16827666677,36668.45176560656,81997.19268269937,115990.43956630834,2.5991115563277445,0.789741909043814,1.7660036452972745,2.4981286845562085
Middle Snake-Succor (17050103),1985,13175.127632391012,29149.679917330126,9752.60173654432,19281.743677115635,29688.609656046574,2.212477991155526,0.7402282549861284,1.4634957789487766,2.253383077903338
Middle Snake-Succor (17050103),1986,13475.800428843995,30946.736321017248,10534.529828570508,20296.728181496997,31331.312266211262,2.2964673960871336,0.7817368537175792,1.5061612324009557,2.3250056597119686
Middle Snake-Succor (17050103),1987,12479.268848615282,31585.5576791638,6962.629407785717,24569.498179622162,37913.284378464174,2.531042328066246,0.5579356845540114,1.9688251353242086,3.0381014175098158
Middle Snake-Succor (17050103),1988,11463.469179817079,26637.591718207896,5945.649233241506,20525.44060669086,31358.530515181043,2.3236937527696084,0.5186605503078938,1.7905086396383876,2.735518369115677
Middle Snake-Succor (17050103),1989,11479.917347139637,27035.696534409755,9490.879683519317,17459.38751697231,26834.581385190635,2.3550427861874836,0.8267376320339176,1.520863520966249,2.337523918835252
Middle Snake-Succor (17050103),1990,10896.826214584562,23410.060721837,6360.437767724002,17018.36681202056,25990.001592842214,2.1483375306568107,0.5836963573128335,1.5617728021800317,2.385098292019799
Middle Snake-Succor (17050103),1991,13069.801867086904,28350.321743011624,9141.339118170807,19161.512694604044,29567.84606367318,2.169147017783412,0.6994244603807676,1.466090526043675,2.262302547839884
Middle Snake-Succor (17050103),1992,8020.943033809324,17840.898401886217,4636.44863072072,13081.713084074998,19319.27058384376,2.224289379276788,0.5780428325170098,1.6309445197321395,2.4086033902011907
Middle Snake-Succor (17050103),1993,13790.785660231622,28813.16762177964,14069.216767630423,14622.305033350758,22678.724023957882,2.0893057387490215,1.0201896479474488,1.0602952865489732,1.644483830196588
Middle Snake-Succor (17050103),1994,13309.810035823442,30126.80113939257,7609.808839333502,22384.06243991168,33898.8350261143,2.2635034653617208,0.57174436140348,1.6817717442746984,2.546905999024431
Middle Snake-Succor (17050103),1995,13410.635374207555,32266.768852028497,12809.102769554825,19386.751033615554,29763.828255122924,2.4060581733574398,0.9551451077545776,1.4456250947588776,2.2194196937430113
Middle Snake-Succor (17050103),1996,13045.076922259765,28116.57096771952,11053.757529246695,16917.045738649744,25985.687057640993,2.155339607062199,0.847350889160712,1.2968145637978536,1.9919918611824912
Middle Snake-Succor (17050103),1997,13932.452195213264,34021.8530528569,11293.556313156017,22566.08135980174,34487.96969589221,2.441914214106954,0.8105935807220006,1.619677644941406,2.4753696774026004
Middle Snake-Succor (17050103),1998,13739.761692276546,31640.224116850997,15779.320631510147,15751.131681607796,23999.65912382294,2.3028218993519176,1.1484420898202394,1.146390456718175,1.7467303772316323
Middle Snake-Succor (17050103),1999,13718.320259439795,32184.24509878448,8379.451296877174,23641.16794818341,36313.44649298709,2.3460776895508024,0.6108219620482428,1.723328184579708,2.6470767416294443
Middle Snake-Succor (17050103),2000,13980.85492754932,35907.77292426484,10178.549021050752,25550.845430709218,39244.6413990901,2.568353159398604,0.7280348071557404,1.8275595850981325,2.8070272957169737
Middle Snake-Succor (17050103),2001,14011.343201777707,34787.23403183834,7832.273118529078,26763.26393512768,41194.22761764329,2.48279080248528,0.5589951659691947,1.910114080406799,2.9400627066516165
Middle Snake-Succor (17050103),2002,13929.82592011379,34011.14094930214,6115.4755575699155,27732.307634400808,42489.34775394803,2.4416055982574916,0.439020242797116,1.9908581624381325,3.050242551315454
Middle Snake-Succor (17050103),2003,12993.30745911126,31755.561476793006,8380.484102632327,23202.35311503112,35585.670575213044,2.44399369265484,0.6449846683767729,1.785715699258775,2.7387692230941094
Middle Snake-Succor (17050103),2004,13889.435714542362,33286.5116335225,11225.171702944102,21890.86374502486,33499.63641447334,2.3965344825831356,0.8081805433745051,1.576080137086126,2.411878862681147
Middle Snake-Succor (17050103),2005,13121.49561708103,31857.740092553344,10404.496045950325,21295.506722222017,32892.33091315869,2.427904640007823,0.7929352224456925,1.6229481260124337,2.5067516594938146
Middle Snake-Succor (17050103),2006,13355.831587799514,33493.860274590676,11563.946934810188,21791.72504320743,33327.233979996236,2.5078079230339467,0.8658350368369272,1.6316262225943357,2.4953320024221104
Middle Snake-Succor (17050103),2007,13374.435394777289,33046.44803752296,8165.409097167304,24728.42086606223,37280.418998302535,2.4708667739669656,0.6105236487482599,1.8489319463697638,2.787438714075401
Middle Snake-Succor (17050103),2008,13700.718923829822,31624.76150164654,8209.982662249608,23250.870995790512,35478.91108047094,2.3082556234798175,0.5992373617686506,1.6970548133317296,2.5895656481764657
Middle Snake-Succor (17050103),2009,14248.309060070014,34504.0190489211,11349.617519146861,23020.55549824461,35116.455615965584,2.421622025705242,0.7965589089412334,1.6156692981034684,2.4646051308907406
Middle Snake-Succor (17050103),2010,14190.357274420647,33870.14549475359,10108.18647889746,23603.646983098988,35966.75921116584,2.3868423352389776,0.7123278352630589,1.6633581894126523,2.5345915198343207
Middle Snake-Succor (17050103),2011,14662.398297947128,34626.8873302649,14673.327326925848,19840.00717565123,30033.137365032155,2.361611424449777,1.000745377990465,1.353121554365974,2.048310020962742
Middle Snake-Succor (17050103),2012,14237.537737895454,34787.98962601489,8281.623362380315,26348.46710592533,39946.7305821962,2.443399291818638,0.581675252760698,1.850633697412069,2.805733078120079
Middle Snake-Succor (17050103),2013,13870.869478271405,32540.47102538058,8948.367857726407,23446.101734054937,34959.651183198206,2.3459575534435633,0.6451194621753126,1.690312331954608,2.520364800343785
Middle Snake-Succor (17050103),2014,13270.425430145024,33132.02449917104,9093.944351122254,23884.903091129047,36252.700104843745,2.496681411879119,0.6852790363799869,1.799859636517171,2.7318415898327055
Middle Snake-Succor (17050103),2015,13011.744673046813,31198.711032415475,10653.390741526457,20434.216841077377,30993.975466184544,2.3977346479171286,0.8187519052379217,1.570444037639768,2.381999973484496
Middle Snake-Succor (17050103),2016,13931.147224618555,36198.206440738766,10566.797959988333,25458.368047935946,38527.63146798207,2.5983650776994716,0.7585016359108687,1.8274423231237522,2.7655749269448258
Middle Snake-Succor (17050103),2017,14172.42500478537,35368.03839109899,12064.223630807166,23157.522808753325,35243.78972919434,2.4955530460846926,0.851246249440984,1.6339845016596741,2.4867861158054567
Middle Snake-Succor (17050103),2018,14395.643378654098,36563.51384590869,9041.453079464083,27326.11599318528,41138.803426229846,2.5399013357141906,0.6280687039573914,1.8982212378020231,2.857725934446986
Middle Snake-Succor (17050103),2019,14610.219165060656,36425.43347096635,15403.58660217445,20905.254877172745,31818.08656440535,2.493147642718139,1.0543022269652926,1.4308652485628852,2.177796664439924
Middle Snake-Succor (17050103),2020,14384.60261093601,36302.79329971038,12429.058340419517,23712.148444055954,35934.13126126415,2.523725839468856,0.8640529513808206,1.6484395909573895,2.498096904946469
Middle Snake-Succor (17050103),2021,13966.02204093601,36669.221964599164,9967.714060866201,26538.41721529715,39971.6408002051,2.6256024698455636,0.7137117521116385,1.9002130411587503,2.8620634195652594
Middle Snake-Succor (17050103),2022,13927.956470917004,34217.26724375435,10689.249445091857,23391.769753983688,35522.08548743185,2.4567327816685456,0.7674671777882205,1.6794832610819894,2.5504161763863626
Middle Snake-Succor (17050103),2023,15138.814933650947,39041.313745027,14711.095208676468,24204.036287453055,37011.06181381617,2.578888368484178,0.9717468159265404,1.5988065376010179,2.444779328898924
Middle Snake-Succor (17050103),2024,14245.863122433382,39132.01872626015,10839.007233647979,28202.178347373767,42454.00813477355,2.746904023290649,0.76085296766466,1.979674948790078,2.9800937837118457
Middle Willamette (17090007),1985,32778.253237170014,62508.9112798354,32975.340782121646,25484.8752232716,35471.64709938948,1.9070238681587615,1.0060127531362206,0.7774933898665521,1.0821701462470001
Middle Willamette (17090007),1986,46754.89546581308,89394.22641602631,63904.19982416066,22420.282771786584,31657.791676655717,1.9119757519592975,1.366791630854721,0.47952802692458524,0.677101111258044
Middle Willamette (17090007),1987,32087.87206265871,68173.31971892033,37113.843020616434,27289.689233193334,37672.37643267134,2.124582134514771,1.1566314820796904,0.8504674033823166,1.1740378532770153
Middle Willamette (17090007),1988,21133.513228210722,34212.29969122614,28595.644667576442,4821.1340858290605,6809.003022950236,1.6188647538998293,1.3530946965034032,0.22812743124003731,0.3221898294629512
Middle Willamette (17090007),1989,40652.864353416706,62853.296545761434,49657.77635607702,11680.959492223843,16553.084693785982,1.5460976131803337,1.2215074422401306,0.28733423039211026,0.4071812640280724
Middle Willamette (17090007),1990,47921.37700548528,95018.32900136423,64471.16679049681,26473.485655968063,37458.56153970332,1.9827962996657635,1.3453529681151937,0.5524358294824833,0.7816670530025808
Middle Willamette (17090007),1991,48620.39605238242,88598.64583571268,79617.20403174801,7884.612673467457,10861.716777935206,1.822252655866042,1.6375268507885126,0.16216677184144632,0.2233983607668078
Middle Willamette (17090007),1992,50127.41991264827,107940.82052809143,66100.92121364526,36353.14555011764,50483.450615609225,2.1533288710288385,1.318657958634861,0.7252147749368789,1.0071025140248864
Middle Willamette (17090007),1993,44371.83484553934,75274.61707402718,68245.23009823896,5898.142553082972,8032.026677267932,1.6964504022892455,1.5380303820160726,0.13292536974444966,0.18101632950784735
Middle Willamette (17090007),1994,34141.47562130906,61443.4130592425,44237.876747528375,14857.036021599992,20101.546844868415,1.7996706920568253,1.2957224590467833,0.4351609223453459,0.5887720574186969
Middle Willamette (17090007),1995,52522.097100751314,111018.52813735546,93120.40283648124,15581.494838977202,21825.89394371193,2.1137489602593833,1.7729757183505375,0.29666551221455917,0.4155564067033362
Middle Willamette (17090007),1996,52814.05012201876,103708.48419844982,89354.92579813715,12354.340512638613,17017.236319858563,1.9636533073840632,1.6918779300526339,0.2339214751395851,0.3222104019771794
Middle Willamette (17090007),1997,49585.46121259135,97818.65406972995,86708.68569373517,9630.584677079642,13413.73148143919,1.9727285312592926,1.748671557616107,0.1942219441257133,0.2705174289683326
Middle Willamette (17090007),1998,25783.04617038354,48484.367339708646,41437.67035825622,6072.48821606299,8169.540191988154,1.8804747514822997,1.6071673643378426,0.2355225280959367,0.3168570594025596
Middle Willamette (17090007),1999,53452.92219714416,100384.33762909696,81338.12443415522,16805.611071365307,23370.3081334881,1.8779953181766407,1.5216777884315722,0.3144002307185964,0.43721291882404717
Middle Willamette (17090007),2000,54477.78543833847,111653.42440045594,80347.49707130877,27501.61576092342,38078.84835890962,2.049522085049375,1.4748671669528737,0.5048225719830619,0.6989793739323299
Middle Willamette (17090007),2001,54987.175995193014,110139.37706136747,78536.98516970336,27897.399262554347,38850.862365353816,2.0030011555966407,1.4282782075691443,0.5073437352919005,0.7065440561768468
Middle Willamette (17090007),2002,53658.20029629432,109063.70202450478,75054.81425927125,29763.345771576052,41222.90034948185,2.0325635489499785,1.3987575774965864,0.5546840111525606,0.7682497758376876
Middle Willamette (17090007),2003,54203.64652018622,112202.0482976456,70680.63262456557,36587.3517074934,50908.66504622575,2.070009224487506,1.3039829819981406,0.6749979762684,0.9392110736916313
Middle Willamette (17090007),2004,54362.486183733825,115633.72743655535,78981.2004521533,32507.01587653864,45688.13575607979,2.127086812139856,1.4528621848753085,0.5979677928391967,0.8404349941182502
Middle Willamette (17090007),2005,54149.38845816827,108969.10192457316,87207.22866247891,19218.85762109555,26902.7654475148,2.0123791796606247,1.6104933249587599,0.354922893283321,0.4968249173912249
Middle Willamette (17090007),2006,54866.45476563824,114415.06179255593,81244.62556919079,29013.52165453756,40338.56801374006,2.08533724807406,1.4807704619557935,0.528802558475277,0.7352136781216507
Middle Willamette (17090007),2007,54696.42657928704,112048.0019332362,64851.59448124235,41922.3489274759,58961.88428573216,2.048543368199991,1.185664193020627,0.7664549870859653,1.077984211642455
Middle Willamette (17090007),2008,53289.98532213629,104370.06470540789,58598.61146215681,40316.304547640386,56118.084270014,1.958530558312113,1.0996177069280475,0.7565456117867099,1.053069989244357
Middle Willamette (17090007),2009,54077.66161166607,114125.29794324863,73035.48312930953,36289.10354556153,50845.56681171194,2.1103963178509293,1.3505665916877168,0.6710553390077234,0.9402323491136888
Middle Willamette (17090007),2010,50699.11369904627,104403.703014125,92811.45779121603,10060.488616289815,13718.059136295953,2.0592806342507917,1.8306327471945918,0.19843519703341617,0.2705778885549633
Middle Willamette (17090007),2011,53055.708084651764,99301.93609336195,81491.65590047199,15536.710890629085,21249.540741172743,1.871654147654068,1.53596396773086,0.29283768799843096,0.40051375258753585
Middle Willamette (17090007),2012,42973.12167628665,80278.04099973358,62289.571475163204,15626.063552233394,21385.11241521991,1.8680988922439037,1.4495007354686946,0.3636241199776776,0.4976392587048337
Middle Willamette (17090007),2013,55613.56921302971,113735.13553371633,88148.54480964606,22244.271989250392,31040.57625364994,2.0450968557340734,1.5850186574429344,0.3999792191729852,0.5581475293331369
Middle Willamette (17090007),2014,53710.905444339514,118000.42907970959,83969.12033969084,29925.35271734593,41913.96366005298,2.196954754411898,1.5633532826347127,0.557155990385556,0.7803622618778662
Middle Willamette (17090007),2015,55160.146831072576,122676.59273698764,74890.45882575698,42170.525162927544,59276.94681784091,2.2240077263152243,1.357691433547273,0.7645107488940226,1.0746335936953901
Middle Willamette (17090007),2016,52066.57461815479,113804.42608441906,73352.38700695064,35738.3283466012,50550.4508515196,2.1857482832131088,1.4088191425094023,0.6863967643098959,0.9708810541551058
Middle Willamette (17090007),2017,55364.480814534196,115621.86980979005,87553.52727404541,25025.12081510777,36050.153169326,2.0883763038817693,1.581402480181138,0.45200678209084216,0.6511422601449225
Middle Willamette (17090007),2018,57779.79845222694,119251.30514420103,71636.44216778963,42383.91566661319,59949.76400192152,2.0638927157698466,1.2398181386357645,0.7335421168292364,1.0375557826060735
Middle Willamette (17090007),2019,59731.64853002805,123507.58785770269,87649.9981554686,31882.65411016147,45115.73814911786,2.0677076708441,1.4673962683518695,0.5337648448482643,0.7553070986553714
Middle Willamette (17090007),2020,61133.388666507046,131051.29534688959,98288.36388677076,29006.170912505455,41302.32785292582,2.1436942758366713,1.6077689464091445,0.4744734676943726,0.6756099858661032
Middle Willamette (17090007),2021,56971.816540650005,120635.78662067292,63603.614735249284,50553.12260996358,71508.52068168999,2.1174642822666185,1.1164048927572359,0.8873356280274719,1.25515605827081
Middle Willamette (17090007),2022,60794.450269823035,122029.83976993622,95191.1134004549,23460.330436197048,33210.18360467996,2.0072529520101448,1.5657862350587874,0.3858959219480304,0.5462699877584835
Middle Willamette (17090007),2023,60602.81310652074,124019.57357720498,71078.24204989854,46446.280669840766,65215.89233133507,2.0464326195422227,1.1728538397213555,0.7664046978842841,1.0761198859977998
Middle Willamette (17090007),2024,61731.38894453521,136174.28869656596,103793.70129658224,28305.707312855982,39597.59249037574,2.205916487946135,1.6813764127329036,0.4585302193392775,0.6414498874462977
Molalla-Pudding (17090009),1985,20914.933143491984,40725.94127698209,23257.138384848935,14805.79145010357,25750.962223275455,1.947218334267285,1.1119872210581636,0.7079052726836293,1.2312237407886852
Molalla-Pudding (17090009),1986,25509.032462015784,49721.44618064941,36821.82481115224,10951.526277560695,19117.695388743356,1.9491702107748348,1.4434818280929222,0.42931954764917335,0.7494480795071531
Molalla-Pudding (17090009),1987,19209.066403410856,41840.5225391642,25610.21525532246,13634.206554203789,23350.173954420374,2.1781653340390763,1.33323581258353,0.7097797606542102,1.2155808858193236
Molalla-Pudding (17090009),1988,6630.155624620561,9892.252920056615,9489.403276208563,329.014500859688,537.7286414457445,1.4920091593811935,1.431248950020179,0.04962394843914652,0.08110347205862432
Molalla-Pudding (17090009),1989,21929.71875780076,34370.97208217018,31397.511697474176,2614.573882814099,4714.152500623516,1.567323888727203,1.4317334410093867,0.1192251442752339,0.21496639116480298
Molalla-Pudding (17090009),1990,27315.467303396046,54386.43945836635,43072.339203012554,9703.53936322498,17272.468968900706,1.991049204990341,1.5768479713198063,0.3552397348889056,0.6323329114985807
Molalla-Pudding (17090009),1991,26179.96670543078,49735.1513848145,45347.84681132352,3814.044889597633,6734.836647465083,1.8997408187878797,1.7321583072111606,0.14568562796554077,0.25725153600245054
Molalla-Pudding (17090009),1992,25609.67419579006,55135.539627097234,35100.08953842366,17067.906740799695,29776.901418687514,2.1529184325258184,1.3705793080410884,0.6664632517506008,1.1627208214770064
Molalla-Pudding (17090009),1993,24606.67271819094,34318.006047684605,33878.7809849756,398.9948691587805,711.6830183309962,1.3946625958215952,1.3768127602205267,0.01621490535223058,0.02892235884475642
Molalla-Pudding (17090009),1994,17245.32999842296,30837.05505646294,26447.46305646166,3824.0193248977675,6571.312081130416,1.7881394591627362,1.5336014479792623,0.22174231083124904,0.38104878722131413
Molalla-Pudding (17090009),1995,27349.035732747576,56255.84260568177,49572.28241181756,5847.89499201165,10335.133829541825,2.0569589054403608,1.8125788015429005,0.21382454025643818,0.3778975584563881
Molalla-Pudding (17090009),1996,26962.064735012005,49632.19673281757,46028.73249359592,3046.355204071667,5325.531412289203,1.8408158729908735,1.7071664557582862,0.1129867179688125,0.19751942088372973
Molalla-Pudding (17090009),1997,18697.601862465213,32924.69819977049,30500.785567561332,2119.9599569921143,3753.321400538568,1.7609048712212492,1.6312672497744538,0.11338138294878662,0.20073811754828466
Molalla-Pudding (17090009),1998,11438.03689899415,20940.93305332155,19548.0017625833,1223.5277187600668,2131.3322905718696,1.8308153084523686,1.70903468271748,0.10697007970551857,0.1863372455774554
Molalla-Pudding (17090009),1999,29692.620839788622,54366.70195461313,47760.011156999884,5831.09931615562,10557.173315229955,1.8309836052518749,1.6084808213696196,0.19638210273246903,0.35554871940044985
Molalla-Pudding (17090009),2000,30080.80637411676,61014.818406961036,46426.49099275617,12671.007714434392,22376.554323650253,2.0283637894581728,1.543392501362735,0.42123231527919575,0.7438814653221635
Molalla-Pudding (17090009),2001,30647.94274758178,61933.7679039625,45923.793726004,13617.053908759985,23716.045714362142,2.020813221104352,1.4984298980272512,0.4443056429891828,0.7738217833963232
Molalla-Pudding (17090009),2002,30623.52860481679,62841.64989709726,45037.52280545771,15105.86971290098,26308.262365210063,2.0520708344241188,1.4706836493810753,0.49327658833296467,0.8590865770142512
Molalla-Pudding (17090009),2003,29630.139056526463,60993.19337909768,38128.868712368545,19388.73986403669,33695.590781031664,2.058484884689161,1.2868271944194645,0.6543587199185297,1.137206636686699
Molalla-Pudding (17090009),2004,30157.191844032568,63575.183347377926,44536.40481434531,16105.675900653547,28350.57621814036,2.108126767113365,1.4768087507842036,0.5340575470006999,0.9400933735728548
Molalla-Pudding (17090009),2005,29265.071862778026,57424.64589623908,46993.58411034925,8881.780315858983,15492.316611055647,1.9622246671902746,1.6057908325220944,0.30349422538598436,0.5293790728995332
Molalla-Pudding (17090009),2006,30872.219128582605,63848.05136754955,45690.33239800241,15357.930228636553,26736.613999901794,2.0681393553739302,1.4799821226877943,0.497467647682561,0.8660412096890074
Molalla-Pudding (17090009),2007,29845.60213536372,59513.03282271342,36884.162347714366,19063.802296025013,33307.95440086838,1.994030227729837,1.235832407750646,0.638747451284842,1.1160087925115827
Molalla-Pudding (17090009),2008,30239.100950125063,58890.52165284562,37806.71014107401,17469.512611043436,30296.49375880828,1.9474957853402075,1.250259067008328,0.5777126985308465,1.0018979667675265
Molalla-Pudding (17090009),2009,30520.84525557896,62396.02248415962,42307.07800926848,16926.85447651581,29488.18920963817,2.044373999529195,1.3861699325491352,0.5545997935106899,0.9661655489127704
Molalla-Pudding (17090009),2010,28827.62945540779,57550.21067314254,54490.895122100075,2445.847222447649,4129.998309157025,1.996355987652903,1.8902315643535545,0.08484385531009492,0.14326527665223185
Molalla-Pudding (17090009),2011,30766.42176241015,54907.34664809796,50745.785698414926,3500.9697594263143,6086.317010451019,1.7846516917733588,1.6493886123740003,0.11379190555411728,0.19782336267284645
Molalla-Pudding (17090009),2012,25728.2734598059,50299.485702182035,38941.29655495146,9711.8269091557,17283.221691423616,1.955027638397991,1.5135604266562102,0.37747682231098956,0.6717598722053542
Molalla-Pudding (17090009),2013,31251.546375778333,61259.75061599841,52412.030110053485,7485.337420677327,13244.537450459702,1.9602150203830582,1.6771019737658708,0.2395189451002295,0.4238042268757922
Molalla-Pudding (17090009),2014,29378.538893207668,63816.82216684731,51159.74378385356,10526.81856996635,18395.399475822545,2.1722258686459655,1.7413985075915985,0.3583166136420813,0.6261509308781714
Molalla-Pudding (17090009),2015,31406.178526653348,68200.4394947143,44155.675846515194,19955.45168694003,34746.44949012567,2.1715612243888547,1.405955067377643,0.6353989126695093,1.106357128443295
Molalla-Pudding (17090009),2016,26307.49524928035,55566.577657825925,39497.48009028189,13383.4578664588,23072.7617371399,2.1121956739437584,1.5013774483666344,0.508731741263924,0.8770413723735657
Molalla-Pudding (17090009),2017,30208.53488482164,60932.97165898388,47982.31794813296,11037.10171795658,19629.136751912953,2.0170780175638314,1.588369582671876,0.3653636881112762,0.6497877777507066
Molalla-Pudding (17090009),2018,30505.495004715194,61847.90043829302,37419.4887489354,20353.81256200429,35533.41260899505,2.027434743436659,1.2266474857448313,0.6672179080804369,1.1648200628608945
Molalla-Pudding (17090009),2019,31614.563390960106,65137.922761003894,48125.7783067916,14210.125533995679,25000.883791159096,2.060377110241209,1.5222661060235527,0.44948036631936955,0.7908027538443839
Molalla-Pudding (17090009),2020,32536.388874118016,68807.44228530975,53026.06133685241,13209.482121133258,23059.809557236746,2.1147842359372757,1.6297463600526816,0.40599103275536247,0.7087390566437543
Molalla-Pudding (17090009),2021,29775.139848403996,60950.24088700113,35270.33901817668,21589.539124820585,37663.13824482026,2.047017787231927,1.1845566199772941,0.7250860696117881,1.2649189369580434
Molalla-Pudding (17090009),2022,32437.461434044995,64029.076471098946,50976.14756588265,11103.738382357524,19491.69475033193,1.9739237794945543,1.5715208685344357,0.3423121875592739,0.6009007452683788
Molalla-Pudding (17090009),2023,31328.27934808064,62136.05724088427,36908.78189355832,21317.32531285879,37209.69567351707,1.9833855715631923,1.1781298769547512,0.6804499243640976,1.1877350575206984
Molalla-Pudding (17090009),2024,32834.87448138336,70867.97190469826,55464.163472451204,12867.230718989202,22363.854868872273,2.15831407989328,1.689184574282388,0.3918769577232474,0.6811006657434332
Necanicum (17100201),1985,255.894761577,406.56711720701963,376.6350741419402,29.932043065079398,42.00828364260025,1.5888059399945222,1.471835811803474,0.11697012819104817,0.16416234308086744
Necanicum (17100201),1986,270.07532603909965,490.4929808805747,466.1734288098983,23.331034472958727,33.81527607963136,1.8161339951860855,1.7260867019833162,0.08638713804452103,0.12520683238844194
Necanicum (17100201),1987,119.06198175339365,247.9474653821548,240.16334886582646,7.784116516328295,13.202069546292478,2.08250746149778,2.0171287704858063,0.06537869101197304,0.1108840063962414
Necanicum (17100201),1988,171.7497577113267,311.84291814011874,304.3569177110232,7.113048477019458,10.673193770877576,1.815681851873454,1.772095179444618,0.04141518783959461,0.06214386508082795
Necanicum (17100201),1989,123.33295417904289,201.76271632931267,200.90464993750678,0.8580663918058895,1.716132783611779,1.635918945364862,1.6289616289078164,0.006957316457045466,0.013914632914090933
Necanicum (17100201),1990,158.18563569707777,299.60903293623755,296.18877653233267,3.4202564039048733,6.840512807809747,1.894034383184973,1.8724125943997094,0.021621788785263624,0.04324357757052725
Necanicum (17100201),1991,124.76204759406448,223.4270463583998,213.68784556977857,9.046660675240389,14.342657167544175,1.7908254206067493,1.7127632135779784,0.07251131934508889,0.11496009759482757
Necanicum (17100201),1992,154.33790975556104,295.585368528685,276.00349507698536,17.803872951886955,25.84391551062835,1.9151831782407214,1.788306550957682,0.11535644729207856,0.16745021071984
Necanicum (17100201),1993,69.52809860945082,105.29488765748556,104.37885800466145,0.916029652824089,1.832059305648178,1.5144220791789786,1.5012471229937163,0.013174956185261981,0.026349912370523962
Necanicum (17100201),1994,215.1977460364697,372.9490884605088,367.97572629635073,4.86909563358976,7.79979659090648,1.7330529493431817,1.7099422883081203,0.02262614605993406,0.03624478757126314
Necanicum (17100201),1995,174.77950022981872,318.9325682292527,308.51427116821793,9.79040796781641,15.061052625115057,1.8247710275512068,1.765162795193661,0.0560157681818688,0.08617173412963865
Necanicum (17100201),1996,276.7825126430097,463.48658447152366,452.22738559558763,9.555799699567617,13.521313539191105,1.6745515460701172,1.6338726795896399,0.034524578913309296,0.048851762382223586
Necanicum (17100201),1997,179.4176940073727,301.15180523884663,301.15180523884663,0.0,0.0,1.6784955737223533,1.6784955737223533,0.0,0.0
Necanicum (17100201),1998,266.2551156845705,504.8477683851199,484.7812409257165,19.371859682611422,26.912366757122605,1.8961054216258044,1.8207396304078207,0.07275676049567832,0.10107736967955722
Necanicum (17100201),1999,266.2551156845705,358.134840133783,344.1119603873933,13.471200106083977,18.259759345328465,1.3450815366043947,1.2924144555970107,0.05059508461066776,0.06857993807322973
Necanicum (17100201),2000,227.9733881670423,354.97370875321957,327.57203613970796,26.652324369631977,36.53328065387804,1.5570839719815046,1.4368871681623079,0.11690980506068145,0.16025239150768383
Necanicum (17100201),2001,225.83686987791947,463.02769114519555,413.5274982488821,48.53656378298922,66.60476190804897,2.05027501220458,1.8310893986106984,0.21491868803011044,0.2949242165110306
Necanicum (17100201),2002,225.83686987791947,371.54249100396385,331.77315666520917,38.88679196424565,53.81972096575781,1.6451808387390792,1.4690832229677804,0.17218974025484265,0.2383123756313622
Necanicum (17100201),2003,199.41002320715427,278.24315196802434,249.8552877637665,27.623903638692298,38.96384071660893,1.3953318268208383,1.252972562488536,0.1385281601918054,0.19539559792404165
Necanicum (17100201),2004,199.41002320715427,409.9613484939994,369.0791923958599,40.05265417205225,55.176442522884756,2.0558713243221325,1.8508557717404566,0.2008557720814471,0.2766984409081859
Necanicum (17100201),2005,199.41002320715427,392.83376907051445,372.25657048001585,20.25875351098886,28.167217756102147,1.969980057935326,1.8667896652983307,0.10159345646303518,0.14125276805590176
Necanicum (17100201),2006,199.41002320715427,379.0759475883101,325.42563586011113,52.491742560671334,72.34245222346242,1.9009874302783287,1.6319422194843602,0.26323522617587297,0.3627824271817595
Necanicum (17100201),2007,199.41002320715427,392.66062066077234,356.0050073685519,35.921207336256195,49.50120338071542,1.9691117544922125,1.785291439431413,0.18013742117135184,0.24823829105767564
Necanicum (17100201),2008,274.47964656353287,506.0542681739468,451.01966567834177,51.54654837500405,70.57463891229906,1.8436859508882097,1.6431807287901976,0.18779734315590774,0.2571215745716992
Necanicum (17100201),2009,274.47964656353287,503.1035316004299,440.53405674597116,57.94055476477172,79.86425138637962,1.8329356580688334,1.6049789565872319,0.21109235416973046,0.29096602384284154
Necanicum (17100201),2010,203.81434373158748,287.208376665222,276.9810973245309,7.467851035551503,10.184856404441708,1.4091666533708733,1.3589872638664728,0.03664045865872061,0.04997124450600305
Necanicum (17100201),2011,220.64208151744913,453.11755744853343,407.1688461369892,45.048943461573714,62.67923416249198,2.0536316297065906,1.845381639516435,0.20417203804348216,0.28407651764078873
Necanicum (17100201),2012,227.1829203310051,341.30524052080335,325.98243354906657,12.629297036414613,17.981051186631582,1.5023367074581233,1.4348897050628222,0.05559087372419436,0.07914790055710712
Necanicum (17100201),2013,225.04640204188235,416.96863007390726,391.752511440205,22.370455297727105,32.20358022176902,1.8528118036577503,1.7407632731995322,0.09940374560426807,0.143097512022324
Necanicum (17100201),2014,266.2551156845705,528.052202324976,516.3265458866604,10.913342732370943,15.857811432927098,1.9832565506480393,1.939217372628238,0.0409882931425057,0.0595587107956779
Necanicum (17100201),2015,120.79933347386971,273.3329858410636,265.6540785161213,7.678907324942326,13.174242390597852,2.2627027648309723,2.1991353004740324,0.06356746435694004,0.10905889967884295
Necanicum (17100201),2016,201.5465414962771,422.12617792676764,417.8050747339534,4.045718672367074,6.603719383680172,2.09443523462577,2.0729955058130876,0.020073371849160734,0.032765232956389646
Necanicum (17100201),2017,270.07532603909965,506.83347333591666,486.66035748908496,17.72732620540933,26.396094467447682,1.8766374580347291,1.801943052800868,0.06563845155866956,0.09773604591937524
Necanicum (17100201),2018,181.35241224596797,364.7189109610138,357.02059189049913,7.036031018464351,10.689680293089303,2.011105925993122,1.968656426837448,0.03879755957655195,0.058944240998520095
Necanicum (17100201),2019,112.57260152995643,237.4583979555186,221.61152205498374,15.093135231475628,20.12418030863417,2.109380033225306,1.9686097597736623,0.13407467737573098,0.17876623650097462
Necanicum (17100201),2020,199.410023217,376.3731554451376,364.2307009940002,11.678575761457623,15.571434348610163,1.8874334869093543,1.8265415906282738,0.05856564064860911,0.07808752086481215
Necanicum (17100201),2021,199.410023217,377.1570932545803,362.7380773068065,13.61380936456408,18.151745819418775,1.8913647727935627,1.8190563917244582,0.06827043668587007,0.09102724891449343
Necanicum (17100201),2022,138.68040223699998,219.56982868612377,219.52363655375817,0.023096066182795277,0.030794754910393702,1.5832794334623184,1.5829463501165788,0.0001665416728697174,0.00022205556382628988
Necanicum (17100201),2023,107.98649041059265,224.97726618537698,221.68816535409817,2.609109138654366,3.4788121848724876,2.0833834429654585,2.0529249956284557,0.02416144027585169,0.032215253701135586
Necanicum (17100201),2024,239.82826901380525,438.96092865834976,438.96092865834976,0.0,0.0,1.830313542533561,1.830313542533561,0.0,0.0
Nehalem (17100202),1985,2122.0171858389995,4309.47074795541,3191.4555266420025,1118.015221313407,2155.2162053034676,2.030836873854789,1.5039725163112523,0.5268643575435361,1.0156450285539709
Nehalem (17100202),1986,2067.4842957623887,4011.685638661897,3611.1178403623503,400.56779829954746,726.8356818265229,1.940370549311757,1.7466240724361797,0.19374647687557758,0.3515555998738558
Nehalem (17100202),1987,1635.0316872425085,3338.0219024516127,2673.8782263862217,664.1436760653926,1234.710746675491,2.0415640433741125,1.635367832470412,0.40619621090370134,0.7551601331701642
Nehalem (17100202),1988,2192.3410528279464,4054.688014246602,3711.667812441261,343.02020180534066,629.2088671838031,1.8494786698521999,1.6930156955522515,0.15646297429994835,0.28700318610198605
Nehalem (17100202),1989,1775.7088824067282,3122.760201892535,2405.3861207988407,717.3740810936923,1357.4234866747631,1.7585991897838933,1.3546061207615698,0.4039930690223224,0.7644403314776255
Nehalem (17100202),1990,1990.1477575268748,3791.1638153974727,3301.449078443664,489.7147369538088,904.6706048286085,1.9049660011720397,1.658896464323997,0.24606953684804267,0.4545745919653867
Nehalem (17100202),1991,2113.8389402418325,3883.826794969821,3471.503100267126,412.32369470269714,773.5228687751661,1.837333356402969,1.6422741743370337,0.19505918206593617,0.36593273690315864
Nehalem (17100202),1992,1962.9184773428763,3953.7933085191526,2957.5863333379034,996.2069751812495,1888.6576799997192,2.0142422388683423,1.5067290707566567,0.5075131681116858,0.962168170405283
Nehalem (17100202),1993,2171.3205304277344,3898.024813582433,3538.040448395317,359.98436518711526,647.5828201315798,1.7952323293394874,1.6294418068705632,0.16579052246892398,0.29824376965846244
Nehalem (17100202),1994,1870.7171633897938,3332.8686376764144,2911.4812022544306,421.3874354219837,770.0198092638084,1.7815994330415827,1.5563449457954095,0.22525448724617325,0.4116174397355238
Nehalem (17100202),1995,2127.642782355458,4397.096320985725,3878.83818541221,518.2581355735123,958.0395760192139,2.0666515814829656,1.823068335333081,0.24358324614988336,0.450282154487697
Nehalem (17100202),1996,2086.003283973126,3899.284837145281,3418.0702954244803,481.21454172079996,871.8553669791038,1.8692611210651935,1.6385737844641453,0.23068733660104795,0.41795493500782804
Nehalem (17100202),1997,1751.9861810427133,3056.5194097924864,2969.766338784595,86.75307100789217,157.88216654702694,1.744602464828442,1.6950854812205807,0.04951698360786166,0.09011610265844773
Nehalem (17100202),1998,1489.632925702387,2795.8724784144565,2613.8690390928573,182.00343932159788,333.8896427917585,1.8768868693582048,1.75470680997493,0.12218005938327403,0.2241422279480859
Nehalem (17100202),1999,2236.784945530625,4030.0339972859647,3503.50929059634,526.524706689626,976.6190026925165,1.8017082980366417,1.5663147669143556,0.2353935311222869,0.43661729959508305
Nehalem (17100202),2000,2187.2862531304,4200.022962081837,3450.4759560339335,749.547006047904,1399.7732800494446,1.9201981249920304,1.5775145804970345,0.3426835444949958,0.639958888803931
Nehalem (17100202),2001,2207.047712729086,4142.063996009086,3708.2400182152496,433.82397779383723,796.4394689342653,1.8767442009159327,1.6801811745292496,0.1965630263866837,0.3608619171850354
Nehalem (17100202),2002,2069.769223665347,3695.8692547197497,3016.6606352880917,679.2086194316586,1248.9734903854064,1.7856431588903172,1.4574864679579582,0.32815669093235933,0.6034361107049431
Nehalem (17100202),2003,1947.1083356776292,3303.100835129838,2762.9341063684906,540.1667287613466,1004.3909447622177,1.6964134838343747,1.4189935175881927,0.27741996624618154,0.5158372168401566
Nehalem (17100202),2004,2197.4278545326556,4577.260490517873,4036.2409633996076,541.0195271182646,996.7279171231537,2.0830083140505904,1.8368024939130605,0.24620582013752962,0.45358846028423344
Nehalem (17100202),2005,2201.5932633148623,4258.535865910253,3841.706250699581,416.8296152106722,769.7956718809435,1.9342972822774376,1.7449663908015678,0.1893308914758698,0.34965390052197426
Nehalem (17100202),2006,2125.957933731706,4296.382830500056,3665.3579817501036,631.0248487499523,1180.7171075599033,2.0209162008011097,1.7240971345638434,0.29681906623726595,0.5553812184267372
Nehalem (17100202),2007,2221.654094248048,4240.646308017831,3473.015175539614,767.6311324782167,1435.753643588909,1.9087788324010635,1.563256487376406,0.3455223450246574,0.646254359446024
Nehalem (17100202),2008,2098.0960066653397,3910.972666969931,3208.9879553785513,701.9847115913793,1313.6416712814964,1.86405800999828,1.5294762228153873,0.3345817871828925,0.6261113252721762
Nehalem (17100202),2009,2189.510938237228,4073.2874770482254,3261.903710250217,811.3837667980084,1502.3327704507178,1.8603640684835414,1.4897864419331794,0.37057762655036214,0.6861499270061852
Nehalem (17100202),2010,2116.5629433394806,3871.237924937105,3826.0565333640598,45.18139157304448,80.02664112565489,1.8290209309008902,1.8076743455251874,0.02134658537570254,0.037809714744126664
Nehalem (17100202),2011,2180.8001867216,3984.532311407474,3604.689010392178,379.8433010152949,692.9650452381871,1.8270964647143704,1.6529203511354758,0.17417611357889412,0.3177572385849446
Nehalem (17100202),2012,2080.069121999615,3578.8597528025516,3107.0144477707395,471.84530503181236,864.6723438497604,1.720548473582511,1.4937073075648082,0.22684116601770296,0.4156940433876218
Nehalem (17100202),2013,2224.3247340537937,4104.384461529739,3646.426976937447,457.95748459229026,839.0710641621945,1.845227182296161,1.6393411092866357,0.20588607300952438,0.37722507479067674
Nehalem (17100202),2014,2215.00577776984,4582.8272810364215,4104.712118629924,478.1151624064989,882.136871306339,2.068991118231124,1.853138334818575,0.21585278341254946,0.39825488500283335
Nehalem (17100202),2015,2052.8679251708654,4192.531091939717,3407.77769338911,784.7533985506082,1448.9009560589586,2.0422799930447364,1.6600082507039375,0.3822717423407992,0.7057935575365195
Nehalem (17100202),2016,2110.7169751397782,4413.878505978054,3674.373941734074,739.5045642439796,1395.0100393732887,2.0911749694369863,1.7408179234881767,0.35035704594880956,0.6609176198438006
Nehalem (17100202),2017,2240.0081611783276,4330.507802848915,3592.532106280411,737.9756965685043,1375.9420913757606,1.9332553683960272,1.6038031327486797,0.32945223564734766,0.6142576242454242
Nehalem (17100202),2018,2180.825315031326,4244.20852291057,3500.380932499031,743.8275904115399,1382.204204246979,1.9461478613887073,1.6050716709736792,0.34107619041502885,0.6337986792065116
Nehalem (17100202),2019,2211.354691766776,4490.190476808672,3766.468784008884,723.721692799789,1347.2626507896687,2.0305157257342583,1.7032404607148932,0.32727526501936555,0.6092476506847776
Nehalem (17100202),2020,2260.9511741559995,4777.182598525756,4126.99198567949,650.1906128462646,1217.1112703685415,2.1129083427947317,1.825334413610269,0.2875739291844624,0.538318246002319
Nehalem (17100202),2021,2180.094891350999,4565.631184316096,3586.7008671525737,978.9303171635231,1840.620775459393,2.0942350731746293,1.6452040144591615,0.44903105871546833,0.8442847064875992
Nehalem (17100202),2022,2249.6074847829996,4209.444557069375,3773.6808948924568,435.7636621769185,813.3166998642552,1.871190679059918,1.677484147976362,0.19370653108355607,0.3615371594225954
Nehalem (17100202),2023,2246.9311477770943,4645.0668900225755,3510.4115514290575,1134.6553385935185,2145.3552377835363,2.067293826345313,1.5623138051657406,0.5049800211795726,0.954793492406722
Nehalem (17100202),2024,2287.751005416285,4904.981028273724,4276.480908230821,628.5001200429001,1163.118315144933,2.144018740090643,1.869294734482113,0.2747240056085285,0.5084112354846453
North Fork John Day (17070202),1985,8480.716015781996,16017.763163490963,6461.857797904375,9331.289308358846,16372.762018426634,1.8887276892284885,0.7619471971328042,1.100294985823602,1.9305872272999254
North Fork John Day (17070202),1986,8420.984849074755,16102.590549400216,7991.531920031506,8001.740750105483,13646.808443644337,1.9121980193527444,0.9490020541848576,0.9502143625142211,1.6205715469424888
North Fork John Day (17070202),1987,9662.698923217102,19861.228346049917,8246.00271242204,11372.452363051605,19897.745190685542,2.055453502574549,0.853385040551032,1.1769436731311564,2.0592326583700262
North Fork John Day (17070202),1988,6716.895453019105,12687.617855743769,6032.317642056509,6484.74437737431,10712.338105755969,1.8889110221361192,0.8980812168730581,0.9654377416965083,1.594834723970729
North Fork John Day (17070202),1989,11219.678095493977,20850.56490668799,13700.733034744837,7010.610549391888,12351.033880795489,1.8583924359703285,1.221134235593381,0.6248495268511736,1.1008367419878013
North Fork John Day (17070202),1990,7844.903760858938,16580.51658590149,7658.590442050612,8653.986794223416,14824.455432331877,2.113539833162477,0.9762504009624808,1.1031348577405482,1.889692453117965
North Fork John Day (17070202),1991,15036.035408073876,28872.80983534714,14568.372630703969,14010.341003025731,25873.76043083923,1.9202408781136118,0.9688972016440726,0.9317842518183098,1.720783419873156
North Fork John Day (17070202),1992,3810.1706016408857,8159.018343792048,3585.4573348686604,4529.175441680597,7111.16287448507,2.1413787456861617,0.9410227807974135,1.1887067313285302,1.8663633779082176
North Fork John Day (17070202),1993,15493.045992743393,27759.018842901638,18008.45623624996,9581.23215001197,17294.136051859958,1.7917082835682125,1.1623573727648346,0.6184214617641755,1.116251514386529
North Fork John Day (17070202),1994,10882.53680872696,22602.355511286893,9855.08230822962,12477.362996671936,22683.80397523339,2.0769381173295494,0.9055868573149781,1.1465491195642956,2.0844224443185637
North Fork John Day (17070202),1995,14325.08056925982,28126.456329842862,15087.252508380927,12762.8839015545,23968.018539223885,1.9634414057118397,1.0532054207608892,0.8909467447563515,1.6731506970129604
North Fork John Day (17070202),1996,12111.410606862826,22712.969945898683,11040.113091743478,11454.24105719672,20908.321779460533,1.8753364643610195,0.9115464292398521,0.9457396358691921,1.726332502310921
North Fork John Day (17070202),1997,12317.82460704004,23663.3209030411,13147.147949091644,10306.72871819555,18814.754448098804,1.9210633093051788,1.0673270945567466,0.8367328685866268,1.5274413338655233
North Fork John Day (17070202),1998,14227.951077225158,27957.258270673952,15184.26807762148,12495.881772057955,23056.805937651377,1.964953219119895,1.067213964625385,0.87826291391037,1.620528902053836
North Fork John Day (17070202),1999,8040.508760775683,14846.642236883934,6340.7511901982825,8359.9490722725,13998.563700844154,1.8464804502559424,0.7886007439144408,1.0397288680357089,1.7410047196433482
North Fork John Day (17070202),2000,7954.245133064478,16439.73265427251,7407.894152407844,8852.546119323562,14835.795976108768,2.066787278900328,0.9313132834710431,1.11293353061562,1.865141912013602
North Fork John Day (17070202),2001,7051.863695721108,14072.262532365468,5941.857059168929,8059.600095509881,13254.068699186939,1.995538078948429,0.8425938610773627,1.1429035561762546,1.8795128878099516
North Fork John Day (17070202),2002,4054.5583345107116,8766.6198287085,2902.2566252326574,5864.363203475844,8867.818065727983,2.162163941283243,0.715800929667199,1.446363011616044,2.1871230684360388
North Fork John Day (17070202),2003,5099.459450545136,10840.825666545226,4958.053675979682,5763.694198332187,9121.986762683538,2.125877413416109,0.9722704384774866,1.1302559132450878,1.7888144520314582
North Fork John Day (17070202),2004,11368.740686951669,23437.23322670047,13544.286882979693,9673.90051268386,17316.8545720226,2.0615505157576743,1.1913621091318392,0.8509210280244108,1.5231990111180744
North Fork John Day (17070202),2005,11201.110733063899,21405.26354787157,10570.37645707581,10666.943617574132,19309.935391421124,1.9109947270395815,0.9436900240503595,0.9523112369639387,1.7239304075819253
North Fork John Day (17070202),2006,11415.506253665098,22669.746315029166,13021.567845178719,9436.108694393854,17012.897446897754,1.985873058214194,1.1406912278636765,0.8266044873274251,1.4903322786438438
North Fork John Day (17070202),2007,5920.540745807057,13194.453995883656,5719.667329217617,7455.360539134884,12390.16404374692,2.2285893404632007,0.9660717787084401,1.2592364210000229,2.092741959849135
North Fork John Day (17070202),2008,9660.07836940351,19062.50127311476,9669.120284601477,9210.231130782346,16077.045918182544,1.973327807928729,1.0009360084724161,0.9534323406685838,1.664276965816714
North Fork John Day (17070202),2009,9038.449518160678,17623.666488868294,9279.336231139081,8234.14679471715,14295.334672504778,1.9498550557214047,1.026651331347749,0.9110131973600707,1.581613599078205
North Fork John Day (17070202),2010,12139.950870577648,22677.077450836834,12911.524149610324,9558.712651078435,16981.171170274818,1.8679711056983712,1.063556540488369,0.7873765514360445,1.3987841755958288
North Fork John Day (17070202),2011,13222.15945683304,24354.219624248606,12542.081848061549,11568.785312876676,21619.91460468217,1.8419245134472086,0.9485653148419689,0.8749543030883717,1.6351273538385047
North Fork John Day (17070202),2012,9206.621546899009,17075.280994417753,8986.65321434159,7912.751308574378,14151.752695056517,1.8546739330421462,0.9761075947961053,0.8594630797265219,1.537127666535086
North Fork John Day (17070202),2013,8222.274655934283,15051.460584583629,7933.419752865985,7043.684154933984,12156.735370355527,1.8305713703835593,0.9648692223070143,0.8566588261376465,1.478512440785667
North Fork John Day (17070202),2014,9364.994901121763,19798.20363627055,9158.094763312696,10454.338960881943,18227.99597760488,2.114064539842843,0.9779070741635658,1.1163208385334729,1.9463967861233418
North Fork John Day (17070202),2015,9364.753389410202,19877.335010806124,8584.399078687962,11079.140987600798,19038.37131798861,2.122568975845504,0.9166711307523938,1.1830680987423814,2.032981598801894
North Fork John Day (17070202),2016,9482.96504614801,18922.916233325166,8779.44479427661,9994.84499098847,17286.10142895689,1.9954640917939135,0.9258122065780289,1.053978891870785,1.8228582879759236
North Fork John Day (17070202),2017,9557.5892307891,18583.319536850642,9415.707505508273,9023.750643622227,15259.30175987389,1.944352188414395,0.9851550718643812,0.9441450585209133,1.5965638814772583
North Fork John Day (17070202),2018,10524.590508830757,21390.517217250213,9019.102978835928,12141.609279215296,21461.0148744792,2.032432254661338,0.8569552393766166,1.1536419653598649,2.0391306299729317
North Fork John Day (17070202),2019,12598.580036095655,24665.84570474985,15533.17802556414,9016.95774451356,15679.40605824714,1.9578274404004885,1.2329308526088412,0.7157122246062222,1.2445375600523823
North Fork John Day (17070202),2020,11666.467260119996,24134.901762050788,11506.826032445935,12351.637569630253,21842.837213351046,2.0687412242223653,0.9863162323165496,1.0587298874829405,1.8722751906241049
North Fork John Day (17070202),2021,3876.868335202001,9218.731166489717,3001.6265373683023,6217.104629121415,9292.032881133657,2.377880900102681,0.7742399993606965,1.6036409007419845,2.3967883553748552
North Fork John Day (17070202),2022,14212.647534355998,29205.909461929525,16059.14043277189,12988.356264507504,22969.784672740454,2.0549239254213942,1.1299189960176241,0.9138590282430465,1.6161510103741032
North Fork John Day (17070202),2023,9301.481417317293,19292.49816602389,10109.290939369615,9051.278418804146,15625.28522993276,2.0741317754078983,1.0868474048175123,0.9731007366152101,1.6798706065081148
North Fork John Day (17070202),2024,8094.915651902169,18084.693765597018,8369.844996002043,9603.735913594664,16193.1773445036,2.2340805689985688,1.033963212950251,1.1863911035735064,2.0004133509035977
North Santiam (17090005),1985,9109.452559302996,15265.373847083465,10140.552760827635,4834.539831577127,7167.563319199704,1.6757729125548557,1.1131901390135275,0.5307168350791696,0.786827009915086
North Santiam (17090005),1986,12358.463321130064,24465.210763508057,17972.28318495704,6178.235881144895,9202.814004810547,1.9796321053668788,1.4542490209303502,0.49991942530440375,0.7446568206482355
North Santiam (17090005),1987,10284.694277119906,21646.596814810066,14197.286786678616,7034.987958756752,10403.445142951223,2.1047389675905768,1.3804286645897637,0.6840249957071945,1.011546368091417
North Santiam (17090005),1988,5685.7940543265495,8805.40945124324,8262.642477322484,530.4706862498163,708.4567069896042,1.54866837720632,1.4532081884033607,0.09329755548324156,0.12460119030349173
North Santiam (17090005),1989,9854.08165750756,16411.39943207797,14543.068924425093,1777.2091633924294,2621.412351351072,1.6654417938149078,1.4758421362730558,0.18035259146025256,0.2660229986377156
North Santiam (17090005),1990,11208.9447618025,22906.717691569913,16474.936481489007,6094.238560912796,9215.843006042413,2.0436105430397626,1.4698026292030444,0.5436942272818184,0.8221864949721119
North Santiam (17090005),1991,12076.70528426965,23199.19800176821,21241.89064465708,1880.267818247806,2763.506322344956,1.920987343459148,1.7589143847308601,0.15569377359046124,0.22882949093280633
North Santiam (17090005),1992,12649.587692227326,27089.48277977114,18422.81396628931,8243.673081405268,12182.963923863032,2.141530889296618,1.456396399197217,0.6516950023968513,0.9631115432599423
North Santiam (17090005),1993,7867.9077933773815,12019.07930280138,11621.026639119204,377.89261023927736,508.0106264995561,1.5276080526665736,1.4770161196984182,0.04802961856738575,0.06456743518615732
North Santiam (17090005),1994,9544.321732897555,17297.616228329935,15086.683089405396,2092.6830266286706,2998.1871414030447,1.8123463052076474,1.580697247181465,0.21925948068321816,0.31413307569765114
North Santiam (17090005),1995,13032.661477885187,27792.02432481849,25256.74999048335,2438.143183083136,3566.237494239714,2.1324903107456685,1.9379579553524755,0.1870794532045786,0.2736384659642374
North Santiam (17090005),1996,11459.743440345452,21547.728667824074,19783.362518838658,1727.026027151904,2490.268935626504,1.8802976506404687,1.726335552084776,0.15070372527465964,0.21730581915640473
North Santiam (17090005),1997,11336.009543377173,21693.612002581962,20139.83938497625,1501.9837657542937,2133.7217849130266,1.9136903439937558,1.77662512614437,0.13249669206848863,0.18822512249556186
North Santiam (17090005),1998,6752.82404898263,12059.787129456388,11310.134240752102,742.5982621600235,1029.9175165708095,1.785887954725149,1.674874712966358,0.10996854897646892,0.15251656330746174
North Santiam (17090005),1999,13398.292427502554,25489.373809788278,22862.665065340683,2547.784724228612,3722.880602094248,1.9024345040765396,1.7063864808929454,0.19015742028430407,0.2778623188170102
North Santiam (17090005),2000,14533.355451896261,29073.607226186145,23588.275244381097,5291.647909822295,7923.079910008029,2.000474516873715,1.623043991627094,0.3641036598421502,0.5451652191562034
North Santiam (17090005),2001,13809.314591564074,28238.896001630397,21924.273410842306,6088.616068835879,9067.117812087296,2.044916553561692,1.5876438519429164,0.44090646414524676,0.6565943408680309
North Santiam (17090005),2002,13769.75060150728,28187.69579094859,21101.156489614754,6833.047550287431,9970.380193586472,2.047073807412538,1.5324283714553955,0.4962361155284442,0.7240784878482174
North Santiam (17090005),2003,13648.878861814925,27398.499825801886,18546.252926885107,8529.31850765895,12636.60361994835,2.0073809800198226,1.3588114536477736,0.6249098254891234,0.925834550067069
North Santiam (17090005),2004,13215.328235348574,28346.416196068007,21487.029846770925,6563.056027781955,9765.615503309915,2.1449649748574955,1.625917227640027,0.4966245189602621,0.7389612523727325
North Santiam (17090005),2005,13442.691761145348,27086.67082890898,22937.372360540907,4003.360010563389,5927.91663339058,2.01497373518599,1.706307990103508,0.2978094031832724,0.4409769069112024
North Santiam (17090005),2006,13589.852285198654,27648.24587928126,21092.858080018952,6254.006496737721,9187.36321988041,2.0344772922509438,1.552103557666493,0.460196797249169,0.6760458485547188
North Santiam (17090005),2007,13413.69806611702,27828.082757924414,17734.89158710941,9537.295074743059,14161.202998448794,2.0746018451256263,1.3221478148451633,0.7110116112449445,1.0557269836138605
North Santiam (17090005),2008,13215.866843427633,25187.474828286024,15403.78546428651,9225.354948593107,13707.086305905535,1.9058511353579486,1.1655524111115683,0.6980514451218882,1.0371689173549892
North Santiam (17090005),2009,13119.064981252743,27206.13541332816,18696.640839156356,8126.497821315932,11984.02259532078,2.0737861617581714,1.425150410175879,0.6194418453547389,0.9134814571347921
North Santiam (17090005),2010,11894.213980847193,22810.53187763894,21484.644679232548,1242.0760485167907,1752.9946299640787,1.9177838833545355,1.8063105904962249,0.10442691299457528,0.147382133261337
North Santiam (17090005),2011,13215.523217480826,23738.162673108793,21348.321755334066,2248.6325339029536,3227.675623032103,1.7962332843325606,1.6153973932031374,0.17015085191092366,0.24423366142346123
North Santiam (17090005),2012,11657.329186626403,22448.0860301737,18270.01798965045,3885.016768288336,5750.555224873489,1.9256628744710016,1.567255903745971,0.333268170272255,0.4932995485338682
North Santiam (17090005),2013,13454.85875119018,27332.185607612573,21296.9945994942,5696.450870086544,8506.60789359059,2.031398925328357,1.5828478762447302,0.4233750034412402,0.6322331620789492
North Santiam (17090005),2014,13455.347908936435,30613.890837966806,23215.342562019054,6995.945539114775,10225.344740310913,2.275221053008554,1.7253617460608708,0.5199379151295214,0.7599465141677756
North Santiam (17090005),2015,13397.202292148384,29830.20903474509,19106.504160995457,10177.18668193258,14745.029365597145,2.2265998813966927,1.4261562783293262,0.7596501463516052,1.100605114714038
North Santiam (17090005),2016,10224.368385838765,21641.79723713368,15316.636934620828,5938.585427253575,8485.184901002718,2.1166879381134778,1.4980521394196924,0.5808266293963741,0.8298981981865111
North Santiam (17090005),2017,13221.607602882266,26513.168115211003,21477.743282928463,4786.229534183154,7070.335475637912,2.0052908021132936,1.624442649337618,0.36200057345067266,0.5347561119645241
North Santiam (17090005),2018,13812.350638515165,27871.779509568794,18936.677814247436,8488.629247721732,12573.754366468662,2.0178882102695463,1.3709960244886412,0.6145680391324227,0.9103269020268911
North Santiam (17090005),2019,13937.475270409715,28731.649940131687,21457.85365857027,6939.320930053419,10475.896468340774,2.061467330538056,1.5395796758202593,0.4978893806388383,0.7516351609664824
North Santiam (17090005),2020,14704.036416778987,30846.16811204451,25542.488329275366,5001.975851820922,7510.402101928587,2.0978027554968177,1.737107254449429,0.34017705819288474,0.5107714568333331
North Santiam (17090005),2021,13893.48088526599,28870.9988716969,16452.135600746853,11782.737209756033,17754.36281872976,2.0780248744081504,1.184162251102552,0.8480766848178128,1.2778916216423655
North Santiam (17090005),2022,15003.048355516987,29428.968880894008,24798.169705789274,4397.785959062897,6590.476627515187,1.9615326288055492,1.652875410260901,0.2931261604209736,0.4392758372395506
North Santiam (17090005),2023,14204.230484312813,27803.646110237823,16385.364596803673,10857.494159844071,16021.5006427238,1.9574200898066416,1.1535552464387078,0.7643845382426816,1.127938656051659
North Santiam (17090005),2024,14854.030055092868,32933.33699552075,26942.751052343512,5630.766884765868,8227.24780640153,2.217131436611655,1.8138344242211826,0.3790733466864972,0.5538731089062747
North Umpqua (17100301),1985,1072.232515883,2318.045467246356,1156.4201873489112,1161.625279897444,1587.6148270713459,2.1618869348850236,1.0785162455146975,1.0833706893703254,1.480662825976622
North Umpqua (17100301),1986,1635.1139739480263,3784.1043319160476,2319.623974479516,1464.4803574365296,1986.634093641678,2.31427557479631,1.4186313684780776,0.8956442063182316,1.214982028955998
North Umpqua (17100301),1987,1056.0453661494778,2811.1739886389864,1339.810483830147,1471.363504808838,1994.6222631469243,2.6619822204125643,1.2687054238165216,1.3932767965960413,1.8887656980302452
North Umpqua (17100301),1988,809.0923045978221,1779.6801387222197,1268.7142306428493,510.9659080793704,694.7559919774723,2.1996008720004454,1.568071063626656,0.6315298083737896,0.8586857000485459
North Umpqua (17100301),1989,1621.6806189145364,3374.0091124439627,2141.1539427914204,1232.855169652543,1684.9927348041801,2.0805632583204567,1.320330228910666,0.7602330294097912,1.0390410510868788
North Umpqua (17100301),1990,1724.1198722608708,3871.3073580189307,2089.317294028689,1781.990063990242,2430.0581660073453,2.24538178597896,1.2118167232124806,1.0335650627664799,1.4094484989728495
North Umpqua (17100301),1991,1126.5878890445274,2640.3493862521473,1868.6434344027787,771.705951849368,1043.9531436359644,2.343669244031603,1.6586752374797828,0.68499400655182,0.9266504227391912
North Umpqua (17100301),1992,1745.449604904053,4450.480231939961,2244.3030046404588,2206.1772272995017,2973.4377132369136,2.5497615167093883,1.2858022359023236,1.2639592808070645,1.7035368451100956
North Umpqua (17100301),1993,1554.4440093117912,3133.7659056324555,2852.114167704545,281.65173792791023,391.0633687290683,2.016004363527952,1.834813058958154,0.1811913045697977,0.2515776485910266
North Umpqua (17100301),1994,1028.169028134934,2239.210530242871,1350.3595494132535,888.8509808296169,1201.4284023180967,2.1778622667760454,1.3133633794267883,0.8644988873492565,1.1685125397109555
North Umpqua (17100301),1995,1374.8730579344492,3057.2394778537423,2397.2737451408834,659.9657327128584,895.6535370448787,2.223652183894569,1.7436327894463548,0.4800193944482139,0.6514445329159846
North Umpqua (17100301),1996,1393.5552063283965,3483.1127157975384,2677.597890626091,805.5148251714461,1096.4597249568967,2.4994436531685778,1.9214150099447909,0.5780286432237859,0.7868075265175478
North Umpqua (17100301),1997,1776.2094524540898,4210.219075160222,3184.5065134936585,1025.712561666567,1394.6961055042016,2.3703393028019284,1.7928665502223304,0.5774727525795997,0.7852092576003509
North Umpqua (17100301),1998,769.6442755274253,1533.8048015256968,1363.5209110916578,170.2838904340403,227.96707930746194,1.9928749557379664,1.7716248329882764,0.22125012274969158,0.29619797945127263
North Umpqua (17100301),1999,1802.3021683406942,3945.102001400953,2246.571153142793,1698.5308482581597,2294.8475623495365,2.1889237391491614,1.2465008324387241,0.9424229067104367,1.273286800993148
North Umpqua (17100301),2000,1803.2452775074087,4210.6113500430465,2655.842217516269,1554.7691325267754,2104.8524860491025,2.3350186480805837,1.4728125178774287,0.862206130203154,1.1672580054991741
North Umpqua (17100301),2001,1948.5059665097353,4488.507011035963,2317.4277855698165,2171.0792254661455,2915.9664696822574,2.30356339071212,1.189335739998227,1.1142276507138928,1.4965140060132776
North Umpqua (17100301),2002,1720.1301593115586,4059.898297875849,2104.975759048869,1954.9225388269786,2652.572556010331,2.3602273792471187,1.223730511120935,1.136496868126183,1.5420766513808237
North Umpqua (17100301),2003,1836.1520117199775,4044.0484640348295,2159.1739338634566,1884.8745301713716,2541.2342916780285,2.202458422953038,1.175923300511974,1.0265351224410633,1.3839999495998045
North Umpqua (17100301),2004,1661.409879932035,4008.9541591620477,2460.531487539104,1548.4226716229432,2084.729140800455,2.412983218401257,1.4809900418069981,0.9319931765942587,1.2547951989341348
North Umpqua (17100301),2005,1785.672117174133,4263.640299947415,3190.8000258750144,1072.840274072398,1457.0015360766176,2.3876949519124055,1.7868902107989055,0.6008047411134986,0.8159401281251767
North Umpqua (17100301),2006,1776.9853535398195,4268.184515383001,3060.0368239285563,1208.1476914544453,1635.456898581549,2.4019244204127075,1.7220382924557323,0.6798861279569757,0.9203547431179775
North Umpqua (17100301),2007,1898.2201645649525,4382.521411234032,2163.642972291052,2218.8784389429775,2977.268705354429,2.3087529534480784,1.1398271984888175,1.1689257549592598,1.5684527858952444
North Umpqua (17100301),2008,1590.1932860009426,3655.3914792013006,1941.7742189169016,1713.617260284401,2323.8400402745056,2.298708912546078,1.221093206725909,1.0776157058201699,1.461356968823932
North Umpqua (17100301),2009,1813.9186753741064,4238.971595275185,2548.7933010241127,1690.1782942510713,2266.250402384945,2.336913805907495,1.4051309662482219,0.9317828396592727,1.2493671481261688
North Umpqua (17100301),2010,1053.7871152923606,2576.481823508642,2394.356423752316,182.12539975632458,235.12904525505218,2.4449737391160147,2.272144334473126,0.17282940464288754,0.22312765248588037
North Umpqua (17100301),2011,1842.4184003091168,4174.842270440979,3004.36971105891,1170.4725593820692,1588.0127130016972,2.265957759508119,1.6306663625129034,0.6352913969952156,0.8619175279270246
North Umpqua (17100301),2012,1706.6480641136727,3772.382722547129,2602.708570625441,1169.6741519216905,1614.7875670918152,2.210404594755317,1.5250411759480866,0.6853634188072318,0.9461749033362867
North Umpqua (17100301),2013,1668.0099720549322,3929.4543161093775,2319.325750579666,1610.1285655297122,2196.720758141942,2.3557738754213933,1.39047475101263,0.9652991244087635,1.3169709983422078
North Umpqua (17100301),2014,1698.5096354289913,4117.265508745106,2659.373772165437,1457.891736579671,1957.8078877902099,2.4240460123767336,1.5657101477047324,0.8583358646720025,1.152662220426985
North Umpqua (17100301),2015,1530.5439693363846,3804.7790198087873,2204.251375947933,1600.527643860853,2169.5528777703043,2.485899847397699,1.4401751404134149,1.0457247069842834,1.4175044436723907
North Umpqua (17100301),2016,1229.0762257943281,3133.1254555530736,1978.9742479270215,1154.1512076260503,1539.1263525573745,2.5491709869566432,1.6101314193495597,0.9390395676070822,1.252262732169168
North Umpqua (17100301),2017,2037.9853731399053,4896.056261552097,3510.439757925654,1385.6165036264433,1891.1333459257216,2.4024000986860803,1.7225048835935224,0.6798952150925581,0.9279425509379736
North Umpqua (17100301),2018,2118.7724200280363,5010.927456508045,3213.106013911281,1797.8214425967615,2455.6749055636174,2.365014481565575,1.5164941659325375,0.8485203156330363,1.1590083400892688
North Umpqua (17100301),2019,2262.242668455285,5144.635418228305,3303.5786153150084,1841.0568029132967,2512.2974665658994,2.2741306624462125,1.4603113367898648,0.8138193256563476,1.1105340296146733
North Umpqua (17100301),2020,2394.513368944,5848.720850379411,3860.0919989696567,1988.628851409755,2731.6521695330543,2.442550927564353,1.612056983700195,0.8304939438641584,1.140796374312053
North Umpqua (17100301),2021,1968.1191476859992,4510.510552045201,2381.5802162556142,2128.9303357895888,2899.9083854800906,2.2917873429301263,1.2100792876568163,1.0817080552733112,1.4734414778137976
North Umpqua (17100301),2022,2643.8628704660005,6262.969265502134,5094.6534114882115,1168.3158540139182,1611.49207549369,2.3688706912390805,1.9269733950271941,0.4418972962118848,0.6095218074641112
North Umpqua (17100301),2023,2842.819942054506,6098.691228683288,3631.3947968947386,2467.296431788542,3427.8080838531246,2.145296344120818,1.2773917697616577,0.8679045743591579,1.2057774159892263
North Umpqua (17100301),2024,2848.6967811933955,6540.073574475655,4918.269987074564,1621.8035874010948,2196.7901732480123,2.2958124633172936,1.7264982428260296,0.5693142204912653,0.7711561959668161
Powder (17050203),1985,101475.74452686106,217980.0210351419,88408.12783823912,116470.19165541741,198044.548528794,2.1480997459194957,0.8712242344261599,1.1477638542931534,1.9516442027815895
Powder (17050203),1986,100149.81214538611,230912.3765686561,83066.86910394118,134506.50443124594,230239.50866688095,2.305669592604365,0.8294261099896437,1.3430529878177373,2.2989509788859657
Powder (17050203),1987,86187.97604908976,200980.560039001,57926.34139951551,131001.1979322375,226150.81817322038,2.3318862937972837,0.6720930697632652,1.5199474907917971,2.623925384260242
Powder (17050203),1988,87131.68138375421,190498.0393556368,67238.48547738009,112588.4210512497,192571.87743934608,2.1863234627210506,0.7716881438479479,1.2921639897590902,2.210124657083127
Powder (17050203),1989,97177.77146820622,219718.0260326323,104779.9825104574,104417.31988428536,179858.16703535823,2.26099058162203,1.078229938054696,1.074497987623103,1.8508159254732721
Powder (17050203),1990,85629.88054994604,197704.7594021082,73148.70656893162,113686.99351959396,194781.00571761612,2.308829092512763,0.8542427724895117,1.327655635970236,2.274685010263498
Powder (17050203),1991,99617.3932128204,223999.4282251022,91102.34896870452,120577.16594803956,206019.7833284346,2.24859756916701,0.9145225148993357,1.2104027425255062,2.068110564671156
Powder (17050203),1992,86045.4813326523,199514.59938736953,75254.6509630747,112766.23650838461,191222.2576887331,2.3187109456224086,0.8745915508583165,1.3105422244362808,2.2223393341187414
Powder (17050203),1993,101082.43735078097,202817.8177684966,103417.55758403175,90206.4945764384,155451.93604198244,2.006459510514856,1.0231011468901106,0.8924052183605312,1.5378728502808645
Powder (17050203),1994,95065.86718140969,226046.07767515973,71207.11087056399,139109.80473854195,232990.9180359026,2.377783786938026,0.7490292045059962,1.4632991720686175,2.450836719253789
Powder (17050203),1995,103758.98874168831,234960.26894173148,109701.19896402583,113204.71447790231,193330.28237519492,2.2644810998175147,1.0572693536666096,1.0910352524707951,1.8632629781743297
Powder (17050203),1996,102640.66907067977,237532.63708153996,99923.89590408039,124208.74731552984,210512.5885660921,2.3142155953598835,0.9735312211894432,1.2101318945027335,2.050966643846897
Powder (17050203),1997,104270.29052025931,252588.86243668458,101807.78156632521,135152.67098493414,229155.48630662035,2.4224432594978484,0.9763834075684709,1.2961762196171738,2.197706414389402
Powder (17050203),1998,104474.99472788774,253210.15231640043,127349.31009152954,112577.97973927514,190257.66769508494,2.423643599848017,1.2189453603057796,1.0775590851427386,1.8210832954873464
Powder (17050203),1999,102881.96423782624,230358.56217941074,68560.98795895983,145677.73241940705,247119.81456158473,2.2390568053979245,0.6664043446961354,1.4159695870760431,2.4019741107424064
Powder (17050203),2000,101792.5727315532,253719.66859864205,82620.1616175904,152874.97174817038,257248.55387702683,2.4925165146159545,0.8116521608651727,1.5018283519695628,2.527183928786644
Powder (17050203),2001,97557.16547819623,220050.04201883927,67867.25097068606,136432.78783084702,229307.06562614345,2.2556010205936117,0.6956664909032665,1.3984906917097688,2.350489218317777
Powder (17050203),2002,100622.93889085038,223395.76612378657,59958.4487052843,146314.46796733263,246497.62717015785,2.2201276228486297,0.595872565104897,1.4540866086812039,2.4497160377868057
Powder (17050203),2003,97324.4598873054,235349.25416116248,84510.77355317984,135123.17387883904,227084.94505434975,2.418192245132207,0.8683405348566755,1.3883783586911427,2.333277218463863
Powder (17050203),2004,101541.66648111155,235671.21741678283,100656.10251084925,120947.3826814742,204162.54680802985,2.3209311564787214,0.9912788119305976,1.1911108697824302,2.010628285739308
Powder (17050203),2005,100004.57067426869,233691.51276909857,87783.336634206,129440.19251391996,216198.68858109356,2.3368083197944043,0.8777932452720661,1.2943427649474935,2.1618880729490675
Powder (17050203),2006,101684.04086326496,242244.66928500522,84181.0845122565,141018.22902187367,237053.52835266182,2.3823273271638845,0.827869189674073,1.3868275476139031,2.33127564896274
Powder (17050203),2007,90013.88809484488,214246.83930715115,63880.05536410682,132866.61814718586,221378.3358344318,2.3801531501606266,0.7096688823928854,1.4760679819450568,2.459379774831771
Powder (17050203),2008,101974.6369362373,224230.90468671115,80331.23300833226,127953.36475371642,214830.140612513,2.1988889730190286,0.7877569895989115,1.2547567571505365,2.1067016962937757
Powder (17050203),2009,102128.78195701825,234872.34629455878,104415.15124803128,116530.1015422547,196024.69687843707,2.2997664497105896,1.0223871199401484,1.1410113712243957,1.9193873962085997
Powder (17050203),2010,103630.5247032331,227892.76796701096,91893.54709663855,120730.19523776126,202225.1639876086,2.1990892029122486,0.8867420806735684,1.1650061174880328,1.9514053853024593
Powder (17050203),2011,104255.03413536638,226249.28008270438,103341.61189084007,110912.78866194015,188379.82592628695,2.1701520886649823,0.9912385790086614,1.0638602690199999,1.8069134741416095
Powder (17050203),2012,99597.8731765931,229320.61557330046,91848.68377023179,123232.13813663609,207134.52951807852,2.3024649850373917,0.9221952320947504,1.2372968840221918,2.0797083603463737
Powder (17050203),2013,101236.63367409044,224792.4577780091,90539.08193262125,120187.5625722254,201871.80674258465,2.220465553029747,0.8943312183225328,1.1871943802393055,1.9940588640320411
Powder (17050203),2014,99763.93685803418,242346.75147278028,80747.22078962708,143897.7920896728,242075.10737888658,2.4292019652115764,0.8093828625120496,1.4423828551838511,2.4264790965834044
Powder (17050203),2015,97833.95841710971,234275.61970651872,93228.03891358252,125084.99649021658,207738.2671346712,2.394624765234352,0.9529210554489669,1.2785437542752136,2.123375875777105
Powder (17050203),2016,99707.2534749755,227389.35836797694,70841.58956055147,138612.89850251056,230606.2863264109,2.2805698727329506,0.7104958475095422,1.3901987435377468,2.312833603267273
Powder (17050203),2017,102622.68389068854,233771.01544093766,94968.94975487384,124268.5019347699,209470.45251364913,2.2779662992437957,0.9254186906282116,1.210926251618385,2.041171060550049
Powder (17050203),2018,101702.63340592793,242125.38829104774,79613.08433709384,143716.8253517517,238891.23193693336,2.3807189664858277,0.7828025850553191,1.4131082012216105,2.348918842479148
Powder (17050203),2019,103621.287586509,244896.20979919704,88238.45079837591,139384.52644595486,233493.92340824328,2.363377405388286,0.8515475232317431,1.3451340906142346,2.253339336411055
Powder (17050203),2020,102740.79838813496,240516.88701017742,87831.29190216245,135416.96451559121,226066.47078097402,2.3410065989710427,0.8548823182233093,1.3180446973364173,2.200357349053668
Powder (17050203),2021,92272.88874302406,205115.02420021401,60325.61326524069,127022.39194042701,208825.9278810101,2.222917554596674,0.653773975075657,1.376594942141443,2.2631341743573365
Powder (17050203),2022,103401.53379735298,225253.4601180371,92288.35643080741,117720.29980963786,196652.48782517796,2.178434418192387,0.892524056864328,1.1384773076997763,1.9018333732899826
Powder (17050203),2023,103461.65496084705,242850.13654830135,103553.45026469583,124404.86030932258,208502.09201622917,2.347247747392046,1.000887239855998,1.202424805174449,2.0152595867051666
Powder (17050203),2024,98661.133241632,233245.3713074837,73658.4663347042,141605.33235963722,235027.69754780372,2.36410594166033,0.7465803798777223,1.435269672129451,2.382171072089705
Siletz-Yaquina (17100204),1985,2576.6081535430008,5327.75918525056,4017.4089959602693,1306.5535457418264,2425.0027726197104,2.06774133580403,1.5591850823091107,0.5070827490572176,0.941160870458776
Siletz-Yaquina (17100204),1986,2471.2368148387163,5307.942110851196,4744.187473953573,562.145587462359,1049.0481895576002,2.147888894734524,1.9197623819242104,0.22747540182588574,0.42450330266145114
Siletz-Yaquina (17100204),1987,2182.1613460116873,5264.362714979737,4429.84034385977,831.3950192461393,1557.099163199108,2.4124534716928037,2.030024201444197,0.38099612604983174,0.7135582188021987
Siletz-Yaquina (17100204),1988,2299.7218662115974,4751.0357861560005,4327.406264274619,422.19785745916124,790.5387305153068,2.0659175598406287,1.8817085352166036,0.18358648654963688,0.3437540609280659
Siletz-Yaquina (17100204),1989,2183.925652690361,4557.512612908932,4021.054587568142,536.3632114224225,1011.1385539804222,2.086844214359847,1.8412048883690872,0.24559591154656793,0.4629912894401
Siletz-Yaquina (17100204),1990,2368.3596380350264,4874.472734999259,4455.255510235295,417.67385137878864,780.243545302791,2.0581640797778067,1.8811566616342603,0.17635575470511017,0.32944470627363887
Siletz-Yaquina (17100204),1991,2202.071819129334,4462.552833449941,4120.099149156501,338.82627219449904,605.2446641548324,2.0265246549562437,1.8710103427896034,0.15386703978095767,0.2748523726143215
Siletz-Yaquina (17100204),1992,2253.6192030688403,4889.880560277761,4125.966337972896,761.0054064206298,1433.6605235725503,2.169790066404751,1.83081788278801,0.33768145274247724,0.6361591708218848
Siletz-Yaquina (17100204),1993,2290.4322628601676,4334.247357869756,4226.458336725847,106.6316800007676,199.13987824518492,1.892327238028591,1.8452666796825834,0.046555264580325,0.08694423383493116
Siletz-Yaquina (17100204),1994,2237.19546831848,4454.685425167282,3924.025750221236,528.9902480670215,991.2102656077179,1.9911918686816898,1.7539932499374367,0.23645240461023326,0.4430593033306701
Siletz-Yaquina (17100204),1995,2444.4225833019764,5626.608751987881,5135.236798738202,488.52233127196683,898.3436151216408,2.3018150750298427,2.1007974782336607,0.19985183192509243,0.36750749287716844
Siletz-Yaquina (17100204),1996,2256.283640079383,4796.918169843938,4451.024771974387,340.032617867846,612.2490246261154,2.1260262161344072,1.9727239487575177,0.1507047304814401,0.27135286262350183
Siletz-Yaquina (17100204),1997,2419.345637156436,5140.919310211863,5011.384203409471,127.81406109041623,233.50610546335855,2.1249213966195475,2.0713800155068265,0.0528300128462181,0.09651622400584672
Siletz-Yaquina (17100204),1998,2133.2046130239232,4334.0334014531445,4105.547585311001,223.31449178817337,406.1523190806051,2.031700744969531,1.924591555936673,0.10468498447113989,0.19039538757834581
Siletz-Yaquina (17100204),1999,2316.0909999253277,4704.167579157113,4220.495172199098,481.1636035308142,871.1784565448379,2.031080635134275,1.822249286550127,0.2077481426879718,0.3761417217945777
Siletz-Yaquina (17100204),2000,2502.8421504566986,5582.442992238383,4960.492072262245,619.6197310093785,1133.095032620319,2.230441496767882,1.9819436361007001,0.2475664439710332,0.45272332992057085
Siletz-Yaquina (17100204),2001,2464.572868504253,5125.283872420701,4764.067208686564,359.5111783730219,633.6562417404762,2.079583013315906,1.9330194166983068,0.1458715962377728,0.2571059066007821
Siletz-Yaquina (17100204),2002,2451.7922666664736,5055.195770104202,4545.268608477184,503.9682002727776,900.5761218881851,2.061836901450623,1.8538555122604494,0.20555093803195126,0.3673133870809675
Siletz-Yaquina (17100204),2003,2331.198523579308,4719.308490916464,4060.2239847653964,655.4200187881237,1184.7406649833756,2.0244129546163516,1.7416894973540704,0.28115152448783975,0.5082109708804774
Siletz-Yaquina (17100204),2004,2382.8962784632527,5277.1157060021305,4949.796556581866,326.21906694583123,597.6822033109961,2.2145805311364124,2.0772186357074784,0.1369002377040986,0.2508217452487885
Siletz-Yaquina (17100204),2005,2437.7464182394606,5076.530602234918,4884.971973965015,190.56787826970077,341.2605230886521,2.0824686949601534,2.003888483812414,0.07817379069613353,0.13999016490612273
Siletz-Yaquina (17100204),2006,2429.7594925983753,5207.44632497637,4705.202887403227,494.5742617955423,881.8476042591722,2.1431941477498038,1.9364891470684207,0.20354864886921237,0.36293616999768474
Siletz-Yaquina (17100204),2007,2423.4837519132884,5064.484139797856,4418.847081854783,643.1184568879862,1177.919033937617,2.0897537009685148,1.8233450413547019,0.26536941144344706,0.4860437100136014
Siletz-Yaquina (17100204),2008,2417.6305442802127,4918.09449102343,4366.423371374724,546.1235252977165,991.3269222970887,2.0342622253259406,1.8060755319728616,0.22589205227811626,0.4100407006531392
Siletz-Yaquina (17100204),2009,2484.1774689668027,5187.924515405945,4686.855356422033,494.1678179370312,881.9990418861485,2.088387234895767,1.886682982585519,0.19892613314078608,0.3550467118007401
Siletz-Yaquina (17100204),2010,2398.6919743674116,5013.116869036344,4752.621928073316,254.9375523480804,452.76717763484555,2.089937733817788,1.9813389876066467,0.1062819049183308,0.1887558646433752
Siletz-Yaquina (17100204),2011,2521.901664221286,5067.7381081754465,4576.892775795703,484.14328127823995,868.9146921523574,2.009490766461057,1.8148577483131,0.19197547951487393,0.3445474121690868
Siletz-Yaquina (17100204),2012,2513.367275332578,4807.805598050815,4420.684263726649,381.36375877145326,685.932724018026,1.912894166020614,1.7588691899959936,0.1517341944069793,0.2729138438102966
Siletz-Yaquina (17100204),2013,2530.122681315469,5634.899367217782,5207.047385795895,421.8852761948193,767.0684199885798,2.2271249567582503,2.0580217015756057,0.16674498802385007,0.3031743976895868
Siletz-Yaquina (17100204),2014,2503.938020408893,5892.910522533813,5397.068393428403,488.00045454704366,871.443862917617,2.3534570242962727,2.155432103126523,0.19489318448359724,0.34802932653073826
Siletz-Yaquina (17100204),2015,2389.393492965554,5164.390399883106,4587.361299517034,567.4357899584672,1047.255183065163,2.1613812940761856,1.9198852399248443,0.23748109787233257,0.4382933100589391
Siletz-Yaquina (17100204),2016,2460.5142616857966,5770.839578865972,5125.802797950732,641.7871566745854,1194.2288692775521,2.345379447186028,2.0832241770624162,0.26083456075351963,0.4853574262395611
Siletz-Yaquina (17100204),2017,2611.6666679675377,5666.290151186599,4837.743326944231,820.7917314706293,1505.41768412224,2.169606948958859,1.852358643727333,0.31427890149143317,0.5764202999511391
Siletz-Yaquina (17100204),2018,2584.120691502665,5710.9939345105395,4988.3336088281585,718.6674504298205,1316.0140378377757,2.2100337469878775,1.9303795001646942,0.2781090886323563,0.5092695717213247
Siletz-Yaquina (17100204),2019,2541.0997780388966,5696.565692238791,5246.602270450881,443.84174623661613,788.541751925166,2.2417717483864945,2.064697465166034,0.17466521782121938,0.3103151472996177
Siletz-Yaquina (17100204),2020,2582.2037814070013,5791.168156778453,5559.078107332538,228.52590377219198,408.52501854811226,2.2427231338120563,2.15284252442055,0.08850033657981551,0.15820789261082777
Siletz-Yaquina (17100204),2021,2562.0867093450015,5747.029052914953,5317.42238449525,423.3853749831583,757.696073911757,2.243104822312662,2.0754263956408607,0.1652502132105423,0.29573396995040124
Siletz-Yaquina (17100204),2022,2638.9589337850016,5518.3083049039915,5298.821112882338,218.90218916165117,403.35614172495065,2.09109290571233,2.0079210195523403,0.08295020674978239,0.1528466913831151
Siletz-Yaquina (17100204),2023,2560.5683269108713,5466.831223796122,4666.152128766017,798.653669848699,1500.736957741497,2.135006969484557,1.8223111173117457,0.3119048460668156,0.5860952593879893
Siletz-Yaquina (17100204),2024,2667.5144900570704,6233.914201267474,5945.002991031102,288.438805916113,518.2794448168983,2.3369748222563924,2.228667552956352,0.10813017398452518,0.1942930194938922
Siltcoos (17100207),1985,557.7115751419998,1246.7116626342229,1146.14558558776,100.56607704646261,201.13215409292522,2.2354057512914194,2.0550866015214733,0.18031914976994576,0.3606382995398915
Siltcoos (17100207),1986,555.6548626107273,1342.6134802922531,1256.2116666186744,86.40181367357886,172.80362734715771,2.4162723493213485,2.2607768799437884,0.15549546937756037,0.31099093875512074
Siltcoos (17100207),1987,555.6548626107273,1467.638389531108,1325.0344320809947,142.60395745011317,285.20791490022634,2.6412769657687405,2.3846357176743873,0.2566412480943528,0.5132824961887056
Siltcoos (17100207),1988,555.6548626107273,1312.3243499841615,1259.791766425912,52.53258355824965,105.0651671164993,2.3617616586998733,2.2672199078881796,0.09454175081169437,0.18908350162338874
Siltcoos (17100207),1989,555.6548626107273,1336.9692093726094,1283.6239584979064,53.34525087470318,106.69050174940637,2.4061144774130128,2.310110186864628,0.09600429054838495,0.1920085810967699
Siltcoos (17100207),1990,555.6548626107273,1306.7291753931404,1267.8899134478252,38.83926194531517,77.67852389063034,2.3516921443888994,2.2817939673751497,0.06989817701374931,0.13979635402749863
Siltcoos (17100207),1991,557.7115751201887,1307.4239451570331,1259.5137299808432,47.91021517619015,95.8204303523803,2.3442653935867814,2.2583603894350115,0.08590500415177027,0.17181000830354054
Siltcoos (17100207),1992,555.6548626107273,1393.7058914356508,1307.058559160635,86.64733227501567,173.29466455003134,2.508222253085965,2.352284929208503,0.1559373238774621,0.3118746477549242
Siltcoos (17100207),1993,544.9764936425414,1021.8382423100702,1018.4171834967211,3.4210588133491804,6.842117626698361,1.8750134257722864,1.8687359828857442,0.006277442886542381,0.012554885773084761
Siltcoos (17100207),1994,544.9764936425414,1208.2656087830599,1177.1065945784483,31.15901420461163,62.31802840922326,2.2170967424800163,2.1599217733426332,0.05717496913738322,0.11434993827476644
Siltcoos (17100207),1995,555.6548626107273,1434.4502911162542,1369.4558960002698,64.99439511598413,129.98879023196827,2.581549065145464,2.4645800624616574,0.11696900268380622,0.23393800536761244
Siltcoos (17100207),1996,555.6548626107273,1423.9925589987015,1324.917904583191,99.0746544155104,198.1493088310208,2.562728511558625,2.3844260056649285,0.17830250589369664,0.3566050117873933
Siltcoos (17100207),1997,555.6548626107273,1348.9967486469939,1325.8499759077938,23.146772739199868,46.293545478399736,2.427760178879339,2.386103434204334,0.04165674467500467,0.08331348935000935
Siltcoos (17100207),1998,557.7115751201887,1322.1842592242474,1249.8630278527519,72.32123137149541,144.64246274299083,2.370731249282951,2.2410562800017235,0.12967496928122738,0.25934993856245475
Siltcoos (17100207),1999,555.6548626107273,1348.752781951671,1221.2138386441552,127.53894330751577,255.07788661503153,2.4273211173111986,2.197792048298326,0.22952906901287243,0.45905813802574486
Siltcoos (17100207),2000,555.6548626107273,1428.6758195098248,1300.0631898897943,128.61262962003053,257.22525924006106,2.5711568738861303,2.3396955149127776,0.23146135897335274,0.4629227179467055
Siltcoos (17100207),2001,555.6548626107273,1342.980935065523,1282.3346834283204,60.64625163720234,121.29250327440468,2.416933649704006,2.3077899064957523,0.10914374320825304,0.21828748641650608
Siltcoos (17100207),2002,555.6548626107273,1343.2442911590538,1214.7054564263376,128.53883473271577,257.07766946543154,2.4174076059514027,2.186079054035596,0.23132855191580617,0.46265710383161235
Siltcoos (17100207),2003,555.6548626107273,1317.4201608229635,1227.9518318934572,89.46832892950611,178.93665785901223,2.3709324789008512,2.209918268552467,0.16101421034838412,0.32202842069676824
Siltcoos (17100207),2004,555.6548626107273,1415.4515693057224,1374.5873459506388,40.86422335508368,81.72844671016736,2.547357477725052,2.4738150215984476,0.07354245612660418,0.14708491225320836
Siltcoos (17100207),2005,555.6548626107273,1349.3987999545336,1334.720950821086,14.677849133447408,29.355698266894816,2.428483741894069,2.402068335279099,0.02641540661496956,0.05283081322993912
Siltcoos (17100207),2006,555.6548626107273,1376.7773336493888,1285.8070235834768,90.97031006591236,181.94062013182472,2.4777562949429486,2.314039001732392,0.16371729321055728,0.32743458642111456
Siltcoos (17100207),2007,555.6548626107273,1334.0272669254273,1240.691063751533,93.33620317389455,186.6724063477891,2.4008199274231874,2.232844787719816,0.16797513970337138,0.33595027940674277
Siltcoos (17100207),2008,555.6548626107273,1273.3521780721971,1180.5816040180391,92.77057405415802,185.54114810831604,2.29162428650294,2.124667097253703,0.16695718924923708,0.33391437849847416
Siltcoos (17100207),2009,555.6548626107273,1374.7582539035902,1313.4171030311213,61.34115087246875,122.6823017449375,2.474122600933124,2.3637282626486367,0.11039433828448696,0.2207886765689739
Siltcoos (17100207),2010,555.6548626107273,1320.762255944463,1313.102363557674,7.659892386788845,15.31978477357769,2.3769471749763915,2.3631618328472874,0.013785342129103444,0.027570684258206888
Siltcoos (17100207),2011,555.6548626107273,1270.7833394843926,1246.5347817257025,24.248557758690353,48.497115517380706,2.2870012034334697,2.2433616001647088,0.04363960326876157,0.08727920653752314
Siltcoos (17100207),2012,555.6548626107273,1219.0542583217086,1196.2979250855628,22.756333236145927,45.512666472291855,2.193905498449199,2.152951419276336,0.040954079172862805,0.08190815834572561
Siltcoos (17100207),2013,555.6548626107273,1391.503439216693,1351.524708624256,39.97873059243693,79.95746118487386,2.5042585476148935,2.432309693600374,0.07194885401451918,0.14389770802903837
Siltcoos (17100207),2014,555.6548626107273,1525.3066565101599,1456.4589250372649,68.84773147289529,137.69546294579058,2.7450612946021087,2.621157526083975,0.12390376851813434,0.24780753703626868
Siltcoos (17100207),2015,555.6548626107273,1399.6475003397704,1301.6112489795,98.03625136027004,196.0725027205401,2.518915237713515,2.3424815232677343,0.17643371444577977,0.35286742889155953
Siltcoos (17100207),2016,555.6548626107273,1438.9714221400668,1383.2014695138269,55.76995262623988,111.53990525247976,2.589685646552437,2.4893176728714246,0.10036797368101212,0.20073594736202424
Siltcoos (17100207),2017,555.6548626107273,1389.92864440198,1296.269651496618,93.65899290536198,187.31798581072397,2.5014244235557355,2.3328683661763256,0.1685560573794101,0.3371121147588202
Siltcoos (17100207),2018,555.6548626107273,1441.0291860003495,1279.779619548199,161.24956645215096,322.4991329043019,2.5933889595237556,2.3031916134688246,0.2901973460549321,0.5803946921098642
Siltcoos (17100207),2019,555.6548626107273,1414.2680622965893,1414.2680622965893,0.0,0.0,2.545227545839686,2.545227545839686,0.0,0.0
Siltcoos (17100207),2020,555.6548626329999,1401.1202821359384,1401.1202821359384,0.0,0.0,2.521565771055536,2.521565771055536,0.0,0.0
Siltcoos (17100207),2021,555.6548626329999,1472.7249638186038,1472.7249638186038,0.0,0.0,2.6504311630425024,2.6504311630425024,0.0,0.0
Siltcoos (17100207),2022,544.9764936629999,1297.8632887468511,1297.8632887468511,0.0,0.0,2.3815032461738026,2.3815032461738026,0.0,0.0
Siltcoos (17100207),2023,544.9764936425414,1378.6524798184364,1378.6524798184364,0.0,0.0,2.529746687978649,2.529746687978649,0.0,0.0
Siltcoos (17100207),2024,555.6548626107273,1450.9033954027366,1450.9033954027366,0.0,0.0,2.61115935994101,2.61115935994101,0.0,0.0
Silver (17120004),1985,18699.653087745995,40247.293238837476,10836.358321974307,26947.89618320425,51055.73689453142,2.152301598857563,0.579495152724274,1.441090701349074,2.730303960985703
Silver (17120004),1986,18154.00775438744,38522.4929998775,11450.856559862645,24821.283462883326,47082.52452349902,2.1219828437369386,0.6307619074964433,1.3672619180679013,2.5935058065688095
Silver (17120004),1987,13578.29707946621,29551.609942198033,9013.261271346208,18105.130913194793,34066.46240064566,2.1763855783423294,0.6637990919330022,1.3333874496363973,2.508890636379041
Silver (17120004),1988,10749.842387147017,20515.44180777948,6678.525319852275,11749.144380062946,21860.579295172603,1.908441172338363,0.6212672780986457,1.0929596878658183,2.0335720755599236
Silver (17120004),1989,18549.51012710599,39406.48631237467,15727.534395356,21894.457119999963,41892.967877486226,2.1243949863015974,0.8478679106664764,1.1803253546844925,2.25844065910231
Silver (17120004),1990,5376.105178892201,11084.304292942086,2664.200017525631,6424.436739925059,11281.52561088961,2.0617722168944086,0.4955632244670138,1.1949983354397238,2.0984570121848467
Silver (17120004),1991,9424.35395696711,19250.471193368314,6743.6598534426485,10257.844618936495,18732.223210901757,2.042630325778149,0.7155567250800556,1.0884400846758533,1.987640033092523
Silver (17120004),1992,6391.313046156047,13600.194974227563,4271.588951205344,7079.15398612677,12366.782747319165,2.12791876661513,0.6683429399181788,1.1076212250915192,1.9349361638227014
Silver (17120004),1993,18946.94574296955,36529.61860345899,17162.998602504176,17963.404482325226,34036.880942468866,1.9279951026942517,0.9058451338455262,0.9480897198953938,1.796431013431206
Silver (17120004),1994,7454.6331478766015,15254.133601375079,4308.079925316257,8782.169170015988,15773.783934358971,2.0462621431237173,0.5779063623732286,1.1780820056205616,2.1159705141026315
Silver (17120004),1995,18498.378327887072,39185.73096341021,15044.929255876235,22268.16802680669,42176.25326492296,2.1183333084033698,0.8133107123879816,1.2037902799964093,2.2799973336765693
Silver (17120004),1996,18856.67493709992,39727.40240015626,14957.079131849396,22933.044766266135,43479.82613727417,2.106808466109464,0.7931981211821076,1.2161764914951196,2.3058055718895045
Silver (17120004),1997,18368.757978429538,38358.654517488714,13050.060359938718,23203.367047382984,43795.3770276363,2.0882552082472503,0.7104487072704331,1.2631973851814442,2.3842318070206643
Silver (17120004),1998,19435.34578566127,41253.92604237678,18273.118884594052,21214.7203758991,40278.71613560294,2.122623723670124,0.9402003486902369,1.0915535339510447,2.072446591885141
Silver (17120004),1999,18799.960060444802,37668.92237073448,10487.855971332363,24926.549170905484,47007.215409817676,2.003670340235991,0.5578658644812154,1.3258830918131073,2.500389110332264
Silver (17120004),2000,16729.97802544554,36681.356670562935,11179.874753861166,22876.249626132645,42654.13030986243,2.192552591209161,0.6682540011025169,1.3673807336350894,2.5495628413251605
Silver (17120004),2001,11848.524785472264,23768.79266508306,5876.309972153769,14889.951356528853,27366.61374759716,2.006055023341513,0.49595287840042684,1.256692425945359,2.309706418570518
Silver (17120004),2002,12770.62191548385,25922.656653966722,5003.237917972136,17818.215125885617,33145.98047923203,2.029866425106249,0.39177715471365704,1.3952503835605508,2.5954867898049585
Silver (17120004),2003,11018.82142701491,24876.212090992976,7459.580072418982,14586.055320631971,26904.855304289715,2.2576109664508968,0.6769852948274745,1.3237400585212546,2.441718062362543
Silver (17120004),2004,16593.62360749796,36973.74676498436,12219.478437223179,22117.69902302291,41085.32109061101,2.228190034892528,0.7363960233316195,1.3329035023446507,2.4759704126376763
Silver (17120004),2005,19248.663809218826,43604.50432269184,17527.056976109317,23548.122872399406,44496.97113802543,2.265326297704269,0.9105596705219106,1.2233640270199653,2.311691428509149
Silver (17120004),2006,19428.43494956761,44165.943571035255,13810.821871633223,27945.68798859432,52735.22218355308,2.2732630644558527,0.7108561192645416,1.4383911036136374,2.7143319737510163
Silver (17120004),2007,10767.787251825263,24755.96171752287,5941.612958543107,15532.11336606813,28342.36319306952,2.2990760439965467,0.5517951664150809,1.4424610184822568,2.6321436828411673
Silver (17120004),2008,15714.147337735538,31192.305131391688,8502.184013199121,19714.18083784631,37062.925154425706,1.984982351316467,0.5410528379597283,1.2545498278805873,2.3585705516088535
Silver (17120004),2009,16295.640511240268,34829.07002300392,14107.73684499093,18116.3200376883,33861.54830154797,2.137324396606554,0.8657368720953199,1.1117280124823679,2.0779513562655754
Silver (17120004),2010,18536.564121803705,38363.905286233945,11371.751261787616,24197.44792961246,45356.199010037984,2.069634104472913,0.6134767579937617,1.3053901343642276,2.4468503824118937
Silver (17120004),2011,19595.31515463696,44396.05428243541,14501.487795052702,27566.935334517064,52173.493602209535,2.26564635128768,0.7400487147368552,1.4068125527439517,2.6625493486826315
Silver (17120004),2012,14129.107398822525,29023.81674943963,8285.20854064353,17629.130043667974,31710.365858721743,2.0541861513387873,0.5863929197207457,1.2477171802896148,2.2443290268544764
Silver (17120004),2013,14066.645494600478,28046.105913229396,9827.942586632595,15463.24624846439,28703.425503074657,1.9938019994884333,0.6986699558473325,1.099284563217293,2.040530950615948
Silver (17120004),2014,13244.374568120544,29520.611112923274,9131.814063787313,17321.594082587853,32140.394462142827,2.228916961015278,0.6894862431456567,1.3078453794474563,2.426720438691409
Silver (17120004),2015,10131.707443318159,22832.11290755289,7856.514791549035,11735.339093099528,20821.417483785397,2.253530615178849,0.7754383785262563,1.1582785190702443,2.0550748825181566
Silver (17120004),2016,14187.53217657803,31230.18843969837,8640.903143315905,19517.616707854737,36178.88759824548,2.201241769957413,0.6090490605252007,1.375687925492501,2.5500479680301713
Silver (17120004),2017,18477.820707304032,39283.207314564774,11193.918427686625,24883.840079010435,47091.80238870424,2.125965390444375,0.6058029572319543,1.3466869536824866,2.5485582490845085
Silver (17120004),2018,10592.431135363624,22944.966967414573,5772.929607858821,13832.295746481272,24942.31189324773,2.1661662628904033,0.5450051583139837,1.3058660065583167,2.354729672017971
Silver (17120004),2019,19369.774724041028,42427.13334931733,16567.66274146784,22988.873101284993,43095.87062489805,2.1903782544594277,0.8553358507006634,1.1868425641911093,2.2249030377936765
Silver (17120004),2020,12661.50292062599,26098.941002358402,7471.654128294113,15239.65381861751,27730.12938524358,2.061283021926441,0.5901079970626988,1.2036212378699238,2.190113571752238
Silver (17120004),2021,8611.260525211997,19466.48078240695,5006.453918313456,10911.396030104235,18949.45404518626,2.26058435062011,0.5813845607917203,1.2671078755726777,2.200543577761486
Silver (17120004),2022,8190.705106751999,18726.28899687575,5469.969175204573,9838.831790726748,16905.422599259793,2.2862853384183928,0.6678264085829936,1.2012191456650194,2.063976468316974
Silver (17120004),2023,18751.821076745797,39930.72807046391,19697.42893537427,17542.582710256538,32107.661682451282,2.1294320112718097,1.0504275213995684,0.935513550308517,1.712242323081256
Silver (17120004),2024,17463.72657848739,39813.8233273253,10888.397811034562,25634.741411489114,47262.85980684237,2.2798011150936004,0.6234865028434071,1.4678849497716686,2.706344467455354
Silvies (17120002),1985,78602.51226187004,169995.27464187154,50755.06329363855,114457.53095664467,224957.3591163183,2.1627206274975004,0.6457180799074759,1.4561561413625177,2.861961439182202
Silvies (17120002),1986,74566.91644566432,163256.6201028557,48723.16643361881,109853.5777320472,215593.5874966877,2.189397495359998,0.6534153315716438,1.4732214092840448,2.8912766917723784
Silvies (17120002),1987,67808.4990838795,141402.2973322469,46872.967012528774,90036.93567391502,176750.84642479793,2.0853182011495557,0.691255043922247,1.3278119541112217,2.6066178843769436
Silvies (17120002),1988,52421.153329506924,99447.10230924631,33072.450237746605,63358.324864805036,123777.4935342239,1.8970796327991,0.6308989432159388,1.2086404216738547,2.3612127103764387
Silvies (17120002),1989,74760.65937174973,151336.01712330437,67403.86881819842,80706.97200967514,158273.64093799063,2.024273440002465,0.9015954297972488,1.0795379908082028,2.1170712279431614
Silvies (17120002),1990,33302.34003669175,63605.54966941268,23221.752277760035,37815.41948505928,73966.8264225211,1.909942352379249,0.6973009179587634,1.1355183882992945,2.2210699410619843
Silvies (17120002),1991,54695.668251738214,96899.8197325382,43669.11659098038,50223.721527137,98567.35537648117,1.7716178050253322,0.7984017379583362,0.918239471834973,1.8021053316840812
Silvies (17120002),1992,17248.92028346868,32456.958081169443,14918.719769088633,15720.992081652239,30700.538005947317,1.8816805659584448,0.8649074564618804,0.9114189075776062,1.7798527386882663
Silvies (17120002),1993,74079.30670871744,131874.00830109578,71871.31156942518,57014.07360192192,111899.41010461595,1.7801733596080918,0.9701941711202268,0.7696356261284052,1.5105353313390006
Silvies (17120002),1994,39488.86163504605,79356.40437997908,24838.62838187586,51875.58784177834,101833.25084456548,2.009589567645346,0.6290034038315193,1.3136764569515766,2.5787841590801714
Silvies (17120002),1995,76472.80800739613,155990.05579230055,62800.68590399112,88657.76120263666,174469.3031768859,2.039810749164773,0.8212159006625898,1.159337070427204,2.2814554313215747
Silvies (17120002),1996,74440.1540910915,159277.54434763486,65193.857205708366,90181.332737017,177668.67331085887,2.1396724159481035,0.8757888534987641,1.2114608552081072,2.3867316702951458
Silvies (17120002),1997,75296.00525462438,160377.59163275655,61626.99194824397,94863.84367270295,186268.55882234868,2.129961491189558,0.818462968119535,1.2598788388827147,2.473817278784638
Silvies (17120002),1998,80079.94261192615,165324.51472403258,74957.76404780446,86786.95264853872,170916.60014574544,2.064493421595074,0.9360366853789572,1.0837539316070102,2.134324708173444
Silvies (17120002),1999,74728.01806790802,147403.3438785734,44350.57705460133,98895.00056920742,194274.98255345202,1.9725311561805734,0.593493286738829,1.3233992166009005,2.5997609407613007
Silvies (17120002),2000,67850.18380161404,146517.49336512634,51038.4808586694,91232.32851919119,179530.433239308,2.1594266243040146,0.7522231775804752,1.3446143165351443,2.6459830052079725
Silvies (17120002),2001,48241.815698042345,87184.42310221384,32145.436162711187,51297.08743118143,100113.45947881936,1.8072375975216826,0.6663396826503702,1.0633324365787309,2.0752423603923758
Silvies (17120002),2002,50068.12252469335,94929.7360465116,24026.7911751357,66229.37453125205,129573.25638722202,1.896011499126869,0.4798820080238839,1.322785261192649,2.5879391887186727
Silvies (17120002),2003,44823.16674652455,95721.14439878217,36450.40897979207,55681.334733482414,109033.48867054579,2.1355283739787105,0.8132046802029739,1.2422445528750994,2.432525334212356
Silvies (17120002),2004,62100.854463186435,136918.57580579806,55745.31438192731,77027.73459004478,151212.39200676105,2.2047776474148804,0.8976577675750548,1.24036513274881,2.434948654311998
Silvies (17120002),2005,71753.62220197778,152575.79354309355,60457.71490552634,87647.22363575936,172558.2732401977,2.126384548415007,0.842573699420291,1.2215024265819365,2.4048719485473082
Silvies (17120002),2006,79317.43413691797,183489.5683268718,64411.641841521814,114152.04196187346,224901.23265814575,2.313357338440016,0.8120741996057798,1.4391797112955507,2.835457741483677
Silvies (17120002),2007,45056.7125405838,97141.70146470332,27808.010440194852,65330.8213087286,127936.96286389098,2.155987332125156,0.6171779713210861,1.4499686644888563,2.839465101868111
Silvies (17120002),2008,61965.06826266113,119473.78780286865,36220.89422583962,78860.73677607354,155062.58525092085,1.9280828885144807,0.5845373085413929,1.272664405722819,2.5024193404198725
Silvies (17120002),2009,62714.54276007656,133185.84672834908,53277.19908450438,75926.45094461758,149130.30949669148,2.1236836125533203,0.8495190547481771,1.2106673763864477,2.377922295745833
Silvies (17120002),2010,70346.30210489535,147942.91432744756,51232.577928333834,92495.13051943104,181731.0699865238,2.1030659736292283,0.7282909889412452,1.3148541963372709,2.58337772631658
Silvies (17120002),2011,81493.15831996322,176517.63248102815,64783.24555571896,107147.9491365102,210506.31523895933,2.166042353984788,0.7949531824667193,1.3148091366862926,2.5831164183434527
Silvies (17120002),2012,67935.1327871863,135208.47239596292,43714.8951439036,87583.99770995732,171737.2295163938,1.990258454627846,0.6434799396189442,1.2892298007913383,2.5279589877946966
Silvies (17120002),2013,57720.31036864487,106977.31740889711,44684.556821475875,58070.48495954317,113710.96727208186,1.853373911638041,0.7741565583429305,1.0060667482323264,1.9700338848810581
Silvies (17120002),2014,46860.21493448514,101298.34574033137,34322.74518269702,62511.91299822754,122539.65877063207,2.161713211984958,0.7324495892877007,1.3340082431466629,2.6150041979524357
Silvies (17120002),2015,40676.124787634224,89361.13341575673,37351.66529779218,49078.081958900904,95974.94456541765,2.196893973609871,0.9182700046477215,1.20655746374888,2.35949085775729
Silvies (17120002),2016,56684.918074817,120220.67720565991,38078.28400399863,77922.89719890816,153017.66849474076,2.1208582686312374,0.6717533569289112,1.3746671927100556,2.699442350658011
Silvies (17120002),2017,77083.48178710078,168477.20973490836,58028.4896808813,105623.92885123688,207196.43581368134,2.1856460791461223,0.7528005784838826,1.370253735332854,2.687948585222752
Silvies (17120002),2018,50308.34542106708,101016.07573835464,32178.516228699475,65113.0962419524,127525.96777439234,2.0079387404391404,0.6396258107750136,1.2942802172676044,2.534886939871206
Silvies (17120002),2019,80017.58215531017,183807.63652222225,75917.16899266568,102544.14813539929,201409.74694745964,2.2970906089796705,0.9487560976950568,1.2815202031019404,2.5170686431956075
Silvies (17120002),2020,60777.91475680898,127924.73024545063,39318.697798686626,84317.66778204004,165370.33658464497,2.10478972102476,0.6469240999138052,1.387307677787578,2.7208952009351135
Silvies (17120002),2021,35443.48795219499,69168.73915846161,25142.39824060197,40418.075213664444,78595.85226976796,1.9515217929949256,0.7093658015405597,1.140352644417474,2.2174976790031344
Silvies (17120002),2022,31398.640751632993,63327.81645881971,28910.71037031885,31364.38212561745,60764.09729785519,2.01689674912205,0.9207631183466198,0.9989089137237968,1.9352461075785563
Silvies (17120002),2023,76015.15989620828,165149.65768048595,74997.22989419485,86017.58898470052,168759.67383403573,2.172588440331937,0.9866088553467056,1.1315846615615837,2.220079179790736
Silvies (17120002),2024,71708.91815002786,173502.5241598777,49589.0298242031,118464.35221197373,232383.85016368152,2.419539000670453,0.6915322543348652,1.65201700525066,3.240654804992219
Siuslaw (17100206),1985,2333.1046334119983,5033.4392140075815,3362.0304105552195,1671.4088034523609,3166.763863555297,2.1573996904916077,1.4410114156082623,0.7163882748833451,1.3573175494166037
Siuslaw (17100206),1986,2176.0691976932826,4971.359032293617,3941.515398878436,1029.843633415176,1933.2870126732564,2.2845592583009076,1.8113005795296375,0.473258678771268,0.8884308526229843
Siuslaw (17100206),1987,2000.1989506381178,5005.787854072482,3393.1330124420033,1612.6548416304784,3014.4733380756848,2.502644975628799,1.6963977565129218,0.8062472191158773,1.507086751102427
Siuslaw (17100206),1988,2385.8040707106265,5167.677108437421,4337.930284146375,829.7468242910468,1577.179916083933,2.1660106845648044,1.818225703192088,0.34778498137271663,0.661068499063362
Siuslaw (17100206),1989,2181.870215302655,4890.7071649666095,3487.028622379038,1403.6785425875742,2632.385876988543,2.24152065996657,1.5981833373601186,0.6433373226064525,1.2064814206299594
Siuslaw (17100206),1990,2498.0100612021442,5749.163639794664,4363.543425163071,1385.6202146315975,2595.1144354934604,2.301497391498869,1.7468077862997704,0.5546896051991002,1.0388726914272657
Siuslaw (17100206),1991,2188.3864715078116,4774.76911789063,4149.224371174349,625.5447467162793,1171.4185947851033,2.181867407817041,1.8960199330402128,0.2858474747768273,0.5352887207249041
Siuslaw (17100206),1992,2064.9712674618922,4859.0582975569405,3316.112549253056,1542.9457483038832,2898.016590605888,2.3530876066519464,1.6058879857098316,0.7471996209421143,1.403417391936844
Siuslaw (17100206),1993,2528.434510015875,5236.213523248014,4456.369505194764,779.8440180532441,1464.0342232587614,2.070931045477282,1.762501455956945,0.3084295895203344,0.5790279390109928
Siuslaw (17100206),1994,1926.812880487699,4286.495802828153,3067.493627617006,1219.0021752111438,2281.1957998957087,2.2246559830673283,1.5920039037940141,0.6326520792733128,1.183921813579693
Siuslaw (17100206),1995,2495.964268090583,5903.2594113193945,4855.281263495194,1047.9781478241996,1976.8510800055597,2.3651217634759645,1.9452527127760098,0.4198690506999544,0.7920189825144629
Siuslaw (17100206),1996,2182.4494836497656,4944.995168065968,4278.373826980784,666.6213410851848,1263.9166725622629,2.2658005168561,1.9603541154253663,0.30544640143073415,0.5791275729546707
Siuslaw (17100206),1997,2277.0185853258117,5278.409147954089,4594.2545997511515,684.1545482029358,1285.5268791616265,2.318122997313532,2.0176623192092977,0.30046067810423344,0.5645658263161187
Siuslaw (17100206),1998,2307.23955191829,4716.652525409623,4096.0852661952795,620.5672592143432,1174.2276160753186,2.0442838375790213,1.7753185891728076,0.2689652484062133,0.5089318164206399
Siuslaw (17100206),1999,2055.0278383575933,4529.207024506763,3316.5171273293536,1212.6898971774121,2271.246964214094,2.2039638295735053,1.6138550852819395,0.5901087442915668,1.1052146943319785
Siuslaw (17100206),2000,2315.4276526381336,5578.85397591861,4045.876072787254,1532.9779031313515,2883.357039196432,2.40942703157329,1.747355858075503,0.6620711734977853,1.2452805579613837
Siuslaw (17100206),2001,2237.996355025097,5150.403442005215,3850.749654570036,1299.6537874351782,2414.6708324145015,2.3013457687009766,1.7206237382486058,0.5807220304523704,1.0789431479603206
Siuslaw (17100206),2002,2166.4255725311277,4961.271867781572,3833.1901924504555,1128.0816753311196,2116.6089977520933,2.2900726111652685,1.7693615885321994,0.5207110226330709,0.9770051759863453
Siuslaw (17100206),2003,2188.2422404486456,4899.589169843977,3388.068507520335,1511.520662323642,2844.6436427023455,2.239052459219248,1.548305962152387,0.6907464970668611,1.2999674305341629
Siuslaw (17100206),2004,2249.923344134603,5431.450630964586,4256.635171028524,1174.8154599360596,2212.447313944208,2.414060303487231,1.8919023095276921,0.522157993959538,0.9833434191044362
Siuslaw (17100206),2005,2313.4810692402934,5240.521286784188,4514.510233748142,726.0110530360482,1363.9539168753377,2.265210360465618,1.9513927707351537,0.31381758973046514,0.5895677881311716
Siuslaw (17100206),2006,2289.6106826367445,5149.1599395130015,4215.656291298915,933.5036482140844,1762.4533256066338,2.2489237923991356,1.8412109636229124,0.4077128287762223,0.76976113842069
Siuslaw (17100206),2007,2266.8787426534627,5017.5148341065815,3579.270877237537,1438.2439568690434,2696.870163732785,2.2134023932102345,1.5789423624167354,0.6344600307934986,1.1896843501104086
Siuslaw (17100206),2008,2017.1965399393614,4357.519449162935,3204.100443944796,1153.4190052181389,2156.3256107856237,2.1601858633437505,1.5883927919294933,0.5717930714142567,1.0689714998472308
Siuslaw (17100206),2009,2157.9893282900734,4807.918595572333,3498.5571812712296,1309.3614143010996,2443.9571990051472,2.2279621741141717,1.6212115302921273,0.6067506438220427,1.1325158873429955
Siuslaw (17100206),2010,2242.7367416689376,4789.616983622666,4609.497119878052,180.11986374461833,346.20130965188696,2.135612662259442,2.0553001314135,0.08031253084594393,0.15436555848024341
Siuslaw (17100206),2011,2447.4557748665434,5259.732345680935,4317.2585325325035,942.4738131484297,1773.2244669471195,2.1490612413487806,1.7639781592245187,0.3850830821242609,0.72451747041019
Siuslaw (17100206),2012,2447.5895614623755,5127.5515068989935,4059.1426012601623,1068.408905638834,1983.9517370473513,2.094939277251781,1.6584245435476213,0.43651473370416144,0.8105737041393444
Siuslaw (17100206),2013,2268.128463269132,5135.96766995859,4068.2118551236163,1067.7558148349776,1998.047009073969,2.2644077498837705,1.793642609316741,0.4707651405670313,0.8809232111104124
Siuslaw (17100206),2014,2282.845329558952,5548.069805509894,4391.837429176111,1156.23237633378,2171.901512648817,2.430331014402008,1.9238436228286295,0.5064873915733771,0.9514010802774933
Siuslaw (17100206),2015,2100.1240006685616,4856.6329239172555,3674.8130699234143,1181.8198539938403,2226.9837823154294,2.31254579366322,1.749807663144443,0.5627381305187766,1.0604058529908151
Siuslaw (17100206),2016,2231.477453150035,5196.331679688835,3907.0292168727487,1289.3024628160865,2418.3262548885887,2.3286507655963553,1.7508710255429394,0.5777797400534161,1.0837332241357809
Siuslaw (17100206),2017,2377.364658950355,5521.727384956549,4155.248848547982,1366.478536408569,2571.492037852634,2.322625333967268,1.7478382346200902,0.5747870993471785,1.081656542748469
Siuslaw (17100206),2018,2402.209612935569,5486.557088598213,3968.2404227549277,1518.3166658432856,2837.424457356621,2.2839626729715246,1.651912639674114,0.6320500332974103,1.1811727178500493
Siuslaw (17100206),2019,2627.0247329454533,5788.295973270802,4465.678307062424,1322.6176662083815,2454.728090255914,2.2033656176433833,1.6998996054580153,0.503466012185369,0.9344137721549511
Siuslaw (17100206),2020,2988.418246753999,6815.629297090966,5911.132957403575,904.4963396873845,1696.9549226147376,2.280681194640027,1.9780139422666858,0.3026672523733392,0.5678438499891906
Siuslaw (17100206),2021,2792.223788449998,6400.568469377834,4792.33815565808,1608.2303137197475,3039.128679996541,2.2922834823819325,1.7163159254933404,0.5759675568885896,1.0884258964370486
Siuslaw (17100206),2022,3085.1319276270006,6848.553026385052,5856.274160810799,992.2788655742513,1893.2466727072426,2.2198574281563292,1.8982248727740099,0.32163255538231883,0.6136679782648635
Siuslaw (17100206),2023,2946.074859727604,6377.0240525228355,4192.4183424588055,2184.6057100640332,4123.666137511591,2.1645831678263803,1.4230522108479076,0.7415309569784739,1.399715327631854
Siuslaw (17100206),2024,3284.1292769107176,7796.336186539383,6359.30132411028,1437.0348624291116,2707.312124838498,2.3739431457074565,1.9363736284133994,0.4375695172940596,0.8243622271122
Sixes (17100306),1985,5515.184262074999,11086.14119712326,9556.444532455665,1510.3412042950317,2898.3788477928183,2.010112567472456,1.7327516322836705,0.27385144947574064,0.5255271102587513
Sixes (17100306),1986,5601.562964028888,11647.095043002942,11529.43257754358,112.82519757247137,192.27087438015647,2.079258078110729,2.0582527861565105,0.020141735136602404,0.0343245047167812
Sixes (17100306),1987,5559.300034044207,12380.046202188194,10914.072491040552,1437.4622326690146,2706.131869763245,2.226907367182001,1.963209832929439,0.25856892484058075,0.4867756467885083
Sixes (17100306),1988,5681.717701320762,10512.004870935645,10380.95309840502,125.65471848523316,231.40211330386614,1.8501455763090875,1.8270800564399534,0.022115621558604307,0.04072749218956704
Sixes (17100306),1989,5509.1357708558135,11488.854790980773,11341.989710349933,140.64434887142923,258.99351382960526,2.085418706098805,2.0587602451823437,0.02552929437961209,0.04701164113611454
Sixes (17100306),1990,5740.6367866898745,11196.723652977493,11023.725565803448,166.60600234319455,294.48100387134417,1.9504323420945202,1.9202966457245367,0.029022216268669687,0.051297619900656656
Sixes (17100306),1991,5669.000679058595,12060.576986214317,11717.080078965559,325.62532127315995,592.4926369108199,2.1274608469824914,2.0668687026707713,0.057439633492376636,0.10451447626377959
Sixes (17100306),1992,5428.925786784237,12500.02766010513,11553.470982015304,920.7201447233119,1724.4427700149981,2.3024863759483036,2.1281320533318384,0.16959527186108214,0.31763977584899944
Sixes (17100306),1993,5686.869684607914,10755.611147680424,10566.13322860557,185.83747083466295,364.2639753624352,1.8913060689242747,1.8579875774547594,0.032678341713658535,0.06405351196078088
Sixes (17100306),1994,5412.4494018575015,11129.017278319054,10742.797544257763,373.8116293917038,699.7961727909752,2.0561886961011924,1.9848310342764472,0.06906514992332587,0.12929380412328875
Sixes (17100306),1995,5532.5817871972085,12337.521920908302,12122.881549033253,206.31046248234378,381.1752579960128,2.2299755151307865,2.1911798171852555,0.03729008813927722,0.06889645244433254
Sixes (17100306),1996,5600.582482408279,12382.253122349168,11735.717786542722,629.4718319772169,1199.2308635592053,2.2108866642429548,2.0954459332409123,0.11239399365234252,0.21412609622767842
Sixes (17100306),1997,5603.766220779446,12376.62721414673,12211.562476204494,159.6297443117616,295.875548092333,2.2086266140533652,2.1791705783375717,0.028486153423002397,0.05279940961762298
Sixes (17100306),1998,5668.6364980697235,11251.8890740485,10740.256351596137,499.343389240369,963.6918781249318,1.9849374850336547,1.894680732351315,0.08808880043911878,0.17000417621646527
Sixes (17100306),1999,5660.025153400457,12367.87876393181,11420.441124240242,927.8392417570473,1770.6748191184163,2.185127879953215,2.017736814716983,0.16392846614817877,0.3128386837741563
Sixes (17100306),2000,5650.999137029459,12862.352809629305,12260.290416785612,585.5703701976223,1077.6528851564985,2.276120115705877,2.169579240677505,0.10362244905693563,0.19070130060628263
Sixes (17100306),2001,5541.911840548917,13441.959119749314,13149.512274214863,277.4727322749592,493.47614189432204,2.4255093741112113,2.37273934565376,0.05006805237224343,0.0890443868636936
Sixes (17100306),2002,5720.864883659731,13631.351296114206,12203.99619765525,1383.4009739079406,2615.076356710937,2.3827430945011248,2.1332432151147316,0.2418167535925016,0.457112064327943
Sixes (17100306),2003,5643.699343629823,12685.997694739493,11263.938383436775,1385.9334441344768,2623.5327644814147,2.2478160019382463,1.995843098224332,0.24557180667301365,0.46486047621276255
Sixes (17100306),2004,5637.302187812247,13313.642064957587,12669.506301622383,621.1739526463791,1155.2668649904183,2.361704521311889,2.247441396527162,0.11018993340278029,0.20493257705575654
Sixes (17100306),2005,5736.303511050736,13543.973604604216,13485.948563758646,53.03645794339954,94.0758323833462,2.3610978007897154,2.3509823944598747,0.009245755187330507,0.01640007928487627
Sixes (17100306),2006,5683.643504054477,13431.016389187622,12486.236742497485,911.2860213008815,1696.232073347898,2.3630997228461794,2.1968719068305953,0.16033483110803973,0.29844096874441123
Sixes (17100306),2007,5683.563372424089,12543.548743767224,11825.050208296268,696.8723965320112,1313.605268510988,2.206986695112241,2.080569782272487,0.1226118811154892,0.2311235368438804
Sixes (17100306),2008,5639.207490355364,13126.987774873956,12032.562881131582,1062.4668508773427,2014.6200292389583,2.3278071958382114,2.133732958347544,0.18840712151387598,0.3572523324748251
Sixes (17100306),2009,5779.155264745525,13805.214734275016,13010.665974569038,760.4982236765946,1397.6745782615126,2.3887945732295366,2.25130929669562,0.13159331923747544,0.2418475563007835
Sixes (17100306),2010,5760.424967787729,13108.854446855155,12970.714494909707,130.356543786331,231.36803012296411,2.2756748885993328,2.251694027340324,0.022629674809633703,0.04016509743929886
Sixes (17100306),2011,5775.882697319985,12660.62130315491,12077.813404341654,559.5330824367052,1041.2842448752112,2.191980337313542,2.0910766435658,0.09687403843854535,0.18028140449569174
Sixes (17100306),2012,5800.38422530597,12789.4839616662,12638.333791635181,141.15160006047532,250.15217829385972,2.204937373953284,2.1788787260844793,0.02433487068747236,0.04312682894393331
Sixes (17100306),2013,5708.739973090698,14401.55307636159,13488.982941801976,880.9127064945419,1655.497381093689,2.522720100100237,2.362865186605981,0.15430948171521253,0.2899934817310319
Sixes (17100306),2014,5715.942490496604,15032.894537552003,13720.570888836917,1281.964934417323,2430.233456878373,2.6299940145559337,2.4004039424205033,0.22427883705071103,0.42516758363452906
Sixes (17100306),2015,5671.8281055914895,13808.044401337507,12245.116525245729,1524.335619408705,2911.6046761411335,2.434496276028719,2.1589364658590515,0.2687556094843497,0.5133450136245791
Sixes (17100306),2016,5707.90396982136,14255.774037437748,13004.137764085039,1217.369504339887,2297.2486337652863,2.497549733283952,2.278268490997761,0.2132778530921898,0.40246798928489735
Sixes (17100306),2017,5804.230794652109,13752.748188397685,13019.165840820937,709.9308472764399,1346.1723444130919,2.3694351025926066,2.2430475805366856,0.1223126495815009,0.23192949971138735
Sixes (17100306),2018,5791.135609454692,13738.27778278318,12255.9319135704,1435.9625622417916,2708.8814380225663,2.372294263037783,2.116326181960096,0.2479587181307615,0.4677634268484418
Sixes (17100306),2019,5814.733326817165,13592.300122392922,13267.765353437622,315.65816806707,590.9658333082245,2.337562078677991,2.2817495846709885,0.05428592341651773,0.10163249113811106
Sixes (17100306),2020,5755.897095997998,13806.464568624295,13621.01893912144,180.15163493617527,334.3594530698274,2.3986642461387566,2.366445874890981,0.03129861982095413,0.05808989415434534
Sixes (17100306),2021,5850.766781367998,13565.068114556989,13284.376458938084,272.075744107313,515.5039125807704,2.3185111663919837,2.27053597508667,0.0465025789395245,0.08810877818996533
Sixes (17100306),2022,5852.094284220997,13008.959088950573,12896.479755333177,108.03616433995244,198.48654200814292,2.222957877494666,2.2037375218143627,0.01846111137191524,0.033917181160823436
Sixes (17100306),2023,5802.554018127031,13167.322446756129,12595.093053389666,554.693599260037,1059.2846965712292,2.2692287578231496,2.1706119432999533,0.0955947325138531,0.18255490483363893
Sixes (17100306),2024,5856.163026200943,14108.959292505375,13785.844066173739,315.2299263659799,602.066575179685,2.409249747553263,2.3540745031336674,0.05382874844085042,0.10280905304138406
South Santiam (17090006),1985,9637.923183292996,17086.7868427122,11810.265866504105,5039.470129719565,8401.665120108564,1.7728702042709314,1.225395309953994,0.5228792587240486,0.8717298281306659
South Santiam (17090006),1986,13381.580188141947,27419.147521690225,20005.482341081602,7089.134194836821,11843.91620962343,2.049021650371877,1.495001491588371,0.529768091299026,0.885091001443827
South Santiam (17090006),1987,8986.140184230935,19227.07294028023,13017.38406433313,5824.809844677461,9508.465650528591,2.1396364341188776,1.4486068320162981,0.6481993075179217,1.058125675272042
South Santiam (17090006),1988,3040.898074279817,4617.3355681910825,4404.476541251039,178.69914287215778,266.9019711858115,1.518411816313382,1.4484130785258762,0.058765252404745436,0.08777077187929835
South Santiam (17090006),1989,11686.07926760992,20130.53441586512,17841.379770164316,2136.5630665893036,3563.80771718263,1.7226080668184864,1.5267207556613895,0.18282975989313832,0.3049617956178311
South Santiam (17090006),1990,13415.481884345052,28386.244962631416,20074.39016121689,7812.336608389469,12788.225382612476,2.115931817235445,1.4963599767998141,0.5823373827149608,0.9532438337183742
South Santiam (17090006),1991,13578.44214157691,27078.774342087243,24639.63476665732,2255.16225826827,3630.4671042514847,1.9942475034873546,1.814614262059656,0.16608402015154666,0.26736992847913454
South Santiam (17090006),1992,14907.592510163018,32953.2767831761,21713.1477128515,10544.136996601856,17328.69140416582,2.210502920623214,1.4565160469773306,0.7072997862943702,1.1624071017739621
South Santiam (17090006),1993,9619.248526406056,13696.419316701546,13587.09651385008,81.98078990047317,119.3825354628789,1.4238554372623953,1.4124904327559245,0.008522577379659701,0.012410796449967867
South Santiam (17090006),1994,9410.349597933206,17271.470340320335,15317.508642146458,1793.2733293113279,2756.4749511450837,1.8353696810704745,1.6277300309343068,0.19056394352290423,0.2929195055357442
South Santiam (17090006),1995,14216.942427329639,30247.452953374996,27882.07302458241,2225.8312377242964,3599.3241292431917,2.1275638631854794,1.9611863216793994,0.15656188024265447,0.2531714640923147
South Santiam (17090006),1996,13913.78836689416,26645.383421828486,25264.14886270279,1251.9697592971572,1997.5745713184685,1.9150344046648942,1.8157634855806177,0.08998050899466299,0.14356798584571023
South Santiam (17090006),1997,11437.103260804428,22479.067411615328,21221.29393441092,1155.2263645780872,1852.2833550233945,1.9654511198348894,1.8554780393683639,0.10100690168087495,0.16195388926593587
South Santiam (17090006),1998,5356.069312479599,10077.770038033854,9562.300471025763,455.1048151498074,676.6299002926264,1.881560795815829,1.7853205239046626,0.08496992637668388,0.12632956386805602
South Santiam (17090006),1999,15263.834009446753,30083.94338704769,27486.12296263675,2403.344429934539,3795.9874967573955,1.9709296739226072,1.8007351852506814,0.15745352238809165,0.2486916127630887
South Santiam (17090006),2000,16783.404454421736,34995.84103923068,28093.533245869126,6482.917773668299,10798.323720370086,2.0851455456649455,1.6738876383609784,0.3862695313858278,0.6433929272034657
South Santiam (17090006),2001,16812.580584183233,35269.971472143014,26304.502575347597,8327.066163775344,13856.401012651626,2.0978321142040466,1.564572579660619,0.4952878067754331,0.8241686006065784
South Santiam (17090006),2002,16080.048524820844,33884.81380995914,25357.316561024287,7930.894831025909,13086.086367599297,2.107258181320486,1.576942788567039,0.4932133642994881,0.8138088854271722
South Santiam (17090006),2003,16781.267341959672,34079.71223134586,22643.379338497798,10687.981393740334,17827.11095010036,2.0308187419273973,1.349324748666662,0.6368995366050952,1.0623220872910875
South Santiam (17090006),2004,13999.750938091684,30951.271828425553,22878.173182751325,7410.2351131329715,12017.62855712139,2.2108444618261576,1.634184299700825,0.529311924612215,0.8584173111553599
South Santiam (17090006),2005,16657.550728216716,34425.02184469779,29041.146710382305,4968.585078620368,8151.176909365076,2.0666316679068686,1.7434223784886125,0.29827824988723795,0.4893382612101284
South Santiam (17090006),2006,16234.643633434061,33515.12069026338,25954.587960775643,7005.51426402211,11639.239199162515,2.064419857128335,1.5987162112585007,0.43151635614561723,0.71693838571192
South Santiam (17090006),2007,16610.03656630662,34230.12648850535,21540.88555570802,11897.528153057181,20021.165294907805,2.0608098213306167,1.296859610737017,0.7162854883288614,1.2053655159026349
South Santiam (17090006),2008,16229.954266051438,32417.152048549113,20975.918425490017,10647.440442139452,17823.71495699337,1.9973655820064018,1.292420057483823,0.6560363798689774,1.0981987173109686
South Santiam (17090006),2009,15876.79214377886,32498.3041904665,23054.32627335302,8772.799517395391,14578.882702894593,2.0469061946622884,1.4520770987347464,0.5525549139870117,0.91825115368832
South Santiam (17090006),2010,15089.783033863925,30400.69422149829,29092.69729633653,1191.444328450732,2030.7648560207995,2.01465416389846,1.9279732008768973,0.07895702183238403,0.13457879755218702
South Santiam (17090006),2011,16086.467404326495,30434.22634279111,27368.944350651862,2774.7163828757753,4640.301136705132,1.8919148361066365,1.7013644862321307,0.17248761416254188,0.2884599222485051
South Santiam (17090006),2012,13675.612973098909,26478.988437490163,22196.440017809604,3976.0168059384237,6678.796195715235,1.9362194944809115,1.623067284915995,0.290737739782457,0.48837271198395227
South Santiam (17090006),2013,17292.5944941886,35571.00497006321,29618.830370060263,5435.235254462818,8975.078034146009,2.057007985818282,1.7128043093830745,0.3143099930024612,0.5190128084690935
South Santiam (17090006),2014,16621.232970413832,37167.812488903495,29696.97780704576,6786.495382943837,11138.174600824424,2.236164582679458,1.7866892221477821,0.40830276520544245,0.6701172302109372
South Santiam (17090006),2015,17133.85831977708,38192.08302723259,25691.39682540358,11621.859825027528,19662.752494022516,2.2290416037319893,1.4994519241325115,0.678297882947519,1.1475963047579547
South Santiam (17090006),2016,14314.189651002223,31072.558324811675,22640.14036270726,7802.001129187982,13280.770905211013,2.1707521754566175,1.5816571468383533,0.5450536369442134,0.927804593135396
South Santiam (17090006),2017,20307.95314047386,42262.35295256744,34297.42660108503,7557.299453652011,13188.111550860034,2.081073984179053,1.68886673924464,0.3721349661079468,0.6494062429450882
South Santiam (17090006),2018,22240.562397569516,45290.100558042446,32260.75285112521,12235.02698422971,21126.803437140927,2.036373889672494,1.450536738884387,0.5501221941027342,0.949922176403673
South Santiam (17090006),2019,23754.82131336802,50151.221294682335,39796.33782314128,9841.772760419684,17137.721465289407,2.111201790705946,1.6752951873709065,0.4143063267279232,0.7214418176088389
South Santiam (17090006),2020,26005.04833028101,55012.20857021521,48066.08816493033,6564.401418551005,11528.870493653654,2.1154434274270297,1.848336813470207,0.25242796456975747,0.44333201566209407
South Santiam (17090006),2021,23462.622327869,49300.16620326047,29587.051777462057,18651.412718261796,32711.522601892884,2.1012214881327025,1.2610291963110378,0.7949415226322579,1.3941972105580884
South Santiam (17090006),2022,26090.451228731024,53516.35979391092,46745.21485985134,6433.564865856353,11050.996256664212,2.0511856742047545,1.7916598854516979,0.2465869528071503,0.42356478083808535
South Santiam (17090006),2023,25910.664591074292,50707.56047251592,32270.055765260062,17499.232116756502,30151.639945272207,1.9570150466145768,1.2454352782744311,0.6753679379873815,1.1636768265549948
South Santiam (17090006),2024,25920.34736052127,57753.43435426935,48403.53641974364,8875.019057360694,15030.341328833982,2.228111897999962,1.8673953611233636,0.342395838061879,0.5798665087230418
South Umpqua (17100302),1985,5164.091054799007,12103.869491455363,5335.9873587158845,6724.765133181428,11206.005339415833,2.3438528412869863,1.033286846047599,1.3022166073024761,2.169986009251726
South Umpqua (17100302),1986,8113.583252593184,18965.29570127151,10139.798138253047,8775.326120085696,14437.15422863466,2.3374747150354325,1.2497312004547763,1.0815598788958025,1.7793807962740011
South Umpqua (17100302),1987,4212.840921152639,11156.490611101439,4732.621303002754,6376.426740015312,10481.582480254687,2.648210748971031,1.1233800163780936,1.5135693132867485,2.4880081342798275
South Umpqua (17100302),1988,3355.1258665381315,7301.530295482134,4354.762935465195,2919.0402416083384,4929.394067627304,2.1762314100650895,1.2979432392974586,0.8700240639914494,1.4692128592819458
South Umpqua (17100302),1989,7883.773168035881,16211.289163555448,9650.355186700537,6529.838743750946,10661.507032218502,2.0562855904178985,1.2240782403313073,0.8282631431134584,1.3523355891877658
South Umpqua (17100302),1990,8660.397041568142,18784.24893831981,9815.064873073374,8917.833323469167,14459.01753114139,2.1689824205702397,1.1333273550811886,1.0297256904810927,1.669555963974983
South Umpqua (17100302),1991,6940.103699684678,16744.209466001248,10682.433261559205,6031.711723239951,9786.388504476343,2.4126742467496585,1.5392325134917737,0.8691097401778018,1.4101213653221039
South Umpqua (17100302),1992,6824.566333371433,17792.410378917215,8701.9206471972,9037.24707136974,14531.080550919942,2.607112233917948,1.275087708451993,1.3242229073484897,2.1292313446884443
South Umpqua (17100302),1993,6190.625852312681,12885.06186089277,10526.724949904416,2330.141159352209,3843.0595714657165,2.0813827500299014,1.7004298436113474,0.3763983181897061,0.6207869225419325
South Umpqua (17100302),1994,5745.149417751605,12918.08753916438,6902.782685888837,5984.0848335044575,9438.323122082147,2.2485207258926163,1.201497504061483,1.041589069035277,1.6428333600722755
South Umpqua (17100302),1995,7737.946039164692,17483.977404509384,12892.8885701772,4572.748448863862,7409.2253527028915,2.2595114150468762,1.6661900334948552,0.5909511937301501,0.9575183537339211
South Umpqua (17100302),1996,7819.794179910356,18800.381597851894,14290.904152454164,4470.257236708683,7206.120370503396,2.4042041472333757,1.8275294494538719,0.5716591938178005,0.9215230228202764
South Umpqua (17100302),1997,8833.82751961275,21128.742048944263,15537.149739875176,5570.50829050683,9039.30076166318,2.391799251460876,1.7588242135563317,0.6305883014060734,1.0232598204565622
South Umpqua (17100302),1998,4925.092297552909,10314.76827766097,8454.405505536975,1856.385593611289,3064.5572029095947,2.0943299443923085,1.7165983893819914,0.376924021207411,0.6222334563013685
South Umpqua (17100302),1999,8805.41491306445,20823.35915221733,11541.865634675773,9247.14783677001,14820.652214005342,2.3648356559918664,1.310769083413809,1.0501660544184201,1.6831293426066936
South Umpqua (17100302),2000,9087.42725762382,20948.590047104015,12573.272522335332,8338.451000613662,13427.138107354709,2.3052278112630145,1.3835898946852192,0.9175810451322391,1.4775510963336873
South Umpqua (17100302),2001,9480.022791941881,20403.481610726987,11652.431291605648,8688.787664761454,13859.077547421639,2.152260818198682,1.2291564637914516,0.9165365796532698,1.4619244965531095
South Umpqua (17100302),2002,9194.189328067829,21880.067578525406,10147.901847589623,11673.594271048469,18810.50513023487,2.37977126615507,1.103729919571084,1.2696708599867053,2.0459123103774415
South Umpqua (17100302),2003,9359.607851110031,21242.13214514672,12213.777820943798,8975.830706747302,14401.156066607562,2.2695536483002803,1.3049454651559218,0.958996450442396,1.538649513494266
South Umpqua (17100302),2004,6583.58935045831,15987.835063044584,8535.46171645151,7405.8321963413055,11582.991673129276,2.428437469589686,1.2964754121332493,1.12489279056048,1.7593733534311244
South Umpqua (17100302),2005,9260.15538830401,21977.521265098352,15240.407845012473,6703.551249203946,10749.683202148572,2.3733425999370317,1.645804763088726,0.7239134731659935,1.160853436188112
South Umpqua (17100302),2006,8833.5133524946,21351.021954657073,13604.7267466668,7707.711480894765,12201.048043178598,2.4170475667677014,1.5401263578579185,0.8725533288199643,1.3812225732055978
South Umpqua (17100302),2007,9379.12880785449,21647.240010122663,10137.387563404835,11452.220390272443,18318.64144184206,2.3080224670754417,1.080845329143507,1.2210324247473665,1.9531282507284937
South Umpqua (17100302),2008,8391.246678651132,19490.629462617402,9520.552646035947,9923.815677652974,15534.338372965138,2.3227334636943913,1.134581428795077,1.1826390115429424,1.8512551195148796
South Umpqua (17100302),2009,8290.34385185715,19519.698546889835,10733.983145178265,8742.913720223793,13636.455654936568,2.354510125960235,1.2947572907695146,1.054589999697692,1.644860080427402
South Umpqua (17100302),2010,5404.202668431966,12992.912216271474,11333.576512140717,1644.159158129649,2473.055818583402,2.4042237150298025,2.097178290211896,0.30423713894629034,0.45761714915494855
South Umpqua (17100302),2011,9051.52971148922,20884.064329840123,14855.283935685315,5991.810224051974,9814.09848779664,2.3072414271956396,1.641190429594383,0.6619665863159565,1.0842475029761525
South Umpqua (17100302),2012,8574.070079292851,19203.19110981408,11734.205363935725,7430.739312316511,12375.8840348237,2.2396820800650454,1.3685688658266142,0.866652505006043,1.4434083137146934
South Umpqua (17100302),2013,7419.512668524034,17754.38033788446,9694.354969578879,8006.646924521328,12672.105170118713,2.3929307935822077,1.3066026574367156,1.0791338032871225,1.7079430599098335
South Umpqua (17100302),2014,8706.16619522947,22027.0649572751,12891.512546910917,9080.046337374128,14651.26776703313,2.53005335107717,1.4807335694986847,1.0429442918686211,1.6828610249895377
South Umpqua (17100302),2015,7825.0932816860795,19990.369351395035,10312.121948522603,9612.278570851026,15141.541928477733,2.554649335386286,1.3178273507176186,1.2283915635034908,1.9349982656328375
South Umpqua (17100302),2016,7195.617699311145,18214.553418020354,9338.88647489366,8818.46190178219,13826.60782753645,2.531339793074899,1.2978575106606476,1.2255322990028228,1.921531744086419
South Umpqua (17100302),2017,9758.68718146487,23277.22638778589,15581.678749751183,7649.769004952673,12554.921866654955,2.3852825646463405,1.5966982504927705,0.7838932494405842,1.2865379977033289
South Umpqua (17100302),2018,10306.257654823079,24752.638186098953,14496.38377381184,10194.493124319666,16681.787471382162,2.401709622941099,1.4065613590620727,0.9891556630693091,1.6186076488758738
South Umpqua (17100302),2019,11077.426068802759,25827.016820439243,17410.608548233908,8357.167120354936,13823.820887500502,2.331499814128808,1.571719679291494,0.7544322181387552,1.247927163010583
South Umpqua (17100302),2020,10585.864693632,26197.300547396102,14456.711946168985,11662.137301498848,19342.251950174003,2.474743566593598,1.3656618863516667,1.1016707315855159,1.8271773265541045
South Umpqua (17100302),2021,9140.515224256997,21156.506255112155,9924.301480261696,11151.359062782016,18203.018095327014,2.314585746651048,1.0857485860233236,1.2199923953070682,1.9914652127070527
South Umpqua (17100302),2022,13748.579488375988,32237.13235266471,24058.40559752424,8117.814970131397,13424.295379349647,2.344760953662176,1.7498830055763144,0.5904475423802703,0.9764132644175703
South Umpqua (17100302),2023,14962.811786418333,32524.373756451205,19459.538686900796,12969.707991629339,21895.930747764713,2.173680603666579,1.3005268638454786,0.8667961728558181,1.4633566912630376
South Umpqua (17100302),2024,15000.245248398069,34913.22873354481,24263.694778033812,10559.745043222058,17938.00473501711,2.327510527687761,1.6175532050467656,0.7039714930227405,1.1958474303566988
Sprague (18010202),1985,53028.28790046796,115112.3123523645,57141.851878902904,51745.26966513618,100086.15064989604,2.1707718070857926,1.0775730113360615,0.9758050224487738,1.8874105616563344
Sprague (18010202),1986,51844.37774881594,119859.01021699808,66898.05832560474,47536.09233429264,92357.3747075365,2.3118998707576446,1.2903628364433906,0.9168996600673504,1.7814347228739922
Sprague (18010202),1987,47513.75730948993,102186.17644218034,53003.708309067464,42776.10653373255,82614.31294789282,2.1506650332149313,1.115544450922239,0.9002888627624672,1.7387451051233167
Sprague (18010202),1988,33681.98685380028,73923.77771210985,35894.67202868,32713.19977369099,63223.50673672526,2.194757038323859,1.0656934278991343,0.9712372347773189,1.877071771660996
Sprague (18010202),1989,52041.43588096744,107127.95430576694,75116.55309332772,27912.76823001838,53550.026496710845,2.0585126542395367,1.4433989343633638,0.5363566119478771,1.028988258878828
Sprague (18010202),1990,47453.14441274537,103085.48059057085,50442.594785945446,46588.51626131183,89944.47371450166,2.172363535995378,1.062997940604272,0.9817793285959505,1.8954375906508651
Sprague (18010202),1991,46604.090027491286,92820.87195737612,47232.805136911265,39810.53161963961,76460.50813293002,1.9916893968452558,1.0134905564951298,0.8542282790234886,1.6406394393244612
Sprague (18010202),1992,21126.08660356765,49637.04607144669,16424.536679780755,27060.729229303026,51800.21035013279,2.349561800199393,0.7774528708505376,1.280915379033482,2.451954842473526
Sprague (18010202),1993,55062.981821085305,111401.98423068818,90665.27830245771,17755.554705791586,33795.619169300706,2.0231738374188253,1.6465740739768508,0.3224590118182165,0.6137629683607023
Sprague (18010202),1994,27486.20250788191,65138.17597633292,19091.22206671568,38881.423872490646,74159.69568720055,2.369849962273034,0.6945747438643481,1.414579691805045,2.698069901287186
Sprague (18010202),1995,55620.80281565592,126469.88701814126,89537.41797109946,33008.89603690105,63345.34591640473,2.2737875150292335,1.6097829128402446,0.5934631354801272,1.1388786696652018
Sprague (18010202),1996,53812.98304919686,125153.13345624425,94968.5351089785,26573.13470414436,50690.9262653002,2.325705180510563,1.7647885273737092,0.4938052714871928,0.9419832054089546
Sprague (18010202),1997,54063.14150862159,126676.15807829102,85603.95203875213,36545.893471402094,70144.16577756584,2.3431150048520513,1.5834069136567035,0.6759853839713333,1.2974489424810758
Sprague (18010202),1998,55480.85076230557,128453.44686364608,91801.58383410613,32851.03117991317,63035.664284344,2.315275362556608,1.6546534988695119,0.5921147698447443,1.136169748989705
Sprague (18010202),1999,53350.467896978014,124424.79943400345,72035.70106087574,46979.4936918355,90433.98041032374,2.332215711289973,1.3502356005570504,0.8805825992483303,1.695092545110486
Sprague (18010202),2000,51123.40355082465,123775.91394009514,63695.05570184394,53984.62656276775,103958.03931674753,2.421120374292814,1.2459079653904714,1.0559669899344357,2.033472579997476
Sprague (18010202),2001,37435.74470734265,85644.01723352414,27404.282902109684,50654.9695403808,96700.79076630893,2.287760478736407,0.7320352010183092,1.3531177204134883,2.58311385341139
Sprague (18010202),2002,47256.119590661954,105153.38198610397,47012.450549299574,51060.856805930154,97632.38798262032,2.22518020728225,0.9948436510768749,1.0805131112800899,2.0660263438539497
Sprague (18010202),2003,41224.6383145871,97819.04454290621,49877.85066852593,41878.52496775026,79906.05474723516,2.372829660661777,1.209903899893694,1.0158615497890684,1.9383082063078008
Sprague (18010202),2004,44607.23562908911,103385.0290102534,52581.50526170517,44843.02945725769,86312.98981168402,2.3176739726690063,1.1787662813029351,1.0052859995658376,1.934954914699935
Sprague (18010202),2005,51907.02251035882,120285.74871716283,65115.83323137754,49181.16240185337,95183.75449380923,2.317330929416304,1.254470591496222,0.9474857162542608,1.8337355889526101
Sprague (18010202),2006,51629.46982461302,125508.34821477179,77291.04189796145,42763.94884780805,82125.66939195384,2.430943967488485,1.4970334222009565,0.8282856475783805,1.590674273257839
Sprague (18010202),2007,44823.57078581541,112095.2527132509,49717.62261003741,55353.61446721955,107363.95661994451,2.5008104162179747,1.1091847824352883,1.234922017518881,2.395256663797973
Sprague (18010202),2008,50677.854292820244,114405.47269520903,46593.53309075387,60500.18793125584,116961.34456213686,2.2575042746317964,0.9194061931180654,1.1938190512503046,2.307937977924754
Sprague (18010202),2009,49752.32330910881,117107.48304690134,55215.39936513354,55131.692339632726,106642.8066869201,2.3538093350800553,1.1098054461111875,1.1081229714058205,2.1434739042105315
Sprague (18010202),2010,44505.97365238669,100798.55857150265,39271.03931617671,55500.00884638396,107622.37483230668,2.2648321180160766,0.8823768158158417,1.2470238103286098,2.41815572158672
Sprague (18010202),2011,53060.26755093836,121929.42936150063,58474.16655427377,56722.490369502666,109622.83671390783,2.297942226628375,1.1020330136507135,1.06902005940789,2.0660061053907968
Sprague (18010202),2012,43879.185885328,102517.49459869847,42813.31012394766,53049.971371664935,102324.23892678719,2.3363581737048023,0.9757088528450402,1.2090008121459563,2.3319539062141446
Sprague (18010202),2013,27460.658399880474,61023.822537253465,24891.59951287399,30298.751688668195,57901.39943527394,2.2222272186131953,0.90644583791124,1.103351246989769,2.1085218931067566
Sprague (18010202),2014,31235.62556906366,72074.43693225353,30485.76481773961,35840.773331373304,68968.24411524495,2.3074433637608136,0.9759934133649392,1.1474325446797091,2.207999451227651
Sprague (18010202),2015,45357.7882366588,109536.37896912078,57234.47931214199,46289.00614068847,89001.01438762524,2.4149409225512444,1.2618445814314263,1.0205304963101585,1.9621991690435507
Sprague (18010202),2016,47425.005591576875,108800.87632536126,61978.18480380649,41574.138889702466,80089.00370281411,2.294166863412775,1.306867211309605,0.876629077236976,1.6887505379027021
Sprague (18010202),2017,49914.473750246136,120991.19658536256,82448.61933762956,33780.71336310386,64522.29528723052,2.4239701933102307,1.6517978282245835,0.676771902517299,1.292657027900897
Sprague (18010202),2018,41174.10595734558,94646.60712684912,44039.23636776249,45155.61949453996,87790.07561793935,2.298692465232846,1.0695857346212945,1.096699453324355,2.1321671370080435
Sprague (18010202),2019,48771.399896278184,107259.43455378956,73956.47907669829,29301.144431810328,56266.03480495748,2.199228129229374,1.5163903278146833,0.6007853884474278,1.1536686444231268
Sprague (18010202),2020,31490.561703271997,68822.52776322796,24791.811271243972,38392.75300858569,74703.47779217412,2.185496988327046,0.7872775184149226,1.219182857719446,2.372249771092909
Sprague (18010202),2021,12192.280099769,29808.83220501126,9431.166214528559,15159.411337534286,28742.010338747146,2.444893978901947,0.7735358880663549,1.2433614724633422,2.357394195634638
Sprague (18010202),2022,25701.595051068998,60545.76433571964,25685.553200049148,29038.081550069866,55858.92594116466,2.3557201105773933,0.9993758422001445,1.129816320441252,2.173364175654201
Sprague (18010202),2023,42907.971533587115,96888.2208091384,61580.195629359965,30975.47318337989,59793.222801124255,2.2580471028162474,1.4351691172619703,0.7219048600126247,1.393522477619802
Sprague (18010202),2024,30980.665256438948,78769.38811230406,34184.37689130768,38793.578287648066,75862.59584497825,2.542533785517495,1.1034100335919312,1.2521867418449093,2.448707773607642
Summer Lake (17120005),1985,21222.835930602007,48138.69015640345,14487.001689285074,29049.877898029463,56080.78428327913,2.268249649284168,0.6826138474922534,1.3688028307348572,2.642473629191758
Summer Lake (17120005),1986,22906.1647542413,57741.31400342107,19142.13107089744,33799.96118771553,65477.815084611655,2.5207761588604525,0.8356759534506137,1.4755836060009626,2.8585237112855304
Summer Lake (17120005),1987,16583.774310528963,38229.286680828794,13045.649052291157,20839.95565652161,39541.85097057544,2.3052223194183963,0.7866513863498814,1.2566473268567349,2.38436982017239
Summer Lake (17120005),1988,13062.750282821304,28335.487586924668,9585.200761282566,14934.118898301866,28298.94880155129,2.169182367681666,0.7337812140440264,1.1432599242091905,2.1663851936882668
Summer Lake (17120005),1989,17893.12488600967,35300.60427586323,14549.073459447773,17998.10699881784,34653.75461467199,1.972858542079711,0.8131097028682477,1.0058671759950801,1.9367078045583401
Summer Lake (17120005),1990,10717.567395580232,23872.474480740406,6852.122427776687,12956.498607916059,24700.03507347129,2.227415382578799,0.6393356043277509,1.2089029282203656,2.3046307209280736
Summer Lake (17120005),1991,10835.536778796153,21027.322908701066,7246.758217962198,10859.66206297492,20486.08302489983,1.940588947088345,0.6687954981744176,1.0022264964506398,1.89063850209882
Summer Lake (17120005),1992,6597.840606133708,14303.349711721581,4027.816859211833,8343.188957761227,15764.513306270286,2.1678834887924414,0.6104750174575841,1.2645332701740246,2.3893443699768597
Summer Lake (17120005),1993,21274.358868334497,42254.66696405529,25411.678302080385,14193.81613074912,27412.380518143957,1.9861781605531068,1.1944744591059813,0.6671795008532875,1.2885173502899543
Summer Lake (17120005),1994,10541.367902598835,22540.004086027686,5350.035553655308,13562.88109486635,25146.24166378373,2.138242806274767,0.5075276380721261,1.2866338809332896,2.385481836525624
Summer Lake (17120005),1995,15986.202145843292,33893.22487645786,13951.424178950336,16877.708020383285,31974.05677819724,2.1201549040383383,0.8727166122178659,1.0557672088971928,2.0001033695492887
Summer Lake (17120005),1996,21039.350876532535,47755.99954310216,22572.465224349944,21713.804079749658,41668.23401723245,2.26984187028173,1.0728688996544782,1.0320567496200377,1.980490475288833
Summer Lake (17120005),1997,22796.180410349913,55778.453230109975,23895.69613636393,28002.69170845528,54032.808749792726,2.4468332951420875,1.0482324541314305,1.2283940205939723,2.3702571122511724
Summer Lake (17120005),1998,23097.8954108159,54346.37368826783,26000.967663782267,25076.89059932802,48701.826656252866,2.3528712344423988,1.1256855744357974,1.0856785933659319,2.108496284620268
Summer Lake (17120005),1999,22919.433043976664,58146.243967236245,18894.928735351546,34840.12775859984,67851.89894423634,2.5369843946692807,0.8244064632443961,1.5201129841104857,2.9604527657401256
Summer Lake (17120005),2000,22512.075073997177,53546.71033720816,17498.726919087898,31616.81670689152,61219.56983630242,2.378577281800996,0.7773040406790397,1.4044381338889047,2.7194103446738573
Summer Lake (17120005),2001,8824.305199881468,20182.55626617599,5076.49260122163,11813.971607405247,21232.10915391513,2.2871552840723472,0.5752852475331225,1.3387990714060907,2.4060941539284397
Summer Lake (17120005),2002,9138.63411326447,20940.542167750475,4132.307760878491,12832.121079080716,22892.610110823633,2.291430197140278,0.4521800205219467,1.4041618167484409,2.50503629175783
Summer Lake (17120005),2003,10868.855943767463,24606.300425764624,8338.84333124419,13384.434935491883,24373.064381955457,2.2639273676154144,0.767223650252347,1.2314483699792644,2.2424682513095338
Summer Lake (17120005),2004,13064.040771255237,28180.277755893967,10523.21110227568,13962.387175381107,25732.736257475,2.1570874011583716,0.8055096647761437,1.0687648193889978,1.9697379017749739
Summer Lake (17120005),2005,14916.109554906452,32353.082122350737,13866.659029458446,14886.579701845501,27545.362821252107,2.1690027150349422,0.9296431471232521,0.9980202711067353,1.8466854724991901
Summer Lake (17120005),2006,22614.76556063004,58301.701775628455,24577.82578017806,28983.454467687996,55475.492017098804,2.5780369740876585,1.0868043586074358,1.28161640190271,2.453065094500731
Summer Lake (17120005),2007,20186.522264320003,46249.910172711,17469.817397849853,24776.448338213282,47170.252558534026,2.2911281877640928,0.8654198662405574,1.2273757715070142,2.3367201116117062
Summer Lake (17120005),2008,12162.07507936389,26664.828773837813,6426.568861771673,16272.333802622325,29958.20865167222,2.1924571752629287,0.5284105565731962,1.3379570259546048,2.4632481263418673
Summer Lake (17120005),2009,11919.51369373295,26512.828152433885,8754.265652384462,14427.529907784208,26395.520998837004,2.2243212964614334,0.7344482230837391,1.2104126291133777,2.2144796907876585
Summer Lake (17120005),2010,9186.720641527601,19833.554497621477,4990.693104841913,12007.195915742148,21713.471181057037,2.158937369660071,0.5432507746324636,1.3070165496776822,2.3635715102627133
Summer Lake (17120005),2011,17993.236019770844,37169.95192991805,12174.477435343399,21581.843218269645,40882.01778097673,2.0657735989833044,0.676614113323816,1.1994420122403588,2.272077003606013
Summer Lake (17120005),2012,13149.37656416479,29026.654095337984,7828.7421624584085,17518.528923422902,32355.93289746362,2.2074547757984657,0.5953698355398546,1.3322706850730173,2.46064387460325
Summer Lake (17120005),2013,9750.277925622244,21078.491603876628,7121.060100342357,11334.82514748633,20327.817068539596,2.1618349512361656,0.7303443198915691,1.1625130313157677,2.0848448858181974
Summer Lake (17120005),2014,10235.618799357308,23750.232195765584,8272.152083162882,12294.585687586621,22452.574821180107,2.320351378976409,0.8081731300585646,1.2011570505496547,2.193572783561449
Summer Lake (17120005),2015,11375.846289549418,26050.477970715343,10150.577510025843,12966.056885127191,24051.373639236215,2.289981536990965,0.8922920767091249,1.1397883335535786,2.114249175582774
Summer Lake (17120005),2016,12743.520689973617,28380.38800443666,9715.034456709687,15530.758310687941,28609.96319397023,2.2270445267739754,0.7623508991791655,1.2187180205943617,2.2450595789027172
Summer Lake (17120005),2017,21315.83340521513,54937.38859261242,22834.38070263146,27304.643317057027,52003.73349750923,2.5773042765089094,1.0712403436707665,1.2809559353366253,2.4396762964372765
Summer Lake (17120005),2018,13130.72780707872,29884.495873686494,7655.349472010373,18566.31144345523,34258.585386678315,2.2759207496157137,0.5830102934494923,1.4139590520981031,2.6090393381096253
Summer Lake (17120005),2019,15672.795945185168,35199.572717065035,16469.17822540311,15909.794347679797,29364.879848921886,2.245902571575219,1.0508130318931765,1.0151216415579913,1.8736210151414023
Summer Lake (17120005),2020,8919.883766987,19884.67771130835,3908.689293852445,13366.813246568712,24014.20066307935,2.229253007186336,0.4381995770302218,1.498541191314628,2.6922100433592284
Summer Lake (17120005),2021,6208.106071038003,13840.497575557587,3747.167766254963,8399.152778700205,14842.536709087224,2.22942350165796,0.6035927420338731,1.3529331945347796,2.390831686708847
Summer Lake (17120005),2022,6453.187327412001,14620.039726860845,4394.009666243023,8834.525174466497,15871.461731475514,2.265553281671756,0.680905333024821,1.3690173128771566,2.459476368221382
Summer Lake (17120005),2023,13650.388311060104,29964.592195627825,12234.831793965233,14731.340378977664,27353.822256605134,2.1951457726187384,0.8962991759034482,1.0791883749593942,2.003886016520273
Summer Lake (17120005),2024,9848.272971887343,24129.981131381057,7140.889776186213,13654.167266715618,25073.34048977704,2.450173873151359,0.7250905612151932,1.386452965478566,2.545963191856159
Thousand-Virgin (16040205),1985,123.72469713,253.19238978237007,49.337533050123,174.46648612893114,329.34072518898495,2.046417535508984,0.3987686710461944,1.4101185145405184,2.661883462466189
Thousand-Virgin (16040205),1986,123.72469712125792,300.2632279727005,94.66079053178024,175.6887191366855,331.4349594038812,2.426865734643293,0.765092117695845,1.4199971648708067,2.678810028357186
Thousand-Virgin (16040205),1987,123.72469712125792,268.81947589051254,78.88813339326767,154.9757714321821,286.647828820989,2.1727228447126663,0.6376102365072058,1.252585579419897,2.3168198063160843
Thousand-Virgin (16040205),1988,72.4562187910751,94.73880489972501,35.096452490838324,46.982059269119496,85.52392311172753,1.3075317271647993,0.4843815075699393,0.6484199707493786,1.180353108935103
Thousand-Virgin (16040205),1989,108.25063941352492,201.7561612790451,73.45078071545655,97.44277573074234,174.31048157292054,1.8637872475590895,0.6785251441783128,0.9001588929050498,1.6102489788262817
Thousand-Virgin (16040205),1990,20.45151072718231,32.62683379884804,10.137994873156217,11.244419462845912,14.992559283794549,1.595326342101632,0.4957088504802584,0.5498087458106867,0.7330783277475823
Thousand-Virgin (16040205),1991,123.72469712125792,220.8130470546185,89.29228372177576,117.70761322618029,226.20645971458563,1.7847127711147917,0.7217013724775075,0.9513671559916569,1.8283048168862293
Thousand-Virgin (16040205),1992,90.90080617780542,173.78500202844884,41.34118116892222,93.29249637873752,160.48410977028232,1.9118092493978414,0.45479443920505286,1.0263109899845537,1.7654860998302844
Thousand-Virgin (16040205),1993,123.72469712125792,217.0149429441593,90.07120421405456,108.98220404613757,205.99005163629704,1.7540147439720228,0.7279969667315423,0.8808443793507792,1.6649064934417577
Thousand-Virgin (16040205),1994,123.72469712125792,258.6707706411911,56.60137228306599,159.2628885828987,289.9881039823132,2.090696333551559,0.4574783660823442,1.2872360352340257,2.343817448977925
Thousand-Virgin (16040205),1995,123.72469712125792,259.14851744656676,91.23594960664602,138.43303334457374,257.2130436922494,2.094557703322442,0.7374109755728809,1.1188795492374553,2.0789143128001726
Thousand-Virgin (16040205),1996,123.72469712125792,288.1559832374182,93.82983345818681,168.3167267189463,319.2938380643692,2.329009405090783,0.7583759398192563,1.3604133259989752,2.5806798924829155
Thousand-Virgin (16040205),1997,108.25063941352492,216.91399781080068,71.0203392662289,115.46023176258507,210.63151233717895,2.0038126239806697,0.6560731617937728,1.0666009216030494,1.9457761494835335
Thousand-Virgin (16040205),1998,123.72469712125792,303.99013164908183,113.66925390997062,161.3407761683344,303.36148462281756,2.4569882870770137,0.9187272755945215,1.3040304799470261,2.451907272203741
Thousand-Virgin (16040205),1999,123.72469712125792,258.10988269233405,52.83545111493159,173.075346737838,324.6846369159664,2.0861629787573475,0.4270404563055794,1.398874685207056,2.6242508122509705
Thousand-Virgin (16040205),2000,123.72469712125792,262.13174349424764,59.82684809216763,169.42433456043983,316.9282952264529,2.118669510561357,0.483548147493411,1.3693655228300412,2.5615604855014795
Thousand-Virgin (16040205),2001,90.90080617780542,133.75299214666492,34.200861315688506,69.40544735830171,118.71310573482029,1.4714170068529315,0.37624376233573026,0.7635295029456838,1.3059631781770225
Thousand-Virgin (16040205),2002,38.89609811391263,77.29260181077379,20.51119145218307,28.390705179295367,37.85427357239382,1.9871556675019604,0.5273328803345054,0.7299113935837276,0.9732151914449702
Thousand-Virgin (16040205),2003,38.89609811391263,60.76802013199023,20.188198063781073,20.289911034104577,27.053214712139436,1.5623166095998275,0.5190288754583333,0.5216438670707472,0.6955251560943295
Thousand-Virgin (16040205),2004,38.89609811391263,87.28289883291299,26.31438278781512,30.484258022548936,40.645677363398576,2.2440014054184276,0.6765301421944636,0.783735631611982,1.0449808421493092
Thousand-Virgin (16040205),2005,108.25063941352492,205.78716394181026,78.97454570566634,102.29701377570774,188.25029124445803,1.9010249274897035,0.729552694871188,0.9450014737088627,1.7390224414779567
Thousand-Virgin (16040205),2006,123.72469712125792,305.412869016781,63.09268778328218,206.86387051968194,390.09020056348595,2.4684875059136924,0.5099441683938608,1.6719691002107886,3.1528887088822146
Thousand-Virgin (16040205),2007,90.90080617780542,200.3772832902642,39.0885779091258,122.25616132324993,218.49062660790753,2.204351003205831,0.430013545013749,1.3449403417183368,2.403615939120843
Thousand-Virgin (16040205),2008,38.89609811391263,82.21107991014665,15.555887282725703,33.32759631371047,44.4367950849473,2.1136073770016743,0.39993439026115485,0.8568364933702598,1.1424486578270132
Thousand-Virgin (16040205),2009,38.89609811391263,84.49381785838499,26.26375433619556,29.115031761094713,38.82004234812628,2.1722954732100144,0.6752285090210979,0.7485334820944584,0.998044642792611
Thousand-Virgin (16040205),2010,108.25063941352492,182.15023515179496,58.070290877518964,108.80985192761253,207.43964229078279,1.6826712168966362,0.5364429364309474,1.0051659049509294,1.916290226225353
Thousand-Virgin (16040205),2011,123.72469712125792,310.9707973438974,76.28382159605081,208.75451043422385,400.2207106593659,2.5134092430966035,0.6165609887998991,1.6872501229858046,3.2347681584310095
Thousand-Virgin (16040205),2012,123.72469712125792,245.0590541442574,48.06103859568795,175.51286514953313,336.7022966997087,1.9806801701368018,0.3884514548343176,1.418575831933697,2.721383074954869
Thousand-Virgin (16040205),2013,108.25063941352492,145.27526959645164,56.28374692436643,69.81380765622256,126.84247196853671,1.342026895947377,0.5199391636788272,0.6449274390844842,1.1717480160462583
Thousand-Virgin (16040205),2014,38.89609811391263,54.218670950289535,24.450434667019366,14.884118141635081,19.845490855513443,1.3939359879107314,0.628608931297244,0.3826635283067436,0.5102180377423248
Thousand-Virgin (16040205),2015,38.89609811391263,55.19535510879241,31.996444631102662,11.599455238844879,15.46594031845984,1.4190460685065414,0.8226132229869595,0.29821642275979104,0.3976218970130547
Thousand-Virgin (16040205),2016,38.89609811391263,52.336901840408174,29.083572450224825,11.626664695091675,15.502219593455564,1.3455566079438683,0.747724678322477,0.2989159648106957,0.3985546197475942
Thousand-Virgin (16040205),2017,35.925568434915306,57.638372330518266,23.456743374768212,25.416180063505223,44.988727532180555,1.6043830297337967,0.6529261580721739,0.7074677220362022,1.2522760109887907
Thousand-Virgin (16040205),2018,20.45151072718231,31.800070061318817,12.700820302779015,9.549624879269903,12.73283317235987,1.5549007838845383,0.6210211300379989,0.4669398269232698,0.622586435897693
Thousand-Virgin (16040205),2019,123.72469712125792,246.9454360738086,105.0903935768176,128.9893810701356,249.40165452236764,1.9959267779155416,0.8493889742467704,1.0425516010252824,2.015779066954906
Thousand-Virgin (16040205),2020,89.80605202999999,131.53014159864225,54.150325997083854,64.96212133239223,121.6457798186737,1.4646022024741072,0.602969674905593,0.7233601729947046,1.3545387762735361
Thousand-Virgin (16040205),2021,20.45151073,30.949387804732652,10.894310456736344,10.027538673998155,13.370051565330872,1.5133057021227034,0.5326897655905513,0.49030796826607614,0.6537439576881015
Thousand-Virgin (16040205),2023,106.37486388553842,158.6997546764925,126.43602022181113,21.95954964198136,37.04964274216273,1.4918914946603998,1.1885892550505064,0.2064355134274042,0.3482932093998158
Thousand-Virgin (16040205),2024,20.45151072718231,34.79092658002003,14.325451555490767,10.232737512264631,13.643650016352842,1.7011421329270828,0.7004593326423884,0.5003414001423472,0.667121866856463
Trout (17070307),1985,9724.68657577,19768.55105390073,6379.965260648184,12276.30091254008,16552.16228095648,2.0328214076488584,0.6560587028629269,1.262385251893637,1.7020766841162571
Trout (17070307),1986,10826.113898176194,22955.38530826522,7678.145523452681,13882.865470427027,18981.627504682427,2.1203716794566856,0.709224528364344,1.282349844182388,1.753318659235623
Trout (17070307),1987,8796.516952363081,19517.431051480864,6476.024797200693,11618.856264877073,15848.459362986758,2.2187680825463234,0.736203298677323,1.3208473680887756,1.8016743955377992
Trout (17070307),1988,9128.938236608014,19084.43363165414,5785.926670151855,11792.841042623395,16162.367066694987,2.0905425293736277,0.6338006151635109,1.2918086131126234,1.7704542026456238
Trout (17070307),1989,10410.181708388713,21786.35702864605,9368.813411204814,11037.08401049683,15063.020349400154,2.092793155674719,0.8999663669324095,1.060220111393728,1.4469507614129444
Trout (17070307),1990,9372.330928537143,18380.072297294468,6785.591505861742,10303.529331471784,13924.074486328795,1.9610993719108119,0.7240025515105082,1.0993561164276968,1.485657580008445
Trout (17070307),1991,9307.757343656795,18241.53252560007,6072.207998608318,11038.764921663125,14715.363027509944,1.959820379076772,0.6523814249139732,1.1859747213098553,1.5809783693532165
Trout (17070307),1992,7206.245628505963,14831.155979686553,5331.162478270228,8711.09340861015,11578.48928727887,2.058097481581602,0.739797496935379,1.208825490786966,1.6067297569593646
Trout (17070307),1993,10424.133304470524,21539.999711926706,10002.996780251236,10407.605434507741,14255.2112790213,2.0663588120739975,0.9595998523888142,0.9984144609935394,1.3675200482046568
Trout (17070307),1994,8931.19303697696,19284.5825598364,4957.578628722057,13319.90828426916,17806.75141946513,2.1592392505675666,0.5550858220393032,1.4913918251595308,1.9937707477311877
Trout (17070307),1995,10009.523687621046,21928.076682472234,9775.027141164983,11110.244239557996,15202.636240776788,2.1907212937206064,0.9765726568242135,1.1099673257478007,1.5188171500686047
Trout (17070307),1996,10724.342609409383,23053.118228466214,9900.523762236253,11908.72839315098,15977.029863978376,2.1496066535807743,0.9231823453261999,1.1104390102851092,1.4897910711991205
Trout (17070307),1997,11684.303469053408,26557.203401708088,11346.839285585307,13690.8572558476,18238.325969836274,2.272895724768401,0.9711181599860107,1.1717307148097167,1.5609253917566928
Trout (17070307),1998,11739.760362570118,25810.045587237197,11786.570620829607,12643.820102992258,17053.100322191593,2.198515539510276,1.0039873265564034,1.0770083640978358,1.4525935620084716
Trout (17070307),1999,10894.388124649562,24300.12203590943,7815.194255578165,14940.448180146032,19897.526783709327,2.230517378110309,0.7173596319646043,1.3713893804041994,1.8264014973626035
Trout (17070307),2000,11114.097901010098,25912.164055998226,6477.540290125647,17722.526037441286,23527.010225817256,2.331468040572435,0.5828219571052131,1.5945986975542643,2.116861884371112
Trout (17070307),2001,10480.937420298307,25226.225508051062,6279.249940162297,17453.903487291755,23180.40994735476,2.4068672959725657,0.5991114810018184,1.6652998474629748,2.2116733473154353
Trout (17070307),2002,10923.91139833688,26091.00646997042,5370.852696717454,19126.039837984055,25081.586455933957,2.388430802719863,0.4916602214052325,1.750841721482281,2.296026170603372
Trout (17070307),2003,10409.93582190745,24714.810938258976,7487.456386110506,16065.397796356165,20878.257355136087,2.3741559372774685,0.7192605712662841,1.5432753929709093,2.005608652379808
Trout (17070307),2004,11236.526564953427,28178.733010900818,10185.197026964137,16546.81753697626,21705.560779926636,2.5077796815601276,0.9064364301626472,1.4725918584650135,1.9316966550522814
Trout (17070307),2005,11137.002676579426,26073.910477048677,9127.713191780047,15521.984170676149,20193.064081786233,2.341196391366668,0.819584358273989,1.39373084674911,1.8131506894805065
Trout (17070307),2006,10954.392700447734,26946.872144682802,9254.758419833062,16285.197585220572,21166.141576789807,2.4599147466733977,0.8448444996366432,1.4866362773862356,1.9322058424950106
Trout (17070307),2007,11214.189330883803,26704.001080681723,8783.396121449518,16446.170260597533,21307.911256823932,2.38126897029811,0.78323950686833,1.4665500800227165,1.9000848503727406
Trout (17070307),2008,11654.152528438386,27024.63065083713,7212.112115417711,18320.588404594266,23831.288415011324,2.3188842418950504,0.6188448364493911,1.5720223636929829,2.044875280022153
Trout (17070307),2009,10853.511767558335,26066.945038653732,7692.956564414301,16986.133002908977,21911.147846354783,2.4017060649963153,0.708798841256976,1.565035664648316,2.0188072133342363
Trout (17070307),2010,11528.351221819712,26236.84658189307,10592.744887991048,14141.142248998753,18372.03947730384,2.275854203004727,0.9188430057493528,1.2266404776282154,1.5936398123030011
Trout (17070307),2011,11217.483220109476,25152.439440514267,8391.904620794074,15553.379241033917,20336.824972838145,2.242253359953659,0.7481093981714174,1.3865301989622343,1.8129579134453717
Trout (17070307),2012,11419.824495252537,26204.96658537013,9179.474605288213,15710.316392942947,20582.118212142195,2.2946908331440725,0.803819236373056,1.3757055898253128,1.8023147571750002
Trout (17070307),2013,11879.064250333613,27437.218173853962,9473.551550070057,16694.75275116485,21721.269688538367,2.3097120779596265,0.7974998156781583,1.405392916424035,1.8285337321858786
Trout (17070307),2014,11323.143054063197,28347.226226444764,8176.597463870848,18582.877927722926,24296.317300275085,2.5034768253919255,0.7221137651296171,1.6411413190664093,2.1457220123662215
Trout (17070307),2015,11574.068832773757,28277.022862645415,7892.550942139225,18945.905152049338,24589.02382902237,2.4431358817026103,0.6819167102056843,1.6369269464167253,2.1244926209005053
Trout (17070307),2016,11044.72713874175,26751.21244830407,8652.900483729001,16679.07696210996,21697.382597512602,2.42207997646845,0.7834417613973547,1.5101393409353248,1.9645014607381632
Trout (17070307),2017,11598.307984663952,28942.145798650145,9393.828534826771,18306.815414931745,23759.314878006713,2.4953765529350798,0.8099309440004447,1.5784039740226095,2.048515603260652
Trout (17070307),2018,11694.567980524316,28196.62482338989,6304.35995516704,20426.242502626217,26404.413930630777,2.4110873416057323,0.5390844677345994,1.7466436157918186,2.2578357725230784
Trout (17070307),2019,11549.55703790794,26714.497392340578,10233.51280609374,15114.238352647191,19805.332049809982,2.3130322058809956,0.8860524063828006,1.3086422538145195,1.7148131296122395
Trout (17070307),2020,10205.199572130008,24361.374420213455,5175.124908489493,17691.056976293254,22797.012990644933,2.387153161290779,0.5071066834030911,1.7335336610767342,2.2338625354179906
Trout (17070307),2021,9424.283081401007,20996.284295685105,4802.214092560697,14773.294715972626,18925.25862288331,2.227891937703108,0.5095574964251608,1.5675775640831493,2.008137750046224
Trout (17070307),2022,9338.579564378006,19719.923033221872,5632.244256411721,12820.154123259465,16476.287343862696,2.111661939300007,0.6031157327069211,1.3728162869824356,1.764324780902597
Trout (17070307),2023,8047.496781295911,16765.773561289137,5280.643646612156,10503.258693139738,13252.866659453959,2.083352627149395,0.6561846236317225,1.3051584832629617,1.6468309363299691
Trout (17070307),2024,10339.499612677659,22193.236781197644,5963.064478758133,14696.449159905644,19111.952344571986,2.1464517251865516,0.5767266020733335,1.4213888205852594,1.8484407428322822
Tualatin (17090010),1985,35921.61311133304,68369.90596978471,36388.1772100984,30993.71922986795,45778.744414867164,1.9033083441404373,1.0129883949620893,0.8628153511315901,1.2744066997488
Tualatin (17090010),1986,36711.52337707149,66703.46329776742,47757.634146959,18408.559810391664,27419.383522332908,1.8169625545810955,1.3008894688577934,0.5014381893476231,0.7468876527051974
Tualatin (17090010),1987,30622.620146210993,59379.421846320955,32939.840331690386,25628.07389057677,37727.57761358785,1.9390705812503148,1.0756702128823588,0.8369001009127492,1.2320166410794855
Tualatin (17090010),1988,31338.20065140557,55378.8831970647,41515.484935987035,13454.14823786167,20174.534344889824,1.7671366589638857,1.3247564975982435,0.4293210190183089,0.6437681144908032
Tualatin (17090010),1989,25507.56832920596,43022.30530593338,26960.31732900112,15598.661668496412,23436.81758803508,1.686648635051315,1.0569536453277584,0.6115307216735384,0.9188181831194043
Tualatin (17090010),1990,37397.880572574875,68325.22078782087,49936.058948747035,17763.480104310904,26657.559171978355,1.8269810946967422,1.3352644102876468,0.474986278161909,0.7128093561410868
Tualatin (17090010),1991,31375.16572435917,53328.42605403016,44118.31378968902,8939.930854347034,13225.994637745074,1.6997018126545491,1.4061539683099196,0.2849365301489457,0.4215434192105837
Tualatin (17090010),1992,37895.96800934669,72728.77009673999,45687.493899513815,26185.31866088557,38930.61993351771,1.9191690809640254,1.2056030311257762,0.6909790153513746,1.0273024276333522
Tualatin (17090010),1993,36355.30307148378,64646.39953412536,56361.482964525414,8014.321998379764,12102.529806409491,1.7781834855568137,1.5502960559482724,0.22044437320799024,0.33289585793337595
Tualatin (17090010),1994,31083.3470642988,51020.528130806924,34729.682211416475,15806.04064099222,23237.75872889776,1.6414103675922096,1.1173083175236853,0.5085051043021832,0.74759512483737
Tualatin (17090010),1995,38471.065165836175,80059.99699538964,62669.03323559613,16872.388664649854,25125.29350185736,2.081044459005156,1.628991372228724,0.4385734731263225,0.6530958629180252
Tualatin (17090010),1996,38035.60667693338,72097.20591562343,59956.22817517158,11777.319413243496,17639.49872968165,1.895518757673626,1.5763184398352694,0.3096393206838431,0.4637627810043343
Tualatin (17090010),1997,36088.917058157866,66276.0399066947,59010.75141736373,7098.532427168579,10708.114258572386,1.836465189573015,1.6351488553194036,0.19669563416738664,0.2967147570905519
Tualatin (17090010),1998,26273.923955504117,48456.06174202121,39397.142667113774,8803.071353897341,13211.487276111962,1.8442643673660386,1.4994769237299432,0.3350497386231944,0.5028364738546901
Tualatin (17090010),1999,37899.98015842551,68097.71249551988,49206.73660627283,18397.56128091552,27718.823501441853,1.796774357423539,1.2983314608763383,0.4854240346304133,0.7313677575970896
Tualatin (17090010),2000,39265.237097774516,78069.82449432208,54826.07270164181,22568.327844014588,33523.28893608885,1.9882682562165641,1.396300563908966,0.5747661165986878,0.8537650964035282
Tualatin (17090010),2001,39823.14950077281,75648.82647691052,53464.81145660109,21498.733678976954,32385.406820259275,1.8996193778054262,1.3425560792363636,0.5398551834419764,0.8132306767858932
Tualatin (17090010),2002,38551.93677426274,73021.32181788348,47481.56009410217,24699.388850995696,36801.83617863717,1.8941025517201122,1.2316258031892406,0.6406782879838349,0.9546040810900599
Tualatin (17090010),2003,37114.39949485561,70202.52626616403,45207.20138739188,24261.367148893398,36426.900647330716,1.891517233786707,1.2180501908338301,0.6536914911490416,0.9814762233288946
Tualatin (17090010),2004,36442.88484344981,73701.93496506108,49292.57686140765,23690.51240234491,35848.78052393171,2.0223957373755543,1.3525981017462572,0.6500723667765015,0.9836976594451775
Tualatin (17090010),2005,38818.414885611,75417.08982107726,57846.91109808163,17000.520911389467,25732.943848854055,1.9428173469554126,1.490192509625735,0.43794989984743377,0.6629055803716655
Tualatin (17090010),2006,39638.70285063972,78975.62316425366,56417.124350524246,21878.57355936731,32593.804789739585,1.9923866697110926,1.4232838184212615,0.5519497860918074,0.8222722351070467
Tualatin (17090010),2007,38934.556462982124,75359.70313440864,41310.202312061694,32938.370111529926,48768.57709118401,1.935548006205195,1.0610163840273426,0.8459932025383876,1.2525782112749066
Tualatin (17090010),2008,38810.894853392805,71970.73623005807,39758.45487227608,31304.05161989529,46453.99708896846,1.8543951769709446,1.024414794414369,0.8065789706252734,1.19693187349705
Tualatin (17090010),2009,38802.99376571512,77627.02494361888,51129.61435997713,25743.159233705384,37946.49501827601,2.000542159512631,1.317671895851329,0.6634322956918619,0.9779269931436094
Tualatin (17090010),2010,37453.986003597456,75173.88599897263,66087.65829259166,8753.261241802975,12843.42030315659,2.0070997514590885,1.7645026696556125,0.23370706767931787,0.34291197476078994
Tualatin (17090010),2011,38843.32758678654,70732.93533627434,56392.157479449874,13972.629931965665,20907.680085365315,1.820980326112323,1.4517849263417117,0.35971763492061837,0.5382566681150548
Tualatin (17090010),2012,30725.138790458852,55394.25093304179,41512.75032227124,13467.913017432738,20335.390344350697,1.8028966870035261,1.3511004980443666,0.4383353028698103,0.661848608171804
Tualatin (17090010),2013,40007.363135999265,77374.85935681143,62153.043666762635,14824.272159321463,22628.85049248887,1.9340154734463941,1.553540118489747,0.37053859583118454,0.5656171444132759
Tualatin (17090010),2014,38641.257407601806,81340.90952835222,56465.11549621407,24133.30283938393,36137.37644584492,2.105027501313925,1.461264960935402,0.6245475550864512,0.9352018767053812
Tualatin (17090010),2015,40492.38190468305,84427.03675929524,48495.62368502864,34856.936537589485,51813.417176952134,2.085010384373833,1.1976480859828105,0.8608270222196583,1.2795843252421706
Tualatin (17090010),2016,39586.69569475288,81585.31292235569,49112.68064578113,31513.06722629963,47041.71376548303,2.0609275790899018,1.2406360213664132,0.7960519733521636,1.1883213018892682
Tualatin (17090010),2017,39061.84983920606,79903.7131234768,52741.09174696432,26398.994844261277,40375.10400740037,2.0455691026511014,1.3501944215152994,0.6758255165316012,1.0336198662787395
Tualatin (17090010),2018,40904.99846366312,81165.77308955249,46177.44425453071,33952.84706484842,51175.68815392617,1.9842507306693573,1.1288949025520985,0.8300415191314465,1.2510864216114503
Tualatin (17090010),2019,42230.60738020851,84472.8425741937,57418.24015210711,26301.04183188787,39547.71647714354,2.0002753409078866,1.3596356698155454,0.6227957271628995,0.9364704637347387
Tualatin (17090010),2020,42451.47295947099,84936.36522865269,61327.81682873247,22869.65034830408,34179.54489382955,2.0007872355746668,1.4446569825099587,0.5387245424943924,0.8051439092928822
Tualatin (17090010),2021,40008.83316208797,80336.22254130174,44335.210078415956,34919.90262114354,52432.626208322596,2.0079621471547355,1.108135543438633,0.8728048248663584,1.3105262529377464
Tualatin (17090010),2022,44256.326983595,84459.5534098268,61971.20400248305,21807.492272079893,33163.79990329311,1.908417601874968,1.4002789708566332,0.4927542287945298,0.7493572594848714
Tualatin (17090010),2023,42378.676950495974,84477.86752157779,47805.671454491596,35444.68616619349,53817.293256088335,1.9934050234805434,1.128059554816567,0.8363801967578571,1.2699144269877565
Tualatin (17090010),2024,43725.106950179375,89661.3855126846,70492.28863543832,18582.62299823725,28299.00924988693,2.050569838853574,1.612169610374141,0.42498747960549055,0.6472027451443624
Umatilla (17070103),1985,80043.83142072898,209915.0941144955,51741.85318084965,124622.80420163894,163769.07538978473,2.6225018266696027,0.6464189964731004,1.5569320207398933,2.0459924579194166
Umatilla (17070103),1986,81790.68009187667,210945.64517973873,62245.507271936534,116421.12741329931,153747.19963447217,2.5790914679127304,0.7610342303305859,1.4234033423187307,1.8797642893024693
Umatilla (17070103),1987,72777.93893920652,190020.52611995782,40771.47412776126,118792.61509894177,156896.2507897438,2.6109632793900275,0.56021748790961,1.6322613257593432,2.1558215728093604
Umatilla (17070103),1988,74688.89716358109,185406.17398056661,50523.16948063617,106351.67501699478,139645.99681210637,2.4823793230538174,0.6764481924265402,1.4239288442573592,1.8697022196787623
Umatilla (17070103),1989,82649.580710915,192018.82057308147,66747.57898546087,98844.74388827215,129381.70516226378,2.32328850214872,0.8075973091614964,1.1959497318444152,1.5654248218730185
Umatilla (17070103),1990,81955.1053570582,208370.30420955777,57107.368785391925,118582.30160373171,154493.2005284756,2.5424932748452913,0.6968128286406221,1.4469178105146452,1.885095502658276
Umatilla (17070103),1991,85011.1490194914,202749.595590904,59191.67362021578,113197.60570963348,147414.47353836583,2.384976534600391,0.6962813031340663,1.3315618835322351,1.7340604760508127
Umatilla (17070103),1992,82729.54048700117,205457.59052074878,63281.07138795111,111599.65603336498,144910.02870434197,2.4834852135197245,0.7649150595474915,1.3489698525631242,1.7516116716145773
Umatilla (17070103),1993,89519.43930086629,200643.95059535225,73145.01908275652,99035.04480102981,128958.71993027179,2.241345032568927,0.8170853130226061,1.1062965270390321,1.4405666628100053
Umatilla (17070103),1994,88494.73697547054,218469.08214701893,58807.47060630702,123993.75711654249,161499.9671343206,2.4687240124525753,0.6645307124039207,1.4011427272891015,1.824966915027795
Umatilla (17070103),1995,88473.31477992251,208793.8060050701,83913.91109675712,98349.01183626174,128443.91302366268,2.359963640160256,0.9484657753074256,1.1116234548338675,1.4517814025976883
Umatilla (17070103),1996,93787.07616579354,235857.42457328658,83172.17383528162,119521.72114649092,154915.42788502015,2.5148179708294354,0.8868191358077177,1.2743943625580627,1.6517779870988412
Umatilla (17070103),1997,92646.40019005553,234141.78842537463,77351.76090594285,124075.3381409553,160597.92122043282,2.5272626669255835,0.8349138309450002,1.339235392701996,1.733450203040604
Umatilla (17070103),1998,71515.906799916,179604.83767557173,48316.184736616575,107128.50803622016,140078.52566680778,2.511397054337325,0.675600532784873,1.4979675547698708,1.9587044607951793
Umatilla (17070103),1999,91495.64215500971,230317.46288267238,57447.52744093795,136235.39388186048,175460.86687105743,2.517250630281102,0.6278717334276066,1.4889823238909428,1.9176964360094424
Umatilla (17070103),2000,93943.46272368642,254382.92114630688,72356.38123115711,142699.1283189209,184094.6429361588,2.7078299412330273,0.7702119885018199,1.5189894451585026,1.9596322894508564
Umatilla (17070103),2001,92148.02029940543,234012.2600541242,59177.34328688946,135894.05493563297,175160.22942829892,2.5395256381393376,0.6421987482163118,1.4747365650839686,1.9008572171075617
Umatilla (17070103),2002,86985.28405266105,223677.05103748638,47721.26927818398,136627.41583732737,174720.09520423925,2.571435541925366,0.5486131337950616,1.5706957484281234,2.008616711517127
Umatilla (17070103),2003,90743.41710345956,243997.38453821116,59110.83419850302,143313.75961986656,183907.63340601197,2.6888714611663973,0.6514063067639254,1.5793295447147402,2.026677408415564
Umatilla (17070103),2004,93139.49408905335,243028.89613201714,76488.22213231216,129233.84678310437,166034.86511415118,2.6093001525180095,0.8212222202879863,1.3875300488484528,1.782647272653215
Umatilla (17070103),2005,90005.95274833585,235344.49856913107,48954.61098980034,144997.4886242644,184460.8423341692,2.614765928062268,0.5439041473921343,1.6109766542851833,2.0494293621882664
Umatilla (17070103),2006,93149.35995501088,241732.4165494998,82954.93142062218,123835.90553880097,158366.612682423,2.5951055022412532,0.8905582546212621,1.3294337781667103,1.7001363483217775
Umatilla (17070103),2007,91202.00859561117,246410.17790117863,63166.39163325876,142703.9537969325,182197.01602354672,2.701806480970819,0.692598689501872,1.5647018743817416,1.9977303003424687
Umatilla (17070103),2008,92205.13038002176,243812.73637471834,54090.241046890966,146755.95091251767,187247.85105588098,2.6442426291232235,0.586629407972843,1.5916245691282656,2.0307747549853503
Umatilla (17070103),2009,93784.84694412306,244973.90386612614,66857.08680883332,139263.35176335322,177929.01165923805,2.612084061000616,0.7128772822827842,1.4849238048693114,1.8972042654742298
Umatilla (17070103),2010,93388.71939373833,233632.88525611916,84458.55550730326,115603.4775604686,147914.09165225492,2.501724906100213,0.904376417789986,1.2378741063261627,1.5838539452354081
Umatilla (17070103),2011,95268.6478056487,242721.80756392403,77475.51364824915,128136.95789193767,164027.82610542674,2.547761652491225,0.8132320068854326,1.3450065771201187,1.7217398365939771
Umatilla (17070103),2012,96136.24931088583,250839.8818503777,74446.31370783936,137188.02357974893,175034.03522568443,2.609212275790067,0.7743833802699598,1.4270165994942208,1.8206871651468177
Umatilla (17070103),2013,97903.5648300055,260611.02325365212,76379.62746154076,143686.82074388626,182680.6276575915,2.661915566671787,0.7801516481464413,1.4676362499504114,1.865924167059579
Umatilla (17070103),2014,98491.38000106232,277132.6097967627,60162.14677927883,167609.96918071923,213555.9524236898,2.813775274483651,0.610836671987233,1.701772979309574,2.1682704864261866
Umatilla (17070103),2015,97900.82971553526,263490.6390326671,55560.18991042658,161062.68510632822,204837.1207480111,2.691403533537729,0.567515005458734,1.6451615943840179,2.0922919789668217
Umatilla (17070103),2016,97514.20208635391,262688.2415164098,77754.5617787808,142421.02091192515,180580.14456393366,2.6938459823912178,0.7973665385676343,1.4605156773554269,1.851834304135725
Umatilla (17070103),2017,103889.5927015051,273504.10493420257,86009.32071082079,143743.07261928185,182784.4337253415,2.632641998318665,0.8278915960133004,1.3836137853796724,1.7594104372948747
Umatilla (17070103),2018,100665.62066825236,268785.9305746687,69633.20965282188,153285.46345826203,194582.38196120126,2.670086657096802,0.6917278132352748,1.5227191015234536,1.9329576539586975
Umatilla (17070103),2019,106634.74705854413,267624.5091241799,85422.08362779638,140628.45113196655,180936.17239060128,2.5097308007609365,0.8010717517892956,1.3187863713387846,1.6967843726516696
Umatilla (17070103),2020,103557.41275532197,276866.52520236734,59139.19900180178,167970.26357782242,215481.4941014451,2.673555835703695,0.5710764437648866,1.6220013527635198,2.080792561036353
Umatilla (17070103),2021,106798.717106646,301488.40960069146,59340.398155135474,186094.97323057492,239956.70957839745,2.8229590932223854,0.5556283798416786,1.7424832270667263,2.2468126591706516
Umatilla (17070103),2022,115240.542274246,305687.4201795254,108658.41800856643,153013.44896894618,201716.15075611233,2.652603104314275,0.9428836055802685,1.3277744615676081,1.7503922384890749
Umatilla (17070103),2023,115237.62404401241,300367.8887272995,71816.83004257802,179348.27286381886,237285.0149083875,2.606508865651211,0.623206445276494,1.5563343513167265,2.0590932594875597
Umatilla (17070103),2024,115643.63894004084,318957.4270812937,78602.14522802971,187083.81331711417,249246.22821930537,2.7581061094650217,0.6796927695156975,1.617761383435139,2.155295617673663
Umpqua (17100303),1985,3802.4560626600005,7887.223957935281,4597.7186598733315,3288.564980936261,5586.646406807698,2.074244600848271,1.2091444540340084,0.8648528547719107,1.4692205024190526
Umpqua (17100303),1986,6604.12777221637,14221.547464256102,9683.9525301851,4528.723089364003,7513.454615827363,2.153433118615041,1.4663484511801215,0.6857412887158822,1.1376906799769289
Umpqua (17100303),1987,4422.708384672824,11074.514802534386,6352.68142281119,4715.267200409903,7915.844907166432,2.504011985260846,1.4363780901374392,1.0661492439227873,1.7898184141191162
Umpqua (17100303),1988,2722.8607455662254,5936.486113648837,4587.191298084384,1349.244494626184,2304.2523205481752,2.180238605046374,1.6846955194289475,0.495524604709671,0.8462615373556316
Umpqua (17100303),1989,6260.199931712087,12457.659083263561,8696.78827198538,3756.7917225585634,6253.416200331205,1.9899778312442085,1.3892189333970548,0.6001073070410912,0.9989163714490142
Umpqua (17100303),1990,6904.444004353397,15378.554363184583,9564.748574260942,5805.216847542081,9502.242246810256,2.22734145624008,1.385303229084075,0.8407942542341962,1.3762501717471953
Umpqua (17100303),1991,4895.582200065897,11125.250039221448,7898.491742032982,3226.458025176364,5189.432968812919,2.272508066368837,1.6133917109851947,0.6590550200817656,1.0600236614846477
Umpqua (17100303),1992,6031.448652554473,15250.386122018936,8295.92727555255,6945.824886468277,11512.966773739125,2.528478148538993,1.3754452294042185,1.1516014288750587,1.9088228113925978
Umpqua (17100303),1993,6315.481154493689,12407.276566340852,11806.268085780725,600.9790227982503,1062.0810454412704,1.9645813617087011,1.8694170399637953,0.09515965737157372,0.16817104183512002
Umpqua (17100303),1994,4177.117003096325,8695.26107829222,6038.526581684473,2656.6282505569475,4367.736502191123,2.0816417332449104,1.445620646299436,0.6359956516869646,1.0456342254606465
Umpqua (17100303),1995,4596.012615262479,10666.090783435546,8605.982189026128,2059.774529309097,3346.0677652621002,2.320727046748196,1.872488809201112,0.44816555169343525,0.7280371150745865
Umpqua (17100303),1996,5767.873738639696,12973.770306524115,11140.858877687662,1831.936309980673,3118.7029135395924,2.2493159341563307,1.931536538855502,0.31761033493301116,0.5407023549504938
Umpqua (17100303),1997,6373.262450868456,14750.02957462008,12432.962023471395,2314.809851181098,3729.581418469488,2.3143609239895904,1.9508002564333768,0.36320642198967806,0.5851918773502376
Umpqua (17100303),1998,3347.012974881602,7291.994632962666,6111.30949261028,1180.6586632530154,2027.0996630613222,2.1786574141442085,1.8258995523692176,0.35274995110969964,0.6056443994314151
Umpqua (17100303),1999,6517.768920343281,14343.928854592532,9135.843759876981,5206.289709234444,8662.389018896765,2.2007421603767225,1.4016826726339064,0.7987840276117424,1.3290420579133588
Umpqua (17100303),2000,6822.782787846724,15691.531237183483,10529.65687827266,5157.290727788167,8700.529532875113,2.299872606985887,1.543308237370375,0.7558925570626017,1.2752171369683905
Umpqua (17100303),2001,6671.472911805768,14683.439894745166,10100.395831901775,4580.250906587826,7459.966692770957,2.2009292533829385,1.5139678996564945,0.6865426821238624,1.1181888604493737
Umpqua (17100303),2002,6620.276270122071,14338.283998680728,9684.273526618083,4648.230331466346,7808.884590013138,2.165813542161488,1.4628201500176239,0.7021202955599068,1.1795405918715762
Umpqua (17100303),2003,6619.468558884107,13766.116284819824,8779.258730159747,4982.992106471724,8426.427714166375,2.079640708670498,1.3262784847549351,0.7527782724768685,1.2729764692147554
Umpqua (17100303),2004,5491.291543032744,12495.646160660679,8885.59200672396,3605.4134860872095,5918.648665464819,2.275538652926731,1.6181242494760357,0.6565693075724045,1.0778245188919715
Umpqua (17100303),2005,6657.055979345031,15145.09624433055,13087.270713064869,2056.927272180315,3347.8784453769017,2.2750441473410343,1.9659246900838723,0.30898452387397385,0.502906758748075
Umpqua (17100303),2006,6575.017870653037,14859.984971965336,11205.252749104386,3653.9310804035717,6283.662039601398,2.2600676171986476,1.7042163184252257,0.5557294523430185,0.9556874465159892
Umpqua (17100303),2007,6868.70412786726,14526.630187033263,9339.630813597754,5184.1423878059695,8593.168630695247,2.1149011395172437,1.359736951793514,0.754748245272817,1.2510611129443765
Umpqua (17100303),2008,4251.397386683223,9370.389601809291,5950.842614417285,3416.8298979622346,5666.883326027762,2.204072861116309,1.3997380327365503,0.8036957233555422,1.3329460435240206
Umpqua (17100303),2009,6338.754943350685,13130.19797969747,9552.980293688755,3574.3517498271767,5932.201322496558,2.071415932157303,1.5070751873299304,0.563888615630527,0.9358622277580554
Umpqua (17100303),2010,4267.615172505438,9348.691577076064,8987.335481024038,361.32467695734493,605.7670298682797,2.190612601929527,2.105938590462865,0.08466664925301076,0.14194509237172973
Umpqua (17100303),2011,6850.510857836207,14336.837464498465,11597.565422160602,2738.421749243105,4683.643796241065,2.092812895566577,1.6929489877232007,0.3997397867212576,0.6836926316062265
Umpqua (17100303),2012,6125.9897670076225,12849.653699561477,9516.705532297761,3330.87891618249,5543.0945562065945,2.0975636898326355,1.5534968052919895,0.5437291022132302,0.9048488108908879
Umpqua (17100303),2013,6385.486746009129,14006.379123890156,9192.811459964983,4807.736113920782,8004.046541917949,2.1934708630699165,1.4396414597071094,0.7529161526998037,1.2534747718207082
Umpqua (17100303),2014,6753.317373362293,15672.55825748334,10968.605557995994,4703.194632261364,7825.538196650383,2.3207199352575962,1.6241803770781504,0.6964273070909699,1.1587695000855942
Umpqua (17100303),2015,4734.895024065948,11020.546810852366,7195.472044107897,3823.785208658181,6197.733987880461,2.3275166090987174,1.5196687587656386,0.8075754983422254,1.3089485524767441
Umpqua (17100303),2016,4507.907982508773,10844.45994374229,6553.037885423133,4290.628016061085,7065.783783777888,2.4056524635862364,1.4536760534708586,0.9518002658238011,1.5674197013767766
Umpqua (17100303),2017,7594.001057585133,17559.548521608154,12765.988671910229,4783.614484611007,8164.763833157293,2.3122920827182547,1.6810622720626498,0.629920176246615,1.0751596913463772
Umpqua (17100303),2018,8275.823376822202,18270.876016104263,12521.662130589506,5740.809302868172,9661.893012841449,2.207741173799678,1.5130412480356301,0.6936843672795445,1.1674841973913026
Umpqua (17100303),2019,9294.236086527706,20554.76842791788,14536.38340724716,6007.199819572782,10030.888947389085,2.2115608250701397,1.5640213215928649,0.6463360478092881,1.0792591079033576
Umpqua (17100303),2020,9349.873002071996,22069.0614442851,15548.893229437941,6514.955408640776,10971.83930123099,2.3603594871710496,1.6630058211477525,0.6967961390702331,1.1734746877096143
Umpqua (17100303),2021,8501.458715829003,19221.613600682413,10712.037455318565,8508.561474490452,14242.043219854808,2.2609782912776346,1.260023463429123,1.0008354752871087,1.675247001239601
Umpqua (17100303),2022,10918.10808203699,25438.822929192782,20670.196735095284,4762.091121682302,8088.051536732945,2.3299662119159628,1.8932031611871394,0.4361644971730157,0.7407924043213867
Umpqua (17100303),2023,11363.695857611121,24130.046562776966,15514.143869687807,8601.20688562277,15012.529717602602,2.1234329803551772,1.3652375128727876,0.7569022431959842,1.3210956985924243
Umpqua (17100303),2024,11164.667001781214,26227.63542057355,19647.089112944886,6562.003840938493,11268.694371313253,2.349164145817263,1.7597559434428618,0.5877473855594251,1.0093175523744187
Upper Crooked (17070304),1985,12692.642085233,24560.47726007282,11447.898993638033,12936.307517197296,23761.029859000104,1.9350169251717275,0.9019319158898258,1.0191973767422138,1.8720318196511976
Upper Crooked (17070304),1986,11467.885340906332,22340.12729697483,10981.239946046866,11160.098204651615,20283.97130861165,1.9480598761557937,0.9575645046673439,0.973160951029321,1.7687630025614263
Upper Crooked (17070304),1987,13584.628672817475,28883.44838030944,16477.999476859233,12257.814400055084,22516.07273306181,2.126186079572756,1.212988582443282,0.9023297357094997,1.6574669264325161
Upper Crooked (17070304),1988,5238.401691293064,9521.718993811692,3475.5075379737427,5973.246382040376,10479.336195960754,1.817676374386883,0.6634671685736718,1.1402803248114257,2.0004835088112536
Upper Crooked (17070304),1989,11381.383902525944,20095.108292849724,12533.181033474943,7427.87918840903,13296.27503044901,1.765612026178107,1.1012000948929745,0.6526340954688746,1.1682476528621515
Upper Crooked (17070304),1990,9718.17819659183,16627.30459381763,10019.474502105455,6522.842204896257,11618.602253126222,1.7109487249008082,1.0310033732062343,0.6712001028324239,1.1955535305167455
Upper Crooked (17070304),1991,13001.111231691062,21750.39525092087,14747.365980137449,6843.672032267965,12441.612461752373,1.6729643230728504,1.1343158071126855,0.5263913145813309,0.9569653116592931
Upper Crooked (17070304),1992,4443.470076750974,9624.014784040593,3613.1809994871514,5846.427020547274,10559.612060083564,2.1658781577927466,0.8131439926628419,1.3157345316978324,2.3764337055701876
Upper Crooked (17070304),1993,16047.918960730089,29105.014291627453,21291.668756549305,7641.325899770132,13969.567203648807,1.813631684136031,1.3267557499916895,0.47615681001809446,0.870490886564975
Upper Crooked (17070304),1994,10295.933888192867,20143.32092074166,9178.948865078926,10788.323988250631,20082.921600452235,1.9564345633417035,0.8915120245289383,1.0478237433733355,1.9505682358239356
Upper Crooked (17070304),1995,15910.029355204668,30522.35387053569,19442.177789558536,10805.668196199393,19817.110366374785,1.9184347928654748,1.2220076629335943,0.6791733663687126,1.245573463375917
Upper Crooked (17070304),1996,14339.679110178879,27012.121914536794,19119.10438121017,7733.596864938785,13860.863002834496,1.8837326628433761,1.3333007129593761,0.539314499684248,0.9666090082166134
Upper Crooked (17070304),1997,14511.8282832411,28034.021876134808,19768.18094228531,8122.16533699619,14439.98157176933,1.9318049613713892,1.3622116081069178,0.5596927677524978,0.9950490930522694
Upper Crooked (17070304),1998,15876.735620035022,31108.10726997598,22221.62171901834,8744.466910290277,15795.363737131926,1.9593515955962841,1.3996341723406063,0.5507723451195812,0.9948747724437502
Upper Crooked (17070304),1999,14918.502294427735,26006.68458456818,16138.2392426449,9699.926989901522,17358.664136769596,1.7432503659755465,1.0817600134480492,0.650194422902933,1.1635661405001287
Upper Crooked (17070304),2000,11374.755032946441,22770.334167878937,9839.704878465656,12683.402353250814,22943.233410670455,2.0018307297102873,0.8650476295942564,1.1150483959007413,2.0170309904887147
Upper Crooked (17070304),2001,13913.383742679183,24883.245217417167,13550.549605101764,11106.837663496306,20280.842738945666,1.7884395110218967,0.9739219341399727,0.798284433816497,1.457649922838997
Upper Crooked (17070304),2002,5470.252638199203,11391.13687082986,2272.11224202223,8855.370092716279,15813.282776478462,2.082378570833211,0.4153578257347553,1.6188228731665035,2.8907774142007754
Upper Crooked (17070304),2003,10545.104061272206,20515.04194912518,10170.738724780102,10171.086572279675,18626.240131995077,1.9454565673247761,0.9644986588736479,0.9645316455087303,1.7663400971453218
Upper Crooked (17070304),2004,14104.150386256855,28740.26120705976,18228.211776051154,10329.889227393298,18873.348286525656,2.037716588378439,1.2924005542235852,0.7324006724615463,1.3381414526688489
Upper Crooked (17070304),2005,14302.883808456892,29322.195695359118,15437.235432748275,13645.08473280131,25229.75932089102,2.0500897642768887,1.079309294508893,0.9540093393426964,1.7639631041380182
Upper Crooked (17070304),2006,14537.024052576407,29830.78234072037,18085.167310095396,11538.097288472189,20725.721219345178,2.0520556499618254,1.244076314704188,0.7937042166775038,1.4257196758006287
Upper Crooked (17070304),2007,12541.119117023763,25675.36082551712,11097.007100082634,14442.479707873854,26443.0556706508,2.0472942315542215,0.884849828514838,1.151610121322356,2.1085084531854936
Upper Crooked (17070304),2008,13634.407560943448,26070.268579501855,12531.716148617563,13389.26138650521,24626.652161536327,1.9120939771656564,0.9191243618472571,0.9820200347288669,1.806213585112477
Upper Crooked (17070304),2009,10889.047069612205,22262.449160617183,10795.016406904473,11250.432363865539,20500.53807456697,2.044480937431564,0.9913646564197394,1.0331879632756702,1.8826751269885973
Upper Crooked (17070304),2010,14742.241273815582,29170.550729303253,17491.175705136622,11448.52222199257,20893.27777648518,1.978705285546676,1.1864665202708056,0.7765794908218503,1.4172388979683
Upper Crooked (17070304),2011,16031.772343989429,32177.982374848507,18811.17871514129,13168.68383356784,24243.985624869965,2.0071381806336936,1.1733686277171909,0.8214116038458463,1.5122461262967863
Upper Crooked (17070304),2012,13921.850916263464,25173.95468095767,12662.102788537488,12307.082773301343,22373.120515342842,1.8082333184267572,0.9095128847950569,0.8840119641652135,1.6070507183212708
Upper Crooked (17070304),2013,11774.441658329455,22151.696676626518,12107.643700409079,9869.67360131229,18135.768753294145,1.8813373338137018,1.0282987551977814,0.8382285876231169,1.540265711067885
Upper Crooked (17070304),2014,11243.35429619924,23274.741264441644,11559.842647373189,11525.60430608504,21097.094551708076,2.0700887521003897,1.028148926275581,1.0251037192682981,1.8764057411976995
Upper Crooked (17070304),2015,10561.525837213469,22619.947562059355,10163.512782306174,12221.034024693463,22168.04440869471,2.141731025488582,0.962314815014238,1.157127692821877,2.0989433487522935
Upper Crooked (17070304),2016,14360.755007795697,29363.209425863133,17461.80549236619,11671.746633739698,20754.037841812147,2.0446842390893374,1.2159392373790303,0.8127529943518793,1.4451912751485472
Upper Crooked (17070304),2017,14268.890167023328,29513.352673898436,18148.629920086365,11145.455778176281,19627.888952672787,2.0683705830258905,1.2719019985190902,0.7811017989285823,1.375572222010271
Upper Crooked (17070304),2018,13681.774684497912,27231.46772678435,12954.824446050718,13972.552694492955,25030.502922377942,1.990346161572071,0.9468672555124839,1.021252945374441,1.8294777906800839
Upper Crooked (17070304),2019,14795.948302261204,29951.746253373065,19831.96587028279,9825.574513082445,16969.23845217654,2.0243208236132904,1.3403646366655628,0.6640719683766969,1.146884140544287
Upper Crooked (17070304),2020,13386.933777299002,27447.31304957947,12925.638019105423,14195.548866474965,25489.35057191774,2.050306179606525,0.9655413430836698,1.060403308377246,1.9040469607119075
Upper Crooked (17070304),2021,5759.9398857470005,12391.225528804165,3819.7458961724687,8255.947205045964,13944.41246813704,2.15127688389011,0.6631572502387479,1.4333391265897317,2.4209302084284867
Upper Crooked (17070304),2022,13480.640886223002,26909.472847568723,15092.994905699192,11625.171883253355,20890.178958471668,1.9961567906663673,1.1196051458594962,0.8623604753935767,1.5496428645184885
Upper Crooked (17070304),2023,14166.59274923071,29035.413709327855,17776.29096276464,11024.236799122074,19565.669942430268,2.0495693088166576,1.254803556326552,0.7781854814539456,1.3811133198201626
Upper Crooked (17070304),2024,13631.725785679602,27922.918500138887,15851.755862591082,11830.562474534554,21070.731352024613,2.0483773616890435,1.1628575949821163,0.8678697518228246,1.5457126766854299
Upper Deschutes (17070301),1985,21908.393823761995,43468.54806327925,11000.88652809589,29913.30575230367,38963.89152622838,1.9841047414499626,0.5021311291275152,1.3653810495162586,1.7784914695100957
Upper Deschutes (17070301),1986,21320.697229739024,43444.59396202736,11574.021515181454,29353.118045609717,38756.416880096804,2.037672290633581,0.5428538002517812,1.3767428770887815,1.817783746116787
Upper Deschutes (17070301),1987,18314.220885890907,36854.08462110323,12183.538139315404,22719.168437299675,30151.012891057006,2.012320636008887,0.6652501471521226,1.2405206084853053,1.6463169838846403
Upper Deschutes (17070301),1988,18302.147276713764,39586.2888056758,9622.097433671628,27634.454150369012,36298.52207818571,2.1629313876215135,0.5257359854116156,1.5099022935701623,1.9832930819199093
Upper Deschutes (17070301),1989,21018.719903654393,42636.494958036696,14989.502389960035,25506.747488363435,33629.62149946438,2.028501029247921,0.7131501089823221,1.2135252577360212,1.5999842832301794
Upper Deschutes (17070301),1990,19667.96362254752,38994.92561796179,12072.056564840997,24671.654569556285,32428.85005675493,1.982662077595958,0.6137929069078352,1.2544081859736864,1.6488158448482295
Upper Deschutes (17070301),1991,20680.74198132093,45125.76708814569,13870.513325749203,28681.15633300818,37575.52874475764,2.1820187655212644,0.6706970832225072,1.3868533517275787,1.8169332985584494
Upper Deschutes (17070301),1992,16830.105433122764,37489.2120929837,11327.507507622766,23428.71473108233,30731.844991191574,2.2275090457367215,0.6730502998115199,1.3920717742488449,1.8260043059925972
Upper Deschutes (17070301),1993,21541.77998463282,40550.37498925698,17039.6152770387,21553.885626716816,28094.9364208363,1.8824059580120238,0.7910031245883204,1.0005619610864391,1.3042068223182244
Upper Deschutes (17070301),1994,19413.827835132663,41421.7208481373,9938.566912014976,28293.514276158505,37242.899036310984,2.1336194592793065,0.5119323709067528,1.4573897799256528,1.918369697752936
Upper Deschutes (17070301),1995,21034.615637017123,43912.21738061854,15741.793033672857,25461.212252430418,34068.499679625456,2.087616818789927,0.7483755969360403,1.2104434277193676,1.6196397532299593
Upper Deschutes (17070301),1996,21426.295935574293,45231.49020342117,14140.187535278219,28363.02759200455,38026.4834725139,2.1110270454317246,0.6599454977097149,1.3237485227165715,1.7747576896563886
Upper Deschutes (17070301),1997,23722.416601163364,51959.86731853138,18643.96528027371,30502.64187019642,40745.10758020377,2.1903277474683263,0.78592183898159,1.2858151166901162,1.7175782832430992
Upper Deschutes (17070301),1998,23004.700908658604,49534.19401795872,20839.627393884643,26407.70819007897,35337.32841006982,2.1532205184773705,0.9058856047131192,1.1479266039985563,1.5360916253759862
Upper Deschutes (17070301),1999,22505.794724798972,45885.337454363485,14479.821247901147,28895.737883906717,38734.48539919874,2.0388232459884104,0.6433819123012766,1.2839243509169092,1.7210894293156194
Upper Deschutes (17070301),2000,22104.78716376653,48277.61441282897,10027.018596404518,35163.92485112962,47939.95228096885,2.1840343476350728,0.45361298989752274,1.5907832358037455,2.168758827026867
Upper Deschutes (17070301),2001,21908.38796937582,49097.55824721296,10941.676952651838,35062.10031226572,47189.57393074852,2.2410392912451136,0.49942866485413856,1.6003961752583777,2.1539500759577326
Upper Deschutes (17070301),2002,21951.521483724275,48473.78116747729,8441.553263985916,36713.57535789964,49622.17216676069,2.2082196536316476,0.3845543585780519,1.6724843143615595,2.2605345239304953
Upper Deschutes (17070301),2003,21122.29784608949,46354.73335066334,12315.081498496838,31478.921081360404,42790.28438627779,2.19458761960623,0.5830370155857267,1.4903170720693302,2.02583472205889
Upper Deschutes (17070301),2004,21035.40571728626,46205.60661015324,15185.119866971108,28870.920755743577,39155.37265481012,2.1965636047695942,0.7218838595773999,1.3724917476641931,1.8614032541636893
Upper Deschutes (17070301),2005,20106.62133614398,44234.225942635145,15671.37927145371,26323.842484673976,35580.455930670105,2.1999830405677856,0.779413856234642,1.309212624268893,1.7695889993566505
Upper Deschutes (17070301),2006,19521.17648993656,42611.47751719369,12992.136961431825,27384.769268763957,37269.67421811795,2.1828334751832457,0.6655406741560609,1.402823712130321,1.9091920119328356
Upper Deschutes (17070301),2007,19779.95459053187,43406.58256371364,12653.927576281605,28316.915619314623,38206.77641543267,2.194473317167836,0.6397349153844215,1.4315965939006334,1.9315907041425273
Upper Deschutes (17070301),2008,20357.63502250238,43122.31575828986,10055.112868810498,30419.625780913455,41168.89247947519,2.1182379834703027,0.49392342763273067,1.494261280708148,2.022282668589402
Upper Deschutes (17070301),2009,20304.983253109996,45007.71376140089,14833.455784565986,28061.65409126976,37928.95709844582,2.2165846285299113,0.7305327761003709,1.3820082361787578,1.867962983551659
Upper Deschutes (17070301),2010,19989.074466720336,40892.6007324636,14518.785314390667,24523.398138226003,33139.756425373525,2.045747580786964,0.7263360461517558,1.226840101028931,1.65789348979352
Upper Deschutes (17070301),2011,20401.749334205128,40940.57880006231,12668.18763639752,25912.98852881919,35027.590602367934,2.006719038127884,0.6209363436868776,1.2701356194673974,1.7168915286907012
Upper Deschutes (17070301),2012,19972.3274708856,43358.9105273472,13868.430126861163,26971.47033988051,36224.65717581225,2.170949309265687,0.6943822720250149,1.350442024305771,1.8137424007601655
Upper Deschutes (17070301),2013,21314.069452385,43621.18562762852,14222.924985946833,26837.738561912098,35988.15612542713,2.0465911366704024,0.6673021788598572,1.2591560059362108,1.6884694969125256
Upper Deschutes (17070301),2014,22029.35404914635,50031.0266731095,13926.980699587122,33162.97174656869,44712.576361781576,2.2711072944532495,0.6322010472262032,1.5053991902161006,2.029681681180035
Upper Deschutes (17070301),2015,21778.74867512246,50713.12884102487,13323.744167769177,33831.55241955853,45501.52299595953,2.328560267512234,0.6117773048636486,1.5534203972978395,2.0892625042289614
Upper Deschutes (17070301),2016,21281.966499319788,46338.448062752774,13764.818076361518,29379.110483157885,39437.2552084462,2.1773574384789036,0.6467831850407935,1.3804697269914834,1.8530832293954926
Upper Deschutes (17070301),2017,21794.341479150247,48200.33128423982,14489.723265120447,30890.264906488224,41414.563025949166,2.2115984247723706,0.664838773815771,1.417352524096205,1.900243834647116
Upper Deschutes (17070301),2018,21484.085410576932,49364.24913990462,9639.758352352354,36431.9379530043,48728.14795126939,2.2977123855410606,0.4486929821832936,1.6957639693178803,2.268104367490543
Upper Deschutes (17070301),2019,22024.523125863216,45632.93382153818,17651.84140500503,25641.67177776163,34369.01526433426,2.0719147270867264,0.8014630466289924,1.1642327795806313,1.560488509464026
Upper Deschutes (17070301),2020,21137.445877158,44990.37050840993,9617.279782918815,32285.160505454114,43106.08080248763,2.128467685730582,0.4549877898593059,1.5273917526782552,2.0393230597964465
Upper Deschutes (17070301),2021,20268.684252594965,44671.61418027327,10336.010139544922,30932.649300761226,41153.64452038662,2.203972079468061,0.5099497338225899,1.526130108657693,2.0304053291035795
Upper Deschutes (17070301),2022,19691.223787915984,42414.90098349993,11076.111167480934,28071.87564155145,37514.30369294358,2.1540002510930227,0.5624897307945923,1.4256034030134006,1.9051280965058746
Upper Deschutes (17070301),2023,20056.931707458793,44214.26930772114,12468.34959242752,28517.3010051496,38106.58375537759,2.2044383434420673,0.621647905785648,1.4218177247193076,1.8999209007231388
Upper Deschutes (17070301),2024,20541.398282821363,44702.94349848909,10742.770573770742,30806.262759136072,41144.38289735202,2.176236636036305,0.5229814653248241,1.4997159557973787,2.0029981567399333
Upper Grande Ronde (17060104),1985,62134.51757045397,115628.32669434689,61847.47604593416,46780.15817627965,73370.3785993531,1.8609354544877024,0.9953803210237476,0.7528851917653645,1.1808312266391843
Upper Grande Ronde (17060104),1986,49199.92463908854,100230.34518708817,52005.391527501764,42582.67218006854,69147.42199983614,2.0372052583888878,1.057021772065568,0.8655027927875585,1.4054375592457644
Upper Grande Ronde (17060104),1987,41093.867772087164,92700.19529245108,34151.63126669481,51314.249870140535,81278.41409731314,2.25581577783285,0.8310639304166973,1.248708205193465,1.9778720890449053
Upper Grande Ronde (17060104),1988,47540.06234615668,94831.70578574165,50269.840688924545,38706.56817455558,61170.252963540224,1.9947745355325184,1.057420588195517,0.8141884184483987,1.2867095654636949
Upper Grande Ronde (17060104),1989,42562.763524858485,89754.36906078071,51498.008936307706,33333.87540852954,53865.519365515414,2.108753323979076,1.209931044684884,0.7831699036426787,1.2655550275549103
Upper Grande Ronde (17060104),1990,40383.901996017135,84958.5452580318,42478.90687125675,37058.478748490255,59408.0925714884,2.103772569238377,1.0518772276003998,0.9176547316340345,1.4710835168267675
Upper Grande Ronde (17060104),1991,57427.65489838358,126029.5597836836,68697.14633080603,51383.502001608256,82981.29403793655,2.19457959769886,1.1962380572977158,0.8947518768184028,1.4449709671197495
Upper Grande Ronde (17060104),1992,36425.3116262477,82862.31769897298,40029.78615863295,36660.39828220394,57936.02029346848,2.27485542331677,1.0989552146971313,1.0064539367121528,1.5905428864394502
Upper Grande Ronde (17060104),1993,48282.330431902694,86354.54378558707,62302.32912708577,21664.370571963296,36646.06821659314,1.78853305159703,1.290375352013235,0.4487018414017667,0.7589954314296964
Upper Grande Ronde (17060104),1994,56033.79423516693,129260.79700796012,60830.8967092074,59884.317681095774,94164.21272237961,2.306836414922546,1.0856108807108014,1.0687178781748863,1.6804896760548467
Upper Grande Ronde (17060104),1995,57330.06991418981,128103.6705545318,80381.94191765142,42129.747994502,67937.26429628479,2.234493534479796,1.4020904219716646,0.7348630144278689,1.1850197356809709
Upper Grande Ronde (17060104),1996,55089.23092349744,121315.430458314,70683.7115063936,44296.59820944112,70252.1322472536,2.20216235414114,1.2830767524155904,0.8040881578280867,1.2752425668242295
Upper Grande Ronde (17060104),1997,51662.443487633296,115585.25621496137,66608.83549661892,42971.96522994493,68991.94852758608,2.2373168671866943,1.2893086544108858,0.8317834451680813,1.335437193250471
Upper Grande Ronde (17060104),1998,59393.47993532689,143623.99620478484,81444.12205960992,54606.32215586952,86603.6370164075,2.4181778262727813,1.371263683291395,0.9193992710198146,1.4581337397759746
Upper Grande Ronde (17060104),1999,45203.85352585236,89259.4612416938,39140.29524912339,43883.15176621826,70255.11466668718,1.9745984972419612,0.865861916545208,0.9707834253803431,1.5541841941972456
Upper Grande Ronde (17060104),2000,60913.43961625984,144209.0572805457,70822.39172831761,64452.70203672284,102172.95604328894,2.367442360651909,1.1626726741172688,1.0581031450983478,1.6773466855090473
Upper Grande Ronde (17060104),2001,54548.58706328032,121499.39638616642,47576.842943970696,64146.48918404997,99334.66720986407,2.227361017531367,0.8721920310929063,1.175951434079042,1.8210309846271298
Upper Grande Ronde (17060104),2002,54451.8818336827,117912.88926263046,48894.87058822423,59403.20421072596,93106.91017310307,2.1654511339531375,0.8979463875567836,1.090930234370348,1.7098933413814403
Upper Grande Ronde (17060104),2003,49451.37418916271,110931.84429493522,54662.42244624534,48007.01405351763,74303.1920164873,2.2432509938064773,1.105377218379194,0.9707923154952162,1.502550601167538
Upper Grande Ronde (17060104),2004,63752.255102816736,144150.69080453555,87210.47632905279,49968.340409879966,79212.42608433847,2.261107321961488,1.3679590814223543,0.7837893785763861,1.242503907612182
Upper Grande Ronde (17060104),2005,59629.937068924504,135922.0214734869,62130.61453493135,64673.47970988446,100808.30977293932,2.2794258748986875,1.0419366108523038,1.084580713797002,1.6905654228079754
Upper Grande Ronde (17060104),2006,60309.88472496434,130867.33605583863,67672.25705325851,55259.465259047494,88162.55780746961,2.169915207973663,1.1220757154796324,0.9162588439863772,1.4618260043030076
Upper Grande Ronde (17060104),2007,52450.06655641002,119654.76027681415,51853.39437199526,58054.664062292475,88865.46662431366,2.2813080732342925,0.9886239956669447,1.1068558702371658,1.6942870135110104
Upper Grande Ronde (17060104),2008,62219.7497031154,136677.9765034018,72132.698753239,56133.349369373806,87488.90869538495,2.196697626646965,1.1593215835393702,0.9021789646730636,1.406127622062811
Upper Grande Ronde (17060104),2009,58637.39783841976,134591.97218686464,69630.99523104374,56487.31591683311,87857.76921918587,2.2953264835821,1.1874844007047813,0.9633325829445676,1.4983231258195542
Upper Grande Ronde (17060104),2010,65933.36038080357,148023.92397250363,82735.21361905216,57159.521721519224,89149.15667633573,2.245053537656495,1.2548308343637893,0.8669286896859144,1.3521100117064777
Upper Grande Ronde (17060104),2011,62841.83125903795,136172.8228140608,76969.04155827797,52652.955264858996,84675.45216014756,2.1669136638101447,1.2248058342063073,0.8378647504370175,1.3474376933910481
Upper Grande Ronde (17060104),2012,57675.97141105308,125146.2591996468,71109.4281561479,47182.841291246885,74973.85174452823,2.169816236084472,1.232912535609594,0.8180675615323008,1.2999148503315918
Upper Grande Ronde (17060104),2013,64251.37749569594,137616.38983893907,77657.20057065287,52272.967640260846,82167.8501709641,2.1418434157019854,1.2086464694995054,0.8135696023600817,1.2788496274102192
Upper Grande Ronde (17060104),2014,65142.63869726904,163294.64833045308,77492.45248470493,75100.38202720549,116643.64413035271,2.5067244986700064,1.1895811105354201,1.1528606075693693,1.7905882608228263
Upper Grande Ronde (17060104),2015,59713.824792589236,138700.64341928484,69466.50309126682,60122.25652135299,92099.65013949818,2.3227559765439483,1.1633236245132959,1.0068398185877794,1.5423505437710325
Upper Grande Ronde (17060104),2016,65589.71983922308,146201.51054664678,69143.35439400302,67103.63420887866,104233.00721824422,2.229030874122096,1.0541797489528968,1.023081580061122,1.5891668309263338
Upper Grande Ronde (17060104),2017,63835.95374888794,140656.92705732162,82024.37035930104,51746.115271474984,82000.96330088047,2.2034123216929604,1.284924334051012,0.8106108271684815,1.2845576588931118
Upper Grande Ronde (17060104),2018,66301.48912806487,149891.19645746372,74783.0402061849,66329.29308551413,104432.15140164907,2.260751582335366,1.1279239906925387,1.00041935645511,1.5751101939796974
Upper Grande Ronde (17060104),2019,64098.51171489723,142263.22704939786,75705.79527803938,58840.27256200523,93493.32764318067,2.2194466492789764,1.1810850712848062,0.9179662832691025,1.4585881191598986
Upper Grande Ronde (17060104),2020,68628.81083513603,157344.6867996899,81163.77739459311,67583.37097965005,106711.46690100053,2.2926914350544716,1.1826487506765822,0.9847667496673169,1.554907707163232
Upper Grande Ronde (17060104),2021,56515.34751351097,122596.0778747563,46360.192777392345,66193.50811479613,101833.20400106629,2.169252836062763,0.8203115581357637,1.1712483604382231,1.80186813814993
Upper Grande Ronde (17060104),2022,72537.73106938197,161796.99457602517,95970.90119211738,58308.446820644196,92243.96383309783,2.2305218565668556,1.323048016215474,0.8038360996551224,1.2716687229280297
Upper Grande Ronde (17060104),2023,62221.318448630904,137682.91855689266,66665.96435370574,62801.050908106656,98669.92215129349,2.2127933317671795,1.0714328467459955,1.009317264145638,1.585789639490749
Upper Grande Ronde (17060104),2024,66126.79463944506,152981.64923234563,62122.398607412324,79916.28216999705,124559.35259223361,2.3134593180642558,0.9394436694857717,1.2085310138762795,1.8836441910029185
Upper John Day (17070201),1985,27398.81927387906,60002.04888938012,24747.245399356536,34616.7337047033,65778.6514694916,2.1899501686404306,0.9032230605261727,1.2634388861313273,2.4007841656228717
Upper John Day (17070201),1986,28014.426041160597,61023.32502580013,27829.36180180381,32562.119726683497,61528.08649964311,2.178282179907621,0.9933939664127018,1.1623339945941114,2.1963000922896683
Upper John Day (17070201),1987,29120.073577871055,70440.31691569746,25789.16110721223,43807.337921249054,83388.84133590343,2.418960815031268,0.8856145585706879,1.5043690670664773,2.863620557582393
Upper John Day (17070201),1988,24046.862612864315,52448.94041722172,20961.197297906725,30890.555941428254,58832.18845452655,2.1811136555154262,0.8716811683655207,1.2845981797601647,2.446564003033526
Upper John Day (17070201),1989,28911.82460010126,63126.50665194822,37448.63790835102,25222.18328257806,47783.86404787996,2.1834148319967026,1.295270652279063,0.872382965497436,1.652744671386551
Upper John Day (17070201),1990,24943.94339358097,57291.97735430681,22891.068094919963,33772.802760066654,64533.99926218782,2.2968291921737696,0.9177004507158524,1.3539480196526459,2.587161069279643
Upper John Day (17070201),1991,31296.31071689668,71547.50637883712,35012.881516502086,35930.58674565957,68780.50003092225,2.286132286519288,1.1187542785226392,1.1480773906766228,2.197719106673749
Upper John Day (17070201),1992,21625.478095986342,49773.95273802351,20870.539260942645,28314.053480758474,53912.20855348009,2.3016347900887095,0.9650903054400535,1.3092914457236218,2.492994990177171
Upper John Day (17070201),1993,31674.028787225554,66604.39650988567,42179.578136420496,24028.38383220189,45393.9344541505,2.1028078542615924,1.3316770790279742,0.7586146995576633,1.4331594745679563
Upper John Day (17070201),1994,26606.993860497343,61029.21734682961,24521.641463884167,35894.473227418246,68167.45884281141,2.2937283958800765,0.9216239005598734,1.3490615819139855,2.562012800101319
Upper John Day (17070201),1995,31068.615209728505,67814.86456630574,35482.94395078588,31838.24121859746,60545.4134557273,2.182745001942375,1.142083215207967,1.0247718156626422,1.9487644700935602
Upper John Day (17070201),1996,28478.38201127052,60782.16032779225,32487.83502884525,27811.97115999134,53168.01756452194,2.134326321760038,1.1407893543947811,0.976599413161343,1.8669606139660717
Upper John Day (17070201),1997,29498.89622200629,62774.657894004646,33485.254839987734,28777.445377127802,54739.61344234171,2.1280341278388075,1.135135856880218,0.9755431240732227,1.8556495480500639
Upper John Day (17070201),1998,31001.474621755053,68225.83875636816,38931.31531261771,28748.93486950961,54594.239107329144,2.2007288230247988,1.2557891451169214,0.9273408836280084,1.7610207183182842
Upper John Day (17070201),1999,27010.65934366231,55829.206222886954,22771.3888654873,32495.426083269722,61855.71309691949,2.066932373347877,0.8430519438923026,1.2030593429735856,2.2900482476164767
Upper John Day (17070201),2000,27393.7438590542,61767.415728029955,25560.203876339165,35549.01314598079,67481.25866771917,2.2548000757338813,0.9330671998632633,1.2977055392240993,2.4633821143587578
Upper John Day (17070201),2001,26251.56915166179,57606.82059706462,22932.341158069787,34077.04997780176,64616.30462562071,2.1944143705946035,0.8735607774752051,1.2980957359512582,2.461426372355739
Upper John Day (17070201),2002,23572.071526847518,50426.03239465436,16913.20494432902,32993.89020224767,62555.040434733055,2.139227871306151,0.717510335273913,1.3997026169154938,2.6537778134384884
Upper John Day (17070201),2003,24796.569001773318,56396.44313323993,25634.029864310804,30247.525969686296,57224.550631457256,2.2743647772079583,1.0337732555853834,1.2198270642814801,2.3077608288213125
Upper John Day (17070201),2004,28158.85189647875,61037.45862681327,33503.618416492325,27087.773126453278,51219.17881696962,2.1676117638321033,1.1898076860399955,0.961962981517744,1.8189370435012144
Upper John Day (17070201),2005,27436.02778290614,59080.76078491134,28172.111289943663,30442.13609988763,57909.23292899365,2.1534006763807576,1.0268290844746897,1.1095679134300347,2.1107003312292045
Upper John Day (17070201),2006,27677.657706852,61143.15081480555,31015.528724348875,29632.604044939722,56266.820928978224,2.2091157952166123,1.1205980308323034,1.0706326510282607,2.032932899341716
Upper John Day (17070201),2007,24376.355806493615,56172.09053861604,22088.436170812256,33550.10930937959,63887.96058537125,2.3043678466349085,0.9061418509869354,1.3763381850720353,2.6208987550285157
Upper John Day (17070201),2008,26772.794707946512,56433.37394531007,23970.152503592755,31980.689328669003,60643.98542672675,2.1078626479199767,0.8953175327818169,1.1945218897591114,2.2651346670479207
Upper John Day (17070201),2009,26715.77111676052,57760.77005575609,28142.86800441196,29209.619644219823,55563.97731844169,2.1620476460632294,1.0534177689056534,1.0933474282497784,2.0798193350137977
Upper John Day (17070201),2010,29236.569131137803,59919.197828276665,28583.74582674826,30890.026352999223,58979.02907452267,2.049460644972223,0.977671001632874,1.056554420405657,2.017303357653832
Upper John Day (17070201),2011,30885.631841840215,64417.73928640141,34375.128056908536,29642.8340934556,56482.04529063305,2.085686302817864,1.1129812151144391,0.959761297591425,1.8287482535525734
Upper John Day (17070201),2012,27030.792177834883,59471.223734025094,23378.530390141324,35470.76375573834,67250.64712132844,2.2001287769431785,0.8648851367852847,1.3122354506807312,2.4879273488874527
Upper John Day (17070201),2013,25990.233398551376,57259.02338568413,24792.92062824233,31954.549963549634,60288.578430754445,2.203097698571479,0.9539322039956831,1.2294829936129275,2.319662832812989
Upper John Day (17070201),2014,26826.55965797259,63371.052271828354,27607.62054898557,35207.853040070906,66469.79547723682,2.3622504368723667,1.0291152089932956,1.3124252043108136,2.477760708965253
Upper John Day (17070201),2015,27548.068336538607,66107.51032937854,29342.824418804208,36162.89562087853,67842.94694485347,2.3997149100177126,1.06514997931398,1.3127198313543305,2.462711581663583
Upper John Day (17070201),2016,26996.3271482963,60849.224003967516,28333.796063454458,31922.12912292356,59713.48533846663,2.2539815757051094,1.0495426251064144,1.1824619307496473,2.211911457823442
Upper John Day (17070201),2017,28211.349561089064,63385.09888242687,29925.019595512993,32930.57955547577,61999.994270192,2.2467942820378837,1.0607439935020881,1.1672812562251818,2.197696857285638
Upper John Day (17070201),2018,28563.771952563453,64142.04783711631,23330.251877070456,40211.55929643315,75880.86025084526,2.245573446799623,0.8167776971408247,1.4077818350886382,2.656542013318915
Upper John Day (17070201),2019,30754.825270081936,67603.46386059726,36016.60994961045,31090.260446775286,58237.08989056812,2.198141698641397,1.1710881018936283,1.0109067495506034,1.8935919609083496
Upper John Day (17070201),2020,29381.375140697055,68333.48106476653,25022.799397914252,42721.83302112509,80546.61309479267,2.325741417395937,0.8516551481368343,1.4540447074565188,2.7414174016390764
Upper John Day (17070201),2021,23693.786444058023,53589.84924638156,18460.664636331123,34440.53527039016,63856.342944419244,2.2617680535320654,0.779135267379804,1.4535682319795378,2.6950670419515523
Upper John Day (17070201),2022,30818.177791466063,66387.14527143384,32494.46437044806,33321.56574429185,62415.65623776064,2.1541554377630097,1.0543927869559562,1.0812308881389805,2.0252870452011056
Upper John Day (17070201),2023,29051.906773422274,65390.8960969233,37401.39443292402,27490.410153408488,51050.13502712757,2.250829751276265,1.287398955415214,0.9462514928127782,1.7572042835353605
Upper John Day (17070201),2024,28568.136863229436,65792.15835003047,32401.147488717197,32740.781252129862,60823.7594566086,2.302990869338516,1.1341708296847772,1.1460593810816944,2.1290768714741057
Upper Klamath (18010206),1985,2198.3696602299997,4510.448342772584,2105.056132692005,2405.392210080581,4810.784420161162,2.051724250188518,0.9575533045119301,1.0941709456765893,2.1883418913531787
Upper Klamath (18010206),1986,2122.724529588539,4426.725196305798,2829.118092881402,1597.6071034243976,3195.214206848795,2.0853978623235947,1.3327768410109189,0.7526210213126767,1.5052420426253534
Upper Klamath (18010206),1987,1756.646624963643,3675.1413698999404,2154.8289105137137,1520.3124593862262,3040.6249187724525,2.0921347057926374,1.2266718188459285,0.8654628869467084,1.7309257738934167
Upper Klamath (18010206),1988,2060.536983624923,4257.07181335322,2906.8677755260733,1350.2040378271486,2700.408075654297,2.0660011672608394,1.4107331237570289,0.6552680435038115,1.310536087007623
Upper Klamath (18010206),1989,2063.819496376007,4149.829818918931,2906.4544092930114,1243.3754096259188,2486.7508192518376,2.01075230959194,1.408289055509283,0.6024632540826567,1.2049265081653133
Upper Klamath (18010206),1990,1956.1952266150627,4360.517440991631,2844.0729929179424,1516.4444480736872,3032.8888961473745,2.229080912612659,1.4538799370445428,0.7752009755681154,1.5504019511362308
Upper Klamath (18010206),1991,2301.6851133439554,4745.341030465297,2958.436970124781,1786.904060340513,3573.808120681026,2.0616812451687307,1.2853352324231169,0.7763460127456125,1.552692025491225
Upper Klamath (18010206),1992,1565.3170717004928,3202.0030133630194,1988.29452375576,1213.70848960726,2427.41697921452,2.0455938743991986,1.2702183855924876,0.7753754888067116,1.5507509776134232
Upper Klamath (18010206),1993,2537.906262242186,4677.2094208131775,3394.279999569126,1282.9294212440514,2565.8588424881027,1.8429401788389783,1.3374331629452507,0.5055070158937275,1.011014031787455
Upper Klamath (18010206),1994,1042.9902631906934,2147.1294840492556,1180.4070073345574,966.7224767146982,1933.4449534293965,2.058628502897815,1.1317526625066294,0.926875840391186,1.853751680782372
Upper Klamath (18010206),1995,2303.598508360469,4849.756021930397,3515.52517624124,1334.2308456891574,2668.4616913783148,2.1052956946833996,1.5261015161636524,0.5791941785197474,1.1583883570394948
Upper Klamath (18010206),1996,1999.0883113208977,4167.08455734972,2819.44617039781,1347.6383869519111,2695.2767739038222,2.0844924827739693,1.4103659925533059,0.6741264902206642,1.3482529804413284
Upper Klamath (18010206),1997,2130.679744164678,4453.734607712567,3024.7767041517363,1428.9579035608294,2857.915807121659,2.0902881439174847,1.419629915023942,0.6706582288935425,1.341316457787085
Upper Klamath (18010206),1998,2405.408236463669,4073.9680743891454,2832.5785410209746,1241.3895333681703,2482.7790667363406,1.693670127436881,1.1775874456908462,0.5160826817460348,1.0321653634920696
Upper Klamath (18010206),1999,1603.993503395492,2869.282280333133,1586.3755810842713,1282.9066992488597,2565.8133984977194,1.7888365970679758,0.9890162134236046,0.79982038364437,1.59964076728874
Upper Klamath (18010206),2000,2107.023336568646,4094.963623462164,2542.6257414295355,1552.3378820326266,3104.675764065253,1.9434828045763088,1.2067382915512848,0.7367445130250232,1.4734890260500464
Upper Klamath (18010206),2001,1652.758791228595,3053.714482078854,1989.7953110274527,1063.9191710513994,2127.838342102799,1.8476467941270753,1.2039235982815848,0.6437231958454895,1.287446391690979
Upper Klamath (18010206),2002,1925.4458757389648,3772.962913562322,2067.202510008243,1705.7604035540783,3411.5208071081565,1.959526861337663,1.0736227572301265,0.8859041041075363,1.7718082082150726
Upper Klamath (18010206),2003,1293.4680561827558,2757.0070633390224,1542.0038172290956,1215.0032461099274,2430.006492219855,2.131484461607362,1.1921468101653867,0.9393376514419758,1.8786753028839516
Upper Klamath (18010206),2004,1721.0946002189687,3505.968067857213,2575.505193339798,930.4628745174155,1860.925749034831,2.0370571538665923,1.496434416221006,0.5406227376455867,1.0812454752911733
Upper Klamath (18010206),2005,1950.3960511094624,3820.1243818421017,2624.94366095719,1195.1807208849111,2390.3614417698222,1.9586403385451194,1.3458516076588742,0.6127887308862449,1.2255774617724897
Upper Klamath (18010206),2006,1527.6601514571921,3404.745621466041,1833.8869271696506,1570.8586942963916,3141.717388592783,2.228732364471476,1.200454777471519,1.0282775869999579,2.0565551739999157
Upper Klamath (18010206),2007,1867.4367096751253,3797.5149340825014,2410.610208435932,1386.9047256465678,2773.8094512931357,2.0335441165998867,1.2908658140576563,0.7426783025422292,1.4853566050844584
Upper Klamath (18010206),2008,1912.3381616208508,3864.8124114099246,1634.8371854782117,2229.9752259317115,4459.950451863423,2.0209879659224104,0.8548891709050893,1.1660987950173203,2.3321975900346406
Upper Klamath (18010206),2009,1912.376896637539,3786.1734409452474,2226.9908956719723,1559.1825452732755,3118.365090546551,1.9798259681981805,1.1645146412234992,0.8153113269746817,1.6306226539493633
Upper Klamath (18010206),2010,1957.553026644789,3889.2846971022987,2448.7626887496212,1440.522008352678,2867.500363029214,1.9868093707624683,1.2509304501174903,0.7358789206449784,1.464839176256726
Upper Klamath (18010206),2011,2427.0664478235335,5087.616973511256,3011.7863645859074,2075.830608925347,4135.725120469584,2.09620011766615,1.2409163198999846,0.8552837977661648,1.704001604149852
Upper Klamath (18010206),2012,1934.5986156698343,4119.525845536424,2219.411413785806,1900.1144317506166,3800.2288635012333,2.1293956338897106,1.147220615071803,0.9821750188179071,1.9643500376358143
Upper Klamath (18010206),2013,1937.565714726484,3864.5277943542856,2439.217239529631,1425.3105548246554,2850.6211096493107,1.9945273416957736,1.2589081345682063,0.7356192071275678,1.4712384142551356
Upper Klamath (18010206),2014,1985.3032504942555,4195.601080633144,2751.7362859606737,1443.8647946724693,2887.7295893449386,2.113330081733669,1.3860533826636354,0.7272766990700331,1.4545533981400662
Upper Klamath (18010206),2015,1969.072942702615,4482.1752416918025,2479.3458669974943,2002.829374694305,4005.65874938861,2.2762870508696724,1.2591437387761337,1.017143312093537,2.034286624187074
Upper Klamath (18010206),2016,1962.83828009323,4373.922979668062,1793.3769688278735,2580.5460108401876,5161.092021680375,2.2283664548565416,0.9136651689627189,1.314701285893822,2.629402571787644
Upper Klamath (18010206),2017,2217.0985101912925,5105.9886605828715,3516.8737095267043,1589.1149510561659,3178.2299021123317,2.3030048674482777,1.5862505402266796,0.7167543272215975,1.433508654443195
Upper Klamath (18010206),2018,1547.5258149079746,3259.489474976027,1895.5284751870238,1363.960999789003,2727.921999578006,2.1062585474025557,1.2248768045912977,0.881381742811258,1.762763485622516
Upper Klamath (18010206),2019,1586.091996681867,3107.090904100498,2447.798683064148,659.2922210363489,1318.5844420726978,1.9589600796174422,1.5432892216750271,0.41567085794241454,0.8313417158848291
Upper Klamath (18010206),2020,1186.6790413499996,2443.726576290459,1486.5223446450082,957.2042316454513,1914.4084632909025,2.059298673978776,1.2526743060650152,0.806624367913761,1.613248735827522
Upper Klamath (18010206),2021,867.9165263539995,1705.8075070475102,885.9301649523902,819.8773420951196,1639.7546841902392,1.9654050306120772,1.0207550358259263,0.9446499947861506,1.8892999895723013
Upper Klamath (18010206),2022,1124.8739100319995,2348.7594911826623,1557.1093554951547,791.6501356875069,1583.3002713750138,2.0880202396336554,1.3842523518488035,0.7037678877848511,1.4075357755697022
Upper Klamath (18010206),2023,2030.8412862293726,4456.815643559688,3279.277792463168,1177.5378510965188,2355.0757021930376,2.1945661996238908,1.6147385887312473,0.5798276108926428,1.1596552217852856
Upper Klamath (18010206),2024,1944.5842412359918,4532.877211390758,1929.9293901994413,2602.9478211913165,5205.895642382633,2.331026404137487,0.9924637612885129,1.3385626428489743,2.6771252856979486
Upper Klamath Lake (18010203),1985,58886.880870288005,141692.4556303655,49871.70168703172,83966.2702714868,163778.34856774876,2.406180350127152,0.84690683136853,1.4258909460061566,2.7812366039306533
Upper Klamath Lake (18010203),1986,58385.13227971205,139443.77001130793,49538.14973318848,82404.91561148732,160668.0466012088,2.388343822589275,0.8484719961900684,1.4114023963618179,2.7518657632131203
Upper Klamath Lake (18010203),1987,57388.38696646915,140911.37163838514,43421.50902703145,89150.30936749831,173922.5612122919,2.4553987154355243,0.7566253613714868,1.553455569671038,3.0306229257482227
Upper Klamath Lake (18010203),1988,56704.129425249484,138377.95569951634,47926.535839566524,82762.80412875205,161636.6342415951,2.440350590020676,0.8452036267084557,1.4595551499975772,2.8505266879138573
Upper Klamath Lake (18010203),1989,58589.58106652675,133184.47802362777,62148.71014812134,64847.84583697817,126501.76388412868,2.2731768276752264,1.0607467917811753,1.106815318637376,2.1591170576981877
Upper Klamath Lake (18010203),1990,57273.74507835376,137482.68982430533,56697.15454713491,74005.38661958111,144621.77427655057,2.400448750753441,0.9899327251879542,1.292134581357261,2.5250972165116794
Upper Klamath Lake (18010203),1991,58210.687028666056,131910.2659852453,65770.74447247367,60086.94504853995,116861.20876416942,2.266083303917812,1.1298740459820487,1.0322321916412003,2.0075559099074147
Upper Klamath Lake (18010203),1992,57347.22623289486,142715.51282621291,51091.79372542327,83738.37448250687,163022.9610355164,2.488621023214373,0.89092005109249,1.4601992107244035,2.8427348931133665
Upper Klamath Lake (18010203),1993,58963.16971558292,124818.93699593774,65908.32778791102,54450.732743873996,106543.30794007955,2.1168966593556506,1.1177880718731548,0.9234702443326014,1.8069467508956196
Upper Klamath Lake (18010203),1994,57266.93469720631,144030.0254215677,43018.08473962021,92330.37124304571,179705.12791856148,2.515064341807595,0.7511853911349439,1.612280659533012,3.138025963302139
Upper Klamath Lake (18010203),1995,58820.34141822168,133981.87167493987,72108.20045287734,56421.86878362278,109803.9180452158,2.2778152667001392,1.2259058467576198,0.9592237553069372,1.8667677779102478
Upper Klamath Lake (18010203),1996,58324.71600904758,142990.57688101483,70500.06847756529,66110.10601438559,128566.741832119,2.451629200540531,1.2087511659144472,1.1334835475946476,2.204326923978081
Upper Klamath Lake (18010203),1997,57719.541999076486,138815.1344916887,67297.06920966438,64776.82940095308,126014.19871220655,2.4049936933648874,1.1659321415048847,1.1222685966910395,2.1832154994269146
Upper Klamath Lake (18010203),1998,58640.97256617155,143669.9140289755,64656.17400367461,73060.06916849496,143094.20928152022,2.4499920063033698,1.102576767987867,1.2458877465930946,2.4401745574743
Upper Klamath Lake (18010203),1999,58434.03537318107,138354.18339816894,51124.248635597134,80184.62830070415,156400.61264335873,2.3676985940571904,0.874905323739821,1.3722247280821163,2.67653280565902
Upper Klamath Lake (18010203),2000,57649.78570674475,149174.2527652867,51131.27113208337,89886.4812786763,175288.97474437693,2.58759422843499,0.8869290753686402,1.5591815334043821,3.0405832839699345
Upper Klamath Lake (18010203),2001,56749.795216220984,138817.1715353054,37724.60789046897,92938.2992600162,181466.27950595375,2.4461263870010725,0.6647531986104158,1.6376851917423543,3.1976552305528783
Upper Klamath Lake (18010203),2002,57747.658779273705,146358.44876743152,33081.356731984466,103836.73927417987,202027.00122922056,2.534448181299451,0.5728605701302949,1.7981116718700303,3.4984448807079667
Upper Klamath Lake (18010203),2003,56944.959754370924,147469.84354857614,55329.22511908707,84784.81134663433,165325.58646041193,2.589690890724649,0.9716263802406175,1.4888905306518634,2.903252318967914
Upper Klamath Lake (18010203),2004,56156.27840685945,136335.4182199289,46846.96878374111,81392.20507684532,158099.42451505375,2.427785852049548,0.8342249542309198,1.4493874484905915,2.815347259474766
Upper Klamath Lake (18010203),2005,57999.97595898504,144625.90165538288,57311.16347164372,80039.39768649635,155871.39988656784,2.4935510621186427,0.9881239177094071,1.3799901872907085,2.6874390430229327
Upper Klamath Lake (18010203),2006,57758.22290779833,140694.5176434838,47987.83032270021,84537.77862667225,164384.3266060678,2.43592185770812,0.8308397991971642,1.463649232449952,2.8460765987984225
Upper Klamath Lake (18010203),2007,58146.02923351814,151039.557869473,57986.813188217595,85106.00495441128,164677.34789901285,2.5975902372092956,0.9972617898866125,1.463659790294883,2.83213402651552
Upper Klamath Lake (18010203),2008,58417.91810022912,140048.2483576535,41075.50144203964,90474.34193905054,176059.81628407375,2.3973508969862487,0.703131894764982,1.5487430035391092,3.0137981977037147
Upper Klamath Lake (18010203),2009,58167.32858121235,141509.36356239792,60298.898998467426,73401.34106617272,141890.57464200372,2.4327980502804882,1.0366454927404654,1.2618998131174424,2.4393517478441225
Upper Klamath Lake (18010203),2010,55918.721042287594,126655.18735322832,55330.505566813685,64258.9387270047,124250.28366365575,2.264987199142975,0.9894808846749359,1.1491489349051807,2.2219800694242196
Upper Klamath Lake (18010203),2011,58455.89090354254,143666.42780456756,50040.690958786116,86497.35241847247,168634.6078445067,2.457689474643882,0.8560418836376601,1.47970291926952,2.884818026685607
Upper Klamath Lake (18010203),2012,58289.966651567935,147686.55791388918,46783.054833897295,93208.396980587,181786.8294672193,2.533653155039446,0.8025918956781369,1.5990470116022926,3.1186641528526153
Upper Klamath Lake (18010203),2013,58089.01877766975,138813.21329139025,59483.19317210199,72980.91448229243,142067.1706028564,2.389663592402632,1.0240006532003632,1.2563633543479191,2.4456803298159526
Upper Klamath Lake (18010203),2014,56172.899649816805,145186.33436947316,52219.08090186554,85178.00504774741,165945.2744003965,2.5846330752830675,0.9296134119370824,1.5163540707129084,2.954187436199721
Upper Klamath Lake (18010203),2015,57807.590197249665,158718.94845110024,67888.94580109269,83251.17474306584,161958.8938079144,2.745642015339565,1.1743950157659861,1.4401426258904444,2.8016890732736335
Upper Klamath Lake (18010203),2016,58125.39741749336,151745.11265879727,45828.97230932202,97891.3632776815,191459.91312158824,2.6106507551056883,0.7884500467179494,1.6841409715371722,3.293911467759989
Upper Klamath Lake (18010203),2017,58507.834344862415,155492.30206615766,70296.80634314164,78552.27420815785,153025.28644959093,2.657632158278842,1.2014939047101205,1.342594117313377,2.6154665979877976
Upper Klamath Lake (18010203),2018,57611.61819666421,153874.69840149485,48880.648876635096,97089.92435583183,189778.60821731068,2.670897003382634,0.8484512396401556,1.6852490416846764,3.2941030673618386
Upper Klamath Lake (18010203),2019,58313.83195075049,138392.12854132403,66506.20024275611,66310.80162467778,129128.79388877512,2.3732298823751528,1.140487565607497,1.1371367548042668,2.214376753663386
Upper Klamath Lake (18010203),2020,55359.90280274799,138089.83682284824,39649.95795763852,90298.07374315658,175523.40183567328,2.4944017209508837,0.7162215963224262,1.6311096871845359,3.170587247255076
Upper Klamath Lake (18010203),2021,45479.25387895001,110799.36325200665,36590.385394961064,66709.22297871581,129013.55871602439,2.4362616754205355,0.8045511364885618,1.46680557153098,2.8367562726383704
Upper Klamath Lake (18010203),2022,56998.05672930899,139162.94417367372,51401.72354761979,79457.96000566847,154322.15598356293,2.441538399012026,0.901815368754291,1.3940468248421944,2.707498550634076
Upper Klamath Lake (18010203),2023,58011.32875181187,145067.78550896392,57338.29089173266,81231.07972439713,158652.09800301542,2.5006802745305676,0.988398165072918,1.4002623534435081,2.7348468207265504
Upper Klamath Lake (18010203),2024,55956.358281554974,152080.85720962356,63496.498727194805,81107.78866002178,158808.96946472125,2.71784765628242,1.1347503782805197,1.4494829747838955,2.838086221866762
Upper Malheur (17050116),1985,21284.680684359,50281.91303205446,14351.716039711855,34958.81689799371,66332.79374272667,2.3623522371657666,0.6742744348642347,1.6424402797681208,3.116457076636869
Upper Malheur (17050116),1986,20744.83196696435,49211.613673653505,13961.722437991797,34355.10621249063,64902.8968182044,2.372234865629272,0.6730217174198136,1.6560802356558162,3.128629671310942
Upper Malheur (17050116),1987,19378.76522944708,45143.50291881998,11747.641667571246,32575.755861006644,63771.1376999629,2.3295345386723603,0.6062120846440758,1.6810026580798876,3.290774048031668
Upper Malheur (17050116),1988,18836.957688299703,41613.23046003446,10749.466782208528,30023.589956506054,58757.76444995664,2.209126927427453,0.5706583281697023,1.5938661886550163,3.1192810124775696
Upper Malheur (17050116),1989,22183.095131727412,52175.651781819084,19574.20848954719,31796.512667621435,60482.10039361811,2.3520456217669445,0.8823930282637223,1.4333668263516761,2.726495109652822
Upper Malheur (17050116),1990,15752.326554753454,31877.06519930033,9295.178326902116,22003.809864669693,42774.242378356816,2.023641719748442,0.5900828867782191,1.3968609518210997,2.715423796585094
Upper Malheur (17050116),1991,20321.12775216433,44511.99229592592,15123.42561804109,28591.315580659906,55848.764242722034,2.1904292339870315,0.7442217677328635,1.40697484555771,2.7483102770599817
Upper Malheur (17050116),1992,16455.75465753023,39102.39918447961,11571.934246209219,26801.983994021346,52229.82408293933,2.3762142787286984,0.703215044647852,1.6287301647242678,3.1739549580024105
Upper Malheur (17050116),1993,23003.41148930508,47417.3098717833,19913.18367110352,26692.70948924667,50668.57521060056,2.0613164222980105,0.865662194512397,1.1603804723337166,2.2026548207494256
Upper Malheur (17050116),1994,18705.00118589243,44803.301993568144,10352.056003396889,33292.702643771314,64503.83622581532,2.3952579071397984,0.5534378693974397,1.7798824128854442,3.448480734364508
Upper Malheur (17050116),1995,23376.27350425276,55663.00425135197,19855.23785246436,34736.155972116154,65870.01758965077,2.381175264792543,0.8493756649815108,1.485957801006937,2.8178151482385454
Upper Malheur (17050116),1996,22737.932653930722,54450.68088229934,18831.29950696501,34474.736478011066,65110.719321607256,2.3947067532934403,0.8281887273383945,1.516177262142229,2.8635285499603906
Upper Malheur (17050116),1997,22061.09186895726,51403.03027355213,15079.79567383203,35163.66938027472,66475.13769033244,2.330031105390694,0.6835471137786795,1.5939224399747156,3.0132297206862795
Upper Malheur (17050116),1998,23620.78789982001,55155.907515408486,23166.273681701765,31037.53603386437,58606.004104883104,2.33505790532198,0.9807578722587104,1.3139924106469316,2.4811197811623242
Upper Malheur (17050116),1999,22125.450879740984,51042.86771429901,12427.58135632742,37292.87454458909,69953.34040516353,2.3069752563115475,0.561687145897065,1.6855193029641737,3.161668468831784
Upper Malheur (17050116),2000,21009.841212888983,55846.14767469008,14613.242229292668,39873.11848105162,75076.1973875965,2.658094704705809,0.6955427259644318,1.8978305488853726,3.5733824271617647
Upper Malheur (17050116),2001,20711.39366683387,49612.21487848104,11641.493960107131,36593.701218664515,70881.82488170698,2.395406879737283,0.5620816323311553,1.766839151788406,3.4223590175495238
Upper Malheur (17050116),2002,20375.82030779298,47953.41606667173,9663.79395061073,36989.41925741851,71698.60286830025,2.3534471418719454,0.4742775409594035,1.8153585327443948,3.5188081650326613
Upper Malheur (17050116),2003,19777.36656563655,49336.48423947814,14389.285938646404,33773.78853349123,65485.808295108734,2.4945932045978747,0.7275632926604086,1.707698971013343,3.311149038866036
Upper Malheur (17050116),2004,21931.492899979134,52326.14880855865,17479.111692437666,33686.42275176268,63863.01490115254,2.3858908760656434,0.7969868614121702,1.5359840255924726,2.9119319506613843
Upper Malheur (17050116),2005,21922.22286402955,51468.49466622062,18405.20156240752,31954.80083230687,60366.05468728867,2.3477771841591495,0.839568216989855,1.4576441919463827,2.7536466106426905
Upper Malheur (17050116),2006,21875.971957741665,52838.38554456964,16007.912688473685,35579.92976132419,66964.14978705352,2.4153617332587007,0.731757780609545,1.6264388082986567,3.0610822648890648
Upper Malheur (17050116),2007,18444.522981383776,45606.064680899406,11021.890688706075,33251.27762573376,64142.525959055776,2.47260743619827,0.5975698422686544,1.8027724359851744,3.4775920214252984
Upper Malheur (17050116),2008,20936.746344326668,47427.08142060859,12887.821740503015,33339.11384275389,62889.89144886439,2.265255576994662,0.6155599121539385,1.592373203288483,3.0038044314323926
Upper Malheur (17050116),2009,20371.048663610338,46846.41704351461,16510.007561811846,29367.359405110332,56712.935955805646,2.2996566262785643,0.8104642934413272,1.4416223676089137,2.7839968816683625
Upper Malheur (17050116),2010,21844.71535737037,47674.75802477915,15406.753952167006,31186.748339835114,58990.27850459222,2.182438967266917,0.7052851776788565,1.427656429925179,2.7004370411578287
Upper Malheur (17050116),2011,23901.810169867003,54174.285557032264,21149.4662106684,31978.606070240618,60130.22357121304,2.266534842843399,0.8848478864304394,1.3379156575578541,2.515718397220775
Upper Malheur (17050116),2012,20656.15883939609,50625.18251368354,12021.414761386688,37198.16465917394,69903.701687126,2.450851724529227,0.5819772618352963,1.8008268114315817,3.3841578306322577
Upper Malheur (17050116),2013,20400.070336989927,47044.33007702233,14680.82785538788,31176.01546975827,60222.576214404355,2.3060866604817707,0.7196459430224723,1.528230783264954,2.9520768908922457
Upper Malheur (17050116),2014,18944.696487543155,48644.909330382856,11533.48519757696,35784.74135332332,69181.46811118179,2.5677323129651985,0.6087975706108913,1.8889054980032602,3.6517591166831935
Upper Malheur (17050116),2015,18902.0413355357,46992.35651130077,16619.46473786445,29228.879781068936,56319.25491504628,2.4860995528009706,0.8792417941981736,1.5463345604963235,2.9795329464848055
Upper Malheur (17050116),2016,18844.40970859837,45953.79646739087,13837.378384876589,30796.181840807345,58059.81199811111,2.4385903924824435,0.7342961970606507,1.6342343600582825,3.081009853634176
Upper Malheur (17050116),2017,22206.751564356713,53513.82139033705,17009.814016045053,35073.54930422102,66137.84180703358,2.4097996159073634,0.7659748868153645,1.5794092712108492,2.978276296529076
Upper Malheur (17050116),2018,20018.909971828285,48702.680441661585,12107.060118693951,34986.233962581304,67238.96474286904,2.432833781169838,0.6047811861750552,1.7476592887332958,3.3587725224545903
Upper Malheur (17050116),2019,24066.227475258678,56576.23686821987,27203.390270831733,28108.823814975076,52614.85106297249,2.350856066925452,1.1303554035961065,1.1679779825846155,2.1862525448603556
Upper Malheur (17050116),2020,21280.81708328601,51275.262583794705,16049.654648490327,33715.71925693682,63326.18306155193,2.4094592976914586,0.7541841361484073,1.584324470483664,2.975740208362978
Upper Malheur (17050116),2021,19238.233613214,44401.629455635026,14006.810100298939,29101.49370974368,55732.487324870606,2.3079888906815884,0.7280715257911309,1.5126905252754073,2.8969648900920983
Upper Malheur (17050116),2022,19766.190090241987,45500.01953250964,14846.970178396716,29417.46317734822,56302.504358848106,2.301911462187735,0.7511295859552746,1.4882717935547325,2.8484247142115198
Upper Malheur (17050116),2023,23415.280406954007,55649.31528358556,26435.200797276306,28103.163627754002,52676.249854229965,2.3766239103871034,1.1289722069450607,1.2002061533889536,2.24965274550314
Upper Malheur (17050116),2024,20295.46832239272,52254.82729758799,19313.830513063258,31479.29125884995,58379.7929102447,2.5747041885174613,0.9516326603685028,1.5510502521450917,2.8764940026455155
Upper Quinn (16040201),1985,1578.581788824,3322.540632108856,930.1750814533735,2235.979767450666,4159.187968491699,2.104763057341525,0.5892473155580544,1.416448475005156,2.634762416453683
Upper Quinn (16040201),1986,1576.8654120277042,3859.64557642764,1312.938016206797,2398.4379720254815,4500.336767660241,2.447669627976994,0.8326252869726398,1.5210162856837035,2.8539764607261064
Upper Quinn (16040201),1987,390.16652718162817,711.129548981466,297.7239599093622,413.4055890721039,826.8111781442078,1.822630849751047,0.7630689440736349,1.0595619056774126,2.119123811354825
Upper Quinn (16040201),1990,46.04500595023536,79.65310461370255,26.61441091686101,53.03869369684155,106.0773873936831,1.7298967166990975,0.5780086323721058,1.1518880843269919,2.3037761686539837
Upper Quinn (16040201),1991,514.9600858330662,805.7126288506475,473.91428808484153,331.79834076580596,663.5966815316119,1.5646118039366534,0.92029324431655,0.6443185596201033,1.2886371192402066
Upper Quinn (16040201),1993,2588.859099654493,5142.606324549545,2683.093146517489,2329.8338358941814,4364.2868167882325,1.9864373172089098,1.0363998360805238,0.8999461717345371,1.6857954213771953
Upper Quinn (16040201),1994,141.2250970873002,241.77456659142226,92.62836647367396,149.1462001177483,298.2924002354966,1.7119801761719875,0.655891682031661,1.0560884941403266,2.112176988280653
Upper Quinn (16040201),1995,1924.2437135294415,3629.3118220820197,1860.1332146473173,1656.5894816593186,3004.9481137135463,1.886097793415756,0.966682755187734,0.860904193170421,1.5616255324549717
Upper Quinn (16040201),1996,2226.06890435775,4666.85732972396,1992.4694478699594,2540.96609749938,4687.273944711174,2.09645681703209,0.8950618931738831,1.1414588706239899,2.1056284176717854
Upper Quinn (16040201),1997,1619.2595478223263,3398.825325971565,1435.142841967198,1831.8669973713795,3263.9056952141073,2.0989997128888334,0.8862957417155642,1.1312991792050755,2.015677906363804
Upper Quinn (16040201),1998,2064.591506914944,4370.41263491067,2368.004276917796,1908.592891493277,3535.440349142097,2.116841331698222,1.1469601947826629,0.9244409294045914,1.7124163968033548
Upper Quinn (16040201),1999,1724.3611777164026,3608.270110520849,1050.9648802557601,2406.703041000473,4223.662464011824,2.0925257174366076,0.609480713111141,1.395707043339787,2.449407072365944
Upper Quinn (16040201),2000,102.82157152770765,249.8604187871734,61.82942950788272,188.03098927929068,221.21292856387134,2.4300389020979196,0.6013274120326138,1.8287114900653059,2.1514252824297713
Upper Quinn (16040201),2001,102.82157152770765,260.4981672635158,64.88943869841026,195.6087285651056,230.12791595894774,2.533497235969775,0.6310877934882011,1.902409442481574,2.238128755860675
Upper Quinn (16040201),2002,756.3744903158718,1632.8722434563342,524.7254794571187,1108.1467639992156,1897.5940311330285,2.1588145348138665,0.693737673831367,1.4650768609824998,2.5088022605582174
Upper Quinn (16040201),2003,102.82157152770765,262.9984157193277,73.93741967207922,189.06099604724852,222.42470123205712,2.5578136164594283,0.7190847073578823,1.8387289091015466,2.1632104812959376
Upper Quinn (16040201),2004,617.4730722495557,1382.435758005339,531.7896388461509,850.6461191591882,1509.1557071549198,2.2388599926615402,0.861235352189131,1.3776246404724093,2.444083434532324
Upper Quinn (16040201),2005,968.1150151738566,2003.1792760756866,976.5957867938178,1026.5834892818689,1922.4236939591087,2.069154227213334,1.008760086856455,1.0603941403568793,1.9857389502567264
Upper Quinn (16040201),2006,1536.599899264128,3358.9044077765548,1304.7353085893983,2054.1690991871565,3782.6648172772843,2.1859329871003648,0.8491054237438329,1.3368275633565319,2.4617109626837723
Upper Quinn (16040201),2007,102.82157152770765,193.76257055337314,68.4687424426503,125.29382811072281,147.40450365967394,1.8844544746250969,0.665898618600668,1.2185558560244287,1.4335951247346224
Upper Quinn (16040201),2008,590.8439306738564,1234.2966659323115,455.65786205764124,778.6388038746702,1417.657687945808,2.0890401032377506,0.7711983459624681,1.3178417572752825,2.399377592537799
Upper Quinn (16040201),2009,826.8899180865563,1517.6065495559483,718.8620441555113,798.7445054004369,1513.3236634727823,1.8353187242477538,0.8693564021423502,0.9659623221054036,1.8301392124536366
Upper Quinn (16040201),2010,488.0223591461488,927.0741220930257,407.88389122684623,519.1902308661796,1038.3804617323592,1.8996550152231721,0.8357893518249573,1.063865663398215,2.12773132679643
Upper Quinn (16040201),2011,2681.8149301855,5374.610978829014,2831.5433523312927,2479.5464703115213,4719.306709662898,2.004094659304941,1.0558310047649098,0.9245777709724406,1.7597436186010291
Upper Quinn (16040201),2012,26.6291415756992,54.91258311583037,10.816413509322162,44.096169606508205,58.79489280867761,2.062123668527927,0.40618708938003595,1.6559365791478906,2.2079154388638544
Upper Quinn (16040201),2013,131.72002853348138,294.5759207597501,90.57912898213425,203.99679177761584,239.99622562072454,2.236379114394688,0.6876640552739502,1.5487150591207375,1.8220177166126326
Upper Quinn (16040201),2014,131.72002853348138,301.61536761054253,96.93007597547032,204.68529163507225,240.8062254530262,2.289821608517767,0.7358795549519036,1.553942053565864,1.828167121842193
Upper Quinn (16040201),2015,131.72002853348138,316.8424914317505,122.27525695384594,194.56723447790455,228.90262879753476,2.4054237989419627,0.9282966175699339,1.4771271813720286,1.7377966839670926
Upper Quinn (16040201),2016,1199.1694173659027,2755.1715437981698,1202.9811121079856,1389.4070637319617,2290.7310125817576,2.297566552230946,1.0031786123685973,1.1586411758097828,1.9102647043931296
Upper Quinn (16040201),2017,1609.3051313469934,3626.1887179246687,1398.9853408429308,2070.3334581266604,3716.8206607280517,2.2532636274449316,0.8693101846210952,1.2864766400103285,2.3095810659704172
Upper Quinn (16040201),2019,1591.8056570506026,3539.6744291371233,1548.6946193413328,1836.179945411352,3362.760162053827,2.2236850418634986,0.9729168962817053,1.1535201783448499,2.1125444222158127
Upper Quinn (16040201),2020,1199.1694174,2480.9529209179736,867.0569305017126,1452.7145515856962,2425.409716527491,2.0688927560353356,0.7230479012562189,1.2114339562923682,2.022574693229073
Upper Quinn (16040201),2021,478.5172906,977.8777344010068,376.89026111645603,600.9874732845509,1028.673956774979,2.043557784870996,0.787620987830729,1.2559367970402675,2.1497111535617703
Upper Quinn (16040201),2022,619.7423877,1219.930172408275,505.5801781369596,714.3499942713154,1275.9570475649173,1.9684472074529282,0.8157908643513615,1.1526563431015668,2.058850698110668
Upper Quinn (16040201),2023,2160.470758811579,4726.2170107860875,2322.325106367369,2299.939896046007,4264.920684015135,2.1875866597638476,1.0749162407756085,1.064554975653152,1.9740700801528834
Upper Quinn (16040201),2024,1199.1694173659027,2794.099062352626,962.0127749045372,1678.8123760976073,2878.5651483331712,2.330028619717594,0.8022325794612873,1.3999793121686583,2.4004657779350573
Upper Rogue (17100307),1985,9021.848867062005,24033.387717956655,8096.837437831781,15928.261240826821,28796.134393329987,2.6639093684777286,0.8974698597969912,1.765520734777495,3.191821855768633
Upper Rogue (17100307),1986,9215.886248851577,25245.448752347827,10269.907951587375,14967.00779274551,26981.696933848863,2.739340316347085,1.1143700859878933,1.624044328304356,2.927737626667337
Upper Rogue (17100307),1987,8049.318474567772,23492.010099328843,7409.911541481574,16073.843325275328,28820.581214084126,2.918509209637193,0.9205638421306802,1.9969197859497605,3.5804995547317713
Upper Rogue (17100307),1988,8719.854301298348,23541.817375479888,8833.376067596702,14698.224330535908,26420.142282349934,2.6997948087245693,1.0130187687059693,1.6856043487271808,3.029883455554537
Upper Rogue (17100307),1989,8838.268372253859,23441.996251779536,11124.285862953444,12312.51972153264,22057.875601287466,2.652329083530823,1.258649929422388,1.3930918595078607,2.4957236725843455
Upper Rogue (17100307),1990,8125.812412599451,22431.184584011335,7556.732173961908,14866.327270878259,26265.038483644203,2.760485160749064,0.9299663578554733,1.8295188857457902,3.2322969261410757
Upper Rogue (17100307),1991,8290.349071069775,21592.28849146184,9659.75068069505,11926.373960781548,21219.00167936504,2.604508966553757,1.165180211096777,1.4385852584181458,2.559482296518905
Upper Rogue (17100307),1992,6919.598763395925,19064.47960833205,6569.270812975431,12488.460401808312,21960.226049465757,2.755142351487414,0.9493716380964604,1.8047954554635712,3.173627084511524
Upper Rogue (17100307),1993,7649.722970989031,18913.279502058474,9695.55268849617,9211.713068314795,16417.11629822732,2.472413651289804,1.2674384059744106,1.2041891063571175,2.146105991091172
Upper Rogue (17100307),1994,9391.477177541285,23963.40881989219,8493.45273008957,15463.072130514389,27575.03254835535,2.5516123147483256,0.904378786161644,1.6465005278927447,2.9361762827149382
Upper Rogue (17100307),1995,8015.554919009806,21777.214526344073,12015.917866435691,9756.011672620987,17411.256435319745,2.7168692306875615,1.4990749845576588,1.2171349047192588,2.17218353704083
Upper Rogue (17100307),1996,8341.504906436201,22655.65192438785,11260.471520499337,11388.811048625517,20482.02632099464,2.7160149371736306,1.3499328534603987,1.3653185098336456,2.455435386148483
Upper Rogue (17100307),1997,9388.345146033842,25735.11285942952,12919.539092244424,12810.269074223717,23221.99877001914,2.7411766886629065,1.3761252799384303,1.3644863791182076,2.4734922298664532
Upper Rogue (17100307),1998,8755.817926709524,21366.9753395262,12611.799732822796,8751.901768111793,15749.326541374447,2.440317457304187,1.4403908165279047,0.9995527364056093,1.798727049055155
Upper Rogue (17100307),1999,9215.534114579483,24229.236091265568,7581.765156195526,16637.909135868438,29704.082954921,2.6291732839373445,0.8227157603595385,1.8054199495118084,3.2232622206810024
Upper Rogue (17100307),2000,8889.3328584903,23731.82951359983,9653.446327620428,14072.173435136547,25281.916218697013,2.6696974780208955,1.08595847194543,1.583040443996431,2.8440735228572276
Upper Rogue (17100307),2001,9342.754980893593,24005.887876147444,7622.237819104186,16373.82221358795,29270.254510037874,2.5694656367678164,0.8158447732699882,1.752568942145357,3.1329361167982066
Upper Rogue (17100307),2002,9612.459892695191,25235.439632368198,7101.680089971591,18124.421351326382,32387.179201367762,2.625284257523446,0.7387994508427941,1.8855133393169938,3.369291478238551
Upper Rogue (17100307),2003,8109.4087638266465,21711.063662994377,8979.812986619003,12725.40563113995,22530.585946719515,2.677268379889808,1.1073326364648108,1.569214970134903,2.7783265837111215
Upper Rogue (17100307),2004,8718.500394288812,22946.815433746928,9085.877325800122,13854.744442004143,24385.49090618445,2.631968159200703,1.0421376285940143,1.5891201256445324,2.7969822565080733
Upper Rogue (17100307),2005,9219.433292467815,23613.72780296891,11198.4424295297,12409.625405542583,22142.812784966034,2.5612992744642007,1.2146562672869183,1.3460290900614384,2.4017542166129116
Upper Rogue (17100307),2006,8644.716708311751,23043.289150793797,8617.19572384472,14421.226003009739,25715.610566266478,2.6655921678310244,0.9968164388266685,1.6682126771307577,2.9747198704084017
Upper Rogue (17100307),2007,9257.288240735934,24914.29018594836,8932.63228628668,15974.541036052366,28421.897892078592,2.691316240571951,0.9649296915028927,1.7256177641480055,3.070218529764513
Upper Rogue (17100307),2008,8657.672791264215,22092.71567985349,7144.337819132773,14940.96852933399,26581.789590687677,2.551807652299534,0.8252030298883055,1.7257488114369213,3.0703158032848386
Upper Rogue (17100307),2009,8432.752349333865,22378.113203265526,8375.572506376915,13996.52856758433,24916.66301482813,2.6537140279037432,0.99321931433674,1.6597817637428862,2.9547485782380876
Upper Rogue (17100307),2010,8410.432541487484,21210.13695665132,11612.736719235141,9592.962609940307,17162.049688455783,2.521884201796363,1.3807538033211895,1.1406027647947437,2.0405668321810797
Upper Rogue (17100307),2011,8539.493881189783,21373.1882718779,11291.987042596926,10076.39996912638,17947.319265833947,2.502863585271407,1.3223250932318305,1.1799762502695843,2.10168418825934
Upper Rogue (17100307),2012,8220.384664909623,21743.41102349919,9695.303430371781,12042.059372436135,21294.54269941842,2.64506004400443,1.1794221104710765,1.4649021746926398,2.5904557472010388
Upper Rogue (17100307),2013,9064.016586615598,24107.06220552673,8202.125992756319,15897.911045406037,28360.789028818483,2.6596445378447875,0.9049107439706153,1.7539587326971273,3.1289427548817055
Upper Rogue (17100307),2014,9185.008236061438,25771.881892738358,11786.11846935136,13979.070214105945,24979.574323745306,2.8058637760992826,1.2831908438663837,1.5219442220228445,2.719602822529055
Upper Rogue (17100307),2015,8570.88192990936,24431.025017662658,9019.520913325738,15404.997028389229,27454.991496868934,2.850468040214973,1.0523445529976077,1.7973642799384757,3.2032866304062226
Upper Rogue (17100307),2016,9083.23066618698,24347.334337913213,9468.240963357213,14873.303362852646,26388.012478245022,2.6804707744071745,1.0423869338255896,1.6374464008956255,2.9051351273590806
Upper Rogue (17100307),2017,10035.701531016217,26546.14015521129,14421.497244410144,12118.462905202598,21609.97777152225,2.6451703523832504,1.4370193453680582,1.207535204962944,2.1533101303117395
Upper Rogue (17100307),2018,10757.856547169422,28670.059458822365,12112.328840692262,16550.35728372526,29772.88526085302,2.6650345571270844,1.1259054057454618,1.5384437607210841,2.767548082678866
Upper Rogue (17100307),2019,9504.187703422376,24117.181875688144,11415.678078545321,12696.197948342353,22757.735233400006,2.537532151959052,1.201120856907596,1.3358530307403926,2.394495557490425
Upper Rogue (17100307),2020,9317.915549054003,25529.245186891952,7888.68500684565,17632.358341089646,31608.040595518945,2.7398021641743466,0.8466147783069943,1.8923071633633515,3.3921793376553984
Upper Rogue (17100307),2021,8685.33359355001,23256.299723312877,6447.566644406715,16801.977714486657,29783.519743139226,2.6776518682694816,0.7423510651559626,1.9345230132512479,3.4291739542689945
Upper Rogue (17100307),2022,9788.878119210005,25361.786176869166,11660.288735951457,13695.378263547005,24242.50730908816,2.5908777153020623,1.1911772313385878,1.3990753686748598,2.476535820944986
Upper Rogue (17100307),2023,10761.52531229497,27047.960866879235,11525.162301212087,15513.659579551193,27741.31404785402,2.513394717008854,1.0709599212710736,1.441585567970271,2.5778236116918998
Upper Rogue (17100307),2024,11084.877484714027,29843.15788552398,12733.933642721751,17099.140504980078,30568.79961547014,2.6922406609073937,1.1487662953678797,1.542564681347149,2.757702974852389
Upper Willamette (17090003),1985,38118.56877367199,69600.78247463271,38758.84807044875,29448.204039198725,54657.38592610419,1.8259023020482625,1.0167970445212253,0.7725422277537929,1.433878230072881
Upper Willamette (17090003),1986,53257.38557930688,105725.13802185663,70822.76264181793,33431.19491315765,62081.268658434514,1.9851732651130374,1.3298204910256817,0.6277288032356458,1.1656837447641468
Upper Willamette (17090003),1987,32851.631902814304,71426.06454150725,40623.164012573354,29567.71497552696,54766.25730166267,2.174201414188754,1.2365645680174957,0.9000379361061202,1.6670787455453926
Upper Willamette (17090003),1988,18700.092996718005,34191.36869485542,27256.74300070858,6822.632093963939,12952.512402096503,1.8284063454046051,1.457572590975474,0.3648448216359864,0.6926442774573237
Upper Willamette (17090003),1989,53129.10100946098,87257.29090699562,66307.89104324968,20005.823001344033,37376.57753491963,1.6423633987606387,1.248052193306299,0.3765511296300965,0.7035047991544932
Upper Willamette (17090003),1990,61698.50469838519,127535.95039506606,80516.54993707415,44898.671927996525,84219.64834791931,2.067083327521939,1.305000021162287,0.7277108602142774,1.3650192781758543
Upper Willamette (17090003),1991,47582.16190110201,93525.56929356254,80632.65564173773,12156.1890594536,22223.304323195207,1.9655594776872987,1.694598404530885,0.25547786342116713,0.46705116865823854
Upper Willamette (17090003),1992,60958.46366507881,133661.84215305746,79072.51082135928,51986.73339678864,96498.60794167686,2.1926707813279114,1.2971539318281315,0.8528222378178176,1.5830223096150287
Upper Willamette (17090003),1993,47195.54067395334,81321.97819693657,76912.98418240128,4332.639230717981,8184.807355613362,1.7230860593110484,1.6296663431350125,0.0918018772292424,0.17342332005808464
Upper Willamette (17090003),1994,29981.59466217289,57523.252652281386,43038.82099324326,13537.472290846421,24635.37906172449,1.9186188493455016,1.435508066805545,0.4515260927040131,0.8216834140849218
Upper Willamette (17090003),1995,61772.329208387535,130423.76177988258,111518.92485429988,17975.49434315916,33271.720246865596,2.111362214299885,1.8053216753102082,0.29099589692529226,0.5386185153327182
Upper Willamette (17090003),1996,52279.978632571554,107330.10529124769,93025.04472767655,13568.57688020535,24775.066567860806,2.0529867857363415,1.779362715150766,0.2595367717260664,0.4738920561154439
Upper Willamette (17090003),1997,62297.21488745727,128999.68818181919,115973.18729123173,12273.931341568703,22501.678534145194,2.070713569055422,1.8616111089515404,0.19702215201341047,0.3611987883374159
Upper Willamette (17090003),1998,23184.29312205933,48747.91995224064,42226.05476759157,6137.4287622294905,10966.62346262294,2.1026269679905876,1.8213216398396221,0.26472356650761397,0.47301953114923506
Upper Willamette (17090003),1999,62951.0765767111,129074.68685239086,100971.24841662862,26619.276600275007,49023.97529869772,2.050396814025931,1.60396380661714,0.4228565744675901,0.7787630961157264
Upper Willamette (17090003),2000,62858.961510938985,133621.76058520688,86773.67890809919,44654.06126410376,82659.31089222895,2.1257392322963122,1.3804504055161404,0.7103849664511697,1.3149964445060747
Upper Willamette (17090003),2001,65496.34278318368,136610.33685975155,87444.11907630463,46822.120289461665,86901.6840802269,2.0857704576266283,1.3350992644852848,0.7148814468077955,1.3268173517398147
Upper Willamette (17090003),2002,65151.195586978094,136406.44005875266,90644.7157287166,43551.668519891544,80186.48255207209,2.0936905121970857,1.3912978098414812,0.6684707491169404,1.2307753039623286
Upper Willamette (17090003),2003,64777.433861765814,137493.4951179309,82731.56078431736,52232.37465723394,96538.01791394962,2.122552359998394,1.2771663811330567,0.8063359652174109,1.490303214541664
Upper Willamette (17090003),2004,59118.51885955258,131740.7536405573,88453.04596634346,41502.12437083639,77109.50068185263,2.228417696890086,1.4961986137792236,0.7020156318434275,1.3043205778724105
Upper Willamette (17090003),2005,63775.96999210638,131739.34680105015,105060.16179614213,25637.84754149354,47373.42294167713,2.0656580655277477,1.647331460566504,0.4019985512516197,0.7428099164550627
Upper Willamette (17090003),2006,65947.0378567415,141337.50427368307,101445.20511864385,38006.718558422035,70382.02238262566,2.143197160435231,1.5382829679024546,0.5763218454327704,1.0672507010173586
Upper Willamette (17090003),2007,68354.21292472722,142805.18831336236,75634.16406824747,64259.63304611742,120292.8703012557,2.08919366053738,1.1065033277690879,0.9400976223203854,1.759845738165754
Upper Willamette (17090003),2008,63365.71486007377,132300.6933671018,69929.04688860409,59679.65445503821,111143.9589339387,2.087890804345102,1.1035785999262169,0.9418287884359036,1.7540078128901473
Upper Willamette (17090003),2009,65984.43538807506,142983.92455959128,90697.55898255331,49970.410584107376,92780.02885610847,2.166934121943428,1.3745295909426618,0.7573060266442502,1.4060896075027416
Upper Willamette (17090003),2010,59574.46366493944,126699.50399102634,116019.82007578843,10141.098647666573,18527.62557262631,2.1267418319300977,1.9474756957664066,0.17022559707297505,0.31099945232960824
Upper Willamette (17090003),2011,60739.50108222275,122542.21841348348,98033.61486259114,23337.052699466316,43094.508923291185,2.017504527203783,1.6140009897329177,0.3842154163873534,0.7094972489970632
Upper Willamette (17090003),2012,53855.66744943935,104027.02550025811,82638.59846993958,20419.62818911316,37431.51286453264,1.9315891980713173,1.5344457210101825,0.3791546768644816,0.6950338680636351
Upper Willamette (17090003),2013,67550.08336059673,139929.9666439983,106066.94538949388,32344.234473829492,59567.78095710153,2.071499540526432,1.5701971058020154,0.47881857230536756,0.8818313463673468
Upper Willamette (17090003),2014,62462.01591136636,139806.60260783456,96150.02743009057,41672.15632639973,76956.21405785953,2.2382659375935003,1.5393359632600958,0.6671599646340673,1.2320481965721446
Upper Willamette (17090003),2015,67107.6358298151,153001.45871565747,88402.8938250759,61691.45206808555,114621.21854694697,2.2799411247874835,1.3173298795574553,0.9192910956442425,1.708020512563224
Upper Willamette (17090003),2016,61946.28916560479,138789.93478723502,86786.90742172909,49870.08360266719,92526.04892301885,2.2404882787441784,1.4010025231651304,0.8050536081240711,1.493649582070418
Upper Willamette (17090003),2017,79929.39271030239,166470.82132086199,126583.73752475336,38418.19505251592,72225.92778409737,2.082723459744302,1.583694473740666,0.48065165704135343,0.9036216257250245
Upper Willamette (17090003),2018,93509.78915544099,188322.16841432906,124727.39287355694,61236.88552042719,115557.37956379965,2.013929986530948,1.3338431623048903,0.6548713891187727,1.2357784207138895
Upper Willamette (17090003),2019,103151.22553855708,215675.33499484195,157961.50702019365,55765.246231748984,105737.7840376615,2.0908654634861734,1.5313585097556495,0.5406164196362786,1.0250754025034594
Upper Willamette (17090003),2020,108435.43778165584,235930.74836682435,171545.4201839607,62070.96440147029,117636.69841063206,2.1757716222061223,1.5820051423537598,0.5724232379312708,1.0848547376873579
Upper Willamette (17090003),2021,101588.44605143783,211587.37301364137,111588.46784058267,96855.27770649867,183829.3334103446,2.082789738771151,1.0984366055179293,0.9534083989970416,1.8095496146999366
Upper Willamette (17090003),2022,110453.89124918275,227451.68539270177,179248.70419251802,46361.8792669688,87472.98873658947,2.059245562291448,1.6228373863998593,0.41973966460246215,0.7919412140877081
Upper Willamette (17090003),2023,107294.88726581153,210296.10395458486,127165.19459451333,80410.36508026028,152065.191761003,1.959982523991091,1.1851934219332863,0.749433333957957,1.417264099306781
Upper Willamette (17090003),2024,111693.22285219605,244950.18941077235,196059.2747729644,47273.684716928525,88471.66063218111,2.1930622391916796,1.7553372511455791,0.42324577543514813,0.7920951546832515
Walla Walla (17070102),1985,13586.729879404014,34513.86037721877,14456.104264393136,13981.254091492383,22584.28601692574,2.5402624975666868,1.0639870220947718,1.029037466380076,1.6622311783176782
Walla Walla (17070102),1986,13789.680711207178,35054.05210503659,15691.70157925609,13322.89133394775,21694.482486367357,2.5420495832472314,1.1379307402312149,0.9661493701677909,1.5732403774030657
Walla Walla (17070102),1987,13693.980293066712,36146.2625432321,11856.33188001108,16855.87692208576,27201.984881808865,2.639573138682916,0.8658061152617521,1.2308968292162596,1.9864191637241717
Walla Walla (17070102),1988,13530.468086308796,33650.930409305656,13671.739726102702,14007.639567848706,22651.749593272118,2.4870485037658336,1.0104410016632652,1.035266443000797,1.6741290433398206
Walla Walla (17070102),1989,13776.907782029202,33156.24730258204,17595.182261154485,10840.290221532712,17253.1425890577,2.4066537881476955,1.277150325714301,0.7868449432225236,1.2523232979437482
Walla Walla (17070102),1990,13442.012534386875,35751.057474893976,14941.913801091137,14511.723712302235,23292.20434443391,2.65965065747684,1.1115830879391957,1.0795796890665637,1.7327914465820224
Walla Walla (17070102),1991,14044.73246491567,35029.61789509703,18166.12256420773,11691.497302226442,18966.81063035864,2.494146327286937,1.2934473910120725,0.8324471349975723,1.3504572392346046
Walla Walla (17070102),1992,13810.107257691929,35349.222382235675,15761.212285484276,13636.502412117503,21984.90401919781,2.559663130968583,1.1412809467287537,0.9874291457455747,1.5919430319379089
Walla Walla (17070102),1993,14532.729214122714,34450.06531471679,20300.33339732997,9656.317493708983,15582.449727920088,2.370515875382765,1.3968699958712762,0.6644531355008735,1.0722314782262143
Walla Walla (17070102),1994,14034.39692746975,35473.06642636205,12570.051381745188,15828.91884851808,25298.702047242463,2.527580387649579,0.8956602443772718,1.1278659802998647,1.8026212439328195
Walla Walla (17070102),1995,14367.925065105497,35675.38211630074,21045.685391513536,10057.158097751953,15984.71326870579,2.4829877629960198,1.4647685936660337,0.6999728946371776,1.1125276055014295
Walla Walla (17070102),1996,14288.85345059915,35867.54371663409,19406.770857809013,11331.752508227115,17990.61431130973,2.5101764701163005,1.3581755124652959,0.7930484098954741,1.2590663326143472
Walla Walla (17070102),1997,14521.31763851373,36063.93945378672,20362.393611986226,10826.871600673587,16967.162052175372,2.483517016261473,1.4022414576195674,0.7455846549323004,1.168431300419648
Walla Walla (17070102),1998,14223.8830454298,35963.75815603931,14107.980272554265,14932.585842471166,23952.904361294823,2.5284064865532363,0.9918515378321551,1.0498248470391547,1.6839919369971903
Walla Walla (17070102),1999,14296.870011007664,31664.295193332637,14569.886319844423,11695.480025517923,18531.992293323332,2.2147711470380007,1.0190962293583528,0.8180447899794263,1.296227235685496
Walla Walla (17070102),2000,14298.980885375433,36713.34339059151,18111.284162671953,12788.803449799721,20382.968140106303,2.5675496516077456,1.266613635465142,0.8943856595318429,1.425483977040167
Walla Walla (17070102),2001,14395.810000675665,36067.58480653902,13784.579043412064,15411.808633648126,24584.706584456955,2.50542239754805,0.9575410513729403,1.0705759962742476,1.7077682036164048
Walla Walla (17070102),2002,13718.825762643633,34681.29034376191,12659.1381018391,15083.008076906546,24040.083074654678,2.528007202934166,0.9227566790963945,1.0994387083752883,1.7523426195932768
Walla Walla (17070102),2003,13799.479295290694,36457.99375820301,15073.332927663598,14728.600992448104,23319.264942810398,2.6419832935757888,1.0923117173564387,1.0673301997325717,1.689865569838457
Walla Walla (17070102),2004,14370.235224774093,35993.750220498805,18105.624213426294,12419.512039605977,19612.164151700326,2.504743287600892,1.2599393072016274,0.8642525223383195,1.3647768352385226
Walla Walla (17070102),2005,13567.691790191398,34649.57902963319,12055.372530142828,15630.69669905068,24884.23432606648,2.5538300519682124,0.8885352583597246,1.1520527544965833,1.8340801597554155
Walla Walla (17070102),2006,13804.19171375775,34720.53764525136,17206.97856201879,11960.834549441523,18833.34289945093,2.5152169982287074,1.2465038822135237,0.8664639551130638,1.364320583919517
Walla Walla (17070102),2007,13688.80992935513,34807.77304988502,14091.12577242158,14273.956026033606,22554.67985505433,2.542790295834343,1.029390125594753,1.0427463088243816,1.6476728051199456
Walla Walla (17070102),2008,13372.216463365552,32814.39543245603,12449.254223058084,13884.21271414046,21951.615845426706,2.453923440616906,0.9309791130860011,1.0382880618316022,1.641583944259744
Walla Walla (17070102),2009,13881.111285535157,35751.290074299584,16373.052668045588,13293.524332749068,20958.298161346036,2.5755351526901378,1.1795203086590886,0.9576700351506882,1.5098429607135042
Walla Walla (17070102),2010,13763.474233228999,33487.81054504318,16005.952776035152,11983.907474563128,18907.819762174677,2.433092835251869,1.1629296865606915,0.8707036662030083,1.3737679485406193
Walla Walla (17070102),2011,14031.330562928459,32930.2482977631,17783.93324069976,10397.2421228084,16322.351093999809,2.3469084524860824,1.2674445349955537,0.7410018655164808,1.1632789221803634
Walla Walla (17070102),2012,13549.544178820946,34023.414873193775,18120.241708064703,10964.009372587921,17290.476004956257,2.511037598325645,1.3373321987014244,0.8091792039562166,1.2760928173497301
Walla Walla (17070102),2013,13810.733006271688,35448.51979484187,16259.205182122705,13208.634399365255,20876.309265715947,2.566737028276783,1.1772876338090907,0.9564035734647097,1.5116003803878955
Walla Walla (17070102),2014,13945.330188015982,36792.11257483326,15008.437400161325,14897.402807764267,23574.35501478432,2.6383106085541685,1.0762339218800951,1.0682717875383443,1.6904838176612778
Walla Walla (17070102),2015,14139.538719020838,37567.725074329406,13251.817758593155,16674.34844780838,26443.740813494816,2.656927203982434,0.9372171201572863,1.1792710341658923,1.8701982673538053
Walla Walla (17070102),2016,14380.893344994201,36457.014826742714,16849.463799004774,13458.030300583163,21597.62331410803,2.535100841939901,1.1716562660462153,0.9358271407574081,1.5018276539562736
Walla Walla (17070102),2017,14255.53660639202,36928.12718171426,19004.178022430115,12242.609786280547,19327.810218362923,2.590441047666779,1.3331085701753842,0.858796839733911,1.3558107808931272
Walla Walla (17070102),2018,13900.025093235772,35839.71343731911,14869.59271618658,14347.033208134713,22953.79141668709,2.5783919954763204,1.0697529404765342,1.0321587991316987,1.6513489193524686
Walla Walla (17070102),2019,14780.546672427301,36828.02182367642,17351.61043521425,13322.183867671169,21289.33852000627,2.491654919122719,1.1739491657357435,0.9013322824197926,1.440362051000518
Walla Walla (17070102),2020,15368.962144535002,38322.40177577119,15804.533249625698,15460.397409639118,25142.126679288456,2.49349314647106,1.028340957638807,1.0059493454563964,1.6359027007056988
Walla Walla (17070102),2021,13776.227634060011,37809.760243253004,11804.513052675471,17841.223121967094,28728.248574875972,2.744565584106136,0.8568755806190571,1.2950731939022906,2.0853494394829064
Walla Walla (17070102),2022,16449.02724368501,41616.017128250875,22428.582038472137,13296.203118892392,21963.84496297642,2.5299986747987053,1.3635202681716485,0.808327624601447,1.3352671034944403
Walla Walla (17070102),2023,15352.082993765558,37897.58006016434,14769.048381136618,15919.263661240586,25749.90002273044,2.468562740023908,0.9620224426310287,1.0369448672017574,1.6772903086302626
Walla Walla (17070102),2024,16017.574506437857,41121.83351269213,16275.214617248139,17307.747196924298,28445.50503519305,2.567294661009022,1.0160848392312287,1.080547319443895,1.7758934115624125
Wallowa (17060105),1985,51260.39028156494,107516.75429813316,60077.43289589021,46536.07369294873,77277.98842914641,2.0974626550356175,1.1720049840801972,0.9078368977944509,1.5075575508627823
Wallowa (17060105),1986,49566.85100811902,113072.52502517657,55103.34115415235,56938.87616171762,95491.55680216844,2.281212599256212,1.1116974355527742,1.1487289388706794,1.9265205446786804
Wallowa (17060105),1987,48593.83563647073,115409.17542961298,44880.879647260575,69100.25041235232,115295.15393769095,2.3749756305097245,0.923592037126135,1.421996216336771,2.3726292116599135
Wallowa (17060105),1988,49673.137062669346,110509.57307018181,53401.51572806424,56092.72690209452,93816.30379823895,2.224735130595016,1.075058248499406,1.129236650210475,1.8886728188694235
Wallowa (17060105),1989,50417.992481744805,112815.95069845971,65198.574897860635,46717.981303503344,78372.95369720228,2.2376129065295047,1.2931608675507567,0.9266132783930032,1.554463988735357
Wallowa (17060105),1990,49524.08824917883,114908.43832679786,54629.76173634279,59239.44584592612,97736.62487840561,2.3202534844990947,1.103094749800843,1.1961743858436078,1.9735168951853688
Wallowa (17060105),1991,51199.479812661564,115596.8390608599,50732.24061235177,63784.81597873379,105662.07991252345,2.2577737016826673,0.9908741416510595,1.2458098443992374,2.0637334656355892
Wallowa (17060105),1992,48724.55366178286,114755.70941058894,55787.864807865655,57889.78390632588,95320.32374320256,2.355192624383087,1.1449641015721177,1.1881029082003018,1.9563098392826763
Wallowa (17060105),1993,52100.00635946856,107804.36468824002,68684.34521953846,38472.67265920232,64903.09099068724,2.069181411311821,1.3183174056763984,0.7384389244361458,1.2457405579354957
Wallowa (17060105),1994,51061.161354959564,121165.94736697013,49850.06199769015,70033.14801867298,114707.41676680467,2.372957139080059,0.9762813981286037,1.3715541550617447,2.246470971731299
Wallowa (17060105),1995,51858.76712452884,116340.07272986101,66162.9657839536,49193.29622760282,82196.12817331415,2.243402209128743,1.2758299021084705,0.9486013446766792,1.5849996583207615
Wallowa (17060105),1996,51081.516331889005,112645.7059539206,58286.64423346073,53404.0001900684,88924.1645655962,2.205214606826354,1.1410515665736753,1.0454662278051743,1.7408286000719777
Wallowa (17060105),1997,51301.73436455952,120684.92198569895,69230.3290416953,50590.50846762012,84459.70764508334,2.3524530599314595,1.3494734612621846,0.9861364161319519,1.6463324035966735
Wallowa (17060105),1998,52071.40731807028,121722.5795843,71039.12204578888,49728.62579679645,82249.06274989893,2.337608792494816,1.3642635316510114,0.9550082926131934,1.5795436879109686
Wallowa (17060105),1999,50839.728120658605,112538.86646944859,48409.48342730105,62885.987387137815,103072.35069087987,2.213600871396452,0.952197921129912,1.236945784562216,2.027397755673612
Wallowa (17060105),2000,49954.72741243613,121018.49501876466,54290.32906475159,65624.15802988395,107439.29676813008,2.4225634146616795,1.0867906177631572,1.3136726277791069,2.1507333206142825
Wallowa (17060105),2001,48976.55231283194,112435.77816145826,40989.37742015724,70087.38732410598,114806.44491402229,2.295706268650517,0.8369183922613097,1.431039630483401,2.3441103853270375
Wallowa (17060105),2002,49380.8708221157,116998.51242315897,46803.51297497191,68906.43816083565,112501.30108412348,2.3693084077966495,0.9478065533427269,1.3954075133477646,2.2782364752008117
Wallowa (17060105),2003,48424.7697595298,120603.79033298953,48740.35995229273,70554.63240312766,115242.95885819544,2.490539261867222,1.0065171232476706,1.4569946899797657,2.3798349363450737
Wallowa (17060105),2004,50684.757182829584,115920.61104339201,69161.51183019104,45949.1782308105,75686.39739288502,2.287090192131024,1.364542629270419,0.9065679858159931,1.4932773007054123
Wallowa (17060105),2005,50312.0179614402,120976.2551069101,52025.81776677516,67705.3559107288,110332.44147093961,2.404520033357197,1.0340634280789223,1.34570940809051,2.192963946616092
Wallowa (17060105),2006,49653.60347294189,116127.7750681481,54257.3198675688,60742.41277900027,100413.28175599611,2.3387582561138887,1.0927166624902793,1.223323354811521,2.0222758215466694
Wallowa (17060105),2007,46827.76575213691,112811.06513177809,43607.3948380242,67835.56807782971,109327.01493478185,2.4090635826807545,0.931229456234184,1.4486185063128736,2.3346622068936287
Wallowa (17060105),2008,49900.69313254803,114226.85223545638,51934.254092144736,61196.67074839693,100219.16892224585,2.289083478901643,1.0407521585761361,1.226369152545519,2.008372281644266
Wallowa (17060105),2009,50138.583306825014,120687.99650868682,68765.75300145207,51113.77905429107,84548.87347738369,2.4070882850863957,1.3715136820008929,1.0194500060262635,1.6863035989665596
Wallowa (17060105),2010,51795.10819810422,115727.93831770263,67012.72305832415,47891.24451582147,78512.70082303775,2.23434108632557,1.2938040944333216,0.9246287184621492,1.5158323547224761
Wallowa (17060105),2011,51008.995374228514,108723.15741146827,58363.93021686609,49455.062944236524,81582.02750079575,2.1314506708830208,1.144188976643785,0.9695361098843148,1.5993655021485442
Wallowa (17060105),2012,49532.19974433615,113528.72691183488,54987.438783432895,57410.21782789117,93892.05904312876,2.292018676695588,1.1101352063355623,1.1590484194971746,1.8955762014963815
Wallowa (17060105),2013,50672.12206626941,116814.05532580643,57244.063380264866,58418.22239323876,95959.67193029102,2.3052923493718316,1.1296954034291404,1.1528670995234604,1.8937369902289505
Wallowa (17060105),2014,49391.57100653524,120779.53262842787,52028.61992400831,67525.22729422843,110058.41195781826,2.4453470534971835,1.05339066694445,1.3671407067674328,2.228283282247813
Wallowa (17060105),2015,49738.031856020156,121456.373726006,51444.15368964503,68776.50640561429,111411.30721615099,2.4419215878423475,1.0343021581264753,1.382774988055539,2.2399621186994367
Wallowa (17060105),2016,50383.12159554685,121974.75034433365,50337.37376454915,70335.10709266673,114188.49103811663,2.420944683092333,0.999092000861619,1.3960053459427442,2.2664036570574315
Wallowa (17060105),2017,50799.78691745977,120449.34579701726,60191.243188415,59242.10214330703,97457.89867223852,2.371060059616492,1.1848719618886316,1.1661880046773514,1.9184706193864458
Wallowa (17060105),2018,51998.85756091661,122879.18294734712,56401.827515057936,65356.89481428107,107603.13124719112,2.363113128079675,1.0846743594122863,1.256890975685678,2.06933644880821
Wallowa (17060105),2019,51146.03513129189,116034.51002113661,56269.472910163335,58550.30896845302,95469.95052003597,2.268690226393424,1.1001727263065373,1.1447673083192933,1.8666148856888825
Wallowa (17060105),2020,52176.15239979499,124672.48071352775,62824.049302021616,60677.131173935275,98908.0890348917,2.389453322625944,1.204075931483757,1.1629284334537033,1.8956570096816938
Wallowa (17060105),2021,46759.089542048,112520.60819429412,40409.03575572805,70747.2995065117,113424.09449630846,2.4063900579824216,0.8641963766080244,1.5130170454429477,2.425712211404632
Wallowa (17060105),2022,53288.77707379297,120640.30148190944,66568.37039926347,53132.19695419233,86679.25125593533,2.263896979937253,1.24920056444683,0.9970616679871672,1.626594866981167
Wallowa (17060105),2023,51028.96480635146,124019.7349421083,57979.52666904926,64866.87074939941,105561.23171793649,2.4303792054717883,1.1362081690089993,1.2711774772535769,2.068653207419123
Wallowa (17060105),2024,49502.56239228542,121004.1792063368,43584.16452760612,75938.01976112659,122315.11722928478,2.444402337144356,0.8804425957230522,1.5340219998987552,2.470884562701882
Warner Lakes (17120007),1985,35412.12460608696,88844.67091920758,22007.946402942554,62572.229030143244,124146.98714327841,2.5088771686953835,0.6214805422648837,1.7669718980766198,3.505776299057157
Warner Lakes (17120007),1986,34831.77993150304,90088.05190411372,34322.404813957124,52037.63219539676,102718.91798804094,2.5863752033709604,0.9853761387288388,1.49396994060393,2.9489999704304077
Warner Lakes (17120007),1987,35057.987895347505,89419.33107093918,29694.442993721786,55966.702835416036,110183.49545313843,2.550612183958392,0.8470093344308129,1.5964037355048346,3.142892734804119
Warner Lakes (17120007),1988,28132.764434864297,66179.68937995002,21001.893368448233,42777.776610425666,84053.8296265181,2.352406196453806,0.7465278933776256,1.5205678314859146,2.98775578280363
Warner Lakes (17120007),1989,33493.1134027707,74579.06087622308,27195.095342080167,44492.66998852673,87729.67625454301,2.2266983657020543,0.8119608056452127,1.3284124844854255,2.6193347629272834
Warner Lakes (17120007),1990,29816.90167021857,72701.12043791897,21242.188965753317,47902.46838767966,94398.20251283271,2.438252010286287,0.7124210691203451,1.6065541925680744,3.165929295971037
Warner Lakes (17120007),1991,33953.555678853,71845.29069284702,26152.562451589896,43611.05490566349,85760.94090360039,2.1159872436451126,0.7702451754670946,1.2844326325688884,2.5258309237113017
Warner Lakes (17120007),1992,15779.074226811868,33492.76002662024,8351.208128892082,23692.539740814827,46197.898892863006,2.1226061519952295,0.5292584348644279,1.5015164641634275,2.927795270419816
Warner Lakes (17120007),1993,38250.11287015065,88018.54948594152,48387.815664004185,37019.39666750507,73245.02432276648,2.3011317583491055,1.2650371994526772,0.9678245079478968,1.9148969460930636
Warner Lakes (17120007),1994,28750.945569557698,65700.88183707334,17406.809109839218,44776.92545564301,88463.95907223104,2.285172905987456,0.6054343175505863,1.5574070545719396,3.076906074557045
Warner Lakes (17120007),1995,38329.015695242655,93634.00837765874,36919.05006190567,53206.70714675889,105219.17279701825,2.4429014593578637,0.9632141444865753,1.388157409775666,2.7451571841454285
Warner Lakes (17120007),1996,38112.5296056112,95525.48101611935,42102.97434022205,49707.828428578774,97802.86965077517,2.506406213510829,1.1047016499797837,1.3042384995946434,2.5661605425522827
Warner Lakes (17120007),1997,37265.1648434846,93801.01121545407,31908.203385829445,57915.62125391088,114328.20253578752,2.517123206335531,0.8562474772309572,1.5541490691684618,3.0679644921999194
Warner Lakes (17120007),1998,39311.69410345904,95674.84199417711,45226.45749724387,47246.93352013355,93399.94559195756,2.433750164579111,1.1504581150387103,1.2018544251944687,2.3758819791930383
Warner Lakes (17120007),1999,38028.19842237698,93618.11929723127,30595.66888822332,58697.72109743544,116172.02229955827,2.4618078999541413,0.8045521522844445,1.5435314722376083,3.0548915572923647
Warner Lakes (17120007),2000,35304.72084936519,88735.67767447223,26494.15352354836,58035.69865321396,114590.66954587649,2.5134224415222297,0.7504422322609795,1.6438509427913375,3.245760532558833
Warner Lakes (17120007),2001,29254.30461650688,66732.14737958282,15462.863162289721,48642.39087478457,95870.53234758704,2.2811052340628493,0.5285671071314656,1.6627430223495339,3.2771427523008576
Warner Lakes (17120007),2002,32483.402031662088,77351.31118730818,18783.79151460569,55673.615246093425,109610.909613104,2.3812564679005184,0.5782581361489425,1.7139096204217608,3.3743666844459366
Warner Lakes (17120007),2003,31555.97990523547,76342.47800742225,24662.75242467134,48858.46400375049,95893.25299634365,2.4192713468788916,0.7815555878389798,1.5483107845319788,3.0388298282708046
Warner Lakes (17120007),2004,30444.48242223007,70639.54637060489,22353.069234216724,45821.3678178733,90379.89954395153,2.3202741761517034,0.734223985949417,1.5050795471699423,2.968679128470175
Warner Lakes (17120007),2005,36462.058962157374,83727.6196449185,35361.05346771419,45948.091725553226,90359.11738469309,2.2962943406957983,0.9698040778337319,1.2601617416405655,2.478168264674068
Warner Lakes (17120007),2006,37131.92459011162,95259.47512383344,30938.82534179376,60171.160001937504,118292.30527799393,2.565433280805526,0.8332136209829772,1.6204697350366084,3.1857305158239937
Warner Lakes (17120007),2007,30911.230927138182,73026.76938514736,18959.72830547643,50323.06958378147,98529.90985305392,2.3624672067340513,0.6133605080356389,1.6279865949822423,3.187511687428489
Warner Lakes (17120007),2008,35103.25870418614,79453.40685963443,20518.57387634997,55202.11276814908,108232.60365340169,2.2634196878752864,0.5845204870937832,1.5725637677497477,3.0832637096593745
Warner Lakes (17120007),2009,32282.43197673673,76436.82673919476,27470.176944602706,46854.22157249361,91728.96234258375,2.367753048911446,0.8509326981436276,1.4513845055495682,2.841451424994412
Warner Lakes (17120007),2010,32017.750147286133,73735.85383771772,21771.045911175934,49717.845225421705,97277.96630890339,2.3029679942695056,0.6799680118379985,1.5528213255682444,3.038251153232539
Warner Lakes (17120007),2011,39076.23567322859,96196.22636375423,33438.341814358755,58732.780224686874,115481.3793325794,2.4617577590683575,0.8557206506272456,1.5030306582198532,2.955284134794399
Warner Lakes (17120007),2012,33943.275185407816,82809.13292842808,18323.504741628338,60413.535778162164,118555.25556859351,2.4396329604642175,0.5398272453539072,1.7798381401961438,3.4927464990049137
Warner Lakes (17120007),2013,32601.531874752618,77632.43713772802,26927.28781426319,47264.33152258754,92671.51687627264,2.3812512073350875,0.825951612265076,1.4497579961630618,2.8425509952199395
Warner Lakes (17120007),2014,22237.356586440583,51853.967991128404,15414.54598599076,34833.4670493904,68201.52338831926,2.3318404680683495,0.6931824799441275,1.5664391994608928,3.0669797969559798
Warner Lakes (17120007),2015,24991.29088705681,60984.37532488479,26108.68957840379,33391.95863497362,65156.64490481369,2.440225100835791,1.044711523562222,1.336143810493102,2.6071740431207115
Warner Lakes (17120007),2016,30293.6020778872,76680.90341508965,28539.324825059448,46246.9570839592,90285.40570599285,2.5312573664213684,0.9420908332948531,1.5266245646541037,2.980345667506362
Warner Lakes (17120007),2017,37869.20853641201,102214.8134146108,38942.53564297805,59574.01444120911,116938.91323317961,2.699153675639384,1.0283430034069505,1.5731518229098318,3.0879682399683768
Warner Lakes (17120007),2018,36137.20548128637,91475.33577504732,29998.517264360584,57423.9382149566,112751.67991603928,2.531333968876419,0.8301283086179782,1.589053095007403,3.1200995875131428
Warner Lakes (17120007),2019,38835.58276652741,95488.7459844273,40531.14850848063,51278.92166566962,100398.91043035184,2.4587952383382166,1.0436601081061834,1.3204107679791839,2.585229917468528
Warner Lakes (17120007),2020,35262.47287567299,85157.40080762206,25724.97060458696,55427.85633736196,108354.45224183831,2.4149582789575366,0.7295282635249952,1.5718652668741433,3.0727978898096593
Warner Lakes (17120007),2021,22737.466102996998,46882.4106405485,16060.920750393865,28848.23714000517,55882.35638570442,2.061901287864657,0.7063637028699911,1.2687533874411239,2.4577213719667133
Warner Lakes (17120007),2022,28145.460971374978,69736.395281272,25597.91714709705,41943.870661495865,81552.40275199481,2.4777137369395588,0.9094865126967052,1.4902534623310808,2.89753302796983
Warner Lakes (17120007),2023,34669.48421341982,84915.11483880437,42866.97154459885,39824.69189691874,77708.22271759891,2.449275400697641,1.2364467634048606,1.1486958286360502,2.2414011768747257
Warner Lakes (17120007),2024,30025.91045355608,72494.12933899845,25640.20315073603,43940.80413251502,85617.0185269457,2.414385717000388,0.8539359094671304,1.4634295336516914,2.8514378826040145
Williamson (18010201),1985,57415.99744122502,134673.132642753,87819.61433361808,45305.164467788025,89022.31517393493,2.34556811071015,1.529532155624681,0.7890686652995189,1.5504792939470278
Williamson (18010201),1986,55497.34294898398,126742.42549163348,92962.67268809874,33082.100698025984,64551.51856011091,2.283756640532172,1.6750833057639323,0.596102424731158,1.1631461098858373
Williamson (18010201),1987,53725.25169600439,122232.60795281621,78910.850980176,42104.37702807538,82297.10509910436,2.275142583685779,1.4687851334169681,0.7836980879366776,1.5318142307600375
Williamson (18010201),1988,46243.86248113168,102760.29580145756,68788.85802819744,33246.76744928548,64895.77292619866,2.2221391183183625,1.487524059138973,0.7189444320930319,1.403338074380731
Williamson (18010201),1989,49314.33568796221,102328.00457005488,87121.97159445839,14990.207911533038,28905.086840296754,2.075015371139502,1.7666662316151842,0.3039726218027955,0.5861396374310803
Williamson (18010201),1990,42237.53315908826,99656.66039578791,64352.23275947299,34513.8235569991,67535.50979053607,2.3594337297216126,1.523579336820865,0.8171363471205172,1.5989454103809193
Williamson (18010201),1991,42712.175690441,96490.74178017283,63487.34081151789,32364.40678798207,63387.589277978856,2.2590921726744884,1.4863991305815494,0.7577325730851316,1.4840636950312278
Williamson (18010201),1992,31732.712621096758,67548.23805609508,36934.07532114463,30048.491976456997,58391.11655297135,2.1286625843385103,1.1639116946021772,0.9469247818568134,1.8400921865769322
Williamson (18010201),1993,42910.086389616015,85554.02233313983,76768.93594493,8699.229381090045,16513.36527781677,1.9937974851955411,1.7890650521623657,0.20273157462566205,0.38483644912476583
Williamson (18010201),1994,36838.00636454859,87358.18970391114,44522.8130044305,41854.096250981645,81802.92782414243,2.3714146970771233,1.208610817964282,1.136166160480941,2.2206122398324535
Williamson (18010201),1995,48779.58702985046,100139.31309020064,85339.92623922395,14581.181094757507,28065.31751532435,2.0528938268567303,1.7495007939899234,0.2989197322608454,0.5753496334060783
Williamson (18010201),1996,46230.14953494183,106885.41876670351,86672.1322124412,20082.245600926348,38751.97126659604,2.312028402285764,1.874796709167734,0.4343971586280013,0.8382402318925313
Williamson (18010201),1997,51324.96468184665,120857.89295233757,97476.76615145634,23118.559647544138,45122.10586642458,2.3547584241219033,1.8992076615287632,0.45043498404434446,0.8791453856057696
Williamson (18010201),1998,56679.480306716825,129270.63454669235,103956.08979706862,25002.28631623296,49075.579355381975,2.280730766181233,1.8341044983919739,0.4411170706035929,0.865843848422976
Williamson (18010201),1999,54965.336287371356,126469.54659895538,98921.49433007695,27179.61256103183,52983.477723857446,2.3008964402172243,1.7997068882266587,0.49448642356940375,0.963943483340986
Williamson (18010201),2000,53368.91049719157,123292.20059634247,91010.54901770895,31876.758651901546,62310.41526269648,2.3101877000623885,1.7053102296794722,0.5972907888681556,1.1675414521713992
Williamson (18010201),2001,42625.57484727715,94299.8843064227,53179.83916939474,40549.41580184896,78830.08541566489,2.212284166120669,1.2476040348999957,0.9512931132807746,1.849361227340736
Williamson (18010201),2002,38302.37277725568,83592.72307297727,53675.68812923212,29553.590610322753,57042.182437482756,2.182442418361492,1.4013671800799052,0.7715864179535102,1.4892597586370668
Williamson (18010201),2003,37205.67212766645,88162.13840135412,57932.816431835294,29810.313942938632,57904.23065995249,2.3695886503229175,1.5570963543689342,0.8012303565071583,1.5563280367913155
Williamson (18010201),2004,35597.60765776814,84608.74396423809,53443.714012738725,30741.25726714211,60025.107386628326,2.3768098344601736,1.501328811939872,0.8635764954399605,1.6862118365847432
Williamson (18010201),2005,43548.16375608939,101720.22335905014,62389.50494580756,38607.27714992078,75648.12887933222,2.3358097009274355,1.4326552388120743,0.8865420219818634,1.7371140905741234
Williamson (18010201),2006,42715.71269243016,101039.3332739089,74125.40060970017,26448.981557237414,51296.178263022535,2.365390319047972,1.7353192990933346,0.6191862406154949,1.2008737541703935
Williamson (18010201),2007,41878.21548471127,99672.58799375179,63205.09815481047,35767.757951530635,69875.7208000469,2.3800581481352725,1.5092595857596924,0.8540898301788572,1.6685458057676035
Williamson (18010201),2008,39794.26928575424,91591.82425776249,59558.850271461655,31429.159996464205,61319.5123586045,2.301633524165526,1.496669026481731,0.7897911071259544,1.5409131379767784
Williamson (18010201),2009,38033.845620281434,91667.0910907332,59956.3565485494,31061.79478352996,60514.911843285794,2.410145216602867,1.5763948023330527,0.8166882490306568,1.5910805456657897
Williamson (18010201),2010,36488.63977174561,82194.7560108363,46621.31355755603,35021.781594622655,68668.30019009185,2.252612224654164,1.27769393019842,0.9597995927965833,1.8819090166047798
Williamson (18010201),2011,38155.160617947,91501.91446183571,58189.0392305023,32910.41032443753,64334.1056131351,2.398153040896807,1.5250634065770903,0.8625415223375443,1.6861180655828332
Williamson (18010201),2012,37751.02204453284,95121.15351050922,57298.90829121123,37323.4487635901,72947.99125859808,2.519697437550166,1.517810782013234,0.9886738621158826,1.9323448030769943
Williamson (18010201),2013,38400.53683763525,88465.99906437492,54219.370082508416,33946.16745965869,66494.67388470298,2.303769851927486,1.411943023394652,0.8840024191117307,1.731607924281243
Williamson (18010201),2014,34602.529744230465,84336.06198817289,46662.762170145885,37136.04008377033,72542.09842208726,2.4372802396690334,1.3485361479365916,1.0732174889601038,2.0964391609021806
Williamson (18010201),2015,39484.73478248981,98018.1505349123,58611.43075845529,38856.05524633646,76171.4106425442,2.4824315289153254,1.4844073559396818,0.9840779091054664,1.9291356789440495
Williamson (18010201),2016,36973.38926890018,87678.82440977014,59390.90588373213,27961.707231593682,54499.75992426531,2.371403491632842,1.6063148945257293,0.7562657301507766,1.4740266175735008
Williamson (18010201),2017,42670.8984681636,111803.33470735139,82282.92677609215,29292.860919422594,57239.8084218078,2.620130785171231,1.9283148405577342,0.6864833404264443,1.341424963538416
Williamson (18010201),2018,37494.52600806412,91763.90882946707,50583.22299166177,40565.37639737167,80041.75534291269,2.4473948226397364,1.3490828762785962,1.0819012991028902,2.134758426488649
Williamson (18010201),2019,35430.36682038069,74890.70321769519,55083.116658251645,19657.918964569806,38574.72670683501,2.1137433771816228,1.5546866036556546,0.5548324990319303,1.088747596162216
Williamson (18010201),2020,25926.987688809015,59120.503227175715,31211.03595046096,27681.13289535665,54595.38261190576,2.280268881860663,1.20380494352349,1.0676571157282875,2.105735663054718
Williamson (18010201),2021,19259.60421312501,45922.41864809927,22962.624642492807,22845.882751381512,45229.0882435678,2.3843905689818965,1.1922687708631243,1.1862072812385485,2.348391365838408
Williamson (18010201),2022,25006.702496982005,57853.26139868473,31655.962483471052,25858.355509256715,51193.88461239738,2.3135102041409454,1.26589911193975,1.03405698981613,2.0472065286726964
Williamson (18010201),2023,33259.46044532718,75703.03398050637,52960.06204839643,22390.952572801292,44112.63137006761,2.2761353601916996,1.5923307636169757,0.6732205595941088,1.3263183100213298
Williamson (18010201),2024,27450.910215519896,67290.12154930468,39402.7591582064,27330.905211746525,53693.93330108851,2.451289265856872,1.4353898959579596,0.9956283779724898,1.9559982849214093
Willow (17050119),1985,28067.256977654994,60286.54617132515,21968.183566481795,33846.670003760184,49977.71310086419,2.1479315281618256,0.7826979167921961,1.205912997864605,1.7806411627845438
Willow (17050119),1986,28714.87293045852,72260.9524807362,22996.514374065362,43696.159980814395,64251.849155977434,2.5164991207078393,0.8008572571349405,1.521725695483224,2.2375808282899983
Willow (17050119),1987,26533.446539001117,67392.8288746101,14604.421369107804,47048.350447416684,68791.9913471005,2.53991989979705,0.5504155424226922,1.7731714716465883,2.592651928801793
Willow (17050119),1988,21382.6719125024,46533.49049574045,12283.480572543318,30005.197295409253,44214.23964926534,2.17622431313331,0.5744595728170526,1.4032482665491997,2.0677602794538217
Willow (17050119),1989,27448.541050995198,64551.47651309578,25758.73248603924,34349.706711549836,50420.54546944119,2.351727051473118,0.9384372174165267,1.2514219479910909,1.836911673220355
Willow (17050119),1990,25150.257147461838,59295.95038595839,17269.319502693346,37432.68566898807,54836.763739299495,2.357667758158192,0.6866458422846052,1.4883619459439912,2.180365926987495
Willow (17050119),1991,25353.163795616136,53209.8169265413,18794.824408675377,30418.284228382632,45178.29365572597,2.0987446519689157,0.7413206714629132,1.1997825783637432,1.7819588127118806
Willow (17050119),1992,12601.142835469556,27749.76209977267,9099.650291366961,15539.548696736447,23249.10055216409,2.2021623325832755,0.7221289695846766,1.23318566416023,1.8449993667814621
Willow (17050119),1993,29303.04949574134,62446.61084630646,28635.626615820263,29949.952996112628,44655.9535673248,2.131061849224325,0.9772234326663485,1.0220763200930778,1.5239353697237117
Willow (17050119),1994,25860.826456435745,62351.70005335416,15907.222842251067,41013.52363000388,59948.45419597784,2.4110482377038367,0.6151088353285161,1.585932441064629,2.3181182665204045
Willow (17050119),1995,29024.159933506355,72834.62064245458,30737.257101029656,37331.483752103144,55323.13708661325,2.5094480187994046,1.0590231438721385,1.2862209909822944,1.9061064028504946
Willow (17050119),1996,28625.653194712635,67738.42791321548,25673.957540214633,37095.1954787939,54617.24564756718,2.366353964133376,0.8968863475561424,1.2958724549085803,1.907982510514568
Willow (17050119),1997,29023.694556053306,71250.34027854097,23426.514860516538,42400.66141320811,62457.41265667173,2.4549024984030057,0.807151371279526,1.4608981407008657,2.1519456296664115
Willow (17050119),1998,29630.99494259231,74452.77886086596,34882.23074855113,35184.37407482463,51897.48745826108,2.512665504655253,1.1772210422273253,1.1874179096244168,1.751459495666896
Willow (17050119),1999,28849.702884583694,70541.28868588083,19152.789348090326,45606.01367174748,66893.26398385469,2.445130508556319,0.6638816844912787,1.5808139811421695,2.31868120969801
Willow (17050119),2000,28566.093710407604,77229.88515136541,22333.020418434273,48982.06609932318,71850.38240962102,2.703550787667826,0.7818016927633893,1.714692481089122,2.515233028989311
Willow (17050119),2001,27640.071495239943,65907.75321551104,16948.572970659225,43750.092800289,64184.1999621684,2.3845000989545704,0.613188463480568,1.5828502038362475,2.3221430513745935
Willow (17050119),2002,28322.083510786444,66656.080941996,15068.982853265194,45842.41665426761,67338.47993065845,2.3535020266644606,0.5320577085201441,1.6186103199931798,2.3775962635309877
Willow (17050119),2003,24718.831371813114,59585.000265920455,17978.427161461022,37030.289736222214,54281.55759964601,2.4105104068093297,0.7273170357868061,1.4980598871857613,2.195959703076549
Willow (17050119),2004,27742.237481033786,65306.15964022844,23717.276314786184,37010.84568812545,54534.060259115395,2.3540336169667477,0.8549157698978209,1.3340973565462493,1.9657412382976702
Willow (17050119),2005,27249.967928719696,66630.18282103076,22835.42295144822,38762.360183225006,57177.202882210404,2.445147201469066,0.8379981587934703,1.4224736074779742,2.0982484468155778
Willow (17050119),2006,27665.12559405193,71922.67277841837,24577.252344920962,41886.67196539366,61236.30669580317,2.5997594890327167,0.8883839063504968,1.5140604304503644,2.2134837771699516
Willow (17050119),2007,25486.33595391781,67284.23404626027,16211.543969704782,45734.406939025146,66260.50102724577,2.64001205068935,0.6360876667017611,1.7944677109223606,2.599844134011742
Willow (17050119),2008,27787.28530738286,66660.75723028537,18764.489946327274,42585.27306511816,61951.92754014998,2.398966163584686,0.6752905056666942,1.5325452844363892,2.229506295949315
Willow (17050119),2009,26893.413503372463,65545.28549854501,25510.1668062949,35488.887049219986,51929.9912824821,2.437224470977831,0.9485655959254075,1.3196125900778508,1.9309557440884186
Willow (17050119),2010,28597.81664062108,66791.39917079585,23590.693464974436,38458.09177081958,56167.53613249788,2.3355419055286766,0.8249123966850533,1.3447911864779463,1.9640498027641753
Willow (17050119),2011,29502.559522797932,70335.94451457527,29145.52153822799,36557.98766929103,53427.233470684456,2.3840624560124546,0.9878980674780422,1.2391463066464135,1.8109355369454936
Willow (17050119),2012,26889.445146142283,69961.30277596804,17069.687110227667,47544.74897318793,68752.94002132793,2.6018128078037006,0.6348099418732924,1.768156565328347,2.5568746267414753
Willow (17050119),2013,27551.055433292044,67598.63874737854,20119.50780273861,42424.95439769006,61088.8843984635,2.453577102011633,0.7302626881737051,1.5398667575698297,2.21729742972551
Willow (17050119),2014,24887.64939261071,62604.028935652736,16992.799167986574,40094.87806653454,57780.40808355894,2.515465721493177,0.6827803984184957,1.6110351537835046,2.3216498742831972
Willow (17050119),2015,24897.639432633645,62255.418797702805,21610.613571605078,35674.81853770545,51221.40128705784,2.5004546702569663,0.8679784133784096,1.432859473856225,2.0572794230412588
Willow (17050119),2016,27793.622192103994,74290.59257194342,20901.110767040813,47330.73822190151,68198.10129141533,2.6729366923987667,0.7520110413308668,1.7029352235833406,2.4537320403955842
Willow (17050119),2017,28400.152136847144,72833.46499718119,23303.140870878204,43911.24283204491,63337.98018897697,2.564544888570686,0.8205287337402698,1.5461622395703032,2.230198623013731
Willow (17050119),2018,27448.50690869518,73852.08353738501,17851.14521763855,49878.22467914792,71597.52986250511,2.690568335212071,0.6503503187630084,1.8171562061668067,2.608430764582839
Willow (17050119),2019,29598.527635252325,75001.39592416247,29268.373071711925,40703.6310815972,59211.24278117981,2.533956987604836,0.9888455747661185,1.375191076502012,2.000479331636019
Willow (17050119),2020,28801.142553609985,72572.60932887651,21871.759153780138,45075.4030844087,65124.13187330034,2.519782303559347,0.7594059545751838,1.5650560737479797,2.2611648740003742
Willow (17050119),2021,27711.667572477985,72170.80473329747,17746.512933894814,48223.94807303629,69266.4294578299,2.6043472318848955,0.6403985933895899,1.7402037588286532,2.499540284851796
Willow (17050119),2022,26275.36244745802,60549.136878347774,17193.015561063206,38324.615742461116,55073.328874048304,2.304407294073522,0.654339805795011,1.4585761021983081,2.096006438890296
Willow (17050119),2023,29724.84665494767,76686.46726657166,28290.709848071445,42903.856201232156,62607.10787518241,2.5798776409770743,0.9517529283321798,1.443366779962542,2.106221391213183
Willow (17050119),2024,28112.033975736435,78033.88922583801,21996.59938128905,49745.20674865122,71631.78700202904,2.775817975077479,0.7824620374418432,1.7695342425804703,2.548082684584638
Willow (17070104),1985,10894.043254723996,27400.023708736087,7349.322776380794,16838.454591853384,22631.01659514016,2.5151381418331145,0.6746184685097426,1.5456570345956453,2.077375320253722
Willow (17070104),1986,9697.531309576443,25532.384027602442,8127.055668891984,14345.18629324372,20135.51198027944,2.632874616490165,0.838054078862979,1.4792616631283937,2.0763544182007796
Willow (17070104),1987,9401.668151988455,23490.2320889407,5590.428375249875,14813.266002501769,20772.196689663764,2.4985174661767346,0.5946208997035806,1.5755997513450588,2.2094160689207523
Willow (17070104),1988,8878.760649419575,21607.697050223993,7002.740407308736,11662.653833012364,16859.748348515855,2.433638871843734,0.788706969791614,1.3135452450534049,1.8988853303099251
Willow (17070104),1989,10933.149519949351,25321.14631340151,9278.837583431274,13678.988507776965,18266.952072269,2.315997441286142,0.8486884375358162,1.2511480322131672,1.670785901074334
Willow (17070104),1990,10538.825011186644,26679.33037618876,7827.026951745193,15807.463434417721,21257.86228888738,2.531527978486165,0.7426849713736627,1.4999265494624474,2.017099844273228
Willow (17070104),1991,10859.805190596242,25831.86132510537,7819.952425160607,15189.997520320696,20309.970969696842,2.3786671005363687,0.7200822010998951,1.3987357281025692,1.8701966207721403
Willow (17070104),1992,9846.272612235029,25574.53267090251,8010.2759819246585,15265.33510012721,19943.739697712295,2.597382144297271,0.8135338414224941,1.5503668953019263,2.025511630962777
Willow (17070104),1993,11586.028462852195,27416.648449822853,10070.052440012347,14999.463596498494,19965.83853916092,2.3663543152623627,0.8691548162771687,1.2946164981892332,1.723268556017842
Willow (17070104),1994,11073.345068530722,29005.70879233248,7533.744690105799,18356.95140961699,24773.466881976958,2.619417042711298,0.6803494918185027,1.6577602608795703,2.2372161915535838
Willow (17070104),1995,11597.790969071957,29752.945858522642,10961.215305674454,16763.662484271754,21732.911233662016,2.565397663905598,0.9451123351770117,1.445418574017735,1.8738836810921642
Willow (17070104),1996,12804.02314167329,31840.93972718074,11770.960930546333,17329.39993038554,22982.600524244557,2.4867917977708074,0.9193173739459556,1.3534339745125497,1.7949514984429404
Willow (17070104),1997,12705.070554862135,32031.13880712069,11534.579167708811,17750.460198779852,23363.554515247342,2.5211303368057734,0.9078721064870131,1.3971162239620059,1.8389157631483035
Willow (17070104),1998,11783.953409410304,29414.001212139192,8797.934234414966,18194.69700323501,24117.022440656256,2.4961063736598,0.7466029378043201,1.5440231619301281,2.046598590707015
Willow (17070104),1999,12313.795257606198,31245.070225668052,7922.207451976257,20326.288245481264,27020.40220503541,2.5374037469372457,0.643360335805708,1.6506923998858736,2.1943195935749364
Willow (17070104),2000,12361.57424956408,34711.84878896497,9009.806854789302,22313.057447466832,29817.298369694374,2.8080443548837684,0.728855942851051,1.8050336467666066,2.412095560623749
Willow (17070104),2001,11699.608769819788,29061.255680815466,7078.503601669969,18620.435455857798,25049.516114177168,2.483951066447763,0.6050205388003757,1.5915434286906172,2.141055876910576
Willow (17070104),2002,11800.634216301838,32224.297220607128,6538.522369676602,22255.090908081398,28996.56768143714,2.7307258770966123,0.5540822848863531,1.8859232902361622,2.457204176482328
Willow (17070104),2003,12347.822058811536,34989.85696514484,8263.668016518188,23263.92992206343,30734.590094689756,2.8336865237036446,0.6692409379693925,1.8840512773231977,2.489069728111058
Willow (17070104),2004,12485.634901249576,33538.604155627705,10186.08290074693,20315.77737695055,26818.251478461636,2.6861753063331304,0.8158241836566513,1.6271321032234674,2.147928534717737
Willow (17070104),2005,12607.687199887327,34344.77949438834,7179.504959833865,23995.5555664765,31164.08812644652,2.7241141812826126,0.5694545594292685,1.9032480094121424,2.471832274417867
Willow (17070104),2006,13540.84349016751,35671.07119374599,12786.808936396968,20021.54503840521,26383.823358309153,2.63433154807882,0.9443140632769241,1.4786039771409785,1.9484623227103532
Willow (17070104),2007,13017.45908299649,35725.387405572255,9933.485989654499,22570.857082172224,29606.654861628907,2.7444209486501894,0.7630894728626186,1.7338911486692867,2.2743804818485165
Willow (17070104),2008,13127.949555489493,34662.768298259674,8271.555214770968,23059.75543632881,30111.662136426887,2.6403794554318143,0.6300721357747898,1.756539003967021,2.2937064169198913
Willow (17070104),2009,13168.457198589489,36053.62896978869,9500.374405641125,23025.90265367659,30221.60600487969,2.737877978116563,0.7214493134897182,1.7485649462522428,2.2949997519919654
Willow (17070104),2010,13644.688500064587,34676.3601779982,10488.89722183016,20732.494109444415,27266.644181247888,2.5413815916599383,0.7687165025262769,1.5194552890926223,1.998333943726075
Willow (17070104),2011,13596.876123528424,35138.93174712589,10919.326938626988,20921.29835001259,27673.09340437662,2.584338595710266,0.8030761506852204,1.5386841918644663,2.0352537710107037
Willow (17070104),2012,13496.436028858336,36149.220196382244,10592.563141865154,21856.18819121244,28968.66662950245,2.678427113579266,0.7848415032839732,1.6194044223585489,2.1463938011161687
Willow (17070104),2013,13562.956590307802,36511.42256092563,10531.276432448823,22260.531286881873,29340.189374500773,2.691995828329716,0.7764735043076492,1.6412742412513086,2.1632591079342913
Willow (17070104),2014,13677.0691671675,39038.67736477805,7941.58271007389,26471.20075916262,35263.75577197647,2.8543160005721386,0.5806494515022315,1.9354439489644526,2.5783123080658914
Willow (17070104),2015,13588.178318388302,38595.66759328213,7000.231658149112,26944.4797721774,35677.952103778945,2.8403857153576104,0.5151707237073859,1.9829353972868156,2.6256611642708205
Willow (17070104),2016,13601.666325901251,38491.26174893694,8601.695775803433,25400.978956290124,33507.46989618101,2.8298931047616693,0.6324001464014359,1.8674902285994026,2.4634827155238863
Willow (17070104),2017,14383.30130697785,39062.43056685883,9995.96003720263,24518.567141094787,32431.727144149605,2.7158181375167505,0.6949698003165126,1.7046550453059035,2.2548180318252684
Willow (17070104),2018,13932.654153706744,39163.40239748204,8749.418169950892,26070.1374138513,34236.24397389844,2.8109075245410238,0.6279792833028252,1.8711537031094259,2.4572664760210086
Willow (17070104),2019,14338.798756722052,37265.12332301156,10691.725080447879,22871.22212496936,30189.59107640579,2.5989013414071116,0.7456499851799357,1.595058450363375,2.1054477148758965
Willow (17070104),2020,14110.057939319997,40303.58414544492,6820.706448066245,28472.00971049787,37457.058459711836,2.8563726895218733,0.4833932275401382,2.0178520763657484,2.6546353403221388
Willow (17070104),2021,13900.394253157992,40541.330752388996,7653.460984450385,28278.389463866795,36840.52800584977,2.9165597762220683,0.5505930871501444,2.0343588065814973,2.650322525742755
Willow (17070104),2022,14530.905554923991,39789.81365832307,13069.041024941671,23001.865515172838,30249.10892976965,2.7382886433282034,0.8993961852923236,1.5829616005850613,2.0817084534362924
Willow (17070104),2023,13879.585766289525,37497.92887840567,9082.02835278182,24712.794849447666,32216.516460803952,2.7016605185350655,0.6543443374830449,1.7805138615497902,2.3211439450196574
Willow (17070104),2024,14418.298441555611,40246.4620326415,9717.364326528184,26253.280707017453,34614.0424378376,2.79134616305662,0.6739605485291761,1.820830718231752,2.4007023143642905
Wilson-Trusk-Nestuccu (17100203),1985,8815.042982902,18240.15924015743,15718.175991323002,2508.3880475847814,3492.395281818094,2.069208201881347,1.783108264112902,0.28455766494277435,0.3961858482814071
Wilson-Trusk-Nestuccu (17100203),1986,8696.941716765245,18626.832291674953,17938.981286846563,687.0166503546544,958.9524194041813,2.1417680948427753,2.0626769582996376,0.0789952000057998,0.11026317648600452
Wilson-Trusk-Nestuccu (17100203),1987,8502.071667855913,18611.75689226616,18203.898097808546,407.85879445760315,563.4155546527755,2.1890849218117387,2.14111322616024,0.04797169565149745,0.06626803168254873
Wilson-Trusk-Nestuccu (17100203),1988,8749.207898231514,17038.361680383554,16882.582774448794,155.7789059347623,219.1715772302576,1.947417626666242,1.9296127113245631,0.017804915341679106,0.025050447969645225
Wilson-Trusk-Nestuccu (17100203),1989,8788.512271308906,16174.65120331721,16061.337344019097,113.31385929811277,165.85488081602452,1.8404310882196968,1.827537681941135,0.012893406278561925,0.018871781218019867
Wilson-Trusk-Nestuccu (17100203),1990,8628.540121875521,16308.493467149605,16104.185433969988,204.3080331796053,291.10250582079505,1.8900640475442037,1.8663858783181437,0.023678169226058646,0.03373716778378035
Wilson-Trusk-Nestuccu (17100203),1991,8788.965564006096,16039.364752564237,15906.166001234782,133.1987513294625,187.23047668801283,1.8249434061103933,1.809788181031921,0.015155225078473198,0.02130290252299855
Wilson-Trusk-Nestuccu (17100203),1992,8194.92157641301,16796.026730200363,16160.72546219341,635.3012680069438,879.2114704420683,2.049565279372952,1.9720415029605571,0.07752377641239379,0.10728735622957689
Wilson-Trusk-Nestuccu (17100203),1993,8773.328146419502,16495.071531451773,16466.92780196554,28.14372948623605,41.45772689526467,1.8801384441756694,1.8769305703772046,0.0032078737984651625,0.004725427591829453
Wilson-Trusk-Nestuccu (17100203),1994,8347.64712420202,13798.790857582751,13690.312650473896,108.47820710886057,155.871517134974,1.6530155925705623,1.6400205287525975,0.012995063817965398,0.018672509129316398
Wilson-Trusk-Nestuccu (17100203),1995,8762.167180321569,18842.03540069529,18565.77226494976,276.26313574553797,386.38368090801816,2.1503852885860817,2.1188562010829384,0.03152908750314431,0.044096816798448485
Wilson-Trusk-Nestuccu (17100203),1996,8790.124861175991,15462.9557870199,15369.174498491742,93.78128852815732,136.61476673378763,1.759128116065371,1.7484591790469253,0.01066893701844535,0.015541845979592895
Wilson-Trusk-Nestuccu (17100203),1997,8523.472442120186,16069.438337436488,16050.153626129424,19.284711307069955,27.536180336946817,1.8853159257049545,1.8830533840662012,0.002262541638754093,0.003230629361910306
Wilson-Trusk-Nestuccu (17100203),1998,8564.85667065408,16869.902596529595,16790.546964443936,79.35563208566161,112.13600762602161,1.969665488312401,1.960400227358583,0.009265260953818319,0.01309257258329088
Wilson-Trusk-Nestuccu (17100203),1999,8834.305956747985,16498.94309169972,16365.363073446477,133.58001825324277,191.62288490450177,1.8675992401075023,1.8524786387940275,0.015120601313474907,0.021690768447761626
Wilson-Trusk-Nestuccu (17100203),2000,8577.173237293793,17676.842101140755,17501.55889917024,175.2832019705101,246.70371711081145,2.060916995856087,2.0404809853988914,0.020436010457195123,0.028762823168609522
Wilson-Trusk-Nestuccu (17100203),2001,8851.517019311339,17246.75441827068,17116.706775895207,130.04764237547616,179.0757449193118,1.94845181686297,1.9337596864528102,0.014692130410160365,0.020231079545870223
Wilson-Trusk-Nestuccu (17100203),2002,8990.910811703456,17690.431810892136,17460.76580197359,229.66600891855248,318.8746379686031,1.967590623617857,1.9420463808010349,0.025544242816823024,0.03546633312762089
Wilson-Trusk-Nestuccu (17100203),2003,8590.463537395502,16650.180757613973,16461.58447275166,188.59628486231216,275.06181642862805,1.9382168011229408,1.9162626558033864,0.021954145319554162,0.0320194382097363
Wilson-Trusk-Nestuccu (17100203),2004,8751.216671852462,18941.29116040533,18842.66386033306,98.62730007227219,138.95582293814635,2.1644180313039634,2.153147906957769,0.01127012434619502,0.01587845760751026
Wilson-Trusk-Nestuccu (17100203),2005,8745.83333584515,17422.91660441902,17394.019268369426,28.897336049593868,40.46461467300265,1.9921391061741935,1.9888349800903866,0.0033041260838069,0.004626730594917331
Wilson-Trusk-Nestuccu (17100203),2006,8966.87545694804,18256.605334309603,18050.44048327025,206.1648510393547,289.6963580007729,2.036005230803485,2.01301340360245,0.0229918272010354,0.03230739173212223
Wilson-Trusk-Nestuccu (17100203),2007,8804.043949051325,17937.765948974527,17866.38843660609,71.37751236844421,113.37200810207025,2.0374462068544537,2.0293388515548325,0.008107355299621767,0.012877265124771053
Wilson-Trusk-Nestuccu (17100203),2008,8820.47087119866,17311.128576802483,17197.38366153882,113.74491526366668,166.2218139209602,1.962608213278979,1.9497126528350268,0.012895560443952726,0.018845004574950933
Wilson-Trusk-Nestuccu (17100203),2009,8921.585430741228,18489.840099829675,18393.299862312284,96.54023751738441,132.7281410677569,2.0724836682187653,2.061662694943686,0.010820973275078935,0.014877192187210777
Wilson-Trusk-Nestuccu (17100203),2010,8971.01003978022,18370.51947039134,18278.355811980728,92.16365841061972,125.3553563432086,2.0477648992622686,2.037491400737361,0.010273498524908308,0.013973382683482057
Wilson-Trusk-Nestuccu (17100203),2011,8818.091544008994,17259.67368803814,17186.92255849764,72.75112954049173,97.38331552816507,1.95730262062933,1.9490524080773948,0.008250212551934642,0.011043581827445104
Wilson-Trusk-Nestuccu (17100203),2012,8923.018167358845,15110.307249548676,15014.45557238899,95.85167715968159,132.855731219804,1.6934076526733362,1.6826655836377358,0.010742069035599986,0.014889102401001659
Wilson-Trusk-Nestuccu (17100203),2013,8884.917502577167,17813.508676012967,17718.935445668598,94.57323034436148,135.33512033812997,2.004915484116309,1.9942712400569873,0.010644244059320695,0.015232006408486577
Wilson-Trusk-Nestuccu (17100203),2014,8794.906036936507,20009.32553386702,19931.01493182483,78.31060204219513,108.36370277593367,2.2751039578856926,2.2661998716210636,0.008904086264629693,0.012321189370395997
Wilson-Trusk-Nestuccu (17100203),2015,7979.180138676586,17412.71859212889,17344.894775674733,67.82381645414634,103.31963206610902,2.1822691416284954,2.173769043212945,0.008500098415549181,0.012948652652331954
Wilson-Trusk-Nestuccu (17100203),2016,8846.170551643609,19606.109496588862,19551.077716048534,55.03178054032608,83.35211339517619,2.216338627220574,2.2101176550813806,0.006220972139193183,0.009422395024894637
Wilson-Trusk-Nestuccu (17100203),2017,8821.41175179113,17680.08454118078,17478.384473050064,201.70006813073044,284.215936783139,2.0042239313442036,1.9813591026970474,0.02286482864715804,0.03221887207854579
Wilson-Trusk-Nestuccu (17100203),2018,8815.564396218844,18664.246844642654,18481.598024169984,182.6488204726677,264.7938496674906,2.1171925024616787,2.0964735998181894,0.02071890264348918,0.030037084157772755
Wilson-Trusk-Nestuccu (17100203),2019,8831.005579917468,17805.63644851317,17724.744559218918,80.89188929425401,119.70761467286646,2.0162637524547433,2.0071037662490716,0.009159986205671723,0.013555377537649026
Wilson-Trusk-Nestuccu (17100203),2020,8923.896813753003,18060.672347368516,18002.816039997095,57.85630737142472,79.59442579779639,2.0238549060242867,2.0173716052220794,0.006483300802207828,0.008919245421476634
Wilson-Trusk-Nestuccu (17100203),2021,8887.0705605,18661.535354923806,18518.989620847115,142.54573407669193,226.349968275547,2.099852277292359,2.083812601101392,0.016039676190966586,0.025469581538104972
Wilson-Trusk-Nestuccu (17100203),2022,8713.992828389,15713.712537702988,15679.204940882404,34.50759682059422,53.33362055079364,1.8032735219278417,1.7993135006723546,0.003960021255488434,0.006120457246308487
Wilson-Trusk-Nestuccu (17100203),2023,8900.274856751308,17512.560465267772,17265.25564700837,247.3048182594075,374.5027970513142,1.9676426567864487,1.9398564566701892,0.027786200116259815,0.04207766648546083
Wilson-Trusk-Nestuccu (17100203),2024,9085.533992950308,18969.562121429823,18886.80953884381,82.75258258600928,117.06664733410105,2.087886318641125,2.0787781492533686,0.009108169387756302,0.012884949572026913
Yamhill (17090008),1985,40329.393067607,82539.51985570029,39721.543897562246,41797.91684037892,70861.46818070635,2.046634317489814,0.9849278869873946,1.0364132376182833,1.757067557697094
Yamhill (17090008),1986,45821.41569040109,92952.76536725873,60838.06654057297,31364.054658662106,53462.3449037289,2.0285878113262,1.3277212330503714,0.6844846276810346,1.1667545425692396
Yamhill (17090008),1987,34215.91931419555,73390.83881276767,40029.95710152007,32636.258675216355,55857.456337585594,2.1449325426226142,1.1699220101010814,0.9538325822996718,1.632499066433424
Yamhill (17090008),1988,41086.56542430695,79850.5184626762,55078.363042451674,24223.556634249435,41298.59444670257,1.9434702715607464,1.3405443476145886,0.5895736570844808,1.0051605438470206
Yamhill (17090008),1989,26568.547498430413,48983.482220374986,29545.84765482455,19091.383461659712,32297.344315105085,1.843664288507634,1.1120610811174387,0.7185708388005619,1.2156232596837713
Yamhill (17090008),1990,49982.88994895273,103619.8197357341,65109.01164894899,37476.856352821655,63736.82504248523,2.0731058136406375,1.302625992923668,0.7497937072285451,1.2751728663064366
Yamhill (17090008),1991,42944.72481889665,80908.20746401287,68737.0465339611,11914.004091777302,20046.453375544028,1.884008054661266,1.6005934797308388,0.2774264858377873,0.46679664289577977
Yamhill (17090008),1992,47746.93433997579,102446.96177132748,61117.668646807404,40213.76619596864,68306.55754036023,2.1456238643902728,1.2800333569403022,0.8422271869777394,1.4305956703731455
Yamhill (17090008),1993,47383.53096050554,95358.16173829386,79533.59688201296,15415.720934362895,25839.21061255228,2.0124747946238,1.6785071789669854,0.3253392185401293,0.5453204961464231
Yamhill (17090008),1994,30279.94493308781,60761.69538443701,35894.25745986876,24235.898091382405,39670.77086246284,2.0066646593548083,1.1854135646279205,0.8003943912361317,1.3101335207222717
Yamhill (17090008),1995,47818.855390005105,104390.4918486244,83410.10221495209,20444.417650748383,34644.14316853748,2.1830403717786115,1.7442931566359934,0.4275388334581841,0.7244870853972522
Yamhill (17090008),1996,48525.218459674594,97835.70258464463,84265.78067886083,13138.033916566104,21849.398873670387,2.016182630191516,1.736535833401499,0.27074651765831964,0.4502689440095497
Yamhill (17090008),1997,44938.24376031097,92437.39207363038,81760.99901548229,10284.882553047362,17303.80032581861,2.0569871970668823,1.8194079735642188,0.22886703378761927,0.3850573337514619
Yamhill (17090008),1998,21137.901479974913,41200.878778304825,35644.317679491985,5318.935008826627,8270.965534969768,1.9491470720183204,1.6862751353657217,0.2516302298913421,0.3912860291644989
Yamhill (17090008),1999,47121.92272415822,88269.07284838724,69396.44986233796,18407.543040722696,30611.213849821375,1.8732060948594085,1.4726998783256389,0.39063650158073054,0.6496172498947667
Yamhill (17090008),2000,47805.850059833414,102071.99355621087,71319.33418417635,29910.13585571366,50319.088431657336,2.135136043569111,1.491853697715105,0.6256584877850384,1.0525717745564271
Yamhill (17090008),2001,49923.03879290623,101341.2650256641,71703.01766272535,28863.521715451185,48482.63129381641,2.029949848326623,1.4362710964003644,0.5781603526817467,0.9711474394604663
Yamhill (17090008),2002,50083.68099174277,102731.64777578502,68212.05320196947,33582.41998692504,56701.404160446786,2.0512000264661507,1.3619616579942577,0.6705261938007657,1.132133322424825
Yamhill (17090008),2003,48124.86680334322,99132.96340854977,62852.37100474859,35169.91917431501,59285.00912731609,2.0599114344283866,1.3060269083255365,0.7308055379775464,1.2318997031114396
Yamhill (17090008),2004,49086.16458810736,104013.95380056226,71460.14224219906,31741.438682664684,53563.30101027789,2.1190075589194204,1.4558102642941568,0.6466473587621681,1.0912097422917264
Yamhill (17090008),2005,50671.06389946775,101954.37286942922,83308.83575165451,18022.103505938416,30536.811923579004,2.0120827356557665,1.6441106489680313,0.35566854372141415,0.6026479330326389
Yamhill (17090008),2006,49735.028856649515,104483.33070629893,76974.99826056916,26665.889360218498,44520.77684362918,2.1007996397760134,1.547701892009211,0.5361591211111422,0.895159364880449
Yamhill (17090008),2007,51248.61973550516,105131.51632823645,59445.51102447392,44454.67957984764,75340.32080129792,2.051401908399127,1.1599436498245812,0.867431743708979,1.47009463259948
Yamhill (17090008),2008,49217.148137342294,98532.6631288502,51875.93169570214,45246.055016531594,76784.87781223739,2.001998629703028,1.0540214876111962,0.9193148471396755,1.5601244834009138
Yamhill (17090008),2009,49437.691071262176,104523.95703147279,71458.76996658444,31984.0251999234,54009.77427415434,2.1142564461759807,1.4454309741848559,0.6469562899654817,1.0924817301095577
Yamhill (17090008),2010,45760.51166273903,96951.76829038348,85211.25322596682,11452.372489559571,19237.945542608264,2.1186775402541547,1.8621132091787986,0.2502675794791164,0.4204049483623445
Yamhill (17090008),2011,49390.50437071982,96368.94258036483,79217.80826358334,16653.865141809354,28035.214737681334,1.9511633624356193,1.6039076594355663,0.33718759008426463,0.5676235765330927
Yamhill (17090008),2012,39312.56544465353,74116.10207838644,57216.89984095198,16454.53598741482,27441.678737974195,1.8853031146677848,1.4554354108867604,0.41855665742752024,0.6980383607019529
Yamhill (17090008),2013,50637.91664508192,105175.90033717666,80309.36381441684,24166.214252574307,41184.27676427994,2.0770187105908833,1.5859531579330226,0.4772355549686974,0.8133090674511361
Yamhill (17090008),2014,49379.01081717543,110870.0504753819,74630.96759342376,35286.566784528804,59692.634049838176,2.2452869881471607,1.511390494834801,0.7146065949999777,1.2088665419169429
Yamhill (17090008),2015,52914.55177409528,117613.95012229616,76507.66167850948,40027.887849939914,67418.27383421292,2.2227146631500894,1.4458718653639695,0.7564627594471257,1.274097040867651
Yamhill (17090008),2016,51783.31823558256,116362.8428573892,74886.5884184154,40325.541153599435,69059.84871052967,2.247110591252749,1.4461527567184287,0.7787361360301938,1.3336311975286985
Yamhill (17090008),2017,52404.51187589427,114052.41532013084,81431.2199566815,31884.27966043914,54434.96193667345,2.1763854148710085,1.5538971176666816,0.6084262312365073,1.038745710781311
Yamhill (17090008),2018,56153.69246464973,117846.17411793754,71998.60428888685,44449.58167532787,74848.44004923316,2.0986362418130367,1.2821704349043819,0.7915700593208557,1.3329210736471566
Yamhill (17090008),2019,57231.87447870579,118970.41743070935,87937.18078622431,30256.854600555354,51204.82445544105,2.0787440305659493,1.5365070878281826,0.5286713894337498,0.894690675813751
Yamhill (17090008),2020,57475.37378887205,122287.94750591274,91675.22461438361,29789.31223168491,50364.360534444524,2.1276581506911265,1.595034857035294,0.5182969725627516,0.8762772160377962
Yamhill (17090008),2021,55963.875910245035,119684.99520814639,67368.37940964286,50839.61959381029,86226.32076189367,2.138611617967587,1.2037833033167393,0.9084363576844993,1.5407496239213954
Yamhill (17090008),2022,61470.62577765098,123428.28596070691,93909.37611294542,28777.31485332176,49096.013372539026,2.007923042904535,1.5277114056497578,0.4681474198329114,0.7986906388447567
Yamhill (17090008),2023,58019.12188875753,117156.5415703424,67219.31948335335,48552.12129022451,82290.04862417301,2.019274641815012,1.1585718172749278,0.8368296470138846,1.4183263369954329
Yamhill (17090008),2024,62674.269450373715,135377.11374487935,105592.45940868548,28923.50426662698,48805.08292406217,2.160011036938734,1.684781654970784,0.4614892925003135,0.7787100408518787
