ET Cell ID	ET Cell Name	Ref ET MET ID	Met Latitude	Met Longitude	Met Elevation (feet)	Area weighted average Permeability - in/hr	Area weighted average WHC - in/ft	Average soil depth - in	Hydrologic Group (A-C) (A='coarse'  B='medium')	Hydrologic Group  (1-3) (1='coarse' 2='medium')	Aridity Rating (fromHuntington plus google)	Ref ET Data Path
525446	525446	525446	40.8583	-118.4333	4304.07	-999	1.2	60	A	1	50	
526832	526832	526832	40.9	-118.4333	4579.4	-999	1.2	60	A	1	50	
528223	528223	528223	40.9417	-118.225	4176.12	-999	1.08	60	A	1	50	
528224	528224	528224	40.9417	-118.1833	4194.49	-999	1.08	60	A	1	50	
528225	528225	528225	40.9417	-118.1417	4238.06	-999	1.08	60	A	1	50	
529609	529609	529609	40.9833	-118.225	4164.3	-999	1.08	60	A	1	50	
529610	529610	529610	40.9833	-118.1833	4178.61	-999	1.08	60	A	1	50	
533641	533641	533641	41.1083	-123.475	5394.26	-999	1.32	60	B	2	50	
533762	533762	533762	41.1083	-118.4333	4268.64	-999	1.92	60	B	2	50	
535148	535148	535148	41.15	-118.4333	4241.21	-999	1.9703	60	B	2	50	
535149	535149	535149	41.15	-118.3917	4179.4	-999	1.938	60	B	2	50	
535161	535161	535161	41.15	-117.8917	4262.73	-999	1.6434	60	A	1	50	
535162	535162	535162	41.15	-117.85	4206.69	-999	1.3765	60	A	1	50	
536408	536408	536408	41.1917	-123.6833	1285.11	-999	1.44	60	B	2	50	
536536	536536	536536	41.1917	-118.35	4173.88	-999	1.899	60	B	2	50	
536546	536546	536546	41.1917	-117.9333	4817.85	-999	1.68	60	A	1	50	
536547	536547	536547	41.1917	-117.8917	4250.53	-999	1.5186	60	A	1	50	
536548	536548	536548	41.1917	-117.85	4239.5	-999	1.44	60	A	1	50	
537923	537923	537923	41.2333	-118.3083	4209.84	-999	1.92	60	B	2	50	
537933	537933	537933	41.2333	-117.8917	4248.82	-999	1.44	60	A	1	50	
537934	537934	537934	41.2333	-117.85	4232.15	-999	1.44	60	A	1	50	
537972	537972	537972	41.2333	-116.2667	6332.42	-999	1.485	60	B	2	50	
537973	537973	537973	41.2333	-116.225	5937.27	-999	1.8608	60	B	2	50	
537974	537974	537974	41.2333	-116.1833	5972.97	-999	1.9069	60	B	2	50	
537978	537978	537978	41.2333	-116.0167	6489.9	-999	1.4396	60	B	2	50	
539182	539182	539182	41.275	-123.6	1480.97	-999	1.4108	60	B	2	50	
539183	539183	539183	41.275	-123.5583	965.44	-999	0.9506	60	A	1	50	
539184	539184	539184	41.275	-123.5167	2108.38	-999	1.44	60	B	2	50	
539359	539359	539359	41.275	-116.225	5923.23	-999	1.9618	60	B	2	50	
539360	539360	539360	41.275	-116.1833	5803.41	-999	1.9916	60	B	2	50	
539361	539361	539361	41.275	-116.1417	5845.01	-999	1.9838	60	B	2	50	
539362	539362	539362	41.275	-116.1	6195.8	-999	1.4772	60	B	2	50	
540569	540569	540569	41.3167	-123.5583	1279.86	-999	0.8719	60	A	1	50	
540570	540570	540570	41.3167	-123.5167	1235.13	-999	1.4287	60	B	2	50	
540696	540696	540696	41.3167	-118.2667	4238.32	-999	1.92	60	B	2	50	
540697	540697	540697	41.3167	-118.225	4135.83	-999	1.9428	60	B	2	50	
540746	540746	540746	41.3167	-116.1833	5893.18	-999	1.8806	60	B	2	50	
540747	540747	540747	41.3167	-116.1417	5731.76	-999	2.0044	60	B	2	50	
540748	540748	540748	41.3167	-116.1	5855.64	-999	1.6799	60	B	2	50	
540749	540749	540749	41.3167	-116.0583	6615.22	-999	1.55	60	B	2	50	
541956	541956	541956	41.3583	-123.5167	1813.87	-999	1.097	60	A	1	50	
541957	541957	541957	41.3583	-123.475	1774.61	-999	1.2	60	B	2	50	
542082	542082	542082	41.3583	-118.2667	4324.93	-999	1.9216	60	B	2	50	
542083	542083	542083	41.3583	-118.225	4134.25	-999	1.9798	60	B	2	50	
542133	542133	542133	41.3583	-116.1417	5717.32	-999	2.0187	60	B	2	50	
542134	542134	542134	41.3583	-116.1	5729.66	-999	1.891	60	B	2	50	
542135	542135	542135	41.3583	-116.0583	6052.49	-999	1.6707	60	B	2	50	
543342	543342	543342	41.4	-123.5167	1938.1	-999	0.96	60	A	1	50	
543473	543473	543473	41.4	-118.0583	4128.87	-999	2.04	60	B	2	50	
543478	543478	543478	41.4	-117.85	4156.04	-999	1.6529	60	A	1	50	
543479	543479	543479	41.4	-117.8083	4303.81	-999	1.5233	60	A	1	50	
543481	543481	543481	41.4	-117.725	6040.16	-999	1.44	60	B	2	50	
543518	543518	543518	41.4	-116.1833	5887.27	-999	1.9356	60	B	2	50	
543519	543519	543519	41.4	-116.1417	5637.93	-999	1.9594	60	B	2	50	
543520	543520	543520	41.4	-116.1	5741.73	-999	1.897	60	B	2	50	
544859	544859	544859	41.4417	-118.0583	4282.02	-999	2.04	60	B	2	50	
544864	544864	544864	41.4417	-117.85	4153.81	-999	1.7794	60	B	2	50	
544865	544865	544865	41.4417	-117.8083	4250.53	-999	1.554	60	A	1	50	
544904	544904	544904	41.4417	-116.1833	5808.4	-999	2.04	60	B	2	50	
544905	544905	544905	41.4417	-116.1417	5736.88	-999	2.04	60	B	2	50	
544906	544906	544906	41.4417	-116.1	5858.01	-999	1.9033	60	B	2	50	
546250	546250	546250	41.4833	-117.85	4169.55	-999	1.6413	60	A	1	50	
546251	546251	546251	41.4833	-117.8083	4242.91	-999	1.5573	60	A	1	50	
546281	546281	546281	41.4833	-116.5583	5694.88	-999	1.92	60	B	2	50	
546288	546288	546288	41.4833	-116.2667	5838.06	-999	1.32	60	B	2	50	
546292	546292	546292	41.4833	-116.1	6213.39	-999	1.7452	60	B	2	50	
547487	547487	547487	41.525	-124.0583	260.28	-999	1.2	60	A	1	50	
547488	547488	547488	41.525	-124.0167	354.88	-999	1.2	60	A	1	50	
547489	547489	547489	41.525	-123.975	511.15	-999	1.2011	60	A	1	50	
547535	547535	547535	41.525	-122.0583	5588.98	-999	1.92	60	A	1	50	
547636	547636	547636	41.525	-117.85	4188.85	-999	1.5907	60	A	1	50	
547637	547637	547637	41.525	-117.8083	4256.69	-999	1.56	60	A	1	50	
547678	547678	547678	41.525	-116.1	6587.8	-999	1.32	60	B	2	50	
547679	547679	547679	41.525	-116.0583	6786.61	-999	1.32	60	B	2	50	
548873	548873	548873	41.5667	-124.0583	286.75	-999	1.3425	60	A	1	50	
548890	548890	548890	41.5667	-123.35	5740.72	-999	0.84	60	A	1	50	
548921	548921	548921	41.5667	-122.0583	5382.81	-999	1.9183	60	A	1	50	
548998	548998	548998	41.5667	-118.85	5411.42	-999	1.2	60	B	2	50	
549020	549020	549020	41.5667	-117.9333	4172.31	-999	2.04	60	B	2	50	
549022	549022	549022	41.5667	-117.85	4180.58	-999	1.6275	60	A	1	50	
549023	549023	549023	41.5667	-117.8083	4245.28	-999	1.56	60	A	1	50	
549024	549024	549024	41.5667	-117.7667	4571.65	-999	1.4499	60	A	1	50	
549057	549057	549057	41.5667	-116.3917	5311.02	-999	1.8	60	B	2	50	
549064	549064	549064	41.5667	-116.1	6038.45	-999	1.56	60	C	3	50	
550273	550273	550273	41.6083	-123.475	1721.13	-999	1.2	60	B	2	50	
550307	550307	550307	41.6083	-122.0583	5136.61	-999	1.92	60	A	1	50	
550309	550309	550309	41.6083	-121.975	4760.76	-999	1.1163	60	B	2	50	
550377	550377	550377	41.6083	-119.1417	5823.1	-999	1.4295	60	B	2	50	
550384	550384	550384	41.6083	-118.85	5197.64	-999	1.2523	60	B	2	50	
550385	550385	550385	41.6083	-118.8083	5833.46	-999	1.2	60	B	2	50	
550407	550407	550407	41.6083	-117.8917	4169.69	-999	2.04	60	B	2	50	
550408	550408	550408	41.6083	-117.85	4184.12	-999	1.8294	60	B	2	50	
550409	550409	550409	41.6083	-117.8083	4274.15	-999	1.5531	60	A	1	50	
550410	550410	550410	41.6083	-117.7667	4581.89	-999	1.44	60	A	1	50	
550443	550443	550443	41.6083	-116.3917	5306.69	-999	1.8	60	B	2	50	
550445	550445	550445	41.6083	-116.3083	5345.41	-999	1.8	60	B	2	50	
550449	550449	550449	41.6083	-116.1417	6128.35	-999	1.56	60	C	3	50	
550450	550450	550450	41.6083	-116.1	6066.67	-999	1.56	60	C	3	50	
551694	551694	551694	41.65	-122.0167	4741.34	-999	1.8866	60	A	1	50	
551695	551695	551695	41.65	-121.975	4791.86	-999	1.6185	60	A	1	50	
551699	551699	551699	41.65	-121.8083	4720.08	-999	1.0962	60	B	2	50	
551712	551712	551712	41.65	-121.2667	4286.61	-999	1.68	60	B	2	50	
551764	551764	551764	41.65	-119.1	6106.69	-999	1.5278	60	B	2	50	
551769	551769	551769	41.65	-118.8917	4793.96	-999	1.44	60	B	2	50	
551787	551787	551787	41.65	-118.1417	4159.32	-999	2.04	60	B	2	50	
551793	551793	551793	41.65	-117.8917	4181.23	-999	2.0364	60	B	2	50	
551794	551794	551794	41.65	-117.85	4191.6	-999	1.882	60	B	2	50	
551795	551795	551795	41.65	-117.8083	4267.98	-999	1.5634	60	A	1	50	
551796	551796	551796	41.65	-117.7667	4524.93	-999	1.4944	60	A	1	50	
551830	551830	551830	41.65	-116.35	5302.36	-999	1.8	60	B	2	50	
551833	551833	551833	41.65	-116.225	5532.02	-999	1.68	60	B	2	50	
551834	551834	551834	41.65	-116.1833	6232.42	-999	1.68	60	B	2	50	
551836	551836	551836	41.65	-116.1	6383.46	-999	1.56	60	C	3	50	
553035	553035	553035	41.6917	-123.8917	1081.26	-999	1.44	60	B	2	50	
553046	553046	553046	41.6917	-123.4333	1881.13	-999	0.96	60	A	1	50	
553048	553048	553048	41.6917	-123.35	2504.81	-999	0.96	60	A	1	50	
553081	553081	553081	41.6917	-121.975	4610.89	-999	1.1291	60	B	2	50	
553082	553082	553082	41.6917	-121.9333	4547.51	-999	1.1235	60	B	2	50	
553085	553085	553085	41.6917	-121.8083	4588.45	-999	1.0806	60	B	2	50	
553098	553098	553098	41.6917	-121.2667	4169.55	-999	1.6007	60	B	2	50	
553119	553119	553119	41.6917	-120.3917	4771.39	-999	1.44	60	B	2	50	
553120	553120	553120	41.6917	-120.35	5105.51	-999	1.44	60	B	2	50	
553155	553155	553155	41.6917	-118.8917	4503.28	-999	1.44	60	B	2	50	
553156	553156	553156	41.6917	-118.85	4790.55	-999	1.44	60	B	2	50	
553170	553170	553170	41.6917	-118.2667	4853.15	-999	1.6037	60	A	1	50	
553171	553171	553171	41.6917	-118.225	4237.53	-999	1.2026	60	B	2	50	
553172	553172	553172	41.6917	-118.1833	4179.79	-999	1.2	60	B	2	50	
553173	553173	553173	41.6917	-118.1417	4194.75	-999	1.7998	60	B	2	50	
553180	553180	553180	41.6917	-117.85	4204.33	-999	1.6869	60	A	1	50	
553181	553181	553181	41.6917	-117.8083	4284.12	-999	1.5828	60	A	1	50	
553182	553182	553182	41.6917	-117.7667	4434.91	-999	1.5136	60	A	1	50	
553215	553215	553215	41.6917	-116.3917	5257.87	-999	2.0148	60	B	2	50	
553217	553217	553217	41.6917	-116.3083	5297.77	-999	1.7297	60	B	2	50	
553218	553218	553218	41.6917	-116.2667	5327.95	-999	1.68	60	B	2	50	
553219	553219	553219	41.6917	-116.225	5547.11	-999	1.68	60	B	2	50	
554414	554414	554414	41.7333	-124.1833	4.59	-999	1.92	60	B	2	50	
554415	554415	554415	41.7333	-124.1417	318.02	-999	1.92	60	B	2	50	
554434	554434	554434	41.7333	-123.35	2157.37	-999	0.96	60	A	1	50	
554465	554465	554465	41.7333	-122.0583	4972.7	-999	1.3701	60	A	1	50	
554466	554466	554466	41.7333	-122.0167	4615.22	-999	1.3785	60	A	1	50	
554470	554470	554470	41.7333	-121.85	4425.46	-999	1.5559	60	A	1	50	
554471	554471	554471	41.7333	-121.8083	4392.91	-999	1.4181	60	A	1	50	
554472	554472	554472	41.7333	-121.7667	4560.24	-999	1.4102	60	A	1	50	
554483	554483	554483	41.7333	-121.3083	4170.47	-999	1.293	60	B	2	50	
554484	554484	554484	41.7333	-121.2667	4330.45	-999	1.5828	60	B	2	50	
554495	554495	554495	41.7333	-120.8083	4920.6	-999	1.0191	60	B	2	50	
554502	554502	554502	41.7333	-120.5167	4991.6	-999	1.3072	60	B	2	50	
554504	554504	554504	41.7333	-120.4333	4718.11	-999	1.7083	60	B	2	50	
554505	554505	554505	41.7333	-120.3917	4751.18	-999	1.4742	60	B	2	50	
554506	554506	554506	41.7333	-120.35	5046.46	-999	1.44	60	B	2	50	
554540	554540	554540	41.7333	-118.9333	5632.81	-999	1.44	60	B	2	50	
554541	554541	554541	41.7333	-118.8917	4565.62	-999	1.44	60	B	2	50	
554544	554544	554544	41.7333	-118.7667	5327.69	-999	1.8878	60	B	2	50	
554557	554557	554557	41.7333	-118.225	4251.71	-999	1.2	60	B	2	50	
554558	554558	554558	41.7333	-118.1833	4200.79	-999	1.2897	60	B	2	50	
554559	554559	554559	41.7333	-118.1417	4406.04	-999	1.92	60	B	2	50	
554566	554566	554566	41.7333	-117.85	4222.57	-999	2.04	60	B	2	50	
554567	554567	554567	41.7333	-117.8083	4238.98	-999	1.7011	60	A	1	50	
554568	554568	554568	41.7333	-117.7667	4352.23	-999	1.6185	60	A	1	50	
554570	554570	554570	41.7333	-117.6833	4918.24	-999	1.44	60	A	1	50	
554597	554597	554597	41.7333	-116.5583	5213.78	-999	1.92	60	B	2	50	
554601	554601	554601	41.7333	-116.3917	5070.74	-999	2.0306	60	B	2	50	
554602	554602	554602	41.7333	-116.35	5224.28	-999	1.9128	60	B	2	50	
554603	554603	554603	41.7333	-116.3083	5246.06	-999	1.9535	60	B	2	50	
554604	554604	554604	41.7333	-116.2667	5316.8	-999	1.7924	60	B	2	50	
554605	554605	554605	41.7333	-116.225	5479.4	-999	1.68	60	B	2	50	
554606	554606	554606	41.7333	-116.1833	5721.92	-999	1.6539	60	B	2	50	
555799	555799	555799	41.775	-124.225	36.2	-999	0.8613	60	A	1	50	
555800	555800	555800	41.775	-124.1833	35.1	-999	1.8892	60	B	2	50	
555801	555801	555801	41.775	-124.1417	224.96	-999	1.9188	60	B	2	50	
555819	555819	555819	41.775	-123.3917	1643.26	-999	0.6234	60	A	1	50	
555850	555850	555850	41.775	-122.1	4848.82	-999	4.1429	60	B	2	50	
555851	555851	555851	41.775	-122.0583	4279.0	-999	1.6958	60	A	1	50	
555852	555852	555852	41.775	-122.0167	4266.8	-999	1.519	60	A	1	50	
555853	555853	555853	41.775	-121.975	4286.48	-999	1.5599	60	A	1	50	
555854	555854	555854	41.775	-121.9333	4337.8	-999	1.5359	60	A	1	50	
555855	555855	555855	41.775	-121.8917	4662.34	-999	1.4668	60	A	1	50	
555856	555856	555856	41.775	-121.85	4718.5	-999	1.4696	60	A	1	50	
555857	555857	555857	41.775	-121.8083	4483.33	-999	1.5214	60	A	1	50	
555858	555858	555858	41.775	-121.7667	4556.82	-999	1.1717	60	B	2	50	
555859	555859	555859	41.775	-121.725	4385.17	-999	1.3436	60	B	2	50	
555880	555880	555880	41.775	-120.85	5002.89	-999	0.2383	60	B	2	50	
555881	555881	555881	41.775	-120.8083	4945.93	-999	0.4202	60	B	2	50	
555890	555890	555890	41.775	-120.4333	4709.32	-999	1.642	60	B	2	50	
555891	555891	555891	41.775	-120.3917	4718.11	-999	1.5169	60	B	2	50	
555892	555892	555892	41.775	-120.35	5183.6	-999	1.4398	60	B	2	50	
555894	555894	555894	41.775	-120.2667	6046.98	-999	1.32	60	B	2	50	
555922	555922	555922	41.775	-119.1	5374.93	-999	1.32	60	A	1	50	
555930	555930	555930	41.775	-118.7667	4497.77	-999	1.9982	60	B	2	50	
555931	555931	555931	41.775	-118.725	4543.18	-999	2.0168	60	B	2	50	
555942	555942	555942	41.775	-118.2667	4478.61	-999	1.3052	60	B	2	50	
555943	555943	555943	41.775	-118.225	4258.92	-999	1.4564	60	B	2	50	
555944	555944	555944	41.775	-118.1833	4237.66	-999	1.8481	60	B	2	50	
555945	555945	555945	41.775	-118.1417	5149.48	-999	1.8101	60	B	2	50	
555953	555953	555953	41.775	-117.8083	4328.87	-999	2.04	60	B	2	50	
555954	555954	555954	41.775	-117.7667	4319.95	-999	1.68	60	A	1	50	
555955	555955	555955	41.775	-117.725	4450.66	-999	1.5711	60	A	1	50	
555983	555983	555983	41.775	-116.5583	5195.14	-999	1.92	60	B	2	50	
555986	555986	555986	41.775	-116.4333	5097.64	-999	2.0298	60	B	2	50	
555987	555987	555987	41.775	-116.3917	5013.91	-999	2.011	60	B	2	50	
555990	555990	555990	41.775	-116.2667	5382.94	-999	1.8551	60	B	2	50	
557185	557185	557185	41.8167	-124.225	12.58	-999	0.48	60	A	1	50	
557186	557186	557186	41.8167	-124.1833	17.61	-999	1.6774	60	B	2	50	
557187	557187	557187	41.8167	-124.1417	184.49	-999	1.92	60	B	2	50	
557188	557188	557188	41.8167	-124.1	330.71	-999	1.8004	60	B	2	50	
557205	557205	557205	41.8167	-123.3917	1845.47	-999	0.6807	60	A	1	50	
557206	557206	557206	41.8167	-123.35	1833.66	-999	0.6	60	A	1	50	
557226	557226	557226	41.8167	-122.5167	3137.03	-999	1.3687	60	B	2	50	
557227	557227	557227	41.8167	-122.475	2677.82	-999	1.3078	60	B	2	50	
557228	557228	557228	41.8167	-122.4333	2661.97	-999	1.56	60	B	2	50	
557229	557229	557229	41.8167	-122.3917	2865.59	-999	1.6437	60	B	2	50	
557230	557230	557230	41.8167	-122.35	3451.12	-999	1.68	60	B	2	50	
557233	557233	557233	41.8167	-122.225	6717.85	-999	0.72	60	A	1	50	
557234	557234	557234	41.8167	-122.1833	6433.6	-999	1.12	60	A	1	50	
557237	557237	557237	41.8167	-122.0583	4283.46	-999	1.7864	60	A	1	50	
557238	557238	557238	41.8167	-122.0167	4250.92	-999	1.56	60	A	1	50	
557239	557239	557239	41.8167	-121.975	4295.54	-999	1.558	60	A	1	50	
557240	557240	557240	41.8167	-121.9333	4330.31	-999	1.3144	60	A	1	50	
557243	557243	557243	41.8167	-121.8083	4798.95	-999	1.2285	60	B	2	50	
557244	557244	557244	41.8167	-121.7667	4449.74	-999	1.6103	60	A	1	50	
557245	557245	557245	41.8167	-121.725	4306.04	-999	1.0885	60	B	2	50	
557249	557249	557249	41.8167	-121.5583	4291.21	-999	4.0854	60	B	2	50	
557250	557250	557250	41.8167	-121.5167	4079.4	-999	3.9328	60	B	2	50	
557252	557252	557252	41.8167	-121.4333	4083.73	-999	4.1964	60	B	2	50	
557253	557253	557253	41.8167	-121.3917	4048.95	-999	3.1165	60	B	2	50	
557254	557254	557254	41.8167	-121.35	4077.95	-999	3.2956	60	B	2	50	
557255	557255	557255	41.8167	-121.3083	4137.53	-999	1.3724	60	B	2	50	
557268	557268	557268	41.8167	-120.7667	4966.8	-999	1.44	60	B	2	50	
557275	557275	557275	41.8167	-120.475	4790.68	-999	0.933	60	B	2	50	
557277	557277	557277	41.8167	-120.3917	4705.25	-999	1.44	60	B	2	50	
557280	557280	557280	41.8167	-120.2667	5643.44	-999	1.216	60	B	2	50	
557281	557281	557281	41.8167	-120.225	5535.17	-999	1.1982	60	B	2	50	
557308	557308	557308	41.8167	-119.1	5596.85	-999	1.32	60	A	1	50	
557309	557309	557309	41.8167	-119.0583	5146.33	-999	1.32	60	A	1	50	
557310	557310	557310	41.8167	-119.0167	5049.74	-999	1.32	60	A	1	50	
557316	557316	557316	41.8167	-118.7667	4258.66	-999	1.8696	60	B	2	50	
557317	557317	557317	41.8167	-118.725	4303.67	-999	1.9378	60	B	2	50	
557328	557328	557328	41.8167	-118.2667	4429.92	-999	1.528	60	B	2	50	
557329	557329	557329	41.8167	-118.225	4296.33	-999	1.884	60	B	2	50	
557330	557330	557330	41.8167	-118.1833	4505.12	-999	1.8919	60	B	2	50	
557340	557340	557340	41.8167	-117.7667	4313.91	-999	1.68	60	A	1	50	
557341	557341	557341	41.8167	-117.725	4387.4	-999	1.68	60	A	1	50	
557371	557371	557371	41.8167	-116.475	5242.91	-999	2.0367	60	B	2	50	
557372	557372	557372	41.8167	-116.4333	5316.4	-999	2.0325	60	B	2	50	
557373	557373	557373	41.8167	-116.3917	5225.98	-999	1.8342	60	B	2	50	
558572	558572	558572	41.8583	-124.1833	21.22	-999	1.8883	60	B	2	50	
558573	558573	558573	41.8583	-124.1417	98.1	-999	1.88	60	B	2	50	
558574	558574	558574	41.8583	-124.1	637.58	-999	1.8	60	B	2	50	
558590	558590	558590	41.8583	-123.4333	2575.57	-999	0.96	60	A	1	50	
558591	558591	558591	41.8583	-123.3917	2153.87	-999	0.96	60	A	1	50	
558593	558593	558593	41.8583	-123.3083	2114.61	-999	0.96	60	A	1	50	
558613	558613	558613	41.8583	-122.475	2715.22	-999	1.2433	60	B	2	50	
558614	558614	558614	41.8583	-122.4333	2737.64	-999	1.56	60	B	2	50	
558619	558619	558619	41.8583	-122.225	6259.06	-999	0.758	60	A	1	50	
558621	558621	558621	41.8583	-122.1417	4993.18	-999	1.5442	60	A	1	50	
558622	558622	558622	41.8583	-122.1	4246.85	-999	3.8584	60	B	2	50	
558623	558623	558623	41.8583	-122.0583	4233.6	-999	0.7709	60	B	2	50	
558624	558624	558624	41.8583	-122.0167	4239.63	-999	1.636	60	B	2	50	
558625	558625	558625	41.8583	-121.975	4251.71	-999	1.5347	60	A	1	50	
558626	558626	558626	41.8583	-121.9333	4249.21	-999	1.5262	60	A	1	50	
558627	558627	558627	41.8583	-121.8917	4313.25	-999	1.4635	60	A	1	50	
558628	558628	558628	41.8583	-121.85	4850.39	-999	1.1234	60	B	2	50	
558629	558629	558629	41.8583	-121.8083	4708.66	-999	1.5186	60	A	1	50	
558630	558630	558630	41.8583	-121.7667	4176.12	-999	1.726	60	B	2	50	
558631	558631	558631	41.8583	-121.725	4327.82	-999	2.4017	60	B	2	50	
558635	558635	558635	41.8583	-121.5583	4377.56	-999	4.1657	60	B	2	50	
558636	558636	558636	41.8583	-121.5167	4041.34	-999	4.2	60	B	2	50	
558637	558637	558637	41.8583	-121.475	4035.7	-999	4.2	60	B	2	50	
558638	558638	558638	41.8583	-121.4333	4035.17	-999	4.1755	60	B	2	50	
558639	558639	558639	41.8583	-121.3917	4105.51	-999	2.8357	60	B	2	50	
558640	558640	558640	41.8583	-121.35	4040.55	-999	4.1473	60	B	2	50	
558641	558641	558641	41.8583	-121.3083	4129.13	-999	2.6904	60	B	2	50	
558642	558642	558642	41.8583	-121.2667	4490.03	-999	1.44	60	B	2	50	
558654	558654	558654	41.8583	-120.7667	5079.13	-999	1.44	60	B	2	50	
558655	558655	558655	41.8583	-120.725	5024.02	-999	1.44	60	B	2	50	
558665	558665	558665	41.8583	-120.3083	5213.78	-999	1.6149	60	B	2	50	
558666	558666	558666	41.8583	-120.2667	5520.34	-999	1.4029	60	B	2	50	
558691	558691	558691	41.8583	-119.225	5971.92	-999	1.56	60	B	2	50	
558696	558696	558696	41.8583	-119.0167	4922.83	-999	1.32	60	A	1	50	
558714	558714	558714	41.8583	-118.2667	4432.68	-999	1.915	60	B	2	50	
558715	558715	558715	41.8583	-118.225	4446.98	-999	1.7589	60	A	1	50	
559958	559958	559958	41.9	-124.1833	18.15	-999	1.7638	60	B	2	50	
559959	559959	559959	41.9	-124.1417	151.25	-999	1.8688	60	B	2	50	
559976	559976	559976	41.9	-123.4333	2438.87	-999	1.0124	60	A	1	50	
559997	559997	559997	41.9	-122.5583	2432.09	-999	1.08	60	A	1	50	
559998	559998	559998	41.9	-122.5167	2443.57	-999	1.325	60	B	2	50	
559999	559999	559999	41.9	-122.475	2425.09	-999	1.68	60	B	2	50	
560001	560001	560001	41.9	-122.3917	2707.79	-999	1.68	60	B	2	50	
560002	560002	560002	41.9	-122.35	3146.76	-999	1.68	60	B	2	50	
560008	560008	560008	41.9	-122.1	4380.05	-999	1.8352	60	B	2	50	
560009	560009	560009	41.9	-122.0583	4356.82	-999	1.4589	60	B	2	50	
560011	560011	560011	41.9	-121.975	4241.99	-999	1.7651	60	B	2	50	
560012	560012	560012	41.9	-121.9333	4238.32	-999	1.784	60	B	2	50	
560013	560013	560013	41.9	-121.8917	4359.58	-999	1.3774	60	A	1	50	
560014	560014	560014	41.9	-121.85	5050.0	-999	1.3728	60	A	1	50	
560015	560015	560015	41.9	-121.8083	4272.44	-999	1.7738	60	A	1	50	
560016	560016	560016	41.9	-121.7667	4190.95	-999	2.2201	60	B	2	50	
560017	560017	560017	41.9	-121.725	4201.44	-999	1.7563	60	B	2	50	
560018	560018	560018	41.9	-121.6833	4103.02	-999	1.0634	60	B	2	50	
560019	560019	560019	41.9	-121.6417	4250.26	-999	2.8021	60	B	2	50	
560020	560020	560020	41.9	-121.6	4307.87	-999	1.4031	60	B	2	50	
560021	560021	560021	41.9	-121.5583	4257.74	-999	4.0962	60	B	2	50	
560023	560023	560023	41.9	-121.475	4032.15	-999	4.2	60	B	2	50	
560024	560024	560024	41.9	-121.4333	4034.78	-999	4.2	60	B	2	50	
560025	560025	560025	41.9	-121.3917	4046.33	-999	4.1422	60	B	2	50	
560026	560026	560026	41.9	-121.35	4044.75	-999	3.1844	60	B	2	50	
560027	560027	560027	41.9	-121.3083	4308.01	-999	1.5218	60	A	1	50	
560028	560028	560028	41.9	-121.2667	4581.5	-999	1.44	60	B	2	50	
560035	560035	560035	41.9	-120.975	4610.5	-999	1.2	60	B	2	50	
560050	560050	560050	41.9	-120.35	4748.16	-999	1.3759	60	B	2	50	
560051	560051	560051	41.9	-120.3083	5039.5	-999	1.4308	60	B	2	50	
560077	560077	560077	41.9	-119.225	5676.77	-999	1.56	60	B	2	50	
560080	560080	560080	41.9	-119.1	5533.46	-999	1.3683	60	B	2	50	
560081	560081	560081	41.9	-119.0583	5596.98	-999	1.32	60	A	1	50	
560087	560087	560087	41.9	-118.8083	4304.46	-999	2.04	60	B	2	50	
560088	560088	560088	41.9	-118.7667	4262.99	-999	2.04	60	B	2	50	
560100	560100	560100	41.9	-118.2667	4652.23	-999	1.92	60	B	2	50	
560113	560113	560113	41.9	-117.725	4357.35	-999	1.7619	60	B	2	50	
561343	561343	561343	41.9417	-124.225	2.3	-999	2.04	60	B	2	50	
561344	561344	561344	41.9417	-124.1833	238.84	-999	1.8748	60	B	2	50	
561345	561345	561345	41.9417	-124.1417	546.26	-999	1.8672	60	B	2	50	
561380	561380	561380	41.9417	-122.6833	4463.91	-999	1.08	60	A	1	50	
561382	561382	561382	41.9417	-122.6	2849.63	-999	1.106	60	A	1	50	
561387	561387	561387	41.9417	-122.3917	2724.63	-999	1.68	60	B	2	50	
561388	561388	561388	41.9417	-122.35	3090.22	-999	1.68	60	B	2	50	
561389	561389	561389	41.9417	-122.3083	3383.73	-999	1.6762	60	B	2	50	
561394	561394	561394	41.9417	-122.1	4514.3	-999	1.5591	60	A	1	50	
561395	561395	561395	41.9417	-122.0583	4460.89	-999	1.3343	60	A	1	50	
561396	561396	561396	41.9417	-122.0167	4317.06	-999	1.6527	60	A	1	50	
561397	561397	561397	41.9417	-121.975	4243.04	-999	1.5556	60	A	1	50	
561398	561398	561398	41.9417	-121.9333	4240.55	-999	1.6147	60	A	1	50	
561399	561399	561399	41.9417	-121.8917	4358.27	-999	1.4992	60	A	1	50	
561400	561400	561400	41.9417	-121.85	4368.5	-999	1.3994	60	B	2	50	
561401	561401	561401	41.9417	-121.8083	4166.14	-999	3.8606	60	B	2	50	
561402	561402	561402	41.9417	-121.7667	4085.96	-999	3.9508	60	B	2	50	
561403	561403	561403	41.9417	-121.725	4082.41	-999	4.0668	60	B	2	50	
561404	561404	561404	41.9417	-121.6833	4081.36	-999	3.3157	60	B	2	50	
561405	561405	561405	41.9417	-121.6417	4081.36	-999	3.8708	60	B	2	50	
561406	561406	561406	41.9417	-121.6	4101.31	-999	2.3321	60	B	2	50	
561407	561407	561407	41.9417	-121.5583	4280.45	-999	4.0233	60	B	2	50	
561408	561408	561408	41.9417	-121.5167	4037.53	-999	4.1775	60	B	2	50	
561409	561409	561409	41.9417	-121.475	4035.96	-999	4.1952	60	B	2	50	
561410	561410	561410	41.9417	-121.4333	4038.98	-999	3.991	60	B	2	50	
561411	561411	561411	41.9417	-121.3917	4040.03	-999	3.1022	60	B	2	50	
561412	561412	561412	41.9417	-121.35	4054.07	-999	2.0724	60	B	2	50	
561413	561413	561413	41.9417	-121.3083	4365.22	-999	1.4283	60	B	2	50	
561414	561414	561414	41.9417	-121.2667	4680.32	-999	1.394	60	B	2	50	
561415	561415	561415	41.9417	-121.225	4653.28	-999	1.4219	60	B	2	50	
561420	561420	561420	41.9417	-121.0167	4690.16	-999	1.4389	60	B	2	50	
561425	561425	561425	41.9417	-120.8083	5175.85	-999	1.2	60	B	2	50	
561436	561436	561436	41.9417	-120.35	4709.58	-999	1.6135	60	B	2	50	
561437	561437	561437	41.9417	-120.3083	4883.2	-999	1.4789	60	B	2	50	
561443	561443	561443	41.9417	-120.0583	5542.91	-999	0.7052	60	C	3	50	
561447	561447	561447	41.9417	-119.8917	5675.59	-999	1.56	60	B	2	50	
561450	561450	561450	41.9417	-119.7667	5148.82	-999	1.32	60	B	2	50	
561455	561455	561455	41.9417	-119.5583	5565.75	-999	1.56	60	B	2	50	
561456	561456	561456	41.9417	-119.5167	5378.61	-999	1.8672	60	B	2	50	
561458	561458	561458	41.9417	-119.4333	6109.06	-999	1.56	60	B	2	50	
561475	561475	561475	41.9417	-118.725	5072.18	-999	0.96	60	B	2	50	
561478	561478	561478	41.9417	-118.6	4253.94	-999	0.976	60	B	2	50	
561480	561480	561480	41.9417	-118.5167	4808.66	-999	1.8	60	A	1	50	
561496	561496	561496	41.9417	-117.85	4905.12	-999	1.68	60	B	2	50	
561497	561497	561497	41.9417	-117.8083	4573.23	-999	1.68	60	A	1	50	
561498	561498	561498	41.9417	-117.7667	4484.38	-999	1.68	60	A	1	50	
561499	561499	561499	41.9417	-117.725	4400.92	-999	1.9703	60	B	2	50	
561501	561501	561501	41.9417	-117.6417	4604.07	-999	1.9572	60	B	2	50	
561527	561527	561527	41.9417	-116.5583	5262.07	-999	1.92	60	B	2	50	
562729	562729	562729	41.9833	-124.225	4.37	-999	2.04	60	B	2	50	
562730	562730	562730	41.9833	-124.1833	405.51	-999	2.0256	60	B	2	50	
562741	562741	562741	41.9833	-123.725	2097.0	-999	1.44	60	B	2	50	
562767	562767	562767	41.9833	-122.6417	3103.13	-999	1.2415	60	B	2	50	
562775	562775	562775	41.9833	-122.3083	2921.65	-999	1.68	60	B	2	50	
562776	562776	562776	41.9833	-122.2667	3266.14	-999	1.5361	60	B	2	50	
562777	562777	562777	41.9833	-122.225	3427.56	-999	1.68	60	B	2	50	
562778	562778	562778	41.9833	-122.1833	3144.75	-999	1.68	60	B	2	50	
562782	562782	562782	41.9833	-122.0167	4412.2	-999	1.45	60	A	1	50	
562783	562783	562783	41.9833	-121.975	4467.45	-999	1.3217	60	A	1	50	
562784	562784	562784	41.9833	-121.9333	4418.64	-999	1.5212	60	A	1	50	
562785	562785	562785	41.9833	-121.8917	4212.99	-999	1.3257	60	B	2	50	
562786	562786	562786	41.9833	-121.85	4124.28	-999	3.4974	60	B	2	50	
562787	562787	562787	41.9833	-121.8083	4087.93	-999	3.9369	60	B	2	50	
562788	562788	562788	41.9833	-121.7667	4082.68	-999	2.8643	60	B	2	50	
562789	562789	562789	41.9833	-121.725	4082.15	-999	3.371	60	B	2	50	
562790	562790	562790	41.9833	-121.6833	4082.55	-999	3.7711	60	B	2	50	
562791	562791	562791	41.9833	-121.6417	4086.75	-999	2.7947	60	B	2	50	
562792	562792	562792	41.9833	-121.6	4110.1	-999	1.6511	60	B	2	50	
562793	562793	562793	41.9833	-121.5583	4143.04	-999	1.6216	60	A	1	50	
562794	562794	562794	41.9833	-121.5167	4048.03	-999	2.3862	60	B	2	50	
562795	562795	562795	41.9833	-121.475	4043.57	-999	2.4382	60	B	2	50	
562796	562796	562796	41.9833	-121.4333	4044.36	-999	1.5759	60	B	2	50	
562797	562797	562797	41.9833	-121.3917	4046.19	-999	1.56	60	B	2	50	
562798	562798	562798	41.9833	-121.35	4080.05	-999	1.4423	60	A	1	50	
562799	562799	562799	41.9833	-121.3083	4564.7	-999	1.3226	60	B	2	50	
562800	562800	562800	41.9833	-121.2667	4931.23	-999	1.3735	60	B	2	50	
562802	562802	562802	41.9833	-121.1833	4536.75	-999	1.5847	60	B	2	50	
562806	562806	562806	41.9833	-121.0167	4793.57	-999	1.2266	60	B	2	50	
562807	562807	562807	41.9833	-120.975	4817.06	-999	1.2	60	B	2	50	
562815	562815	562815	41.9833	-120.6417	5560.37	-999	1.32	60	B	2	50	
562818	562818	562818	41.9833	-120.5167	5348.69	-999	1.4176	60	B	2	50	
562823	562823	562823	41.9833	-120.3083	4763.78	-999	1.399	60	B	2	50	
562824	562824	562824	41.9833	-120.2667	5774.8	-999	1.32	60	B	2	50	
562835	562835	562835	41.9833	-119.8083	5005.12	-999	1.32	60	B	2	50	
562842	562842	562842	41.9833	-119.5167	5247.11	-999	1.9128	60	B	2	50	
562863	562863	562863	41.9833	-118.6417	4525.2	-999	0.96	60	B	2	50	
562864	562864	562864	41.9833	-118.6	4176.51	-999	0.96	60	B	2	50	
562875	562875	562875	41.9833	-118.1417	5664.7	-999	1.44	60	B	2	50	
562877	562877	562877	41.9833	-118.0583	5312.73	-999	1.44	60	B	2	50	
562883	562883	562883	41.9833	-117.8083	4534.12	-999	1.68	60	A	1	50	
562884	562884	562884	41.9833	-117.7667	4452.89	-999	1.7083	60	B	2	50	
562885	562885	562885	41.9833	-117.725	4419.03	-999	1.9998	60	B	2	50	
562887	562887	562887	41.9833	-117.6417	4646.33	-999	1.6257	60	B	2	50	
562912	562912	562912	41.9833	-116.6	5208.01	-999	1.56	60	B	2	50	
564114	564114	564114	42.025	-124.2667	14.87	-999	2.04	60	B	2	50	
564115	564115	564115	42.025	-124.225	408.03	-999	2.04	60	B	2	50	
564116	564116	564116	42.025	-124.1833	503.17	-999	1.9962	60	B	2	50	
564117	564117	564117	42.025	-124.1417	697.84	-999	1.92	60	B	2	50	
564127	564127	564127	42.025	-123.725	1858.6	-999	1.4436	60	B	2	50	
564128	564128	564128	42.025	-123.6833	2000.98	-999	1.4464	60	B	2	50	
564129	564129	564129	42.025	-123.6417	2142.28	-999	1.5073	60	B	2	50	
564130	564130	564130	42.025	-123.6	2701.55	-999	1.5043	60	B	2	50	
564144	564144	564144	42.025	-123.0167	3862.76	-999	1.08	60	C	3	50	
564145	564145	564145	42.025	-122.975	4329.17	-999	1.08	60	C	3	50	
564153	564153	564153	42.025	-122.6417	3420.93	-999	1.3196	60	B	2	50	
564154	564154	564154	42.025	-122.6	3852.46	-999	1.68	60	B	2	50	
564159	564159	564159	42.025	-122.3917	3439.86	-999	1.68	60	B	2	50	
564160	564160	564160	42.025	-122.35	3337.27	-999	1.68	60	B	2	50	
564161	564161	564161	42.025	-122.3083	3663.39	-999	1.6505	60	B	2	50	
564162	564162	564162	42.025	-122.2667	3935.56	-999	1.68	60	B	2	50	
564163	564163	564163	42.025	-122.225	3770.47	-999	1.6489	60	B	2	50	
564164	564164	564164	42.025	-122.1833	3582.55	-999	1.68	60	B	2	50	
564165	564165	564165	42.025	-122.1417	3625.2	-999	1.2927	60	B	2	50	
564166	564166	564166	42.025	-122.1	3794.49	-999	1.4141	60	B	2	50	
564167	564167	564167	42.025	-122.0583	4263.39	-999	1.2	60	B	2	50	
564170	564170	564170	42.025	-121.9333	4836.09	-999	1.3199	60	B	2	50	
564171	564171	564171	42.025	-121.8917	4315.09	-999	1.4479	60	B	2	50	
564172	564172	564172	42.025	-121.85	4091.08	-999	4.1046	60	B	2	50	
564173	564173	564173	42.025	-121.8083	4083.99	-999	4.2	60	B	2	50	
564174	564174	564174	42.025	-121.7667	4084.65	-999	4.2	60	B	2	50	
564175	564175	564175	42.025	-121.725	4104.2	-999	3.6915	60	B	2	50	
564176	564176	564176	42.025	-121.6833	4182.15	-999	2.074	60	A	1	50	
564177	564177	564177	42.025	-121.6417	4163.52	-999	1.5423	60	A	1	50	
564178	564178	564178	42.025	-121.6	4077.56	-999	1.56	60	B	2	50	
564179	564179	564179	42.025	-121.5583	4077.69	-999	1.5592	60	A	1	50	
564180	564180	564180	42.025	-121.5167	4131.89	-999	1.5295	60	A	1	50	
564181	564181	564181	42.025	-121.475	4101.31	-999	1.5597	60	A	1	50	
564182	564182	564182	42.025	-121.4333	4073.62	-999	1.56	60	A	1	50	
564183	564183	564183	42.025	-121.3917	4112.07	-999	1.5555	60	A	1	50	
564184	564184	564184	42.025	-121.35	4279.66	-999	1.4914	60	A	1	50	
564186	564186	564186	42.025	-121.2667	5614.3	-999	1.481	60	B	2	50	
564187	564187	564187	42.025	-121.225	4211.16	-999	1.5016	60	B	2	50	
564188	564188	564188	42.025	-121.1833	4260.76	-999	1.2842	60	B	2	50	
564194	564194	564194	42.025	-120.9333	5151.84	-999	1.2899	60	B	2	50	
564203	564203	564203	42.025	-120.5583	5174.67	-999	1.5101	60	B	2	50	
564204	564204	564204	42.025	-120.5167	4766.14	-999	1.5272	60	B	2	50	
564205	564205	564205	42.025	-120.475	4709.84	-999	1.3469	60	B	2	50	
564209	564209	564209	42.025	-120.3083	4791.99	-999	1.4039	60	B	2	50	
564220	564220	564220	42.025	-119.85	5350.52	-999	1.32	60	B	2	50	
564221	564221	564221	42.025	-119.8083	4542.0	-999	1.32	60	B	2	50	
564227	564227	564227	42.025	-119.5583	5348.95	-999	1.509	60	B	2	50	
564228	564228	564228	42.025	-119.5167	5199.34	-999	1.92	60	B	2	50	
564232	564232	564232	42.025	-119.35	6023.49	-999	1.56	60	C	3	50	
564245	564245	564245	42.025	-118.8083	4720.08	-999	1.44	60	A	1	50	
564249	564249	564249	42.025	-118.6417	5793.31	-999	0.9629	60	B	2	50	
564250	564250	564250	42.025	-118.6	4245.41	-999	0.96	60	B	2	50	
564254	564254	564254	42.025	-118.4333	5239.37	-999	1.2	60	B	2	50	
564255	564255	564255	42.025	-118.3917	5595.41	-999	1.2	60	B	2	50	
564256	564256	564256	42.025	-118.35	5917.59	-999	1.32	60	B	2	50	
564262	564262	564262	42.025	-118.1	5416.8	-999	1.44	60	B	2	50	
564264	564264	564264	42.025	-118.0167	5203.81	-999	1.44	60	B	2	50	
564269	564269	564269	42.025	-117.8083	4710.5	-999	1.68	60	A	1	50	
564270	564270	564270	42.025	-117.7667	4440.94	-999	1.7575	60	B	2	50	
564271	564271	564271	42.025	-117.725	4498.69	-999	1.9501	60	B	2	50	
564272	564272	564272	42.025	-117.6833	4628.87	-999	1.44	60	A	1	50	
564278	564278	564278	42.025	-117.4333	6205.25	-999	1.5396	60	B	2	50	
564290	564290	564290	42.025	-116.9333	5043.31	-999	1.4698	60	B	2	50	
564300	564300	564300	42.025	-116.5167	5156.96	-999	1.08	60	A	1	50	
565499	565499	565499	42.0667	-124.3083	130.14	-999	1.68	60	B	2	50	
565500	565500	565500	42.0667	-124.2667	410.54	-999	1.8555	60	B	2	50	
565501	565501	565501	42.0667	-124.225	493.88	-999	1.9921	60	B	2	50	
565502	565502	565502	42.0667	-124.1833	522.53	-999	2.0115	60	B	2	50	
565513	565513	565513	42.0667	-123.725	1753.94	-999	1.56	60	B	2	50	
565514	565514	565514	42.0667	-123.6833	1506.45	-999	1.5402	60	B	2	50	
565515	565515	565515	42.0667	-123.6417	1586.07	-999	1.56	60	B	2	50	
565516	565516	565516	42.0667	-123.6	1748.69	-999	1.5209	60	B	2	50	
565525	565525	565525	42.0667	-123.225	3519.69	-999	1.44	60	B	2	50	
565526	565526	565526	42.0667	-123.1833	3100.39	-999	1.44	60	B	2	50	
565528	565528	565528	42.0667	-123.1	2404.31	-999	1.44	60	B	2	50	
565531	565531	565531	42.0667	-122.975	4181.66	-999	1.44	60	B	2	50	
565533	565533	565533	42.0667	-122.8917	5171.36	-999	1.3657	60	B	2	50	
565539	565539	565539	42.0667	-122.6417	4453.08	-999	1.68	60	B	2	50	
565540	565540	565540	42.0667	-122.6	4240.16	-999	1.3685	60	B	2	50	
565541	565541	565541	42.0667	-122.5583	3993.01	-999	1.68	60	B	2	50	
565542	565542	565542	42.0667	-122.5167	4180.54	-999	1.68	60	B	2	50	
565545	565545	565545	42.0667	-122.3917	4021.65	-999	1.68	60	B	2	50	
565546	565546	565546	42.0667	-122.35	3539.47	-999	1.4874	60	B	2	50	
565548	565548	565548	42.0667	-122.2667	4074.41	-999	1.32	60	B	2	50	
565557	565557	565557	42.0667	-121.8917	4502.1	-999	2.6496	60	B	2	50	
565558	565558	565558	42.0667	-121.85	4168.37	-999	4.0663	60	B	2	50	
565559	565559	565559	42.0667	-121.8083	4085.56	-999	4.2	60	B	2	50	
565560	565560	565560	42.0667	-121.7667	4248.43	-999	3.9753	60	B	2	50	
565561	565561	565561	42.0667	-121.725	4393.18	-999	1.5363	60	A	1	50	
565562	565562	565562	42.0667	-121.6833	4245.93	-999	1.5429	60	A	1	50	
565563	565563	565563	42.0667	-121.6417	4172.44	-999	1.548	60	A	1	50	
565564	565564	565564	42.0667	-121.6	4619.82	-999	1.5182	60	A	1	50	
565565	565565	565565	42.0667	-121.5583	4479.27	-999	1.532	60	A	1	50	
565566	565566	565566	42.0667	-121.5167	4495.93	-999	1.5559	60	A	1	50	
565567	565567	565567	42.0667	-121.475	4613.52	-999	1.4479	60	A	1	50	
565568	565568	565568	42.0667	-121.4333	4345.54	-999	1.5006	60	A	1	50	
565569	565569	565569	42.0667	-121.3917	4494.09	-999	1.5361	60	A	1	50	
565570	565570	565570	42.0667	-121.35	5182.41	-999	1.3162	60	B	2	50	
565572	565572	565572	42.0667	-121.2667	4824.8	-999	1.5129	60	B	2	50	
565573	565573	565573	42.0667	-121.225	4135.7	-999	1.5319	60	B	2	50	
565574	565574	565574	42.0667	-121.1833	4213.65	-999	1.3548	60	B	2	50	
565577	565577	565577	42.0667	-121.0583	4809.45	-999	1.2	60	B	2	50	
565578	565578	565578	42.0667	-121.0167	4954.59	-999	1.2	60	B	2	50	
565580	565580	565580	42.0667	-120.9333	5319.03	-999	1.32	60	B	2	50	
565581	565581	565581	42.0667	-120.8917	5483.2	-999	1.32	60	B	2	50	
565582	565582	565582	42.0667	-120.85	5536.88	-999	1.32	60	B	2	50	
565583	565583	565583	42.0667	-120.8083	5514.57	-999	1.32	60	B	2	50	
565589	565589	565589	42.0667	-120.5583	5335.96	-999	1.5593	60	B	2	50	
565590	565590	565590	42.0667	-120.5167	4759.58	-999	1.5438	60	B	2	50	
565591	565591	565591	42.0667	-120.475	4722.31	-999	1.4401	60	B	2	50	
565594	565594	565594	42.0667	-120.35	4708.92	-999	1.44	60	B	2	50	
565595	565595	565595	42.0667	-120.3083	4955.38	-999	1.4292	60	B	2	50	
565599	565599	565599	42.0667	-120.1417	5889.5	-999	1.4887	60	B	2	50	
565603	565603	565603	42.0667	-119.975	5267.85	-999	1.32	60	B	2	50	
565604	565604	565604	42.0667	-119.9333	4878.08	-999	3.1152	60	B	2	50	
565605	565605	565605	42.0667	-119.8917	4794.23	-999	3.5739	60	B	2	50	
565614	565614	565614	42.0667	-119.5167	5222.97	-999	1.92	60	B	2	50	
565615	565615	565615	42.0667	-119.475	5429.79	-999	1.92	60	B	2	50	
565631	565631	565631	42.0667	-118.8083	4986.48	-999	1.4654	60	B	2	50	
565636	565636	565636	42.0667	-118.6	4735.96	-999	0.96	60	B	2	50	
565637	565637	565637	42.0667	-118.5583	4166.14	-999	0.96	60	B	2	50	
565638	565638	565638	42.0667	-118.5167	4202.76	-999	0.96	60	B	2	50	
565639	565639	565639	42.0667	-118.475	4410.1	-999	1.2408	60	A	1	50	
565640	565640	565640	42.0667	-118.4333	5024.41	-999	1.4091	60	B	2	50	
565648	565648	565648	42.0667	-118.1	5843.96	-999	1.44	60	B	2	50	
565650	565650	565650	42.0667	-118.0167	5583.46	-999	1.44	60	B	2	50	
565656	565656	565656	42.0667	-117.7667	4468.64	-999	1.844	60	B	2	50	
565657	565657	565657	42.0667	-117.725	4645.67	-999	1.44	60	A	1	50	
565658	565658	565658	42.0667	-117.6833	4780.18	-999	1.44	60	A	1	50	
566885	566885	566885	42.1083	-124.3083	768.15	-999	2.6768	60	B	2	50	
566887	566887	566887	42.1083	-124.225	897.09	-999	2.04	60	B	2	50	
566888	566888	566888	42.1083	-124.1833	598.21	-999	1.9833	60	B	2	50	
566899	566899	566899	42.1083	-123.725	2353.67	-999	1.3814	60	B	2	50	
566900	566900	566900	42.1083	-123.6833	1459.1	-999	1.3704	60	B	2	50	
566901	566901	566901	42.1083	-123.6417	1417.54	-999	1.56	60	B	2	50	
566902	566902	566902	42.1083	-123.6	1422.57	-999	1.5533	60	B	2	50	
566903	566903	566903	42.1083	-123.5583	1660.76	-999	1.3618	60	B	2	50	
566904	566904	566904	42.1083	-123.5167	2278.65	-999	1.08	60	C	3	50	
566914	566914	566914	42.1083	-123.1	2296.37	-999	1.5457	60	B	2	50	
566915	566915	566915	42.1083	-123.0583	2526.47	-999	1.5317	60	B	2	50	
566918	566918	566918	42.1083	-122.9333	3102.47	-999	1.44	60	B	2	50	
566919	566919	566919	42.1083	-122.8917	3651.35	-999	1.44	60	B	2	50	
566926	566926	566926	42.1083	-122.6	3130.25	-999	1.6728	60	B	2	50	
566927	566927	566927	42.1083	-122.5583	2939.52	-999	1.68	60	B	2	50	
566928	566928	566928	42.1083	-122.5167	3423.23	-999	1.6774	60	B	2	50	
566929	566929	566929	42.1083	-122.475	4465.98	-999	1.5972	60	B	2	50	
566930	566930	566930	42.1083	-122.4333	4245.51	-999	1.56	60	B	2	50	
566931	566931	566931	42.1083	-122.3917	3704.72	-999	1.3924	60	B	2	50	
566932	566932	566932	42.1083	-122.35	3620.51	-999	1.2997	60	B	2	50	
566935	566935	566935	42.1083	-122.225	4119.16	-999	1.32	60	B	2	50	
566939	566939	566939	42.1083	-122.0583	4055.25	-999	1.5425	60	B	2	50	
566942	566942	566942	42.1083	-121.9333	4482.15	-999	3.966	60	B	2	50	
566943	566943	566943	42.1083	-121.8917	4100.39	-999	4.193	60	B	2	50	
566944	566944	566944	42.1083	-121.85	4084.91	-999	4.2	60	B	2	50	
566945	566945	566945	42.1083	-121.8083	4094.23	-999	3.3365	60	B	2	50	
566946	566946	566946	42.1083	-121.7667	4144.23	-999	1.5821	60	A	1	50	
566947	566947	566947	42.1083	-121.725	4097.11	-999	1.56	60	A	1	50	
566948	566948	566948	42.1083	-121.6833	4094.75	-999	1.5528	60	A	1	50	
566949	566949	566949	42.1083	-121.6417	4921.92	-999	1.3779	60	B	2	50	
566952	566952	566952	42.1083	-121.5167	4525.59	-999	1.5396	60	A	1	50	
566953	566953	566953	42.1083	-121.475	4255.12	-999	1.4211	60	B	2	50	
566954	566954	566954	42.1083	-121.4333	4512.86	-999	1.2478	60	B	2	50	
566955	566955	566955	42.1083	-121.3917	4683.2	-999	1.2292	60	B	2	50	
566957	566957	566957	42.1083	-121.3083	4845.8	-999	1.5	60	B	2	50	
566958	566958	566958	42.1083	-121.2667	4216.67	-999	1.5506	60	B	2	50	
566959	566959	566959	42.1083	-121.225	4148.95	-999	1.4963	60	A	1	50	
566960	566960	566960	42.1083	-121.1833	4279.66	-999	1.2322	60	B	2	50	
566967	566967	566967	42.1083	-120.8917	5597.38	-999	1.32	60	B	2	50	
566969	566969	566969	42.1083	-120.8083	5545.01	-999	1.32	60	B	2	50	
566970	566970	566970	42.1083	-120.7667	5477.17	-999	1.32	60	B	2	50	
566974	566974	566974	42.1083	-120.6	5498.03	-999	1.32	60	B	2	50	
566975	566975	566975	42.1083	-120.5583	5166.54	-999	1.5594	60	B	2	50	
566976	566976	566976	42.1083	-120.5167	4800.79	-999	1.5594	60	B	2	50	
566977	566977	566977	42.1083	-120.475	4752.89	-999	1.5131	60	B	2	50	
566978	566978	566978	42.1083	-120.4333	4723.36	-999	1.44	60	B	2	50	
566979	566979	566979	42.1083	-120.3917	4712.73	-999	1.44	60	B	2	50	
566980	566980	566980	42.1083	-120.35	4715.62	-999	1.44	60	B	2	50	
566981	566981	566981	42.1083	-120.3083	5087.53	-999	1.4361	60	B	2	50	
566983	566983	566983	42.1083	-120.225	6431.37	-999	1.32	60	B	2	50	
566985	566985	566985	42.1083	-120.1417	5598.43	-999	1.5403	60	B	2	50	
566990	566990	566990	42.1083	-119.9333	4732.28	-999	3.518	60	B	2	50	
566991	566991	566991	42.1083	-119.8917	4499.87	-999	3.5789	60	B	2	50	
566992	566992	566992	42.1083	-119.85	4592.78	-999	3.3444	60	B	2	50	
567000	567000	567000	42.1083	-119.5167	5218.64	-999	1.9091	60	B	2	50	
567009	567009	567009	42.1083	-119.1417	6473.88	-999	1.56	60	C	3	50	
567010	567010	567010	42.1083	-119.1	5884.78	-999	1.4833	60	B	2	50	
567012	567012	567012	42.1083	-119.0167	5905.64	-999	1.421	60	B	2	50	
567022	567022	567022	42.1083	-118.6	5014.04	-999	1.4213	60	A	1	50	
567023	567023	567023	42.1083	-118.5583	4166.27	-999	1.139	60	B	2	50	
567040	567040	567040	42.1083	-117.85	4908.27	-999	1.44	60	A	1	50	
567044	567044	567044	42.1083	-117.6833	5154.07	-999	1.44	60	A	1	50	
567045	567045	567045	42.1083	-117.6417	5261.81	-999	1.44	60	A	1	50	
567047	567047	567047	42.1083	-117.5583	6462.73	-999	1.44	60	B	2	50	
567048	567048	567048	42.1083	-117.5167	6295.54	-999	1.44	60	B	2	50	
567050	567050	567050	42.1083	-117.4333	6236.61	-999	1.44	60	B	2	50	
568270	568270	568270	42.15	-124.35	249.12	-999	1.7438	60	B	2	50	
568271	568271	568271	42.15	-124.3083	1104.33	-999	2.2137	60	B	2	50	
568286	568286	568286	42.15	-123.6833	2015.42	-999	1.2341	60	B	2	50	
568287	568287	568287	42.15	-123.6417	1352.47	-999	1.5327	60	B	2	50	
568288	568288	568288	42.15	-123.6	1580.38	-999	1.3915	60	B	2	50	
568289	568289	568289	42.15	-123.5583	1639.54	-999	1.4899	60	B	2	50	
568290	568290	568290	42.15	-123.5167	1837.49	-999	1.4994	60	B	2	50	
568291	568291	568291	42.15	-123.475	2502.08	-999	1.5411	60	B	2	50	
568296	568296	568296	42.15	-123.2667	2902.89	-999	1.4324	60	B	2	50	
568297	568297	568297	42.15	-123.225	2564.08	-999	1.5042	60	B	2	50	
568301	568301	568301	42.15	-123.0583	2054.13	-999	1.5471	60	B	2	50	
568302	568302	568302	42.15	-123.0167	2614.72	-999	1.443	60	B	2	50	
568303	568303	568303	42.15	-122.975	2368.66	-999	1.5048	60	B	2	50	
568304	568304	568304	42.15	-122.9333	2628.72	-999	1.523	60	B	2	50	
568305	568305	568305	42.15	-122.8917	3055.34	-999	1.44	60	B	2	50	
568306	568306	568306	42.15	-122.85	3509.51	-999	1.44	60	B	2	50	
568310	568310	568310	42.15	-122.6833	3419.85	-999	1.3946	60	A	1	50	
568311	568311	568311	42.15	-122.6417	2587.82	-999	1.6142	60	B	2	50	
568312	568312	568312	42.15	-122.6	2380.58	-999	1.674	60	B	2	50	
568313	568313	568313	42.15	-122.5583	2973.1	-999	1.68	60	B	2	50	
568314	568314	568314	42.15	-122.5167	4042.65	-999	1.56	60	B	2	50	
568315	568315	568315	42.15	-122.475	4800.52	-999	1.56	60	B	2	50	
568316	568316	568316	42.15	-122.4333	5248.69	-999	1.56	60	B	2	50	
568317	568317	568317	42.15	-122.3917	4584.74	-999	1.3241	60	B	2	50	
568318	568318	568318	42.15	-122.35	4233.27	-999	1.3216	60	B	2	50	
568319	568319	568319	42.15	-122.3083	3977.56	-999	1.32	60	B	2	50	
568321	568321	568321	42.15	-122.225	4052.89	-999	1.32	60	B	2	50	
568325	568325	568325	42.15	-122.0583	4086.48	-999	1.2	60	B	2	50	
568326	568326	568326	42.15	-122.0167	3934.78	-999	1.2	60	B	2	50	
568328	568328	568328	42.15	-121.9333	4440.03	-999	3.0648	60	B	2	50	
568329	568329	568329	42.15	-121.8917	4351.18	-999	3.8929	60	B	2	50	
568330	568330	568330	42.15	-121.85	4146.59	-999	4.2	60	B	2	50	
568331	568331	568331	42.15	-121.8083	4094.49	-999	2.2616	60	B	2	50	
568332	568332	568332	42.15	-121.7667	4121.26	-999	1.56	60	B	2	50	
568333	568333	568333	42.15	-121.725	4097.11	-999	1.56	60	B	2	50	
568334	568334	568334	42.15	-121.6833	4116.67	-999	1.5595	60	A	1	50	
568335	568335	568335	42.15	-121.6417	4158.01	-999	1.5386	60	A	1	50	
568337	568337	568337	42.15	-121.5583	4556.96	-999	1.5146	60	B	2	50	
568338	568338	568338	42.15	-121.5167	4116.8	-999	1.5339	60	B	2	50	
568339	568339	568339	42.15	-121.475	4154.59	-999	1.5286	60	B	2	50	
568340	568340	568340	42.15	-121.4333	4319.69	-999	1.4667	60	B	2	50	
568341	568341	568341	42.15	-121.3917	4543.7	-999	1.3616	60	B	2	50	
568342	568342	568342	42.15	-121.35	4346.33	-999	1.5348	60	B	2	50	
568343	568343	568343	42.15	-121.3083	4161.81	-999	1.4773	60	B	2	50	
568344	568344	568344	42.15	-121.2667	4232.81	-999	1.4315	60	B	2	50	
568345	568345	568345	42.15	-121.225	4293.83	-999	1.2728	60	B	2	50	
568346	568346	568346	42.15	-121.1833	4531.1	-999	1.2	60	B	2	50	
568352	568352	568352	42.15	-120.9333	5350.13	-999	1.6635	60	B	2	50	
568353	568353	568353	42.15	-120.8917	5292.39	-999	1.8	60	B	2	50	
568354	568354	568354	42.15	-120.85	5498.56	-999	1.6153	60	B	2	50	
568361	568361	568361	42.15	-120.5583	5111.02	-999	1.56	60	B	2	50	
568362	568362	568362	42.15	-120.5167	4840.55	-999	1.558	60	B	2	50	
568363	568363	568363	42.15	-120.475	4809.58	-999	1.5076	60	B	2	50	
568364	568364	568364	42.15	-120.4333	4763.52	-999	1.4816	60	B	2	50	
568365	568365	568365	42.15	-120.3917	4723.1	-999	1.44	60	B	2	50	
568366	568366	568366	42.15	-120.35	4745.28	-999	1.4399	60	B	2	50	
568367	568367	568367	42.15	-120.3083	5523.75	-999	1.44	60	B	2	50	
568369	568369	568369	42.15	-120.225	6478.87	-999	1.32	60	B	2	50	
568370	568370	568370	42.15	-120.1833	6140.81	-999	1.32	60	B	2	50	
568376	568376	568376	42.15	-119.9333	5512.47	-999	3.4466	60	B	2	50	
568377	568377	568377	42.15	-119.8917	4544.09	-999	3.4954	60	B	2	50	
568378	568378	568378	42.15	-119.85	4490.94	-999	3.5703	60	B	2	50	
568379	568379	568379	42.15	-119.8083	4497.24	-999	3.6	60	B	2	50	
568386	568386	568386	42.15	-119.5167	5247.24	-999	1.9101	60	C	3	50	
568408	568408	568408	42.15	-118.6	4397.11	-999	1.427	60	A	1	50	
568409	568409	568409	42.15	-118.5583	4129.27	-999	0.9927	60	B	2	50	
568410	568410	568410	42.15	-118.5167	4186.61	-999	0.96	60	B	2	50	
568411	568411	568411	42.15	-118.475	4366.27	-999	0.96	60	B	2	50	
568412	568412	568412	42.15	-118.4333	4734.12	-999	1.44	60	A	1	50	
568414	568414	568414	42.15	-118.35	5785.7	-999	1.44	60	B	2	50	
568425	568425	568425	42.15	-117.8917	5869.95	-999	1.44	60	B	2	50	
568426	568426	568426	42.15	-117.85	4867.98	-999	1.44	60	A	1	50	
568432	568432	568432	42.15	-117.6	6362.07	-999	1.44	60	B	2	50	
568433	568433	568433	42.15	-117.5583	6182.42	-999	1.44	60	B	2	50	
568434	568434	568434	42.15	-117.5167	6099.61	-999	1.44	60	B	2	50	
569656	569656	569656	42.1917	-124.35	836.29	-999	3.0	60	B	2	50	
569661	569661	569661	42.1917	-124.1417	736.99	-999	2.04	60	B	2	50	
569672	569672	569672	42.1917	-123.6833	1958.55	-999	1.2192	60	B	2	50	
569673	569673	569673	42.1917	-123.6417	1362.64	-999	1.5367	60	B	2	50	
569674	569674	569674	42.1917	-123.6	2083.77	-999	1.5422	60	B	2	50	
569680	569680	569680	42.1917	-123.35	2641.62	-999	1.5248	60	B	2	50	
569681	569681	569681	42.1917	-123.3083	1962.82	-999	1.5398	60	B	2	50	
569682	569682	569682	42.1917	-123.2667	1810.92	-999	1.4661	60	B	2	50	
569683	569683	569683	42.1917	-123.225	2215.0	-999	1.5129	60	B	2	50	
569684	569684	569684	42.1917	-123.1833	2666.56	-999	1.4863	60	B	2	50	
569687	569687	569687	42.1917	-123.0583	2128.06	-999	1.5451	60	B	2	50	
569688	569688	569688	42.1917	-123.0167	2015.75	-999	1.4854	60	B	2	50	
569689	569689	569689	42.1917	-122.975	2401.35	-999	1.4667	60	B	2	50	
569690	569690	569690	42.1917	-122.9333	3051.18	-999	1.4514	60	B	2	50	
569692	569692	569692	42.1917	-122.85	3698.82	-999	1.44	60	B	2	50	
569693	569693	569693	42.1917	-122.8083	3204.4	-999	1.5198	60	B	2	50	
569694	569694	569694	42.1917	-122.7667	2933.18	-999	1.3705	60	B	2	50	
569695	569695	569695	42.1917	-122.725	2621.61	-999	1.6307	60	B	2	50	
569696	569696	569696	42.1917	-122.6833	2032.81	-999	1.6715	60	B	2	50	
569697	569697	569697	42.1917	-122.6417	2094.27	-999	1.6544	60	B	2	50	
569700	569700	569700	42.1917	-122.5167	4761.25	-999	1.56	60	B	2	50	
569701	569701	569701	42.1917	-122.475	5374.11	-999	1.56	60	B	2	50	
569702	569702	569702	42.1917	-122.4333	5124.25	-999	1.56	60	B	2	50	
569703	569703	569703	42.1917	-122.3917	4892.16	-999	1.56	60	B	2	50	
569705	569705	569705	42.1917	-122.3083	4203.28	-999	1.32	60	B	2	50	
569706	569706	569706	42.1917	-122.2667	4026.51	-999	1.32	60	B	2	50	
569714	569714	569714	42.1917	-121.9333	4513.78	-999	1.5364	60	B	2	50	
569715	569715	569715	42.1917	-121.8917	4459.19	-999	1.5586	60	B	2	50	
569716	569716	569716	42.1917	-121.85	4489.37	-999	1.8858	60	A	1	50	
569717	569717	569717	42.1917	-121.8083	4248.16	-999	1.4833	60	B	2	50	
569718	569718	569718	42.1917	-121.7667	4110.76	-999	1.56	60	B	2	50	
569719	569719	569719	42.1917	-121.725	4124.67	-999	1.56	60	A	1	50	
569720	569720	569720	42.1917	-121.6833	4250.92	-999	1.56	60	A	1	50	
569721	569721	569721	42.1917	-121.6417	4429.66	-999	1.5573	60	A	1	50	
569722	569722	569722	42.1917	-121.6	4313.91	-999	1.5318	60	B	2	50	
569723	569723	569723	42.1917	-121.5583	4518.9	-999	1.4897	60	B	2	50	
569724	569724	569724	42.1917	-121.5167	4488.45	-999	1.5094	60	B	2	50	
569725	569725	569725	42.1917	-121.475	4209.97	-999	1.5448	60	A	1	50	
569726	569726	569726	42.1917	-121.4333	4160.63	-999	1.5078	60	A	1	50	
569727	569727	569727	42.1917	-121.3917	4174.8	-999	1.5109	60	B	2	50	
569728	569728	569728	42.1917	-121.35	4226.12	-999	1.4898	60	B	2	50	
569729	569729	569729	42.1917	-121.3083	4240.55	-999	1.26	60	B	2	50	
569732	569732	569732	42.1917	-121.1833	4962.47	-999	1.2003	60	B	2	50	
569735	569735	569735	42.1917	-121.0583	4943.04	-999	1.2005	60	B	2	50	
569736	569736	569736	42.1917	-121.0167	5175.98	-999	1.3103	60	B	2	50	
569738	569738	569738	42.1917	-120.9333	5403.15	-999	1.6657	60	B	2	50	
569739	569739	569739	42.1917	-120.8917	5347.24	-999	1.7074	60	B	2	50	
569744	569744	569744	42.1917	-120.6833	5004.86	-999	1.32	60	B	2	50	
569745	569745	569745	42.1917	-120.6417	5125.59	-999	1.32	60	B	2	50	
569746	569746	569746	42.1917	-120.6	5420.34	-999	1.32	60	B	2	50	
569747	569747	569747	42.1917	-120.5583	5249.08	-999	1.5423	60	B	2	50	
569748	569748	569748	42.1917	-120.5167	4907.61	-999	1.5334	60	B	2	50	
569749	569749	569749	42.1917	-120.475	4888.58	-999	1.5368	60	B	2	50	
569750	569750	569750	42.1917	-120.4333	4796.59	-999	1.5594	60	B	2	50	
569751	569751	569751	42.1917	-120.3917	4741.21	-999	1.4478	60	B	2	50	
569752	569752	569752	42.1917	-120.35	4841.73	-999	1.44	60	B	2	50	
569754	569754	569754	42.1917	-120.2667	6052.49	-999	1.8	60	B	2	50	
569755	569755	569755	42.1917	-120.225	6154.07	-999	1.32	60	B	2	50	
569756	569756	569756	42.1917	-120.1833	6097.9	-999	1.32	60	B	2	50	
569757	569757	569757	42.1917	-120.1417	5843.04	-999	1.5559	60	B	2	50	
569758	569758	569758	42.1917	-120.1	5700.0	-999	1.56	60	B	2	50	
569760	569760	569760	42.1917	-120.0167	5472.05	-999	1.56	60	C	3	50	
569761	569761	569761	42.1917	-119.975	5548.03	-999	1.32	60	B	2	50	
569763	569763	569763	42.1917	-119.8917	5048.29	-999	2.2981	60	B	2	50	
569764	569764	569764	42.1917	-119.85	4480.18	-999	3.6	60	B	2	50	
569765	569765	569765	42.1917	-119.8083	4646.98	-999	3.6	60	B	2	50	
569773	569773	569773	42.1917	-119.475	5222.57	-999	1.9186	60	B	2	50	
569793	569793	569793	42.1917	-118.6417	4550.13	-999	1.44	60	A	1	50	
569794	569794	569794	42.1917	-118.6	4159.19	-999	1.4239	60	A	1	50	
569795	569795	569795	42.1917	-118.5583	4118.64	-999	0.9866	60	B	2	50	
569798	569798	569798	42.1917	-118.4333	4916.93	-999	1.428	60	A	1	50	
569799	569799	569799	42.1917	-118.3917	4796.06	-999	1.3936	60	B	2	50	
569800	569800	569800	42.1917	-118.35	4962.07	-999	1.4264	60	B	2	50	
569811	569811	569811	42.1917	-117.8917	5059.45	-999	1.6599	60	A	1	50	
569812	569812	569812	42.1917	-117.85	4759.58	-999	1.68	60	A	1	50	
569823	569823	569823	42.1917	-117.3917	5867.06	-999	1.7551	60	B	2	50	
569824	569824	569824	42.1917	-117.35	5808.66	-999	1.8	60	B	2	50	
569835	569835	569835	42.1917	-116.8917	4749.61	-999	1.1672	60	B	2	50	
571059	571059	571059	42.2333	-123.6417	1666.23	-999	1.3177	60	B	2	50	
571060	571060	571060	42.2333	-123.6	1718.94	-999	1.44	60	B	2	50	
571061	571061	571061	42.2333	-123.5583	1819.01	-999	1.5313	60	B	2	50	
571062	571062	571062	42.2333	-123.5167	1998.25	-999	1.5308	60	B	2	50	
571063	571063	571063	42.2333	-123.475	2911.75	-999	1.4481	60	B	2	50	
571067	571067	571067	42.2333	-123.3083	2265.86	-999	1.4869	60	B	2	50	
571068	571068	571068	42.2333	-123.2667	1523.73	-999	1.5481	60	B	2	50	
571069	571069	571069	42.2333	-123.225	2130.47	-999	1.3534	60	B	2	50	
571070	571070	571070	42.2333	-123.1833	1862.86	-999	1.5334	60	B	2	50	
571071	571071	571071	42.2333	-123.1417	2080.16	-999	1.5332	60	B	2	50	
571072	571072	571072	42.2333	-123.1	1794.4	-999	1.5497	60	B	2	50	
571073	571073	571073	42.2333	-123.0583	1694.55	-999	1.5558	60	B	2	50	
571074	571074	571074	42.2333	-123.0167	2346.24	-999	1.5298	60	B	2	50	
571075	571075	571075	42.2333	-122.975	2947.61	-999	1.4592	60	B	2	50	
571076	571076	571076	42.2333	-122.9333	3105.31	-999	1.5068	60	B	2	50	
571077	571077	571077	42.2333	-122.8917	3208.99	-999	1.44	60	B	2	50	
571078	571078	571078	42.2333	-122.85	2640.42	-999	1.4429	60	B	2	50	
571079	571079	571079	42.2333	-122.8083	1991.47	-999	1.5515	60	B	2	50	
571080	571080	571080	42.2333	-122.7667	1856.74	-999	1.6496	60	B	2	50	
571081	571081	571081	42.2333	-122.725	1947.94	-999	1.6765	60	B	2	50	
571082	571082	571082	42.2333	-122.6833	2562.01	-999	1.68	60	B	2	50	
571083	571083	571083	42.2333	-122.6417	3296.36	-999	1.68	60	B	2	50	
571084	571084	571084	42.2333	-122.6	3250.66	-999	1.68	60	B	2	50	
571085	571085	571085	42.2333	-122.5583	3687.34	-999	1.6373	60	B	2	50	
571086	571086	571086	42.2333	-122.5167	4736.12	-999	1.5744	60	B	2	50	
571087	571087	571087	42.2333	-122.475	5227.36	-999	1.56	60	B	2	50	
571088	571088	571088	42.2333	-122.4333	4950.03	-999	1.56	60	B	2	50	
571089	571089	571089	42.2333	-122.3917	4593.41	-999	1.56	60	B	2	50	
571093	571093	571093	42.2333	-122.225	5222.31	-999	1.32	60	A	1	50	
571094	571094	571094	42.2333	-122.1833	5577.95	-999	1.32	60	A	1	50	
571100	571100	571100	42.2333	-121.9333	4419.29	-999	1.5464	60	B	2	50	
571101	571101	571101	42.2333	-121.8917	4372.97	-999	3.1501	60	B	2	50	
571102	571102	571102	42.2333	-121.85	4312.47	-999	2.3243	60	B	2	50	
571103	571103	571103	42.2333	-121.8083	4310.37	-999	1.2734	60	B	2	50	
571104	571104	571104	42.2333	-121.7667	4271.0	-999	1.3463	60	B	2	50	
571105	571105	571105	42.2333	-121.725	4506.17	-999	1.3303	60	B	2	50	
571108	571108	571108	42.2333	-121.6	4343.44	-999	1.5363	60	A	1	50	
571109	571109	571109	42.2333	-121.5583	4268.5	-999	1.5484	60	A	1	50	
571110	571110	571110	42.2333	-121.5167	4304.59	-999	1.4517	60	B	2	50	
571111	571111	571111	42.2333	-121.475	4133.2	-999	1.5176	60	A	1	50	
571112	571112	571112	42.2333	-121.4333	4407.74	-999	1.5311	60	A	1	50	
571113	571113	571113	42.2333	-121.3917	4399.08	-999	1.4415	60	A	1	50	
571120	571120	571120	42.2333	-121.1	4894.75	-999	0.6759	60	B	2	50	
571122	571122	571122	42.2333	-121.0167	5566.54	-999	1.32	60	B	2	50	
571124	571124	571124	42.2333	-120.9333	5419.69	-999	1.5453	60	B	2	50	
571125	571125	571125	42.2333	-120.8917	5478.87	-999	1.7622	60	B	2	50	
571126	571126	571126	42.2333	-120.85	5566.01	-999	1.636	60	B	2	50	
571129	571129	571129	42.2333	-120.725	5034.38	-999	1.32	60	B	2	50	
571130	571130	571130	42.2333	-120.6833	5254.59	-999	1.3158	60	B	2	50	
571132	571132	571132	42.2333	-120.6	6347.77	-999	1.2006	60	B	2	50	
571133	571133	571133	42.2333	-120.5583	5854.07	-999	1.32	60	B	2	50	
571135	571135	571135	42.2333	-120.475	5071.79	-999	1.56	60	B	2	50	
571136	571136	571136	42.2333	-120.4333	4842.65	-999	1.5428	60	B	2	50	
571137	571137	571137	42.2333	-120.3917	4805.77	-999	1.4405	60	B	2	50	
571138	571138	571138	42.2333	-120.35	5192.78	-999	1.4276	60	B	2	50	
571140	571140	571140	42.2333	-120.2667	5980.71	-999	1.7972	60	B	2	50	
571141	571141	571141	42.2333	-120.225	5991.47	-999	1.4058	60	B	2	50	
571142	571142	571142	42.2333	-120.1833	6100.0	-999	1.32	60	B	2	50	
571143	571143	571143	42.2333	-120.1417	5772.05	-999	1.5382	60	B	2	50	
571144	571144	571144	42.2333	-120.1	5779.27	-999	1.56	60	B	2	50	
571145	571145	571145	42.2333	-120.0583	5642.39	-999	1.56	60	C	3	50	
571149	571149	571149	42.2333	-119.8917	6083.07	-999	1.7991	60	B	2	50	
571158	571158	571158	42.2333	-119.5167	5299.08	-999	1.8321	60	B	2	50	
571160	571160	571160	42.2333	-119.4333	5286.61	-999	1.44	60	B	2	50	
571161	571161	571161	42.2333	-119.3917	5464.3	-999	1.44	60	B	2	50	
571177	571177	571177	42.2333	-118.725	4939.5	-999	1.2	60	B	2	50	
571179	571179	571179	42.2333	-118.6417	4221.65	-999	1.44	60	A	1	50	
571180	571180	571180	42.2333	-118.6	4088.71	-999	1.1572	60	B	2	50	
571186	571186	571186	42.2333	-118.35	4736.61	-999	1.44	60	A	1	50	
571195	571195	571195	42.2333	-117.975	5540.42	-999	1.44	60	A	1	50	
571196	571196	571196	42.2333	-117.9333	5071.52	-999	1.4981	60	A	1	50	
571197	571197	571197	42.2333	-117.8917	4911.68	-999	1.6762	60	A	1	50	
571198	571198	571198	42.2333	-117.85	4844.88	-999	1.68	60	A	1	50	
571201	571201	571201	42.2333	-117.725	5109.06	-999	1.44	60	B	2	50	
572427	572427	572427	42.275	-124.3917	170.82	-999	1.8257	60	B	2	50	
572429	572429	572429	42.275	-124.3083	792.65	-999	2.1051	60	B	2	50	
572430	572430	572430	42.275	-124.2667	1051.4	-999	2.8882	60	B	2	50	
572443	572443	572443	42.275	-123.725	2427.82	-999	1.44	60	B	2	50	
572444	572444	572444	42.275	-123.6833	1923.45	-999	1.44	60	B	2	50	
572445	572445	572445	42.275	-123.6417	1860.89	-999	1.3275	60	B	2	50	
572446	572446	572446	42.275	-123.6	1427.93	-999	1.5415	60	B	2	50	
572447	572447	572447	42.275	-123.5583	1563.87	-999	1.5479	60	B	2	50	
572448	572448	572448	42.275	-123.5167	1719.38	-999	1.5413	60	B	2	50	
572449	572449	572449	42.275	-123.475	2194.99	-999	1.4957	60	B	2	50	
572450	572450	572450	42.275	-123.4333	2573.71	-999	1.4131	60	B	2	50	
572453	572453	572453	42.275	-123.3083	2941.93	-999	1.08	60	C	3	50	
572454	572454	572454	42.275	-123.2667	1611.33	-999	1.5299	60	B	2	50	
572455	572455	572455	42.275	-123.225	1342.96	-999	1.4822	60	B	2	50	
572456	572456	572456	42.275	-123.1833	1896.33	-999	1.5355	60	B	2	50	
572457	572457	572457	42.275	-123.1417	2191.6	-999	1.4638	60	B	2	50	
572459	572459	572459	42.275	-123.0583	2503.5	-999	1.4783	60	B	2	50	
572460	572460	572460	42.275	-123.0167	2342.08	-999	1.521	60	B	2	50	
572461	572461	572461	42.275	-122.975	2448.49	-999	1.4788	60	B	2	50	
572462	572462	572462	42.275	-122.9333	2262.8	-999	1.4535	60	B	2	50	
572463	572463	572463	42.275	-122.8917	1824.48	-999	1.525	60	B	2	50	
572464	572464	572464	42.275	-122.85	1630.14	-999	1.6036	60	B	2	50	
572465	572465	572465	42.275	-122.8083	1575.02	-999	1.6431	60	B	2	50	
572466	572466	572466	42.275	-122.7667	2082.57	-999	1.68	60	B	2	50	
572467	572467	572467	42.275	-122.725	2937.01	-999	1.68	60	B	2	50	
572469	572469	572469	42.275	-122.6417	4301.28	-999	1.68	60	B	2	50	
572470	572470	572470	42.275	-122.6	4658.56	-999	1.6213	60	B	2	50	
572471	572471	572471	42.275	-122.5583	4701.12	-999	1.56	60	B	2	50	
572473	572473	572473	42.275	-122.475	4754.69	-999	1.56	60	B	2	50	
572474	572474	572474	42.275	-122.4333	4567.49	-999	1.2672	60	B	2	50	
572475	572475	572475	42.275	-122.3917	4716.11	-999	1.56	60	B	2	50	
572480	572480	572480	42.275	-122.1833	5006.43	-999	1.32	60	A	1	50	
572486	572486	572486	42.275	-121.9333	4615.35	-999	3.8216	60	B	2	50	
572487	572487	572487	42.275	-121.8917	4182.94	-999	3.6468	60	B	2	50	
572488	572488	572488	42.275	-121.85	4204.86	-999	1.7866	60	B	2	50	
572489	572489	572489	42.275	-121.8083	4238.19	-999	3.4531	60	B	2	50	
572492	572492	572492	42.275	-121.6833	4593.18	-999	1.3817	60	B	2	50	
572493	572493	572493	42.275	-121.6417	4226.9	-999	1.541	60	B	2	50	
572494	572494	572494	42.275	-121.6	4211.02	-999	1.5438	60	B	2	50	
572495	572495	572495	42.275	-121.5583	4520.6	-999	1.5399	60	A	1	50	
572496	572496	572496	42.275	-121.5167	4424.93	-999	1.4182	60	B	2	50	
572497	572497	572497	42.275	-121.475	4158.92	-999	1.5026	60	A	1	50	
572498	572498	572498	42.275	-121.4333	4353.67	-999	1.4864	60	A	1	50	
572499	572499	572499	42.275	-121.3917	4483.6	-999	1.411	60	A	1	50	
572502	572502	572502	42.275	-121.2667	5038.19	-999	1.2	60	B	2	50	
572506	572506	572506	42.275	-121.1	5065.88	-999	1.231	60	B	2	50	
572509	572509	572509	42.275	-120.975	5256.3	-999	1.32	60	B	2	50	
572510	572510	572510	42.275	-120.9333	5255.77	-999	1.32	60	B	2	50	
572511	572511	572511	42.275	-120.8917	5790.03	-999	1.32	60	B	2	50	
572512	572512	572512	42.275	-120.85	5872.83	-999	1.3327	60	B	2	50	
572515	572515	572515	42.275	-120.725	5251.05	-999	1.32	60	B	2	50	
572519	572519	572519	42.275	-120.5583	5543.44	-999	1.32	60	B	2	50	
572520	572520	572520	42.275	-120.5167	5291.86	-999	1.32	60	B	2	50	
572521	572521	572521	42.275	-120.475	5263.91	-999	1.464	60	B	2	50	
572522	572522	572522	42.275	-120.4333	4882.68	-999	1.49	60	B	2	50	
572523	572523	572523	42.275	-120.3917	4858.27	-999	1.5178	60	B	2	50	
572524	572524	572524	42.275	-120.35	4965.09	-999	1.5417	60	B	2	50	
572527	572527	572527	42.275	-120.225	6760.63	-999	1.7688	60	B	2	50	
572530	572530	572530	42.275	-120.1	6286.22	-999	1.56	60	B	2	50	
572531	572531	572531	42.275	-120.0583	5714.04	-999	1.56	60	B	2	50	
572535	572535	572535	42.275	-119.8917	6138.58	-999	2.1015	60	B	2	50	
572536	572536	572536	42.275	-119.85	4525.98	-999	3.0385	60	B	2	50	
572564	572564	572564	42.275	-118.6833	4470.21	-999	1.44	60	A	1	50	
572576	572576	572576	42.275	-118.1833	4883.2	-999	1.2	60	B	2	50	
572597	572597	572597	42.275	-117.3083	5164.57	-999	1.32	60	A	1	50	
573813	573813	573813	42.3167	-124.3917	665.25	-999	1.6955	60	B	2	50	
573828	573828	573828	42.3167	-123.7667	1868.99	-999	1.1092	60	C	3	50	
573831	573831	573831	42.3167	-123.6417	2765.97	-999	1.08	60	C	3	50	
573832	573832	573832	42.3167	-123.6	1706.91	-999	1.374	60	B	2	50	
573833	573833	573833	42.3167	-123.5583	1801.73	-999	1.4946	60	B	2	50	
573834	573834	573834	42.3167	-123.5167	1938.54	-999	1.5418	60	B	2	50	
573835	573835	573835	42.3167	-123.475	2303.59	-999	1.56	60	B	2	50	
573837	573837	573837	42.3167	-123.3917	2707.02	-999	1.08	60	C	3	50	
573838	573838	573838	42.3167	-123.35	1722.99	-999	1.5388	60	B	2	50	
573839	573839	573839	42.3167	-123.3083	1716.54	-999	1.5527	60	B	2	50	
573840	573840	573840	42.3167	-123.2667	1469.6	-999	1.5509	60	B	2	50	
573841	573841	573841	42.3167	-123.225	1543.64	-999	1.5349	60	B	2	50	
573842	573842	573842	42.3167	-123.1833	2369.86	-999	1.5108	60	B	2	50	
573843	573843	573843	42.3167	-123.1417	2826.88	-999	1.365	60	B	2	50	
573844	573844	573844	42.3167	-123.1	2949.15	-999	1.44	60	B	2	50	
573845	573845	573845	42.3167	-123.0583	3127.19	-999	1.465	60	B	2	50	
573846	573846	573846	42.3167	-123.0167	2833.77	-999	1.44	60	B	2	50	
573847	573847	573847	42.3167	-122.975	1931.21	-999	1.5245	60	B	2	50	
573848	573848	573848	42.3167	-122.9333	1507.0	-999	1.5593	60	B	2	50	
573849	573849	573849	42.3167	-122.8917	1428.81	-999	1.5594	60	B	2	50	
573850	573850	573850	42.3167	-122.85	1439.2	-999	1.6592	60	B	2	50	
573851	573851	573851	42.3167	-122.8083	1643.04	-999	1.68	60	B	2	50	
573852	573852	573852	42.3167	-122.7667	2389.76	-999	1.68	60	B	2	50	
573853	573853	573853	42.3167	-122.725	3377.85	-999	1.68	60	B	2	50	
573854	573854	573854	42.3167	-122.6833	3104.99	-999	1.68	60	B	2	50	
573855	573855	573855	42.3167	-122.6417	3086.72	-999	1.68	60	B	2	50	
573856	573856	573856	42.3167	-122.6	3888.02	-999	1.68	60	B	2	50	
573858	573858	573858	42.3167	-122.5167	3935.93	-999	1.56	60	B	2	50	
573863	573863	573863	42.3167	-122.3083	4982.42	-999	1.56	60	B	2	50	
573872	573872	573872	42.3167	-121.9333	4415.35	-999	4.0256	60	B	2	50	
573873	573873	573873	42.3167	-121.8917	4145.8	-999	3.9381	60	B	2	50	
573875	573875	573875	42.3167	-121.8083	4373.1	-999	3.5849	60	B	2	50	
573876	573876	573876	42.3167	-121.7667	4683.07	-999	1.32	60	B	2	50	
573877	573877	573877	42.3167	-121.725	4724.54	-999	1.32	60	B	2	50	
573878	573878	573878	42.3167	-121.6833	4269.95	-999	1.534	60	B	2	50	
573879	573879	573879	42.3167	-121.6417	4183.73	-999	1.5567	60	B	2	50	
573880	573880	573880	42.3167	-121.6	4251.05	-999	1.0062	60	B	2	50	
573881	573881	573881	42.3167	-121.5583	4845.14	-999	1.56	60	B	2	50	
573882	573882	573882	42.3167	-121.5167	4377.69	-999	1.4772	60	B	2	50	
573883	573883	573883	42.3167	-121.475	4239.76	-999	1.4416	60	A	1	50	
573884	573884	573884	42.3167	-121.4333	4468.64	-999	1.56	60	A	1	50	
573891	573891	573891	42.3167	-121.1417	5002.49	-999	1.7893	60	B	2	50	
573896	573896	573896	42.3167	-120.9333	4919.69	-999	1.8	60	B	2	50	
573897	573897	573897	42.3167	-120.8917	5406.56	-999	1.562	60	B	2	50	
573906	573906	573906	42.3167	-120.5167	6073.1	-999	1.32	60	B	2	50	
573907	573907	573907	42.3167	-120.475	5724.41	-999	1.32	60	B	2	50	
573908	573908	573908	42.3167	-120.4333	5380.18	-999	1.56	60	B	2	50	
573909	573909	573909	42.3167	-120.3917	4969.55	-999	1.5276	60	B	2	50	
573910	573910	573910	42.3167	-120.35	4949.74	-999	1.5588	60	B	2	50	
573911	573911	573911	42.3167	-120.3083	5008.92	-999	1.4919	60	B	2	50	
573912	573912	573912	42.3167	-120.2667	5416.27	-999	1.4689	60	B	2	50	
573917	573917	573917	42.3167	-120.0583	5957.87	-999	1.56	60	C	3	50	
573921	573921	573921	42.3167	-119.8917	5363.25	-999	2.9629	60	B	2	50	
573922	573922	573922	42.3167	-119.85	4671.0	-999	3.6	60	B	2	50	
573934	573934	573934	42.3167	-119.35	6095.41	-999	1.32	60	B	2	50	
573935	573935	573935	42.3167	-119.3083	6334.12	-999	1.32	60	B	2	50	
573936	573936	573936	42.3167	-119.2667	5904.72	-999	1.32	60	B	2	50	
573960	573960	573960	42.3167	-118.2667	4445.01	-999	1.44	60	A	1	50	
573961	573961	573961	42.3167	-118.225	4537.8	-999	1.2693	60	B	2	50	
573982	573982	573982	42.3167	-117.35	5130.71	-999	1.32	60	A	1	50	
575198	575198	575198	42.3583	-124.4333	88.47	-999	1.68	60	B	2	50	
575199	575199	575199	42.3583	-124.3917	593.61	-999	3.0	60	B	2	50	
575213	575213	575213	42.3583	-123.8083	1956.04	-999	1.3535	60	B	2	50	
575214	575214	575214	42.3583	-123.7667	1750.44	-999	1.44	60	B	2	50	
575218	575218	575218	42.3583	-123.6	2030.62	-999	1.44	60	B	2	50	
575219	575219	575219	42.3583	-123.5583	1451.01	-999	1.535	60	B	2	50	
575220	575220	575220	42.3583	-123.5167	1466.32	-999	1.534	60	B	2	50	
575221	575221	575221	42.3583	-123.475	1413.93	-999	1.5255	60	B	2	50	
575222	575222	575222	42.3583	-123.4333	1199.37	-999	1.5452	60	B	2	50	
575223	575223	575223	42.3583	-123.3917	1328.52	-999	1.3959	60	B	2	50	
575224	575224	575224	42.3583	-123.35	1163.28	-999	1.5544	60	B	2	50	
575225	575225	575225	42.3583	-123.3083	1507.65	-999	1.407	60	B	2	50	
575226	575226	575226	42.3583	-123.2667	2375.11	-999	1.1507	60	B	2	50	
575227	575227	575227	42.3583	-123.225	2750.66	-999	1.44	60	B	2	50	
575229	575229	575229	42.3583	-123.1417	1761.05	-999	1.5286	60	B	2	50	
575230	575230	575230	42.3583	-123.1	2062.23	-999	1.4693	60	B	2	50	
575232	575232	575232	42.3583	-123.0167	2804.35	-999	1.44	60	B	2	50	
575233	575233	575233	42.3583	-122.975	2183.07	-999	1.5497	60	B	2	50	
575234	575234	575234	42.3583	-122.9333	1391.08	-999	1.56	60	B	2	50	
575235	575235	575235	42.3583	-122.8917	1311.46	-999	1.3313	60	B	2	50	
575236	575236	575236	42.3583	-122.85	1374.34	-999	1.6029	60	B	2	50	
575237	575237	575237	42.3583	-122.8083	1904.86	-999	1.68	60	B	2	50	
575238	575238	575238	42.3583	-122.7667	2400.04	-999	1.6469	60	B	2	50	
575239	575239	575239	42.3583	-122.725	2420.71	-999	1.6799	60	B	2	50	
575240	575240	575240	42.3583	-122.6833	2469.27	-999	1.68	60	B	2	50	
575241	575241	575241	42.3583	-122.6417	3043.09	-999	1.68	60	B	2	50	
575242	575242	575242	42.3583	-122.6	2564.85	-999	1.68	60	B	2	50	
575243	575243	575243	42.3583	-122.5583	2568.13	-999	1.68	60	B	2	50	
575244	575244	575244	42.3583	-122.5167	2871.61	-999	1.68	60	B	2	50	
575245	575245	575245	42.3583	-122.475	3335.96	-999	1.68	60	B	2	50	
575256	575256	575256	42.3583	-122.0167	4445.14	-999	1.32	60	B	2	50	
575261	575261	575261	42.3583	-121.8083	4232.42	-999	3.9618	60	B	2	50	
575262	575262	575262	42.3583	-121.7667	4750.79	-999	1.32	60	B	2	50	
575263	575263	575263	42.3583	-121.725	4729.4	-999	1.32	60	B	2	50	
575264	575264	575264	42.3583	-121.6833	4550.92	-999	1.4984	60	B	2	50	
575265	575265	575265	42.3583	-121.6417	4486.88	-999	1.5321	60	B	2	50	
575266	575266	575266	42.3583	-121.6	5191.21	-999	1.6454	60	B	2	50	
575267	575267	575267	42.3583	-121.5583	4850.13	-999	1.32	60	B	2	50	
575268	575268	575268	42.3583	-121.5167	4389.76	-999	1.5886	60	B	2	50	
575269	575269	575269	42.3583	-121.475	4772.05	-999	1.2524	60	B	2	50	
575280	575280	575280	42.3583	-121.0167	4472.7	-999	1.6511	60	B	2	50	
575282	575282	575282	42.3583	-120.9333	4726.25	-999	1.8	60	B	2	50	
575283	575283	575283	42.3583	-120.8917	4944.62	-999	1.8	60	B	2	50	
575290	575290	575290	42.3583	-120.6	5887.93	-999	1.32	60	B	2	50	
575292	575292	575292	42.3583	-120.5167	6480.58	-999	1.32	60	B	2	50	
575295	575295	575295	42.3583	-120.3917	5455.51	-999	1.3955	60	B	2	50	
575296	575296	575296	42.3583	-120.35	5490.03	-999	1.5388	60	B	2	50	
575297	575297	575297	42.3583	-120.3083	5011.02	-999	1.5162	60	B	2	50	
575298	575298	575298	42.3583	-120.2667	5395.14	-999	1.3847	60	B	2	50	
575302	575302	575302	42.3583	-120.1	6130.58	-999	1.3245	60	B	2	50	
575303	575303	575303	42.3583	-120.0583	5674.28	-999	1.5138	60	B	2	50	
575304	575304	575304	42.3583	-120.0167	5505.12	-999	1.56	60	C	3	50	
575307	575307	575307	42.3583	-119.8917	4728.35	-999	1.8314	60	B	2	50	
575311	575311	575311	42.3583	-119.725	5918.9	-999	1.56	60	C	3	50	
575334	575334	575334	42.3583	-118.7667	5325.2	-999	1.32	60	B	2	50	
575337	575337	575337	42.3583	-118.6417	4200.0	-999	1.44	60	A	1	50	
575346	575346	575346	42.3583	-118.2667	4301.71	-999	1.4327	60	A	1	50	
575347	575347	575347	42.3583	-118.225	4338.98	-999	1.4202	60	A	1	50	
575349	575349	575349	42.3583	-118.1417	4629.0	-999	1.2084	60	B	2	50	
575363	575363	575363	42.3583	-117.5583	5250.13	-999	1.32	60	A	1	50	
576584	576584	576584	42.4	-124.4333	29.96	-999	1.68	60	B	2	50	
576605	576605	576605	42.4	-123.5583	2081.69	-999	1.44	60	B	2	50	
576606	576606	576606	42.4	-123.5167	1599.3	-999	1.44	60	B	2	50	
576607	576607	576607	42.4	-123.475	1225.17	-999	1.5305	60	B	2	50	
576608	576608	576608	42.4	-123.4333	1001.53	-999	1.5124	60	B	2	50	
576609	576609	576609	42.4	-123.3917	1093.83	-999	1.4556	60	B	2	50	
576610	576610	576610	42.4	-123.35	1128.5	-999	1.4272	60	A	1	50	
576611	576611	576611	42.4	-123.3083	1302.39	-999	1.3551	60	A	1	50	
576612	576612	576612	42.4	-123.2667	2174.54	-999	1.44	60	B	2	50	
576613	576613	576613	42.4	-123.225	1856.63	-999	1.5393	60	B	2	50	
576614	576614	576614	42.4	-123.1833	1937.34	-999	1.5138	60	B	2	50	
576615	576615	576615	42.4	-123.1417	1269.03	-999	1.5539	60	B	2	50	
576616	576616	576616	42.4	-123.1	1913.49	-999	1.4695	60	B	2	50	
576617	576617	576617	42.4	-123.0583	1777.89	-999	1.5335	60	B	2	50	
576618	576618	576618	42.4	-123.0167	1523.19	-999	1.483	60	B	2	50	
576619	576619	576619	42.4	-122.975	1422.79	-999	1.5395	60	B	2	50	
576620	576620	576620	42.4	-122.9333	1238.74	-999	1.1353	60	B	2	50	
576621	576621	576621	42.4	-122.8917	1265.75	-999	0.751	60	A	1	50	
576622	576622	576622	42.4	-122.85	1318.79	-999	1.2527	60	B	2	50	
576623	576623	576623	42.4	-122.8083	1540.57	-999	1.2085	60	B	2	50	
576624	576624	576624	42.4	-122.7667	1683.51	-999	1.4338	60	B	2	50	
576625	576625	576625	42.4	-122.725	1837.6	-999	1.6236	60	B	2	50	
576627	576627	576627	42.4	-122.6417	2135.72	-999	1.633	60	B	2	50	
576628	576628	576628	42.4	-122.6	1988.19	-999	1.3755	60	B	2	50	
576629	576629	576629	42.4	-122.5583	2446.3	-999	1.6525	60	B	2	50	
576630	576630	576630	42.4	-122.5167	3169.29	-999	1.638	60	B	2	50	
576631	576631	576631	42.4	-122.475	4002.95	-999	1.5245	60	B	2	50	
576632	576632	576632	42.4	-122.4333	3957.02	-999	1.44	60	B	2	50	
576641	576641	576641	42.4	-122.0583	4700.52	-999	1.32	60	B	2	50	
576642	576642	576642	42.4	-122.0167	4185.83	-999	0.6381	60	B	2	50	
576643	576643	576643	42.4	-121.975	4212.6	-999	0.5692	60	B	2	50	
576653	576653	576653	42.4	-121.5583	4631.89	-999	1.32	60	B	2	50	
576657	576657	576657	42.4	-121.3917	4773.75	-999	2.0482	60	B	2	50	
576658	576658	576658	42.4	-121.35	4397.11	-999	2.3584	60	B	2	50	
576659	576659	576659	42.4	-121.3083	4449.61	-999	2.2406	60	B	2	50	
576660	576660	576660	42.4	-121.2667	4488.71	-999	2.3277	60	B	2	50	
576664	576664	576664	42.4	-121.1	5018.64	-999	2.04	60	B	2	50	
576665	576665	576665	42.4	-121.0583	4495.54	-999	2.37	60	B	2	50	
576666	576666	576666	42.4	-121.0167	4371.39	-999	2.4233	60	B	2	50	
576667	576667	576667	42.4	-120.975	4510.24	-999	2.3564	60	B	2	50	
576668	576668	576668	42.4	-120.9333	4781.5	-999	2.04	60	B	2	50	
576675	576675	576675	42.4	-120.6417	5557.48	-999	1.32	60	B	2	50	
576676	576676	576676	42.4	-120.6	5579.4	-999	1.32	60	B	2	50	
576678	576678	576678	42.4	-120.5167	6627.82	-999	1.2	60	B	2	50	
576679	576679	576679	42.4	-120.475	6689.63	-999	1.2	60	B	2	50	
576682	576682	576682	42.4	-120.35	5740.55	-999	1.32	60	B	2	50	
576683	576683	576683	42.4	-120.3083	5126.77	-999	1.5297	60	B	2	50	
576687	576687	576687	42.4	-120.1417	6075.85	-999	1.32	60	B	2	50	
576689	576689	576689	42.4	-120.0583	5590.03	-999	1.56	60	C	3	50	
576690	576690	576690	42.4	-120.0167	5376.25	-999	1.548	60	B	2	50	
576692	576692	576692	42.4	-119.9333	5117.98	-999	0.84	60	A	1	50	
576693	576693	576693	42.4	-119.8917	4561.68	-999	3.0819	60	B	2	50	
576694	576694	576694	42.4	-119.85	4479.13	-999	3.6	60	B	2	50	
576697	576697	576697	42.4	-119.725	6101.97	-999	1.56	60	C	3	50	
576705	576705	576705	42.4	-119.3917	5378.08	-999	1.32	60	B	2	50	
576717	576717	576717	42.4	-118.8917	4557.74	-999	1.92	60	B	2	50	
576718	576718	576718	42.4	-118.85	5082.55	-999	1.32	60	B	2	50	
576719	576719	576719	42.4	-118.8083	5195.67	-999	1.32	60	B	2	50	
576720	576720	576720	42.4	-118.7667	5065.88	-999	1.32	60	B	2	50	
576723	576723	576723	42.4	-118.6417	4556.69	-999	1.4302	60	A	1	50	
576737	576737	576737	42.4	-118.0583	4541.6	-999	1.44	60	A	1	50	
576746	576746	576746	42.4	-117.6833	4864.57	-999	1.44	60	B	2	50	
576747	576747	576747	42.4	-117.6417	5043.7	-999	1.4399	60	B	2	50	
576762	576762	576762	42.4	-117.0167	5332.68	-999	1.325	60	B	2	50	
577970	577970	577970	42.4417	-124.4333	70.21	-999	1.68	60	B	2	50	
577971	577971	577971	42.4417	-124.3917	236.22	-999	2.1931	60	B	2	50	
577988	577988	577988	42.4417	-123.6833	2471.78	-999	1.44	60	B	2	50	
577992	577992	577992	42.4417	-123.5167	1314.96	-999	1.56	60	B	2	50	
577993	577993	577993	42.4417	-123.475	972.44	-999	1.5086	60	B	2	50	
577994	577994	577994	42.4417	-123.4333	973.97	-999	1.5214	60	B	2	50	
577995	577995	577995	42.4417	-123.3917	951.12	-999	1.4823	60	B	2	50	
577996	577996	577996	42.4417	-123.35	1042.32	-999	1.4199	60	A	1	50	
577997	577997	577997	42.4417	-123.3083	1099.74	-999	1.5373	60	B	2	50	
577998	577998	577998	42.4417	-123.2667	1410.54	-999	1.538	60	B	2	50	
577999	577999	577999	42.4417	-123.225	2134.62	-999	1.56	60	B	2	50	
578000	578000	578000	42.4417	-123.1833	1608.16	-999	1.5596	60	B	2	50	
578001	578001	578001	42.4417	-123.1417	1447.51	-999	1.4803	60	B	2	50	
578002	578002	578002	42.4417	-123.1	1507.55	-999	1.4972	60	B	2	50	
578003	578003	578003	42.4417	-123.0583	1410.65	-999	1.5319	60	B	2	50	
578004	578004	578004	42.4417	-123.0167	1367.56	-999	1.4888	60	B	2	50	
578005	578005	578005	42.4417	-122.975	1461.29	-999	1.6052	60	B	2	50	
578006	578006	578006	42.4417	-122.9333	1306.1	-999	1.5204	60	B	2	50	
578007	578007	578007	42.4417	-122.8917	1247.16	-999	1.3418	60	B	2	50	
578008	578008	578008	42.4417	-122.85	1289.7	-999	1.3339	60	B	2	50	
578009	578009	578009	42.4417	-122.8083	1356.3	-999	1.4013	60	B	2	50	
578010	578010	578010	42.4417	-122.7667	1440.62	-999	1.6577	60	B	2	50	
578011	578011	578011	42.4417	-122.725	1766.62	-999	1.671	60	B	2	50	
578012	578012	578012	42.4417	-122.6833	1861.88	-999	1.6302	60	B	2	50	
578013	578013	578013	42.4417	-122.6417	1792.54	-999	1.4634	60	B	2	50	
578014	578014	578014	42.4417	-122.6	1994.31	-999	1.4661	60	B	2	50	
578015	578015	578015	42.4417	-122.5583	2688.87	-999	1.68	60	B	2	50	
578026	578026	578026	42.4417	-122.1	4290.94	-999	3.7917	60	B	2	50	
578027	578027	578027	42.4417	-122.0583	4170.6	-999	4.08	60	B	2	50	
578031	578031	578031	42.4417	-121.8917	4147.38	-999	3.95	60	B	2	50	
578032	578032	578032	42.4417	-121.85	4747.24	-999	4.2	60	B	2	50	
578037	578037	578037	42.4417	-121.6417	5083.86	-999	1.4761	60	B	2	50	
578039	578039	578039	42.4417	-121.5583	4537.14	-999	2.04	60	B	2	50	
578040	578040	578040	42.4417	-121.5167	4426.51	-999	2.1614	60	B	2	50	
578041	578041	578041	42.4417	-121.475	4419.69	-999	2.4219	60	B	2	50	
578042	578042	578042	42.4417	-121.4333	4373.75	-999	2.4356	60	B	2	50	
578043	578043	578043	42.4417	-121.3917	4334.12	-999	2.4984	60	B	2	50	
578044	578044	578044	42.4417	-121.35	4355.91	-999	2.397	60	B	2	50	
578045	578045	578045	42.4417	-121.3083	4387.93	-999	2.405	60	B	2	50	
578046	578046	578046	42.4417	-121.2667	4351.31	-999	2.3787	60	B	2	50	
578047	578047	578047	42.4417	-121.225	4559.32	-999	2.0893	60	B	2	50	
578048	578048	578048	42.4417	-121.1833	4561.29	-999	2.5049	60	B	2	50	
578049	578049	578049	42.4417	-121.1417	4481.23	-999	2.3609	60	B	2	50	
578050	578050	578050	42.4417	-121.1	4370.6	-999	2.3483	60	B	2	50	
578051	578051	578051	42.4417	-121.0583	4369.29	-999	2.3808	60	B	2	50	
578052	578052	578052	42.4417	-121.0167	4448.56	-999	2.1178	60	B	2	50	
578053	578053	578053	42.4417	-120.975	4723.36	-999	2.0323	60	B	2	50	
578054	578054	578054	42.4417	-120.9333	5162.86	-999	2.032	60	B	2	50	
578061	578061	578061	42.4417	-120.6417	5460.24	-999	1.3859	60	B	2	50	
578062	578062	578062	42.4417	-120.6	5296.46	-999	1.5689	60	B	2	50	
578063	578063	578063	42.4417	-120.5583	5665.62	-999	1.32	60	B	2	50	
578066	578066	578066	42.4417	-120.4333	5635.3	-999	1.32	60	B	2	50	
578067	578067	578067	42.4417	-120.3917	4967.98	-999	1.32	60	B	2	50	
578068	578068	578068	42.4417	-120.35	5135.3	-999	1.32	60	B	2	50	
578070	578070	578070	42.4417	-120.2667	4547.38	-999	1.5596	60	B	2	50	
578074	578074	578074	42.4417	-120.1	5603.94	-999	1.44	60	B	2	50	
578079	578079	578079	42.4417	-119.8917	4520.47	-999	2.3665	60	B	2	50	
578080	578080	578080	42.4417	-119.85	4474.67	-999	3.5874	60	B	2	50	
578081	578081	578081	42.4417	-119.8083	4765.35	-999	3.5522	60	B	2	50	
578084	578084	578084	42.4417	-119.6833	6758.92	-999	1.365	60	B	2	50	
578092	578092	578092	42.4417	-119.35	5142.91	-999	1.32	60	B	2	50	
578103	578103	578103	42.4417	-118.8917	4563.91	-999	1.92	60	B	2	50	
578104	578104	578104	42.4417	-118.85	5020.34	-999	1.825	60	B	2	50	
578109	578109	578109	42.4417	-118.6417	4757.61	-999	1.44	60	A	1	50	
578110	578110	578110	42.4417	-118.6	4107.48	-999	1.0601	60	B	2	50	
578111	578111	578111	42.4417	-118.5583	4088.19	-999	0.96	60	B	2	50	
578150	578150	578150	42.4417	-116.9333	5891.47	-999	1.32	60	B	2	50	
579357	579357	579357	42.4833	-124.3917	349.63	-999	2.5869	60	B	2	50	
579358	579358	579358	42.4833	-124.35	557.63	-999	3.0	60	B	2	50	
579359	579359	579359	42.4833	-124.3083	573.27	-999	3.0	60	B	2	50	
579361	579361	579361	42.4833	-124.225	743.99	-999	2.04	60	B	2	50	
579378	579378	579378	42.4833	-123.5167	1513.23	-999	1.56	60	B	2	50	
579379	579379	579379	42.4833	-123.475	1038.82	-999	1.5412	60	B	2	50	
579380	579380	579380	42.4833	-123.4333	1145.12	-999	1.2	60	A	1	50	
579381	579381	579381	42.4833	-123.3917	1179.57	-999	1.2	60	A	1	50	
579382	579382	579382	42.4833	-123.35	1354.88	-999	1.1261	60	B	2	50	
579383	579383	579383	42.4833	-123.3083	1906.93	-999	1.1704	60	B	2	50	
579385	579385	579385	42.4833	-123.225	2618.66	-999	1.44	60	B	2	50	
579386	579386	579386	42.4833	-123.1833	1563.43	-999	1.5471	60	B	2	50	
579387	579387	579387	42.4833	-123.1417	1655.51	-999	1.3573	60	A	1	50	
579389	579389	579389	42.4833	-123.0583	1972.77	-999	1.4993	60	B	2	50	
579390	579390	579390	42.4833	-123.0167	1863.19	-999	1.6559	60	B	2	50	
579391	579391	579391	42.4833	-122.975	1329.18	-999	1.68	60	B	2	50	
579392	579392	579392	42.4833	-122.9333	1371.17	-999	1.6043	60	B	2	50	
579393	579393	579393	42.4833	-122.8917	1498.25	-999	1.2991	60	B	2	50	
579394	579394	579394	42.4833	-122.85	1365.49	-999	1.3595	60	B	2	50	
579395	579395	579395	42.4833	-122.8083	1444.12	-999	1.1597	60	B	2	50	
579396	579396	579396	42.4833	-122.7667	1455.49	-999	1.4583	60	B	2	50	
579397	579397	579397	42.4833	-122.725	1601.6	-999	1.6496	60	B	2	50	
579398	579398	579398	42.4833	-122.6833	1809.93	-999	1.6798	60	B	2	50	
579399	579399	579399	42.4833	-122.6417	2139.76	-999	1.68	60	B	2	50	
579400	579400	579400	42.4833	-122.6	2814.52	-999	1.68	60	B	2	50	
579403	579403	579403	42.4833	-122.475	3216.64	-999	1.44	60	B	2	50	
579404	579404	579404	42.4833	-122.4333	3120.63	-999	1.44	60	B	2	50	
579412	579412	579412	42.4833	-122.1	4957.22	-999	4.08	60	B	2	50	
579415	579415	579415	42.4833	-121.975	4144.49	-999	4.082	60	B	2	50	
579416	579416	579416	42.4833	-121.9333	4143.31	-999	4.1998	60	B	2	50	
579417	579417	579417	42.4833	-121.8917	4159.32	-999	3.9686	60	B	2	50	
579418	579418	579418	42.4833	-121.85	4709.84	-999	2.0014	60	B	2	50	
579424	579424	579424	42.4833	-121.6	4483.86	-999	2.1795	60	B	2	50	
579425	579425	579425	42.4833	-121.5583	4302.1	-999	2.4979	60	B	2	50	
579426	579426	579426	42.4833	-121.5167	4331.89	-999	2.3316	60	B	2	50	
579427	579427	579427	42.4833	-121.475	4425.46	-999	2.3528	60	B	2	50	
579428	579428	579428	42.4833	-121.4333	4490.68	-999	2.4974	60	B	2	50	
579429	579429	579429	42.4833	-121.3917	4502.76	-999	2.52	60	B	2	50	
579430	579430	579430	42.4833	-121.35	4457.09	-999	2.5169	60	B	2	50	
579431	579431	579431	42.4833	-121.3083	4443.18	-999	2.4573	60	B	2	50	
579432	579432	579432	42.4833	-121.2667	4357.87	-999	2.5003	60	B	2	50	
579433	579433	579433	42.4833	-121.225	4480.05	-999	2.2527	60	B	2	50	
579434	579434	579434	42.4833	-121.1833	4824.28	-999	2.3066	60	A	1	50	
579435	579435	579435	42.4833	-121.1417	4554.07	-999	2.1096	60	B	2	50	
579436	579436	579436	42.4833	-121.1	4443.44	-999	2.3409	60	B	2	50	
579437	579437	579437	42.4833	-121.0583	4471.65	-999	2.2372	60	B	2	50	
579438	579438	579438	42.4833	-121.0167	4630.45	-999	1.7932	60	B	2	50	
579446	579446	579446	42.4833	-120.6833	5684.51	-999	1.32	60	B	2	50	
579447	579447	579447	42.4833	-120.6417	5392.78	-999	1.6701	60	B	2	50	
579448	579448	579448	42.4833	-120.6	5424.67	-999	1.7402	60	B	2	50	
579449	579449	579449	42.4833	-120.5583	5254.59	-999	1.32	60	B	2	50	
579451	579451	579451	42.4833	-120.475	6109.84	-999	1.32	60	B	2	50	
579452	579452	579452	42.4833	-120.4333	5274.41	-999	1.32	60	B	2	50	
579453	579453	579453	42.4833	-120.3917	4966.4	-999	1.32	60	B	2	50	
579454	579454	579454	42.4833	-120.35	4739.63	-999	1.3198	60	B	2	50	
579455	579455	579455	42.4833	-120.3083	4667.85	-999	1.0057	60	B	2	50	
579456	579456	579456	42.4833	-120.2667	4327.43	-999	1.2686	60	B	2	50	
579460	579460	579460	42.4833	-120.1	5593.44	-999	1.44	60	B	2	50	
579461	579461	579461	42.4833	-120.0583	5385.17	-999	1.44	60	B	2	50	
579465	579465	579465	42.4833	-119.8917	4567.59	-999	0.8334	60	A	1	50	
579466	579466	579466	42.4833	-119.85	4472.18	-999	3.6	60	B	2	50	
579467	579467	579467	42.4833	-119.8083	4507.74	-999	2.8975	60	B	2	50	
579476	579476	579476	42.4833	-119.4333	4996.59	-999	1.44	60	B	2	50	
579487	579487	579487	42.4833	-118.975	4545.01	-999	1.92	60	C	3	50	
579488	579488	579488	42.4833	-118.9333	4548.43	-999	1.92	60	C	3	50	
579489	579489	579489	42.4833	-118.8917	4640.68	-999	1.92	60	B	2	50	
579490	579490	579490	42.4833	-118.85	5684.38	-999	1.5387	60	B	2	50	
579493	579493	579493	42.4833	-118.725	6786.48	-999	1.32	60	B	2	50	
579496	579496	579496	42.4833	-118.6	4238.85	-999	1.44	60	A	1	50	
579520	579520	579520	42.4833	-117.6	4437.8	-999	1.3018	60	B	2	50	
580743	580743	580743	42.525	-124.3917	277.23	-999	2.3591	60	B	2	50	
580744	580744	580744	42.525	-124.35	712.71	-999	3.0	60	B	2	50	
580751	580751	580751	42.525	-124.0583	952.43	-999	1.44	60	B	2	50	
580752	580752	580752	42.525	-124.0167	1229.99	-999	1.44	60	B	2	50	
580765	580765	580765	42.525	-123.475	1043.42	-999	1.5598	60	B	2	50	
580766	580766	580766	42.525	-123.4333	1005.8	-999	1.2911	60	A	1	50	
580767	580767	580767	42.525	-123.3917	1065.73	-999	1.1936	60	B	2	50	
580768	580768	580768	42.525	-123.35	1819.33	-999	1.2	60	A	1	50	
580770	580770	580770	42.525	-123.2667	3093.18	-999	1.08	60	C	3	50	
580771	580771	580771	42.525	-123.225	2703.08	-999	1.56	60	B	2	50	
580772	580772	580772	42.525	-123.1833	1345.47	-999	1.5577	60	B	2	50	
580773	580773	580773	42.525	-123.1417	1498.58	-999	1.4913	60	B	2	50	
580774	580774	580774	42.525	-123.1	2256.78	-999	1.5449	60	B	2	50	
580776	580776	580776	42.525	-123.0167	2256.78	-999	1.6714	60	B	2	50	
580777	580777	580777	42.525	-122.975	1913.28	-999	1.6384	60	B	2	50	
580778	580778	580778	42.525	-122.9333	1593.5	-999	1.6096	60	B	2	50	
580779	580779	580779	42.525	-122.8917	1384.51	-999	1.6684	60	B	2	50	
580780	580780	580780	42.525	-122.85	1388.67	-999	0.9822	60	B	2	50	
580781	580781	580781	42.525	-122.8083	1418.42	-999	1.3045	60	B	2	50	
580782	580782	580782	42.525	-122.7667	1698.05	-999	1.68	60	B	2	50	
580783	580783	580783	42.525	-122.725	2282.81	-999	1.68	60	B	2	50	
580784	580784	580784	42.525	-122.6833	2785.11	-999	1.68	60	B	2	50	
580785	580785	580785	42.525	-122.6417	2807.85	-999	1.68	60	B	2	50	
580786	580786	580786	42.525	-122.6	3037.07	-999	1.68	60	B	2	50	
580787	580787	580787	42.525	-122.5583	3037.07	-999	1.68	60	B	2	50	
580788	580788	580788	42.525	-122.5167	2805.99	-999	1.4739	60	B	2	50	
580789	580789	580789	42.525	-122.475	2720.47	-999	1.5553	60	B	2	50	
580790	580790	580790	42.525	-122.4333	2921.15	-999	1.5197	60	B	2	50	
580800	580800	580800	42.525	-122.0167	4143.7	-999	4.0426	60	B	2	50	
580802	580802	580802	42.525	-121.9333	4153.15	-999	3.7065	60	B	2	50	
580803	580803	580803	42.525	-121.8917	4191.73	-999	2.4992	60	B	2	50	
580808	580808	580808	42.525	-121.6833	4814.83	-999	1.8	60	B	2	50	
580810	580810	580810	42.525	-121.6	4402.49	-999	2.466	60	B	2	50	
580811	580811	580811	42.525	-121.5583	4321.79	-999	2.4488	60	B	2	50	
580812	580812	580812	42.525	-121.5167	4484.65	-999	1.8169	60	B	2	50	
580813	580813	580813	42.525	-121.475	4583.86	-999	1.9204	60	B	2	50	
580816	580816	580816	42.525	-121.35	4617.19	-999	1.8	60	B	2	50	
580817	580817	580817	42.525	-121.3083	4526.25	-999	2.4956	60	B	2	50	
580818	580818	580818	42.525	-121.2667	4544.09	-999	2.3426	60	B	2	50	
580819	580819	580819	42.525	-121.225	4576.77	-999	2.4684	60	B	2	50	
580820	580820	580820	42.525	-121.1833	4602.23	-999	2.3152	60	A	1	50	
580822	580822	580822	42.525	-121.1	4625.59	-999	1.8	60	B	2	50	
580823	580823	580823	42.525	-121.0583	4632.28	-999	1.6724	60	B	2	50	
580824	580824	580824	42.525	-121.0167	5026.9	-999	1.32	60	B	2	50	
580831	580831	580831	42.525	-120.725	6521.39	-999	2.28	60	A	1	50	
580832	580832	580832	42.525	-120.6833	5899.21	-999	2.28	60	A	1	50	
580834	580834	580834	42.525	-120.6	5268.24	-999	1.32	60	B	2	50	
580835	580835	580835	42.525	-120.5583	5470.87	-999	1.32	60	B	2	50	
580837	580837	580837	42.525	-120.475	5576.25	-999	1.0163	60	B	2	50	
580838	580838	580838	42.525	-120.4333	4975.98	-999	1.0732	60	B	2	50	
580840	580840	580840	42.525	-120.35	4493.96	-999	2.0125	60	B	2	50	
580841	580841	580841	42.525	-120.3083	4310.24	-999	0.8504	60	A	1	50	
580842	580842	580842	42.525	-120.2667	4344.09	-999	0.84	60	A	1	50	
580853	580853	580853	42.525	-119.8083	4486.09	-999	0.0134	60	B	2	50	
580856	580856	580856	42.525	-119.6833	6168.77	-999	1.56	60	C	3	50	
580857	580857	580857	42.525	-119.6417	5766.93	-999	1.56	60	C	3	50	
580865	580865	580865	42.525	-119.3083	4662.99	-999	1.92	60	B	2	50	
580873	580873	580873	42.525	-118.975	4548.82	-999	1.92	60	C	3	50	
580874	580874	580874	42.525	-118.9333	4661.68	-999	1.92	60	B	2	50	
580875	580875	580875	42.525	-118.8917	5718.24	-999	1.92	60	B	2	50	
580882	580882	580882	42.525	-118.6	4804.72	-999	1.4388	60	A	1	50	
580884	580884	580884	42.525	-118.5167	4091.47	-999	1.136	60	B	2	50	
580916	580916	580916	42.525	-117.1833	4548.16	-999	1.08	60	B	2	50	
580917	580917	580917	42.525	-117.1417	4450.13	-999	1.08	60	B	2	50	
580919	580919	580919	42.525	-117.0583	4813.52	-999	1.559	60	B	2	50	
580920	580920	580920	42.525	-117.0167	5063.52	-999	1.5548	60	B	2	50	
580921	580921	580921	42.525	-116.975	5143.44	-999	1.3689	60	B	2	50	
580924	580924	580924	42.525	-116.85	5593.04	-999	1.32	60	B	2	50	
582129	582129	582129	42.5667	-124.3917	156.28	-999	1.835	60	B	2	50	
582130	582130	582130	42.5667	-124.35	578.85	-999	1.8057	60	B	2	50	
582137	582137	582137	42.5667	-124.0583	690.95	-999	1.44	60	B	2	50	
582147	582147	582147	42.5667	-123.6417	2313.43	-999	1.44	60	B	2	50	
582152	582152	582152	42.5667	-123.4333	1319.33	-999	1.2003	60	A	1	50	
582153	582153	582153	42.5667	-123.3917	1240.59	-999	1.3703	60	B	2	50	
582154	582154	582154	42.5667	-123.35	1701.55	-999	1.2586	60	B	2	50	
582155	582155	582155	42.5667	-123.3083	1866.58	-999	1.44	60	B	2	50	
582157	582157	582157	42.5667	-123.225	2724.19	-999	1.5266	60	B	2	50	
582158	582158	582158	42.5667	-123.1833	1447.94	-999	1.5405	60	B	2	50	
582159	582159	582159	42.5667	-123.1417	1572.4	-999	1.3813	60	A	1	50	
582160	582160	582160	42.5667	-123.1	1842.85	-999	1.5272	60	B	2	50	
582161	582161	582161	42.5667	-123.0583	1771.76	-999	1.5002	60	B	2	50	
582162	582162	582162	42.5667	-123.0167	2266.51	-999	1.44	60	B	2	50	
582163	582163	582163	42.5667	-122.975	2278.87	-999	1.5614	60	B	2	50	
582164	582164	582164	42.5667	-122.9333	1870.52	-999	1.68	60	B	2	50	
582165	582165	582165	42.5667	-122.8917	1800.2	-999	1.68	60	B	2	50	
582166	582166	582166	42.5667	-122.85	1568.35	-999	1.1449	60	B	2	50	
582167	582167	582167	42.5667	-122.8083	1631.01	-999	1.26	60	B	2	50	
582168	582168	582168	42.5667	-122.7667	2160.11	-999	1.68	60	B	2	50	
582169	582169	582169	42.5667	-122.725	2116.8	-999	1.68	60	B	2	50	
582170	582170	582170	42.5667	-122.6833	2198.05	-999	1.68	60	B	2	50	
582171	582171	582171	42.5667	-122.6417	2225.07	-999	1.68	60	B	2	50	
582172	582172	582172	42.5667	-122.6	2401.14	-999	1.6426	60	B	2	50	
582173	582173	582173	42.5667	-122.5583	2917.1	-999	1.5612	60	B	2	50	
582174	582174	582174	42.5667	-122.5167	3016.18	-999	1.44	60	B	2	50	
582184	582184	582184	42.5667	-122.1	4835.7	-999	4.0392	60	B	2	50	
582185	582185	582185	42.5667	-122.0583	4148.16	-999	4.08	60	B	2	50	
582186	582186	582186	42.5667	-122.0167	4143.7	-999	4.08	60	B	2	50	
582187	582187	582187	42.5667	-121.975	4143.57	-999	4.08	60	B	2	50	
582188	582188	582188	42.5667	-121.9333	4155.25	-999	2.8116	60	B	2	50	
582189	582189	582189	42.5667	-121.8917	4296.33	-999	2.04	60	B	2	50	
582190	582190	582190	42.5667	-121.85	4313.91	-999	2.28	60	A	1	50	
582192	582192	582192	42.5667	-121.7667	4676.12	-999	2.2863	60	A	1	50	
582193	582193	582193	42.5667	-121.725	4470.47	-999	2.3944	60	B	2	50	
582194	582194	582194	42.5667	-121.6833	4319.55	-999	2.3859	60	B	2	50	
582195	582195	582195	42.5667	-121.6417	4507.35	-999	2.28	60	A	1	50	
582196	582196	582196	42.5667	-121.6	4579.66	-999	2.4735	60	B	2	50	
582202	582202	582202	42.5667	-121.35	4738.71	-999	1.8	60	B	2	50	
582203	582203	582203	42.5667	-121.3083	4721.92	-999	2.2687	60	A	1	50	
582216	582216	582216	42.5667	-120.7667	7352.76	-999	2.28	60	A	1	50	
582219	582219	582219	42.5667	-120.6417	5525.98	-999	1.32	60	B	2	50	
582220	582220	582220	42.5667	-120.6	5124.41	-999	1.32	60	B	2	50	
582222	582222	582222	42.5667	-120.5167	5678.61	-999	1.32	60	B	2	50	
582223	582223	582223	42.5667	-120.475	4800.39	-999	0.8426	60	A	1	50	
582224	582224	582224	42.5667	-120.4333	4543.7	-999	3.2678	60	B	2	50	
582225	582225	582225	42.5667	-120.3917	4301.71	-999	3.5744	60	B	2	50	
582226	582226	582226	42.5667	-120.35	4289.9	-999	3.5903	60	B	2	50	
582227	582227	582227	42.5667	-120.3083	4519.29	-999	3.6	60	B	2	50	
582243	582243	582243	42.5667	-119.6417	5597.77	-999	1.56	60	C	3	50	
582251	582251	582251	42.5667	-119.3083	4684.78	-999	1.92	60	B	2	50	
582252	582252	582252	42.5667	-119.2667	4614.04	-999	1.92	60	B	2	50	
582257	582257	582257	42.5667	-119.0583	4556.17	-999	1.92	60	C	3	50	
582258	582258	582258	42.5667	-119.0167	4558.53	-999	1.92	60	C	3	50	
582259	582259	582259	42.5667	-118.975	4555.51	-999	1.92	60	C	3	50	
582260	582260	582260	42.5667	-118.9333	4991.21	-999	1.92	60	B	2	50	
582270	582270	582270	42.5667	-118.5167	4279.66	-999	0.9604	60	B	2	50	
582271	582271	582271	42.5667	-118.475	3993.83	-999	0.96	60	B	2	50	
582290	582290	582290	42.5667	-117.6833	4065.09	-999	1.44	60	A	1	50	
582291	582291	582291	42.5667	-117.6417	4013.12	-999	1.44	60	A	1	50	
582307	582307	582307	42.5667	-116.975	5066.27	-999	1.56	60	B	2	50	
582310	582310	582310	42.5667	-116.85	5512.21	-999	1.3424	60	B	2	50	
583538	583538	583538	42.6083	-123.4333	1698.82	-999	1.4511	60	B	2	50	
583539	583539	583539	42.6083	-123.3917	1838.36	-999	1.3746	60	A	1	50	
583540	583540	583540	42.6083	-123.35	2229.11	-999	1.56	60	B	2	50	
583541	583541	583541	42.6083	-123.3083	2292.87	-999	1.5402	60	B	2	50	
583544	583544	583544	42.6083	-123.1833	2196.52	-999	1.2066	60	A	1	50	
583545	583545	583545	42.6083	-123.1417	1921.59	-999	1.2	60	A	1	50	
583548	583548	583548	42.6083	-123.0167	2244.64	-999	1.44	60	B	2	50	
583549	583549	583549	42.6083	-122.975	2296.37	-999	1.2964	60	A	1	50	
583550	583550	583550	42.6083	-122.9333	2107.5	-999	1.6419	60	B	2	50	
583551	583551	583551	42.6083	-122.8917	2534.12	-999	1.68	60	B	2	50	
583552	583552	583552	42.6083	-122.85	1887.14	-999	1.2083	60	B	2	50	
583553	583553	583553	42.6083	-122.8083	1663.93	-999	1.2313	60	B	2	50	
583554	583554	583554	42.6083	-122.7667	2178.81	-999	1.68	60	B	2	50	
583555	583555	583555	42.6083	-122.725	2290.25	-999	1.68	60	B	2	50	
583556	583556	583556	42.6083	-122.6833	2012.03	-999	1.68	60	B	2	50	
583557	583557	583557	42.6083	-122.6417	2249.24	-999	1.4474	60	B	2	50	
583558	583558	583558	42.6083	-122.6	2819.23	-999	1.6137	60	B	2	50	
583561	583561	583561	42.6083	-122.475	3420.83	-999	1.44	60	B	2	50	
583562	583562	583562	42.6083	-122.4333	3285.01	-999	1.44	60	B	2	50	
583570	583570	583570	42.6083	-122.1	4983.07	-999	3.3214	60	B	2	50	
583571	583571	583571	42.6083	-122.0583	4164.17	-999	4.08	60	B	2	50	
583572	583572	583572	42.6083	-122.0167	4144.62	-999	4.08	60	B	2	50	
583573	583573	583573	42.6083	-121.975	4144.36	-999	4.08	60	B	2	50	
583574	583574	583574	42.6083	-121.9333	4180.18	-999	4.08	60	B	2	50	
583575	583575	583575	42.6083	-121.8917	4404.07	-999	2.28	60	A	1	50	
583576	583576	583576	42.6083	-121.85	4275.07	-999	2.28	60	A	1	50	
583578	583578	583578	42.6083	-121.7667	4432.28	-999	2.3791	60	B	2	50	
583579	583579	583579	42.6083	-121.725	4317.32	-999	2.4677	60	B	2	50	
583580	583580	583580	42.6083	-121.6833	4341.34	-999	2.4472	60	B	2	50	
583581	583581	583581	42.6083	-121.6417	4497.11	-999	2.28	60	A	1	50	
583582	583582	583582	42.6083	-121.6	4821.92	-999	2.28	60	A	1	50	
583589	583589	583589	42.6083	-121.3083	4966.8	-999	1.9917	60	B	2	50	
583602	583602	583602	42.6083	-120.7667	6968.11	-999	2.28	60	A	1	50	
583603	583603	583603	42.6083	-120.725	6850.39	-999	2.28	60	A	1	50	
583605	583605	583605	42.6083	-120.6417	5940.03	-999	1.32	60	B	2	50	
583606	583606	583606	42.6083	-120.6	5233.33	-999	1.32	60	B	2	50	
583608	583608	583608	42.6083	-120.5167	5215.88	-999	0.9243	60	B	2	50	
583609	583609	583609	42.6083	-120.475	4384.38	-999	1.6299	60	B	2	50	
583610	583610	583610	42.6083	-120.4333	4384.91	-999	2.5939	60	B	2	50	
583611	583611	583611	42.6083	-120.3917	4345.14	-999	2.7611	60	B	2	50	
583630	583630	583630	42.6083	-119.6	5550.92	-999	1.4154	60	B	2	50	
583631	583631	583631	42.6083	-119.5583	5228.61	-999	1.56	60	C	3	50	
583643	583643	583643	42.6083	-119.0583	4553.54	-999	1.92	60	C	3	50	
583644	583644	583644	42.6083	-119.0167	4556.43	-999	1.92	60	C	3	50	
583645	583645	583645	42.6083	-118.975	4565.09	-999	1.9144	60	B	2	50	
583646	583646	583646	42.6083	-118.9333	5265.09	-999	1.9001	60	B	2	50	
583656	583656	583656	42.6083	-118.5167	4862.21	-999	0.96	60	B	2	50	
583657	583657	583657	42.6083	-118.475	4052.23	-999	0.96	60	B	2	50	
583658	583658	583658	42.6083	-118.4333	4000.0	-999	0.96	60	B	2	50	
583690	583690	583690	42.6083	-117.1	4875.07	-999	1.2	60	B	2	50	
583691	583691	583691	42.6083	-117.0583	4841.6	-999	1.2116	60	B	2	50	
583692	583692	583692	42.6083	-117.0167	4929.53	-999	1.3796	60	B	2	50	
583693	583693	583693	42.6083	-116.975	5041.21	-999	1.5479	60	B	2	50	
584909	584909	584909	42.65	-124.0583	974.41	-999	1.44	60	B	2	50	
584922	584922	584922	42.65	-123.5167	1380.47	-999	1.44	60	B	2	50	
584923	584923	584923	42.65	-123.475	1484.03	-999	1.44	60	B	2	50	
584924	584924	584924	42.65	-123.4333	1541.67	-999	1.5367	60	B	2	50	
584925	584925	584925	42.65	-123.3917	1564.63	-999	1.5466	60	B	2	50	
584926	584926	584926	42.65	-123.35	2025.92	-999	1.56	60	B	2	50	
584927	584927	584927	42.65	-123.3083	2296.26	-999	1.3794	60	B	2	50	
584929	584929	584929	42.65	-123.225	2840.22	-999	1.32	60	B	2	50	
584935	584935	584935	42.65	-122.975	2982.72	-999	1.44	60	B	2	50	
584936	584936	584936	42.65	-122.9333	2337.16	-999	1.4751	60	B	2	50	
584937	584937	584937	42.65	-122.8917	2951.44	-999	1.68	60	B	2	50	
584938	584938	584938	42.65	-122.85	2267.39	-999	1.6722	60	B	2	50	
584939	584939	584939	42.65	-122.8083	1759.51	-999	1.68	60	B	2	50	
584940	584940	584940	42.65	-122.7667	1978.35	-999	1.68	60	B	2	50	
584941	584941	584941	42.65	-122.725	2049.21	-999	1.68	60	B	2	50	
584942	584942	584942	42.65	-122.6833	1922.68	-999	1.68	60	B	2	50	
584948	584948	584948	42.65	-122.4333	3248.47	-999	1.44	60	B	2	50	
584956	584956	584956	42.65	-122.1	5394.23	-999	2.5164	60	A	1	50	
584957	584957	584957	42.65	-122.0583	4174.02	-999	4.0745	60	B	2	50	
584958	584958	584958	42.65	-122.0167	4151.31	-999	4.08	60	B	2	50	
584959	584959	584959	42.65	-121.975	4154.07	-999	4.0429	60	B	2	50	
584960	584960	584960	42.65	-121.9333	4395.93	-999	4.08	60	B	2	50	
584961	584961	584961	42.65	-121.8917	4374.02	-999	2.28	60	A	1	50	
584962	584962	584962	42.65	-121.85	4246.06	-999	2.28	60	A	1	50	
584964	584964	584964	42.65	-121.7667	4551.97	-999	2.28	60	A	1	50	
584965	584965	584965	42.65	-121.725	4592.13	-999	2.28	60	A	1	50	
584967	584967	584967	42.65	-121.6417	4752.62	-999	2.28	60	A	1	50	
584968	584968	584968	42.65	-121.6	4749.08	-999	2.28	60	A	1	50	
584991	584991	584991	42.65	-120.6417	6399.87	-999	1.32	60	B	2	50	
584994	584994	584994	42.65	-120.5167	4693.44	-999	1.8261	60	B	2	50	
584995	584995	584995	42.65	-120.475	4305.91	-999	3.5897	60	B	2	50	
584996	584996	584996	42.65	-120.4333	4308.14	-999	3.5573	60	B	2	50	
585027	585027	585027	42.65	-119.1417	4552.89	-999	1.92	60	C	3	50	
585028	585028	585028	42.65	-119.1	4550.66	-999	1.92	60	C	3	50	
585029	585029	585029	42.65	-119.0583	4553.94	-999	1.92	60	B	2	50	
585030	585030	585030	42.65	-119.0167	4557.48	-999	1.92	60	B	2	50	
585031	585031	585031	42.65	-118.975	4912.6	-999	1.8247	60	B	2	50	
585043	585043	585043	42.65	-118.475	4265.75	-999	0.96	60	B	2	50	
585057	585057	585057	42.65	-117.8917	3925.98	-999	1.322	60	A	1	50	
585060	585060	585060	42.65	-117.7667	3854.99	-999	1.44	60	A	1	50	
585077	585077	585077	42.65	-117.0583	4964.3	-999	1.2	60	B	2	50	
585078	585078	585078	42.65	-117.0167	5064.44	-999	1.56	60	B	2	50	
585079	585079	585079	42.65	-116.975	5098.03	-999	1.4787	60	B	2	50	
585080	585080	585080	42.65	-116.9333	5326.51	-999	1.32	60	B	2	50	
586298	586298	586298	42.6917	-123.9333	1126.97	-999	1.44	60	B	2	50	
586310	586310	586310	42.6917	-123.4333	2031.06	-999	1.32	60	B	2	50	
586311	586311	586311	42.6917	-123.3917	1743.99	-999	1.32	60	B	2	50	
586312	586312	586312	42.6917	-123.35	1890.86	-999	1.32	60	B	2	50	
586313	586313	586313	42.6917	-123.3083	2250.55	-999	1.32	60	B	2	50	
586323	586323	586323	42.6917	-122.8917	2317.04	-999	1.4583	60	B	2	50	
586324	586324	586324	42.6917	-122.85	2021.0	-999	1.6733	60	B	2	50	
586325	586325	586325	42.6917	-122.8083	2600.94	-999	1.68	60	B	2	50	
586326	586326	586326	42.6917	-122.7667	2591.97	-999	1.68	60	B	2	50	
586327	586327	586327	42.6917	-122.725	2022.2	-999	1.68	60	B	2	50	
586329	586329	586329	42.6917	-122.6417	1992.35	-999	1.6757	60	B	2	50	
586330	586330	586330	42.6917	-122.6	2343.5	-999	1.6764	60	B	2	50	
586331	586331	586331	42.6917	-122.5583	3237.53	-999	1.68	60	B	2	50	
586334	586334	586334	42.6917	-122.4333	3042.54	-999	1.44	60	B	2	50	
586342	586342	586342	42.6917	-122.1	5618.24	-999	2.0214	60	A	1	50	
586343	586343	586343	42.6917	-122.0583	4237.27	-999	3.9867	60	B	2	50	
586344	586344	586344	42.6917	-122.0167	4178.74	-999	4.08	60	B	2	50	
586345	586345	586345	42.6917	-121.975	4183.73	-999	3.7412	60	A	1	50	
586353	586353	586353	42.6917	-121.6417	4799.87	-999	2.28	60	A	1	50	
586379	586379	586379	42.6917	-120.5583	4676.64	-999	0.7616	60	A	1	50	
586380	586380	586380	42.6917	-120.5167	4349.34	-999	2.3571	60	B	2	50	
586381	586381	586381	42.6917	-120.475	4312.2	-999	3.5953	60	B	2	50	
586382	586382	586382	42.6917	-120.4333	4317.98	-999	2.6374	60	B	2	50	
586386	586386	586386	42.6917	-120.2667	4340.55	-999	0.84	60	A	1	50	
586409	586409	586409	42.6917	-119.3083	4716.93	-999	1.44	60	B	2	50	
586410	586410	586410	42.6917	-119.2667	4656.69	-999	1.92	60	B	2	50	
586411	586411	586411	42.6917	-119.225	4601.84	-999	1.92	60	B	2	50	
586412	586412	586412	42.6917	-119.1833	4577.56	-999	1.92	60	B	2	50	
586414	586414	586414	42.6917	-119.1	4554.33	-999	1.92	60	B	2	50	
586415	586415	586415	42.6917	-119.0583	4556.04	-999	1.92	60	B	2	50	
586416	586416	586416	42.6917	-119.0167	4562.34	-999	1.9185	60	B	2	50	
586422	586422	586422	42.6917	-118.7667	5308.79	-999	1.56	60	B	2	50	
586443	586443	586443	42.6917	-117.8917	3958.66	-999	1.44	60	A	1	50	
586444	586444	586444	42.6917	-117.85	3932.15	-999	1.44	60	A	1	50	
586445	586445	586445	42.6917	-117.8083	3856.56	-999	1.44	60	A	1	50	
586451	586451	586451	42.6917	-117.5583	3976.9	-999	1.421	60	A	1	50	
586465	586465	586465	42.6917	-116.975	5503.81	-999	1.3875	60	B	2	50	
586473	586473	586473	42.6917	-116.6417	5873.23	-999	1.32	60	B	2	50	
586474	586474	586474	42.6917	-116.6	6074.02	-999	1.32	60	B	2	50	
587672	587672	587672	42.7333	-124.4333	588.47	-999	1.7135	60	B	2	50	
587687	587687	587687	42.7333	-123.8083	2361.44	-999	1.44	60	B	2	50	
587694	587694	587694	42.7333	-123.5167	2033.68	-999	1.44	60	B	2	50	
587695	587695	587695	42.7333	-123.475	1893.7	-999	1.4336	60	B	2	50	
587696	587696	587696	42.7333	-123.4333	1853.45	-999	1.438	60	B	2	50	
587697	587697	587697	42.7333	-123.3917	1772.09	-999	1.4315	60	B	2	50	
587698	587698	587698	42.7333	-123.35	1926.51	-999	1.3856	60	B	2	50	
587699	587699	587699	42.7333	-123.3083	2377.52	-999	1.32	60	B	2	50	
587700	587700	587700	42.7333	-123.2667	2516.4	-999	1.32	60	B	2	50	
587701	587701	587701	42.7333	-123.225	2976.05	-999	1.1839	60	B	2	50	
587710	587710	587710	42.7333	-122.85	2597.44	-999	1.6023	60	B	2	50	
587711	587711	587711	42.7333	-122.8083	2837.05	-999	1.653	60	B	2	50	
587713	587713	587713	42.7333	-122.725	2311.9	-999	1.4873	60	B	2	50	
587714	587714	587714	42.7333	-122.6833	2526.9	-999	1.44	60	B	2	50	
587716	587716	587716	42.7333	-122.6	3284.22	-999	1.68	60	B	2	50	
587717	587717	587717	42.7333	-122.5583	2894.14	-999	1.68	60	B	2	50	
587718	587718	587718	42.7333	-122.5167	2585.96	-999	1.4632	60	B	2	50	
587719	587719	587719	42.7333	-122.475	2545.38	-999	1.92	60	A	1	50	
587720	587720	587720	42.7333	-122.4333	2873.8	-999	1.92	60	A	1	50	
587729	587729	587729	42.7333	-122.0583	4286.48	-999	4.08	60	B	2	50	
587730	587730	587730	42.7333	-122.0167	4239.11	-999	4.08	60	B	2	50	
587731	587731	587731	42.7333	-121.975	4389.76	-999	3.9544	60	B	2	50	
587737	587737	587737	42.7333	-121.725	4631.37	-999	2.28	60	A	1	50	
587738	587738	587738	42.7333	-121.6833	4594.23	-999	2.28	60	A	1	50	
587743	587743	587743	42.7333	-121.475	4736.22	-999	2.28	60	A	1	50	
587744	587744	587744	42.7333	-121.4333	4633.86	-999	4.3582	60	B	2	50	
587750	587750	587750	42.7333	-121.1833	5079.4	-999	4.8518	60	B	2	50	
587760	587760	587760	42.7333	-120.7667	5129.66	-999	0.84	60	A	1	50	
587761	587761	587761	42.7333	-120.725	4491.73	-999	0.8838	60	B	2	50	
587762	587762	587762	42.7333	-120.6833	4204.86	-999	0.8835	60	B	2	50	
587763	587763	587763	42.7333	-120.6417	4215.09	-999	0.8503	60	A	1	50	
587765	587765	587765	42.7333	-120.5583	4373.75	-999	0.72	60	A	1	50	
587766	587766	587766	42.7333	-120.5167	4435.17	-999	1.2169	60	A	1	50	
587767	587767	587767	42.7333	-120.475	4371.92	-999	3.0453	60	B	2	50	
587768	587768	587768	42.7333	-120.4333	4426.25	-999	0.72	60	A	1	50	
587772	587772	587772	42.7333	-120.2667	4584.65	-999	0.84	60	A	1	50	
587773	587773	587773	42.7333	-120.225	4270.47	-999	0.84	60	A	1	50	
587774	587774	587774	42.7333	-120.1833	4295.41	-999	0.84	60	A	1	50	
587775	587775	587775	42.7333	-120.1417	4274.41	-999	0.84	60	A	1	50	
587799	587799	587799	42.7333	-119.1417	4589.76	-999	1.92	60	B	2	50	
587800	587800	587800	42.7333	-119.1	4573.75	-999	1.92	60	B	2	50	
587801	587801	587801	42.7333	-119.0583	4565.22	-999	1.92	60	B	2	50	
587815	587815	587815	42.7333	-118.475	4601.84	-999	0.967	60	B	2	50	
587831	587831	587831	42.7333	-117.8083	3873.75	-999	1.44	60	A	1	50	
587836	587836	587836	42.7333	-117.6	3837.8	-999	1.2	60	B	2	50	
587837	587837	587837	42.7333	-117.5583	3887.01	-999	1.212	60	B	2	50	
587845	587845	587845	42.7333	-117.225	4695.28	-999	1.2	60	B	2	50	
587846	587846	587846	42.7333	-117.1833	4671.13	-999	1.2	60	B	2	50	
587847	587847	587847	42.7333	-117.1417	4732.15	-999	1.56	60	B	2	50	
587848	587848	587848	42.7333	-117.1	4832.15	-999	1.3066	60	B	2	50	
587849	587849	587849	42.7333	-117.0583	4886.22	-999	1.4993	60	B	2	50	
587850	587850	587850	42.7333	-117.0167	5136.35	-999	1.56	60	B	2	50	
587858	587858	587858	42.7333	-116.6833	5899.08	-999	1.32	60	B	2	50	
587859	587859	587859	42.7333	-116.6417	5648.95	-999	1.32	60	B	2	50	
589056	589056	589056	42.775	-124.5167	33.36	-999	1.68	60	B	2	50	
589057	589057	589057	42.775	-124.475	212.16	-999	1.704	60	B	2	50	
589058	589058	589058	42.775	-124.4333	454.07	-999	2.012	60	B	2	50	
589082	589082	589082	42.775	-123.4333	2287.84	-999	1.44	60	B	2	50	
589083	589083	589083	42.775	-123.3917	1995.73	-999	1.44	60	B	2	50	
589084	589084	589084	42.775	-123.35	1841.1	-999	1.4362	60	B	2	50	
589085	589085	589085	42.775	-123.3083	1878.5	-999	1.4364	60	B	2	50	
589086	589086	589086	42.775	-123.2667	1834.65	-999	1.4334	60	B	2	50	
589087	589087	589087	42.775	-123.225	2217.3	-999	1.4362	60	B	2	50	
589095	589095	589095	42.775	-122.8917	3836.29	-999	1.44	60	B	2	50	
589096	589096	589096	42.775	-122.85	3418.86	-999	1.44	60	B	2	50	
589100	589100	589100	42.775	-122.6833	2426.84	-999	1.44	60	B	2	50	
589101	589101	589101	42.775	-122.6417	2356.3	-999	1.5452	60	B	2	50	
589102	589102	589102	42.775	-122.6	2846.35	-999	1.68	60	B	2	50	
589103	589103	589103	42.775	-122.5583	3946.85	-999	1.5372	60	B	2	50	
589105	589105	589105	42.775	-122.475	2731.52	-999	1.92	60	A	1	50	
589106	589106	589106	42.775	-122.4333	2882.22	-999	1.92	60	A	1	50	
589120	589120	589120	42.775	-121.85	4626.64	-999	3.2003	60	A	1	50	
589121	589121	589121	42.775	-121.8083	4525.46	-999	3.6426	60	B	2	50	
589122	589122	589122	42.775	-121.7667	4538.45	-999	4.2341	60	B	2	50	
589123	589123	589123	42.775	-121.725	4600.52	-999	2.5367	60	A	1	50	
589124	589124	589124	42.775	-121.6833	4588.98	-999	2.28	60	A	1	50	
589129	589129	589129	42.775	-121.475	4680.45	-999	2.28	60	A	1	50	
589130	589130	589130	42.775	-121.4333	4672.7	-999	4.6887	60	B	2	50	
589137	589137	589137	42.775	-121.1417	4984.65	-999	4.92	60	B	2	50	
589138	589138	589138	42.775	-121.1	5012.86	-999	4.3513	60	B	2	50	
589139	589139	589139	42.775	-121.0583	5060.63	-999	2.4413	60	B	2	50	
589146	589146	589146	42.775	-120.7667	4274.02	-999	0.8414	60	A	1	50	
589159	589159	589159	42.775	-120.225	4347.9	-999	0.84	60	A	1	50	
589186	589186	589186	42.775	-119.1	4612.73	-999	1.92	60	B	2	50	
589187	589187	589187	42.775	-119.0583	4684.38	-999	1.92	60	B	2	50	
589188	589188	589188	42.775	-119.0167	4773.36	-999	1.92	60	B	2	50	
589189	589189	589189	42.775	-118.975	4617.19	-999	1.8865	60	B	2	50	
589191	589191	589191	42.775	-118.8917	5315.88	-999	1.56	60	B	2	50	
589201	589201	589201	42.775	-118.475	5645.14	-999	0.9817	60	B	2	50	
589202	589202	589202	42.775	-118.4333	4378.08	-999	0.96	60	B	2	50	
589218	589218	589218	42.775	-117.7667	3750.39	-999	1.2	60	B	2	50	
589219	589219	589219	42.775	-117.725	3702.1	-999	1.2	60	B	2	50	
589223	589223	589223	42.775	-117.5583	3884.38	-999	1.44	60	A	1	50	
589229	589229	589229	42.775	-117.3083	4489.37	-999	1.2	60	B	2	50	
589232	589232	589232	42.775	-117.1833	4753.02	-999	1.2	60	B	2	50	
589235	589235	589235	42.775	-117.0583	5229.0	-999	1.56	60	B	2	50	
589236	589236	589236	42.775	-117.0167	5201.71	-999	1.4171	60	B	2	50	
589239	589239	589239	42.775	-116.8917	6188.58	-999	1.2113	60	B	2	50	
589240	589240	589240	42.775	-116.85	5651.18	-999	1.2344	60	B	2	50	
589242	589242	589242	42.775	-116.7667	5752.76	-999	1.32	60	B	2	50	
589243	589243	589243	42.775	-116.725	5856.17	-999	1.32	60	B	2	50	
589244	589244	589244	42.775	-116.6833	5406.56	-999	1.32	60	B	2	50	
589245	589245	589245	42.775	-116.6417	5325.59	-999	1.6018	60	B	2	50	
589246	589246	589246	42.775	-116.6	5380.71	-999	1.56	60	B	2	50	
589256	589256	589256	42.775	-116.1833	3709.97	-999	1.08	60	A	1	50	
590442	590442	590442	42.8167	-124.5167	92.41	-999	1.68	60	B	2	50	
590443	590443	590443	42.8167	-124.475	226.71	-999	1.7838	60	B	2	50	
590444	590444	590444	42.8167	-124.4333	477.36	-999	1.8389	60	B	2	50	
590445	590445	590445	42.8167	-124.3917	498.14	-999	1.68	60	B	2	50	
590450	590450	590450	42.8167	-124.1833	747.48	-999	2.04	60	B	2	50	
590472	590472	590472	42.8167	-123.2667	2393.92	-999	1.44	60	B	2	50	
590473	590473	590473	42.8167	-123.225	2218.28	-999	1.44	60	B	2	50	
590474	590474	590474	42.8167	-123.1833	2182.52	-999	1.44	60	B	2	50	
590475	590475	590475	42.8167	-123.1417	2515.97	-999	1.44	60	B	2	50	
590476	590476	590476	42.8167	-123.1	2389.0	-999	1.2908	60	A	1	50	
590477	590477	590477	42.8167	-123.0583	2287.95	-999	1.2	60	A	1	50	
590478	590478	590478	42.8167	-123.0167	2736.33	-999	1.2376	60	A	1	50	
590479	590479	590479	42.8167	-122.975	3046.04	-999	1.32	60	B	2	50	
590480	590480	590480	42.8167	-122.9333	3115.27	-999	1.32	60	B	2	50	
590482	590482	590482	42.8167	-122.85	2440.95	-999	1.32	60	B	2	50	
590483	590483	590483	42.8167	-122.8083	2698.82	-999	1.32	60	B	2	50	
590487	590487	590487	42.8167	-122.6417	2745.3	-999	1.44	60	B	2	50	
590491	590491	590491	42.8167	-122.475	2926.73	-999	1.92	60	A	1	50	
590507	590507	590507	42.8167	-121.8083	4523.62	-999	4.8089	60	B	2	50	
590508	590508	590508	42.8167	-121.7667	4536.88	-999	4.2581	60	B	2	50	
590516	590516	590516	42.8167	-121.4333	4669.03	-999	4.8967	60	B	2	50	
590523	590523	590523	42.8167	-121.1417	5005.25	-999	4.2844	60	B	2	50	
590524	590524	590524	42.8167	-121.1	4989.76	-999	4.9168	60	B	2	50	
590525	590525	590525	42.8167	-121.0583	4994.09	-999	4.92	60	B	2	50	
590531	590531	590531	42.8167	-120.8083	5331.37	-999	0.84	60	A	1	50	
590570	590570	590570	42.8167	-119.1833	4741.6	-999	1.44	60	B	2	50	
590572	590572	590572	42.8167	-119.1	4698.03	-999	1.9196	60	B	2	50	
590573	590573	590573	42.8167	-119.0583	4796.98	-999	1.5728	60	B	2	50	
590577	590577	590577	42.8167	-118.8917	4496.59	-999	2.5374	60	B	2	50	
590584	590584	590584	42.8167	-118.6	6472.7	-999	1.32	60	B	2	50	
590605	590605	590605	42.8167	-117.725	3710.1	-999	1.2	60	B	2	50	
590607	590607	590607	42.8167	-117.6417	3553.94	-999	1.44	60	A	1	50	
590622	590622	590622	42.8167	-117.0167	4924.54	-999	1.2	60	B	2	50	
590624	590624	590624	42.8167	-116.9333	5399.21	-999	1.2543	60	B	2	50	
590625	590625	590625	42.8167	-116.8917	5272.83	-999	1.2284	60	B	2	50	
590626	590626	590626	42.8167	-116.85	5293.44	-999	1.3683	60	B	2	50	
590630	590630	590630	42.8167	-116.6833	5189.24	-999	1.3522	60	B	2	50	
590631	590631	590631	42.8167	-116.6417	5141.6	-999	1.6606	60	B	2	50	
590632	590632	590632	42.8167	-116.6	5308.4	-999	1.6396	60	B	2	50	
590642	590642	590642	42.8167	-116.1833	3462.2	-999	1.08	60	A	1	50	
590643	590643	590643	42.8167	-116.1417	3307.48	-999	1.0882	60	A	1	50	
591828	591828	591828	42.8583	-124.5167	128.61	-999	1.68	60	B	2	50	
591829	591829	591829	42.8583	-124.475	229.22	-999	1.68	60	B	2	50	
591836	591836	591836	42.8583	-124.1833	923.01	-999	2.04	60	B	2	50	
591838	591838	591838	42.8583	-124.1	1116.14	-999	1.8	60	B	2	50	
591839	591839	591839	42.8583	-124.0583	754.49	-999	2.0283	60	B	2	50	
591860	591860	591860	42.8583	-123.1833	2489.06	-999	1.44	60	B	2	50	
591862	591862	591862	42.8583	-123.1	2701.22	-999	1.2015	60	A	1	50	
591863	591863	591863	42.8583	-123.0583	2432.63	-999	1.2	60	A	1	50	
591866	591866	591866	42.8583	-122.9333	2344.38	-999	1.32	60	B	2	50	
591867	591867	591867	42.8583	-122.8917	2039.7	-999	1.32	60	B	2	50	
591868	591868	591868	42.8583	-122.85	2234.36	-999	1.32	60	B	2	50	
591893	591893	591893	42.8583	-121.8083	4539.5	-999	4.894	60	B	2	50	
591894	591894	591894	42.8583	-121.7667	4521.39	-999	4.8495	60	B	2	50	
591895	591895	591895	42.8583	-121.725	4521.0	-999	3.3311	60	B	2	50	
591901	591901	591901	42.8583	-121.475	4690.42	-999	3.0124	60	A	1	50	
591902	591902	591902	42.8583	-121.4333	4678.22	-999	2.28	60	A	1	50	
591909	591909	591909	42.8583	-121.1417	5084.65	-999	2.4264	60	A	1	50	
591910	591910	591910	42.8583	-121.1	5017.19	-999	4.7768	60	B	2	50	
591911	591911	591911	42.8583	-121.0583	5059.97	-999	4.9193	60	B	2	50	
591917	591917	591917	42.8583	-120.8083	5011.94	-999	0.8604	60	A	1	50	
591959	591959	591959	42.8583	-119.0583	4827.03	-999	1.44	60	B	2	50	
591960	591960	591960	42.8583	-119.0167	4895.41	-999	1.44	60	B	2	50	
591963	591963	591963	42.8583	-118.8917	4244.23	-999	2.598	60	B	2	50	
591975	591975	591975	42.8583	-118.3917	4366.8	-999	0.96	60	B	2	50	
591991	591991	591991	42.8583	-117.725	3591.86	-999	1.2	60	B	2	50	
591992	591992	591992	42.8583	-117.6833	3519.69	-999	1.44	60	A	1	50	
591993	591993	591993	42.8583	-117.6417	3470.6	-999	1.4159	60	A	1	50	
591995	591995	591995	42.8583	-117.5583	3883.99	-999	1.44	60	A	1	50	
591996	591996	591996	42.8583	-117.5167	3896.85	-999	1.44	60	A	1	50	
591997	591997	591997	42.8583	-117.475	4008.53	-999	1.44	60	A	1	50	
592008	592008	592008	42.8583	-117.0167	4687.01	-999	1.5941	60	B	2	50	
592009	592009	592009	42.8583	-116.975	4935.17	-999	1.9139	60	B	2	50	
592010	592010	592010	42.8583	-116.9333	4800.26	-999	1.6766	60	B	2	50	
592011	592011	592011	42.8583	-116.8917	4902.76	-999	1.56	60	B	2	50	
592012	592012	592012	42.8583	-116.85	4954.33	-999	1.56	60	B	2	50	
592013	592013	592013	42.8583	-116.8083	5060.1	-999	1.32	60	B	2	50	
592015	592015	592015	42.8583	-116.725	5315.49	-999	1.32	60	B	2	50	
592017	592017	592017	42.8583	-116.6417	5326.9	-999	1.6132	60	B	2	50	
592018	592018	592018	42.8583	-116.6	5319.82	-999	1.68	60	B	2	50	
592030	592030	592030	42.8583	-116.1	2983.6	-999	1.1628	60	A	1	50	
592031	592031	592031	42.8583	-116.0583	2925.33	-999	1.4157	60	A	1	50	
593214	593214	593214	42.9	-124.5167	11.81	-999	1.68	60	B	2	50	
593215	593215	593215	42.9	-124.475	67.26	-999	1.6815	60	B	2	50	
593216	593216	593216	42.9	-124.4333	509.41	-999	1.9139	60	B	2	50	
593224	593224	593224	42.9	-124.1	695.76	-999	2.0353	60	B	2	50	
593225	593225	593225	42.9	-124.0583	707.57	-999	2.0397	60	B	2	50	
593237	593237	593237	42.9	-123.5583	1403.87	-999	1.32	60	B	2	50	
593238	593238	593238	42.9	-123.5167	1479.22	-999	1.32	60	B	2	50	
593240	593240	593240	42.9	-123.4333	1548.23	-999	1.5051	60	B	2	50	
593241	593241	593241	42.9	-123.3917	1431.32	-999	1.5263	60	B	2	50	
593242	593242	593242	42.9	-123.35	1639.33	-999	1.3667	60	B	2	50	
593243	593243	593243	42.9	-123.3083	2103.57	-999	1.44	60	B	2	50	
593252	593252	593252	42.9	-122.9333	1842.41	-999	1.112	60	C	3	50	
593253	593253	593253	42.9	-122.8917	2270.12	-999	1.2903	60	B	2	50	
593279	593279	593279	42.9	-121.8083	4543.7	-999	4.8746	60	B	2	50	
593280	593280	593280	42.9	-121.7667	4528.22	-999	4.92	60	B	2	50	
593281	593281	593281	42.9	-121.725	4521.13	-999	4.5538	60	B	2	50	
593282	593282	593282	42.9	-121.6833	4517.72	-999	1.5298	60	B	2	50	
593287	593287	593287	42.9	-121.475	4605.51	-999	4.5577	60	B	2	50	
593303	593303	593303	42.9	-120.8083	4643.7	-999	1.3264	60	B	2	50	
593339	593339	593339	42.9	-119.3083	4943.83	-999	1.44	60	B	2	50	
593340	593340	593340	42.9	-119.2667	4932.68	-999	1.44	60	B	2	50	
593344	593344	593344	42.9	-119.1	4885.56	-999	1.44	60	B	2	50	
593345	593345	593345	42.9	-119.0583	4876.64	-999	1.44	60	B	2	50	
593349	593349	593349	42.9	-118.8917	4543.31	-999	2.6088	60	B	2	50	
593350	593350	593350	42.9	-118.85	4191.08	-999	2.6394	60	B	2	50	
593381	593381	593381	42.9	-117.5583	3785.43	-999	1.3701	60	B	2	50	
593382	593382	593382	42.9	-117.5167	3790.55	-999	1.2909	60	B	2	50	
593383	593383	593383	42.9	-117.475	3895.28	-999	1.2646	60	B	2	50	
593384	593384	593384	42.9	-117.4333	4030.71	-999	1.2	60	B	2	50	
593388	593388	593388	42.9	-117.2667	4395.01	-999	1.2659	60	B	2	50	
593389	593389	593389	42.9	-117.225	4336.88	-999	1.2	60	B	2	50	
593394	593394	593394	42.9	-117.0167	4538.32	-999	1.8129	60	B	2	50	
593395	593395	593395	42.9	-116.975	4716.01	-999	1.7642	60	B	2	50	
593397	593397	593397	42.9	-116.8917	4929.66	-999	1.56	60	B	2	50	
593398	593398	593398	42.9	-116.85	4949.48	-999	1.4601	60	B	2	50	
593399	593399	593399	42.9	-116.8083	5245.67	-999	1.3174	60	B	2	50	
593400	593400	593400	42.9	-116.7667	5488.32	-999	1.2	60	B	2	50	
593409	593409	593409	42.9	-116.3917	3712.34	-999	1.08	60	A	1	50	
593414	593414	593414	42.9	-116.1833	3156.04	-999	1.44	60	A	1	50	
593415	593415	593415	42.9	-116.1417	2943.31	-999	1.44	60	A	1	50	
593416	593416	593416	42.9	-116.1	2754.59	-999	1.44	60	A	1	50	
593417	593417	593417	42.9	-116.0583	2654.86	-999	1.44	60	A	1	50	
593418	593418	593418	42.9	-116.0167	2698.69	-999	1.44	60	A	1	50	
593419	593419	593419	42.9	-115.975	2674.15	-999	1.44	60	A	1	50	
594601	594601	594601	42.9417	-124.475	11.05	-999	1.68	60	B	2	50	
594602	594602	594602	42.9417	-124.4333	277.78	-999	1.7311	60	B	2	50	
594603	594603	594603	42.9417	-124.3917	783.79	-999	2.9982	60	B	2	50	
594604	594604	594604	42.9417	-124.35	875.66	-999	2.04	60	B	2	50	
594605	594605	594605	42.9417	-124.3083	915.03	-999	2.04	60	B	2	50	
594607	594607	594607	42.9417	-124.225	963.15	-999	2.04	60	B	2	50	
594608	594608	594608	42.9417	-124.1833	676.62	-999	2.04	60	B	2	50	
594610	594610	594610	42.9417	-124.1	369.86	-999	2.04	60	B	2	50	
594611	594611	594611	42.9417	-124.0583	1045.6	-999	2.04	60	B	2	50	
594612	594612	594612	42.9417	-124.0167	806.54	-999	1.8011	60	B	2	50	
594613	594613	594613	42.9417	-123.975	1019.9	-999	1.8	60	B	2	50	
594614	594614	594614	42.9417	-123.9333	1299.21	-999	1.8	60	B	2	50	
594626	594626	594626	42.9417	-123.4333	1556.21	-999	1.56	60	B	2	50	
594627	594627	594627	42.9417	-123.3917	1015.09	-999	1.5514	60	B	2	50	
594628	594628	594628	42.9417	-123.35	834.54	-999	1.5313	60	B	2	50	
594629	594629	594629	42.9417	-123.3083	902.78	-999	1.5537	60	B	2	50	
594630	594630	594630	42.9417	-123.2667	908.79	-999	1.554	60	B	2	50	
594631	594631	594631	42.9417	-123.225	1198.71	-999	1.5201	60	B	2	50	
594632	594632	594632	42.9417	-123.1833	1316.38	-999	1.4692	60	B	2	50	
594633	594633	594633	42.9417	-123.1417	1239.94	-999	1.5441	60	B	2	50	
594634	594634	594634	42.9417	-123.1	1296.48	-999	1.5071	60	B	2	50	
594635	594635	594635	42.9417	-123.0583	1452.32	-999	1.4165	60	B	2	50	
594636	594636	594636	42.9417	-123.0167	1490.59	-999	1.413	60	B	2	50	
594637	594637	594637	42.9417	-122.975	1765.53	-999	1.3757	60	B	2	50	
594638	594638	594638	42.9417	-122.9333	1734.91	-999	1.3535	60	B	2	50	
594639	594639	594639	42.9417	-122.8917	2038.49	-999	1.4395	60	B	2	50	
594665	594665	594665	42.9417	-121.8083	4559.97	-999	4.8916	60	B	2	50	
594666	594666	594666	42.9417	-121.7667	4539.11	-999	4.8616	60	B	2	50	
594667	594667	594667	42.9417	-121.725	4526.25	-999	4.92	60	B	2	50	
594668	594668	594668	42.9417	-121.6833	4521.26	-999	3.3852	60	B	2	50	
594669	594669	594669	42.9417	-121.6417	4583.33	-999	4.7436	60	B	2	50	
594670	594670	594670	42.9417	-121.6	4545.8	-999	4.8409	60	B	2	50	
594671	594671	594671	42.9417	-121.5583	4558.53	-999	3.4041	60	A	1	50	
594673	594673	594673	42.9417	-121.475	4640.03	-999	4.3816	60	B	2	50	
594689	594689	594689	42.9417	-120.8083	5685.56	-999	1.8729	60	B	2	50	
594690	594690	594690	42.9417	-120.7667	4169.16	-999	3.1562	60	B	2	50	
594693	594693	594693	42.9417	-120.6417	4243.04	-999	0.84	60	A	1	50	
594724	594724	594724	42.9417	-119.35	5172.83	-999	1.44	60	B	2	50	
594735	594735	594735	42.9417	-118.8917	4888.06	-999	2.5856	60	B	2	50	
594736	594736	594736	42.9417	-118.85	4188.98	-999	2.3807	60	B	2	50	
594737	594737	594737	42.9417	-118.8083	4317.98	-999	1.6599	60	B	2	50	
594742	594742	594742	42.9417	-118.6	4919.16	-999	1.56	60	B	2	50	
594743	594743	594743	42.9417	-118.5583	5372.7	-999	1.56	60	B	2	50	
594748	594748	594748	42.9417	-118.35	5386.75	-999	0.96	60	B	2	50	
594749	594749	594749	42.9417	-118.3083	4274.28	-999	0.96	60	B	2	50	
594766	594766	594766	42.9417	-117.6	3943.83	-999	1.2118	60	B	2	50	
594767	594767	594767	42.9417	-117.5583	3847.64	-999	1.2008	60	B	2	50	
594768	594768	594768	42.9417	-117.5167	3943.44	-999	1.2	60	B	2	50	
594769	594769	594769	42.9417	-117.475	4155.38	-999	1.2	60	B	2	50	
594772	594772	594772	42.9417	-117.35	4247.64	-999	1.5176	60	B	2	50	
594773	594773	594773	42.9417	-117.3083	4238.85	-999	1.8919	60	B	2	50	
594774	594774	594774	42.9417	-117.2667	4269.42	-999	1.9041	60	B	2	50	
594777	594777	594777	42.9417	-117.1417	4546.06	-999	1.8069	60	B	2	50	
594778	594778	594778	42.9417	-117.1	4471.26	-999	1.8354	60	B	2	50	
594779	594779	594779	42.9417	-117.0583	4477.17	-999	1.6664	60	B	2	50	
594780	594780	594780	42.9417	-117.0167	4515.35	-999	1.8968	60	B	2	50	
594784	594784	594784	42.9417	-116.85	5166.8	-999	1.32	60	B	2	50	
594796	594796	594796	42.9417	-116.35	3126.38	-999	1.44	60	A	1	50	
594801	594801	594801	42.9417	-116.1417	2781.1	-999	1.44	60	A	1	50	
594802	594802	594802	42.9417	-116.1	2599.48	-999	1.44	60	A	1	50	
594803	594803	594803	42.9417	-116.0583	2509.97	-999	1.44	60	A	1	50	
594804	594804	594804	42.9417	-116.0167	2496.19	-999	1.445	60	A	1	50	
594805	594805	594805	42.9417	-115.975	2494.75	-999	1.44	60	A	1	50	
595987	595987	595987	42.9833	-124.475	2.84	-999	1.68	60	B	2	50	
595988	595988	595988	42.9833	-124.4333	63.1	-999	1.6837	60	B	2	50	
595989	595989	595989	42.9833	-124.3917	380.91	-999	2.3116	60	B	2	50	
595990	595990	595990	42.9833	-124.35	616.69	-999	2.04	60	B	2	50	
595993	595993	595993	42.9833	-124.225	488.62	-999	1.9806	60	B	2	50	
595994	595994	595994	42.9833	-124.1833	498.91	-999	2.04	60	B	2	50	
595995	595995	595995	42.9833	-124.1417	312.44	-999	2.0354	60	B	2	50	
595996	595996	595996	42.9833	-124.1	624.12	-999	2.04	60	B	2	50	
595998	595998	595998	42.9833	-124.0167	686.68	-999	1.8981	60	B	2	50	
595999	595999	595999	42.9833	-123.975	618.55	-999	1.857	60	B	2	50	
596000	596000	596000	42.9833	-123.9333	1036.97	-999	1.8	60	B	2	50	
596001	596001	596001	42.9833	-123.8917	1179.46	-999	1.8	60	B	2	50	
596002	596002	596002	42.9833	-123.85	1030.84	-999	1.8	60	B	2	50	
596013	596013	596013	42.9833	-123.3917	1967.74	-999	1.1966	60	B	2	50	
596014	596014	596014	42.9833	-123.35	1201.99	-999	1.5482	60	B	2	50	
596015	596015	596015	42.9833	-123.3083	943.02	-999	1.5416	60	B	2	50	
596017	596017	596017	42.9833	-123.225	1291.45	-999	1.5545	60	B	2	50	
596018	596018	596018	42.9833	-123.1833	1125.0	-999	1.5262	60	B	2	50	
596019	596019	596019	42.9833	-123.1417	1250.66	-999	1.5159	60	B	2	50	
596020	596020	596020	42.9833	-123.1	1536.97	-999	1.44	60	B	2	50	
596021	596021	596021	42.9833	-123.0583	1981.3	-999	1.44	60	B	2	50	
596023	596023	596023	42.9833	-122.975	2081.15	-999	1.2036	60	A	1	50	
596025	596025	596025	42.9833	-122.8917	1918.31	-999	1.44	60	B	2	50	
596052	596052	596052	42.9833	-121.7667	4568.37	-999	3.1619	60	A	1	50	
596053	596053	596053	42.9833	-121.725	4563.65	-999	4.7779	60	B	2	50	
596054	596054	596054	42.9833	-121.6833	4550.13	-999	4.0623	60	B	2	50	
596055	596055	596055	42.9833	-121.6417	4526.64	-999	4.8476	60	B	2	50	
596056	596056	596056	42.9833	-121.6	4526.51	-999	4.9192	60	B	2	50	
596057	596057	596057	42.9833	-121.5583	4550.0	-999	4.5666	60	B	2	50	
596058	596058	596058	42.9833	-121.5167	4584.65	-999	4.7762	60	B	2	50	
596059	596059	596059	42.9833	-121.475	4606.17	-999	4.7428	60	B	2	50	
596076	596076	596076	42.9833	-120.7667	4482.68	-999	0.9311	60	B	2	50	
596077	596077	596077	42.9833	-120.725	4200.66	-999	0.84	60	A	1	50	
596078	596078	596078	42.9833	-120.6833	4206.04	-999	0.84	60	A	1	50	
596079	596079	596079	42.9833	-120.6417	4251.31	-999	0.84	60	A	1	50	
596122	596122	596122	42.9833	-118.85	4212.47	-999	2.1857	60	B	2	50	
596125	596125	596125	42.9833	-118.725	4434.12	-999	1.56	60	B	2	50	
596126	596126	596126	42.9833	-118.6833	4470.74	-999	1.5749	60	B	2	50	
596127	596127	596127	42.9833	-118.6417	4604.99	-999	1.56	60	B	2	50	
596158	596158	596158	42.9833	-117.35	4285.56	-999	0.6	60	B	2	50	
596161	596161	596161	42.9833	-117.225	4368.64	-999	1.8923	60	B	2	50	
596162	596162	596162	42.9833	-117.1833	4402.1	-999	1.8152	60	B	2	50	
596163	596163	596163	42.9833	-117.1417	4388.98	-999	1.9093	60	B	2	50	
596164	596164	596164	42.9833	-117.1	4358.92	-999	1.899	60	B	2	50	
596165	596165	596165	42.9833	-117.0583	4458.27	-999	1.8429	60	B	2	50	
596166	596166	596166	42.9833	-117.0167	4627.56	-999	1.8182	60	B	2	50	
596167	596167	596167	42.9833	-116.975	4897.24	-999	1.6535	60	B	2	50	
596170	596170	596170	42.9833	-116.85	5436.35	-999	1.32	60	B	2	50	
596182	596182	596182	42.9833	-116.35	2864.83	-999	1.44	60	A	1	50	
596184	596184	596184	42.9833	-116.2667	2754.59	-999	1.44	60	A	1	50	
596186	596186	596186	42.9833	-116.1833	2662.47	-999	1.44	60	A	1	50	
596187	596187	596187	42.9833	-116.1417	2529.53	-999	1.44	60	A	1	50	
596188	596188	596188	42.9833	-116.1	2433.99	-999	1.44	60	A	1	50	
596189	596189	596189	42.9833	-116.0583	2447.24	-999	1.4413	60	A	1	50	
596190	596190	596190	42.9833	-116.0167	2550.13	-999	1.8665	60	B	2	50	
596191	596191	596191	42.9833	-115.975	2727.43	-999	2.04	60	B	2	50	
597374	597374	597374	43.025	-124.4333	42.21	-999	1.68	60	B	2	50	
597375	597375	597375	43.025	-124.3917	292.21	-999	2.2061	60	B	2	50	
597376	597376	597376	43.025	-124.35	503.94	-999	2.4543	60	B	2	50	
597379	597379	597379	43.025	-124.225	468.61	-999	2.0211	60	B	2	50	
597380	597380	597380	43.025	-124.1833	374.89	-999	1.9534	60	B	2	50	
597381	597381	597381	43.025	-124.1417	159.56	-999	2.0364	60	B	2	50	
597382	597382	597382	43.025	-124.1	482.94	-999	2.04	60	B	2	50	
597384	597384	597384	43.025	-124.0167	507.77	-999	1.8	60	B	2	50	
597385	597385	597385	43.025	-123.975	529.2	-999	1.8141	60	B	2	50	
597386	597386	597386	43.025	-123.9333	850.28	-999	1.8	60	B	2	50	
597387	597387	597387	43.025	-123.8917	966.64	-999	1.8	60	B	2	50	
597391	597391	597391	43.025	-123.725	1281.93	-999	2.04	60	C	3	50	
597392	597392	597392	43.025	-123.6833	1157.92	-999	2.04	60	C	3	50	
597395	597395	597395	43.025	-123.5583	1295.71	-999	1.8	60	B	2	50	
597397	597397	597397	43.025	-123.475	1589.35	-999	1.44	60	B	2	50	
597398	597398	597398	43.025	-123.4333	1315.62	-999	1.44	60	B	2	50	
597399	597399	597399	43.025	-123.3917	1433.18	-999	1.3996	60	B	2	50	
597400	597400	597400	43.025	-123.35	1577.86	-999	1.3287	60	B	2	50	
597401	597401	597401	43.025	-123.3083	1123.69	-999	1.5281	60	B	2	50	
597402	597402	597402	43.025	-123.2667	868.0	-999	1.5191	60	B	2	50	
597403	597403	597403	43.025	-123.225	1074.26	-999	1.44	60	B	2	50	
597404	597404	597404	43.025	-123.1833	1294.73	-999	1.44	60	B	2	50	
597405	597405	597405	43.025	-123.1417	1335.19	-999	1.44	60	B	2	50	
597406	597406	597406	43.025	-123.1	1441.82	-999	1.44	60	B	2	50	
597407	597407	597407	43.025	-123.0583	1524.71	-999	1.44	60	B	2	50	
597412	597412	597412	43.025	-122.85	2481.85	-999	1.44	60	B	2	50	
597413	597413	597413	43.025	-122.8083	2131.67	-999	1.44	60	B	2	50	
597416	597416	597416	43.025	-122.6833	2424.1	-999	1.44	60	B	2	50	
597441	597441	597441	43.025	-121.6417	4572.18	-999	4.92	60	B	2	50	
597442	597442	597442	43.025	-121.6	4524.41	-999	4.8476	60	B	2	50	
597462	597462	597462	43.025	-120.7667	4787.53	-999	1.4356	60	B	2	50	
597463	597463	597463	43.025	-120.725	4616.27	-999	1.1952	60	B	2	50	
597464	597464	597464	43.025	-120.6833	4362.47	-999	0.84	60	A	1	50	
597465	597465	597465	43.025	-120.6417	4279.53	-999	0.84	60	A	1	50	
597508	597508	597508	43.025	-118.85	4324.02	-999	2.5714	60	B	2	50	
597509	597509	597509	43.025	-118.8083	4215.09	-999	2.64	60	B	2	50	
597510	597510	597510	43.025	-118.7667	4217.98	-999	2.64	60	B	2	50	
597511	597511	597511	43.025	-118.725	4250.39	-999	2.5819	60	B	2	50	
597512	597512	597512	43.025	-118.6833	4308.66	-999	2.5984	60	B	2	50	
597513	597513	597513	43.025	-118.6417	4501.84	-999	1.8498	60	B	2	50	
597544	597544	597544	43.025	-117.35	4326.25	-999	1.6446	60	B	2	50	
597545	597545	597545	43.025	-117.3083	4303.15	-999	1.79	60	B	2	50	
597549	597549	597549	43.025	-117.1417	4531.89	-999	1.8058	60	B	2	50	
597550	597550	597550	43.025	-117.1	4403.81	-999	1.8537	60	B	2	50	
597551	597551	597551	43.025	-117.0583	4551.57	-999	1.56	60	B	2	50	
597552	597552	597552	43.025	-117.0167	4814.17	-999	1.56	60	B	2	50	
597554	597554	597554	43.025	-116.9333	5407.61	-999	1.32	60	B	2	50	
597565	597565	597565	43.025	-116.475	3419.82	-999	1.08	60	A	1	50	
597566	597566	597566	43.025	-116.4333	3115.09	-999	1.4152	60	A	1	50	
597567	597567	597567	43.025	-116.3917	2867.06	-999	1.44	60	A	1	50	
597568	597568	597568	43.025	-116.35	2718.37	-999	1.44	60	A	1	50	
597569	597569	597569	43.025	-116.3083	2611.42	-999	1.44	60	A	1	50	
597570	597570	597570	43.025	-116.2667	2594.75	-999	1.44	60	A	1	50	
597571	597571	597571	43.025	-116.225	2510.5	-999	1.44	60	A	1	50	
597572	597572	597572	43.025	-116.1833	2427.69	-999	1.4435	60	A	1	50	
597573	597573	597573	43.025	-116.1417	2370.87	-999	1.4495	60	A	1	50	
597574	597574	597574	43.025	-116.1	2417.45	-999	1.44	60	A	1	50	
597575	597575	597575	43.025	-116.0583	2645.14	-999	1.4919	60	A	1	50	
597576	597576	597576	43.025	-116.0167	2853.67	-999	2.04	60	B	2	50	
597577	597577	597577	43.025	-115.975	2899.48	-999	2.04	60	B	2	50	
598760	598760	598760	43.0667	-124.4333	26.47	-999	1.68	60	B	2	50	
598761	598761	598761	43.0667	-124.3917	166.88	-999	1.799	60	B	2	50	
598762	598762	598762	43.0667	-124.35	374.34	-999	2.2214	60	B	2	50	
598763	598763	598763	43.0667	-124.3083	442.48	-999	2.04	60	B	2	50	
598765	598765	598765	43.0667	-124.225	413.82	-999	2.04	60	B	2	50	
598766	598766	598766	43.0667	-124.1833	282.48	-999	1.9523	60	B	2	50	
598767	598767	598767	43.0667	-124.1417	142.61	-999	1.9955	60	B	2	50	
598768	598768	598768	43.0667	-124.1	385.61	-999	1.9291	60	B	2	50	
598769	598769	598769	43.0667	-124.0583	760.06	-999	1.8	60	B	2	50	
598771	598771	598771	43.0667	-123.975	645.23	-999	1.8	60	B	2	50	
598777	598777	598777	43.0667	-123.725	1892.06	-999	2.0253	60	C	3	50	
598778	598778	598778	43.0667	-123.6833	1297.24	-999	2.04	60	C	3	50	
598779	598779	598779	43.0667	-123.6417	1460.3	-999	2.04	60	C	3	50	
598780	598780	598780	43.0667	-123.6	1131.56	-999	2.04	60	B	2	50	
598781	598781	598781	43.0667	-123.5583	1029.42	-999	1.7664	60	B	2	50	
598782	598782	598782	43.0667	-123.5167	1088.69	-999	1.4407	60	B	2	50	
598783	598783	598783	43.0667	-123.475	1261.59	-999	1.44	60	B	2	50	
598784	598784	598784	43.0667	-123.4333	962.27	-999	1.4488	60	B	2	50	
598785	598785	598785	43.0667	-123.3917	846.89	-999	1.5125	60	B	2	50	
598786	598786	598786	43.0667	-123.35	792.22	-999	1.5372	60	B	2	50	
598787	598787	598787	43.0667	-123.3083	1324.69	-999	1.4718	60	B	2	50	
598788	598788	598788	43.0667	-123.2667	1607.06	-999	1.329	60	B	2	50	
598789	598789	598789	43.0667	-123.225	1189.96	-999	1.4115	60	B	2	50	
598790	598790	598790	43.0667	-123.1833	1228.57	-999	1.44	60	B	2	50	
598791	598791	598791	43.0667	-123.1417	1475.5	-999	1.44	60	B	2	50	
598793	598793	598793	43.0667	-123.0583	1657.37	-999	1.44	60	B	2	50	
598794	598794	598794	43.0667	-123.0167	1993.99	-999	1.44	60	B	2	50	
598801	598801	598801	43.0667	-122.725	2444.45	-999	1.4372	60	B	2	50	
598845	598845	598845	43.0667	-120.8917	4592.52	-999	2.5832	60	B	2	50	
598846	598846	598846	43.0667	-120.85	4384.12	-999	2.4157	60	B	2	50	
598847	598847	598847	43.0667	-120.8083	4841.6	-999	1.32	60	B	2	50	
598893	598893	598893	43.0667	-118.8917	4398.56	-999	1.6649	60	B	2	50	
598894	598894	598894	43.0667	-118.85	4149.61	-999	2.6216	60	B	2	50	
598895	598895	598895	43.0667	-118.8083	4150.66	-999	2.64	60	B	2	50	
598896	598896	598896	43.0667	-118.7667	4201.31	-999	2.64	60	B	2	50	
598900	598900	598900	43.0667	-118.6	4402.76	-999	1.56	60	B	2	50	
598901	598901	598901	43.0667	-118.5583	4509.84	-999	1.56	60	B	2	50	
598922	598922	598922	43.0667	-117.6833	3403.94	-999	1.2	60	B	2	50	
598923	598923	598923	43.0667	-117.6417	3851.18	-999	1.2	60	B	2	50	
598931	598931	598931	43.0667	-117.3083	4356.3	-999	1.6123	60	B	2	50	
598932	598932	598932	43.0667	-117.2667	4464.17	-999	1.2029	60	B	2	50	
598934	598934	598934	43.0667	-117.1833	4598.82	-999	1.92	60	B	2	50	
598937	598937	598937	43.0667	-117.0583	4584.78	-999	1.56	60	B	2	50	
598938	598938	598938	43.0667	-117.0167	4866.14	-999	1.56	60	B	2	50	
598939	598939	598939	43.0667	-116.975	5397.24	-999	1.4648	60	B	2	50	
598940	598940	598940	43.0667	-116.9333	5050.66	-999	1.4074	60	B	2	50	
598951	598951	598951	43.0667	-116.475	3375.72	-999	1.08	60	A	1	50	
598952	598952	598952	43.0667	-116.4333	3140.81	-999	1.4055	60	A	1	50	
598953	598953	598953	43.0667	-116.3917	2919.16	-999	1.44	60	A	1	50	
598954	598954	598954	43.0667	-116.35	2739.24	-999	1.44	60	A	1	50	
598955	598955	598955	43.0667	-116.3083	2575.2	-999	1.44	60	A	1	50	
598956	598956	598956	43.0667	-116.2667	2522.18	-999	1.44	60	A	1	50	
598957	598957	598957	43.0667	-116.225	2471.26	-999	1.44	60	A	1	50	
598958	598958	598958	43.0667	-116.1833	2593.18	-999	1.5483	60	A	1	50	
598959	598959	598959	43.0667	-116.1417	2771.13	-999	1.6974	60	B	2	50	
598960	598960	598960	43.0667	-116.1	2827.03	-999	1.447	60	A	1	50	
598962	598962	598962	43.0667	-116.0167	2946.85	-999	2.04	60	B	2	50	
600146	600146	600146	43.1083	-124.4333	22.42	-999	1.68	60	B	2	50	
600147	600147	600147	43.1083	-124.3917	114.83	-999	1.68	60	B	2	50	
600148	600148	600148	43.1083	-124.35	227.58	-999	1.9022	60	B	2	50	
600149	600149	600149	43.1083	-124.3083	272.97	-999	1.7449	60	B	2	50	
600150	600150	600150	43.1083	-124.2667	345.8	-999	1.9786	60	B	2	50	
600151	600151	600151	43.1083	-124.225	301.4	-999	1.8039	60	B	2	50	
600152	600152	600152	43.1083	-124.1833	57.09	-999	1.6973	60	B	2	50	
600153	600153	600153	43.1083	-124.1417	241.91	-999	1.7488	60	B	2	50	
600154	600154	600154	43.1083	-124.1	312.56	-999	1.8825	60	B	2	50	
600155	600155	600155	43.1083	-124.0583	272.31	-999	1.8032	60	B	2	50	
600156	600156	600156	43.1083	-124.0167	450.57	-999	1.8626	60	B	2	50	
600157	600157	600157	43.1083	-123.975	569.33	-999	1.9745	60	B	2	50	
600158	600158	600158	43.1083	-123.9333	849.74	-999	1.8	60	B	2	50	
600164	600164	600164	43.1083	-123.6833	2119.09	-999	2.04	60	C	3	50	
600165	600165	600165	43.1083	-123.6417	1584.75	-999	1.9556	60	B	2	50	
600166	600166	600166	43.1083	-123.6	1169.07	-999	2.0294	60	B	2	50	
600167	600167	600167	43.1083	-123.5583	1052.93	-999	2.04	60	B	2	50	
600168	600168	600168	43.1083	-123.5167	897.42	-999	1.8525	60	B	2	50	
600169	600169	600169	43.1083	-123.475	868.33	-999	1.6717	60	B	2	50	
600170	600170	600170	43.1083	-123.4333	620.51	-999	1.5718	60	B	2	50	
600171	600171	600171	43.1083	-123.3917	734.91	-999	1.5543	60	B	2	50	
600172	600172	600172	43.1083	-123.35	920.17	-999	1.4612	60	B	2	50	
600173	600173	600173	43.1083	-123.3083	1072.51	-999	1.44	60	B	2	50	
600174	600174	600174	43.1083	-123.2667	1595.58	-999	1.411	60	B	2	50	
600175	600175	600175	43.1083	-123.225	1895.89	-999	1.3525	60	B	2	50	
600176	600176	600176	43.1083	-123.1833	1382.98	-999	1.4367	60	B	2	50	
600177	600177	600177	43.1083	-123.1417	1328.74	-999	1.44	60	B	2	50	
600224	600224	600224	43.1083	-121.1833	4718.9	-999	1.32	60	B	2	50	
600225	600225	600225	43.1083	-121.1417	4620.47	-999	1.2288	60	A	1	50	
600227	600227	600227	43.1083	-121.0583	4439.37	-999	1.2048	60	A	1	50	
600228	600228	600228	43.1083	-121.0167	4423.62	-999	1.2	60	A	1	50	
600229	600229	600229	43.1083	-120.975	4413.12	-999	1.2008	60	A	1	50	
600230	600230	600230	43.1083	-120.9333	4475.2	-999	2.3753	60	B	2	50	
600231	600231	600231	43.1083	-120.8917	4325.85	-999	2.6052	60	B	2	50	
600280	600280	600280	43.1083	-118.85	4134.65	-999	2.64	60	B	2	50	
600281	600281	600281	43.1083	-118.8083	4178.08	-999	2.394	60	B	2	50	
600283	600283	600283	43.1083	-118.725	4244.49	-999	1.241	60	B	2	50	
600284	600284	600284	43.1083	-118.6833	4238.98	-999	1.56	60	B	2	50	
600286	600286	600286	43.1083	-118.6	4272.31	-999	1.56	60	B	2	50	
600290	600290	600290	43.1083	-118.4333	4847.38	-999	1.56	60	B	2	50	
600297	600297	600297	43.1083	-118.1417	4487.93	-999	0.96	60	B	2	50	
600298	600298	600298	43.1083	-118.1	4151.05	-999	0.96	60	B	2	50	
600317	600317	600317	43.1083	-117.3083	4389.37	-999	1.1916	60	B	2	50	
600318	600318	600318	43.1083	-117.2667	4452.36	-999	1.6664	60	B	2	50	
600319	600319	600319	43.1083	-117.225	4461.55	-999	1.92	60	B	2	50	
600320	600320	600320	43.1083	-117.1833	4648.82	-999	1.92	60	B	2	50	
600321	600321	600321	43.1083	-117.1417	4519.69	-999	1.8973	60	B	2	50	
600322	600322	600322	43.1083	-117.1	4530.45	-999	1.8308	60	B	2	50	
600323	600323	600323	43.1083	-117.0583	4596.46	-999	1.8768	60	B	2	50	
600324	600324	600324	43.1083	-117.0167	4815.75	-999	1.7949	60	B	2	50	
600325	600325	600325	43.1083	-116.975	4806.04	-999	1.8619	60	B	2	50	
600326	600326	600326	43.1083	-116.9333	5083.33	-999	1.6384	60	B	2	50	
600335	600335	600335	43.1083	-116.5583	3591.6	-999	1.08	60	A	1	50	
600336	600336	600336	43.1083	-116.5167	3391.21	-999	1.08	60	A	1	50	
600339	600339	600339	43.1083	-116.3917	2842.13	-999	1.44	60	A	1	50	
600341	600341	600341	43.1083	-116.3083	2464.96	-999	1.44	60	A	1	50	
600342	600342	600342	43.1083	-116.2667	2455.12	-999	1.5333	60	A	1	50	
600343	600343	600343	43.1083	-116.225	2618.11	-999	1.7869	60	A	1	50	
601533	601533	601533	43.15	-124.3917	48.23	-999	1.68	60	B	2	50	
601534	601534	601534	43.15	-124.35	117.23	-999	1.7224	60	B	2	50	
601535	601535	601535	43.15	-124.3083	283.46	-999	1.9495	60	B	2	50	
601536	601536	601536	43.15	-124.2667	206.47	-999	1.7739	60	B	2	50	
601537	601537	601537	43.15	-124.225	240.59	-999	1.7237	60	B	2	50	
601538	601538	601538	43.15	-124.1833	90.33	-999	1.6834	60	B	2	50	
601539	601539	601539	43.15	-124.1417	450.9	-999	1.92	60	C	3	50	
601540	601540	601540	43.15	-124.1	338.8	-999	2.0252	60	B	2	50	
601541	601541	601541	43.15	-124.0583	376.64	-999	2.0169	60	B	2	50	
601542	601542	601542	43.15	-124.0167	375.0	-999	2.0311	60	B	2	50	
601543	601543	601543	43.15	-123.975	329.62	-999	2.0339	60	B	2	50	
601544	601544	601544	43.15	-123.9333	811.46	-999	2.0355	60	B	2	50	
601545	601545	601545	43.15	-123.8917	1024.17	-999	2.001	60	B	2	50	
601546	601546	601546	43.15	-123.85	1110.56	-999	1.9853	60	B	2	50	
601551	601551	601551	43.15	-123.6417	2007.98	-999	2.0399	60	B	2	50	
601552	601552	601552	43.15	-123.6	1372.16	-999	2.04	60	B	2	50	
601553	601553	601553	43.15	-123.5583	1188.21	-999	2.04	60	B	2	50	
601554	601554	601554	43.15	-123.5167	889.44	-999	2.04	60	C	3	50	
601555	601555	601555	43.15	-123.475	711.29	-999	2.0244	60	C	3	50	
601556	601556	601556	43.15	-123.4333	778.32	-999	1.7619	60	B	2	50	
601557	601557	601557	43.15	-123.3917	564.09	-999	1.5714	60	B	2	50	
601558	601558	601558	43.15	-123.35	776.47	-999	1.4793	60	B	2	50	
601559	601559	601559	43.15	-123.3083	1182.63	-999	1.5153	60	B	2	50	
601560	601560	601560	43.15	-123.2667	990.81	-999	1.4783	60	B	2	50	
601561	601561	601561	43.15	-123.225	1190.07	-999	1.5371	60	B	2	50	
601562	601562	601562	43.15	-123.1833	1730.21	-999	1.44	60	B	2	50	
601563	601563	601563	43.15	-123.1417	1990.16	-999	1.44	60	B	2	50	
601564	601564	601564	43.15	-123.1	1813.43	-999	1.44	60	B	2	50	
601611	601611	601611	43.15	-121.1417	4659.58	-999	1.231	60	A	1	50	
601612	601612	601612	43.15	-121.1	4496.06	-999	2.3555	60	B	2	50	
601613	601613	601613	43.15	-121.0583	4360.76	-999	2.2917	60	B	2	50	
601614	601614	601614	43.15	-121.0167	4334.12	-999	2.371	60	B	2	50	
601615	601615	601615	43.15	-120.975	4318.11	-999	2.3306	60	B	2	50	
601617	601617	601617	43.15	-120.8917	4463.39	-999	1.2102	60	A	1	50	
601618	601618	601618	43.15	-120.85	4479.4	-999	1.559	60	A	1	50	
601619	601619	601619	43.15	-120.8083	4351.44	-999	1.8132	60	A	1	50	
601620	601620	601620	43.15	-120.7667	4470.47	-999	2.04	60	A	1	50	
601659	601659	601659	43.15	-119.1417	4317.85	-999	0.84	60	B	2	50	
601660	601660	601660	43.15	-119.1	4119.42	-999	0.84	60	B	2	50	
601664	601664	601664	43.15	-118.9333	4170.47	-999	1.2284	60	B	2	50	
601670	601670	601670	43.15	-118.6833	4209.19	-999	1.56	60	B	2	50	
601671	601671	601671	43.15	-118.6417	4224.8	-999	1.56	60	B	2	50	
601676	601676	601676	43.15	-118.4333	4291.6	-999	1.56	60	B	2	50	
601677	601677	601677	43.15	-118.3917	4415.88	-999	1.548	60	B	2	50	
601684	601684	601684	43.15	-118.1	4590.16	-999	0.96	60	B	2	50	
601685	601685	601685	43.15	-118.0583	4131.63	-999	0.96	60	B	2	50	
601686	601686	601686	43.15	-118.0167	4065.09	-999	0.96	60	B	2	50	
601691	601691	601691	43.15	-117.8083	4091.34	-999	1.2	60	B	2	50	
601702	601702	601702	43.15	-117.35	4533.99	-999	1.2	60	B	2	50	
601705	601705	601705	43.15	-117.225	4633.07	-999	1.2	60	B	2	50	
601706	601706	601706	43.15	-117.1833	4598.29	-999	1.2	60	B	2	50	
601709	601709	601709	43.15	-117.0583	4782.81	-999	1.8332	60	B	2	50	
601710	601710	601710	43.15	-117.0167	4545.41	-999	1.795	60	B	2	50	
601712	601712	601712	43.15	-116.9333	5289.63	-999	1.56	60	B	2	50	
601722	601722	601722	43.15	-116.5167	3307.09	-999	1.9806	60	B	2	50	
601723	601723	601723	43.15	-116.475	3162.73	-999	1.9429	60	B	2	50	
601724	601724	601724	43.15	-116.4333	2977.03	-999	1.2483	60	A	1	50	
601725	601725	601725	43.15	-116.3917	2759.06	-999	1.5306	60	A	1	50	
601726	601726	601726	43.15	-116.35	2543.96	-999	1.6696	60	A	1	50	
602919	602919	602919	43.1917	-124.3917	68.13	-999	1.68	60	B	2	50	
602920	602920	602920	43.1917	-124.35	177.6	-999	1.7664	60	B	2	50	
602921	602921	602921	43.1917	-124.3083	340.33	-999	3.0	60	B	2	50	
602922	602922	602922	43.1917	-124.2667	82.68	-999	1.7116	60	B	2	50	
602923	602923	602923	43.1917	-124.225	121.83	-999	1.6981	60	B	2	50	
602924	602924	602924	43.1917	-124.1833	204.07	-999	2.4233	60	B	2	50	
602925	602925	602925	43.1917	-124.1417	417.32	-999	2.0309	60	B	2	50	
602926	602926	602926	43.1917	-124.1	358.49	-999	2.0268	60	B	2	50	
602927	602927	602927	43.1917	-124.0583	339.68	-999	2.0084	60	B	2	50	
602928	602928	602928	43.1917	-124.0167	329.94	-999	2.0038	60	B	2	50	
602929	602929	602929	43.1917	-123.975	573.6	-999	1.92	60	C	3	50	
602938	602938	602938	43.1917	-123.6	1978.35	-999	2.04	60	B	2	50	
602939	602939	602939	43.1917	-123.5583	1142.72	-999	2.04	60	B	2	50	
602940	602940	602940	43.1917	-123.5167	918.41	-999	2.04	60	C	3	50	
602941	602941	602941	43.1917	-123.475	810.37	-999	2.04	60	C	3	50	
602942	602942	602942	43.1917	-123.4333	960.74	-999	1.8839	60	B	2	50	
602943	602943	602943	43.1917	-123.3917	825.57	-999	1.6456	60	B	2	50	
602944	602944	602944	43.1917	-123.35	718.72	-999	1.7976	60	B	2	50	
602945	602945	602945	43.1917	-123.3083	931.54	-999	1.8502	60	B	2	50	
602946	602946	602946	43.1917	-123.2667	971.46	-999	1.5714	60	B	2	50	
602947	602947	602947	43.1917	-123.225	813.1	-999	1.5345	60	B	2	50	
602948	602948	602948	43.1917	-123.1833	1093.18	-999	1.4522	60	B	2	50	
602949	602949	602949	43.1917	-123.1417	1759.51	-999	1.44	60	B	2	50	
602952	602952	602952	43.1917	-123.0167	1771.0	-999	1.32	60	B	2	50	
602973	602973	602973	43.1917	-122.1417	5199.87	-999	1.32	60	A	1	50	
602997	602997	602997	43.1917	-121.1417	4661.29	-999	1.32	60	B	2	50	
602999	602999	602999	43.1917	-121.0583	4385.83	-999	2.5248	60	B	2	50	
603000	603000	603000	43.1917	-121.0167	4322.7	-999	2.64	60	B	2	50	
603001	603001	603001	43.1917	-120.975	4361.02	-999	2.6356	60	B	2	50	
603003	603003	603003	43.1917	-120.8917	4551.05	-999	1.2263	60	A	1	50	
603004	603004	603004	43.1917	-120.85	4391.21	-999	1.2031	60	A	1	50	
603005	603005	603005	43.1917	-120.8083	4325.59	-999	1.8267	60	A	1	50	
603006	603006	603006	43.1917	-120.7667	4322.97	-999	2.04	60	A	1	50	
603007	603007	603007	43.1917	-120.725	4349.87	-999	2.04	60	A	1	50	
603008	603008	603008	43.1917	-120.6833	4429.92	-999	2.0395	60	A	1	50	
603010	603010	603010	43.1917	-120.6	4604.46	-999	1.2	60	A	1	50	
603012	603012	603012	43.1917	-120.5167	4786.48	-999	1.8615	60	A	1	50	
603013	603013	603013	43.1917	-120.475	4371.0	-999	1.9829	60	A	1	50	
603024	603024	603024	43.1917	-120.0167	4369.42	-999	1.2	60	A	1	50	
603049	603049	603049	43.1917	-118.975	4281.63	-999	0.9786	60	B	2	50	
603051	603051	603051	43.1917	-118.8917	4115.22	-999	2.3662	60	B	2	50	
603052	603052	603052	43.1917	-118.85	4123.1	-999	2.4355	60	B	2	50	
603053	603053	603053	43.1917	-118.8083	4174.54	-999	1.56	60	B	2	50	
603059	603059	603059	43.1917	-118.5583	4348.56	-999	1.56	60	B	2	50	
603060	603060	603060	43.1917	-118.5167	4268.24	-999	1.56	60	B	2	50	
603061	603061	603061	43.1917	-118.475	4222.44	-999	1.5271	60	B	2	50	
603065	603065	603065	43.1917	-118.3083	4092.65	-999	1.56	60	B	2	50	
603071	603071	603071	43.1917	-118.0583	4379.79	-999	0.9788	60	B	2	50	
603072	603072	603072	43.1917	-118.0167	4073.49	-999	0.96	60	B	2	50	
603073	603073	603073	43.1917	-117.975	4047.24	-999	0.96	60	B	2	50	
603081	603081	603081	43.1917	-117.6417	3669.55	-999	1.1057	60	B	2	50	
603082	603082	603082	43.1917	-117.6	3736.35	-999	1.68	60	B	2	50	
603088	603088	603088	43.1917	-117.35	4674.41	-999	1.2	60	B	2	50	
603091	603091	603091	43.1917	-117.225	5130.97	-999	1.2291	60	B	2	50	
603092	603092	603092	43.1917	-117.1833	4909.06	-999	1.2	60	B	2	50	
603095	603095	603095	43.1917	-117.0583	4629.66	-999	1.56	60	B	2	50	
603102	603102	603102	43.1917	-116.7667	4277.03	-999	1.32	60	A	1	50	
603103	603103	603103	43.1917	-116.725	4235.83	-999	1.32	60	A	1	50	
603107	603107	603107	43.1917	-116.5583	3075.85	-999	1.6535	60	A	1	50	
603108	603108	603108	43.1917	-116.5167	2999.61	-999	1.1638	60	A	1	50	
603109	603109	603109	43.1917	-116.475	3134.25	-999	2.1521	60	B	2	50	
603110	603110	603110	43.1917	-116.4333	3042.52	-999	2.137	60	B	2	50	
603111	603111	603111	43.1917	-116.3917	2790.03	-999	1.44	60	A	1	50	
604305	604305	604305	43.2333	-124.3917	64.52	-999	1.68	60	B	2	50	
604306	604306	604306	43.2333	-124.35	295.38	-999	1.68	60	B	2	50	
604308	604308	604308	43.2333	-124.2667	221.13	-999	1.8237	60	B	2	50	
604309	604309	604309	43.2333	-124.225	219.16	-999	2.8675	60	B	2	50	
604310	604310	604310	43.2333	-124.1833	303.92	-999	3.0	60	B	2	50	
604311	604311	604311	43.2333	-124.1417	452.21	-999	1.92	60	C	3	50	
604312	604312	604312	43.2333	-124.1	476.81	-999	1.9841	60	B	2	50	
604313	604313	604313	43.2333	-124.0583	317.58	-999	2.029	60	B	2	50	
604314	604314	604314	43.2333	-124.0167	520.89	-999	2.039	60	B	2	50	
604325	604325	604325	43.2333	-123.5583	1987.53	-999	2.0323	60	B	2	50	
604326	604326	604326	43.2333	-123.5167	848.97	-999	2.04	60	B	2	50	
604327	604327	604327	43.2333	-123.475	628.94	-999	1.7393	60	B	2	50	
604328	604328	604328	43.2333	-123.4333	646.33	-999	1.6396	60	B	2	50	
604329	604329	604329	43.2333	-123.3917	503.61	-999	1.5619	60	B	2	50	
604330	604330	604330	43.2333	-123.35	612.42	-999	1.5609	60	B	2	50	
604331	604331	604331	43.2333	-123.3083	904.2	-999	1.792	60	B	2	50	
604332	604332	604332	43.2333	-123.2667	949.7	-999	1.8167	60	B	2	50	
604333	604333	604333	43.2333	-123.225	1016.3	-999	1.6203	60	B	2	50	
604334	604334	604334	43.2333	-123.1833	1009.51	-999	2.0083	60	B	2	50	
604335	604335	604335	43.2333	-123.1417	1224.52	-999	1.9337	60	B	2	50	
604336	604336	604336	43.2333	-123.1	1443.13	-999	2.0342	60	B	2	50	
604337	604337	604337	43.2333	-123.0583	1599.08	-999	1.1524	60	C	3	50	
604338	604338	604338	43.2333	-123.0167	1379.37	-999	1.3197	60	B	2	50	
604339	604339	604339	43.2333	-122.975	1729.99	-999	1.32	60	B	2	50	
604340	604340	604340	43.2333	-122.9333	1720.25	-999	1.44	60	B	2	50	
604382	604382	604382	43.2333	-121.1833	4821.0	-999	1.867	60	A	1	50	
604383	604383	604383	43.2333	-121.1417	4607.48	-999	1.32	60	B	2	50	
604386	604386	604386	43.2333	-121.0167	4391.21	-999	2.64	60	B	2	50	
604388	604388	604388	43.2333	-120.9333	4779.92	-999	1.2974	60	B	2	50	
604389	604389	604389	43.2333	-120.8917	4359.71	-999	1.2045	60	A	1	50	
604390	604390	604390	43.2333	-120.85	4309.06	-999	1.2	60	A	1	50	
604391	604391	604391	43.2333	-120.8083	4321.65	-999	1.2	60	A	1	50	
604392	604392	604392	43.2333	-120.7667	4321.92	-999	1.3443	60	A	1	50	
604393	604393	604393	43.2333	-120.725	4318.37	-999	1.6037	60	A	1	50	
604394	604394	604394	43.2333	-120.6833	4321.65	-999	1.4187	60	A	1	50	
604395	604395	604395	43.2333	-120.6417	4331.1	-999	1.2	60	A	1	50	
604396	604396	604396	43.2333	-120.6	4325.72	-999	1.2	60	A	1	50	
604397	604397	604397	43.2333	-120.5583	4337.66	-999	1.2	60	A	1	50	
604398	604398	604398	43.2333	-120.5167	4372.83	-999	1.7155	60	A	1	50	
604399	604399	604399	43.2333	-120.475	4308.4	-999	2.04	60	A	1	50	
604410	604410	604410	43.2333	-120.0167	4480.58	-999	1.2123	60	A	1	50	
604411	604411	604411	43.2333	-119.975	4468.77	-999	1.2619	60	A	1	50	
604428	604428	604428	43.2333	-119.2667	4355.64	-999	1.9571	60	B	2	50	
604429	604429	604429	43.2333	-119.225	4244.23	-999	1.8731	60	B	2	50	
604436	604436	604436	43.2333	-118.9333	4238.98	-999	0.8578	60	A	1	50	
604437	604437	604437	43.2333	-118.8917	4112.21	-999	2.3832	60	B	2	50	
604439	604439	604439	43.2333	-118.8083	4146.72	-999	1.56	60	B	2	50	
604441	604441	604441	43.2333	-118.725	4260.89	-999	1.56	60	A	1	50	
604442	604442	604442	43.2333	-118.6833	4213.52	-999	1.56	60	A	1	50	
604443	604443	604443	43.2333	-118.6417	4225.85	-999	1.56	60	A	1	50	
604444	604444	604444	43.2333	-118.6	4376.12	-999	1.56	60	B	2	50	
604445	604445	604445	43.2333	-118.5583	4289.76	-999	1.56	60	B	2	50	
604446	604446	604446	43.2333	-118.5167	4234.38	-999	1.56	60	A	1	50	
604447	604447	604447	43.2333	-118.475	4160.5	-999	1.56	60	A	1	50	
604448	604448	604448	43.2333	-118.4333	4263.91	-999	1.56	60	A	1	50	
604450	604450	604450	43.2333	-118.35	4458.92	-999	2.1368	60	B	2	50	
604451	604451	604451	43.2333	-118.3083	4213.65	-999	1.9634	60	B	2	50	
604459	604459	604459	43.2333	-117.975	4372.05	-999	0.96	60	B	2	50	
604460	604460	604460	43.2333	-117.9333	4156.56	-999	0.9631	60	B	2	50	
604461	604461	604461	43.2333	-117.8917	4062.73	-999	0.9624	60	B	2	50	
604463	604463	604463	43.2333	-117.8083	4112.34	-999	0.96	60	B	2	50	
604470	604470	604470	43.2333	-117.5167	3596.06	-999	1.68	60	B	2	50	
604471	604471	604471	43.2333	-117.475	3447.51	-999	1.68	60	B	2	50	
604481	604481	604481	43.2333	-117.0583	4315.88	-999	1.56	60	B	2	50	
604488	604488	604488	43.2333	-116.7667	3923.88	-999	1.3253	60	A	1	50	
604489	604489	604489	43.2333	-116.725	3973.36	-999	1.32	60	A	1	50	
604493	604493	604493	43.2333	-116.5583	2837.4	-999	1.541	60	A	1	50	
604494	604494	604494	43.2333	-116.5167	2854.59	-999	1.1232	60	A	1	50	
604495	604495	604495	43.2333	-116.475	3096.85	-999	2.16	60	B	2	50	
604496	604496	604496	43.2333	-116.4333	3045.8	-999	2.16	60	B	2	50	
604498	604498	604498	43.2333	-116.35	2936.75	-999	2.0531	60	B	2	50	
605691	605691	605691	43.275	-124.3917	108.49	-999	1.68	60	B	2	50	
605692	605692	605692	43.275	-124.35	362.43	-999	2.1098	60	B	2	50	
605693	605693	605693	43.275	-124.3083	141.51	-999	1.68	60	B	2	50	
605695	605695	605695	43.275	-124.225	183.29	-999	3.0	60	B	2	50	
605696	605696	605696	43.275	-124.1833	255.47	-999	3.0	60	B	2	50	
605697	605697	605697	43.275	-124.1417	234.03	-999	3.0	60	B	2	50	
605699	605699	605699	43.275	-124.0583	729.11	-999	1.9282	60	C	3	50	
605700	605700	605700	43.275	-124.0167	575.13	-999	1.8	60	B	2	50	
605712	605712	605712	43.275	-123.5167	1330.05	-999	2.038	60	B	2	50	
605713	605713	605713	43.275	-123.475	635.06	-999	1.915	60	B	2	50	
605714	605714	605714	43.275	-123.4333	476.93	-999	1.6049	60	B	2	50	
605715	605715	605715	43.275	-123.3917	558.62	-999	1.5844	60	B	2	50	
605716	605716	605716	43.275	-123.35	747.7	-999	1.5734	60	B	2	50	
605717	605717	605717	43.275	-123.3083	1022.64	-999	1.687	60	B	2	50	
605718	605718	605718	43.275	-123.2667	905.51	-999	1.7436	60	B	2	50	
605719	605719	605719	43.275	-123.225	941.6	-999	1.6857	60	B	2	50	
605720	605720	605720	43.275	-123.1833	852.36	-999	2.0345	60	B	2	50	
605721	605721	605721	43.275	-123.1417	1077.21	-999	2.04	60	B	2	50	
605722	605722	605722	43.275	-123.1	950.24	-999	2.04	60	B	2	50	
605723	605723	605723	43.275	-123.0583	1254.27	-999	1.3521	60	C	3	50	
605724	605724	605724	43.275	-123.0167	1899.06	-999	1.0824	60	C	3	50	
605734	605734	605734	43.275	-122.6	2377.84	-999	1.44	60	B	2	50	
605770	605770	605770	43.275	-121.1	4551.71	-999	1.32	60	B	2	50	
605771	605771	605771	43.275	-121.0583	4395.28	-999	1.2	60	A	1	50	
605772	605772	605772	43.275	-121.0167	4750.92	-999	1.2	60	A	1	50	
605773	605773	605773	43.275	-120.975	4418.11	-999	1.2086	60	A	1	50	
605774	605774	605774	43.275	-120.9333	4341.47	-999	1.2058	60	A	1	50	
605775	605775	605775	43.275	-120.8917	4321.0	-999	1.2	60	A	1	50	
605776	605776	605776	43.275	-120.85	4313.39	-999	1.2	60	A	1	50	
605777	605777	605777	43.275	-120.8083	4325.85	-999	1.2	60	A	1	50	
605778	605778	605778	43.275	-120.7667	4326.77	-999	1.2	60	A	1	50	
605779	605779	605779	43.275	-120.725	4356.82	-999	1.2197	60	A	1	50	
605780	605780	605780	43.275	-120.6833	4341.6	-999	1.2	60	A	1	50	
605781	605781	605781	43.275	-120.6417	4313.65	-999	1.2	60	A	1	50	
605782	605782	605782	43.275	-120.6	4304.2	-999	1.2	60	A	1	50	
605783	605783	605783	43.275	-120.5583	4309.45	-999	1.2	60	A	1	50	
605784	605784	605784	43.275	-120.5167	4313.65	-999	1.3788	60	A	1	50	
605785	605785	605785	43.275	-120.475	4308.79	-999	2.04	60	A	1	50	
605813	605813	605813	43.275	-119.3083	4205.25	-999	2.0107	60	B	2	50	
605814	605814	605814	43.275	-119.2667	4135.7	-999	2.1562	60	B	2	50	
605815	605815	605815	43.275	-119.225	4112.07	-999	2.0734	60	B	2	50	
605820	605820	605820	43.275	-119.0167	4104.46	-999	2.3922	60	B	2	50	
605821	605821	605821	43.275	-118.975	4103.54	-999	1.0221	60	B	2	50	
605823	605823	605823	43.275	-118.8917	4105.91	-999	1.8987	60	B	2	50	
605824	605824	605824	43.275	-118.85	4109.58	-999	2.5325	60	B	2	50	
605825	605825	605825	43.275	-118.8083	4104.59	-999	1.6597	60	B	2	50	
605826	605826	605826	43.275	-118.7667	4103.28	-999	0.84	60	B	2	50	
605828	605828	605828	43.275	-118.6833	4153.15	-999	1.1068	60	B	2	50	
605829	605829	605829	43.275	-118.6417	4139.5	-999	1.4071	60	A	1	50	
605830	605830	605830	43.275	-118.6	4118.9	-999	1.4758	60	A	1	50	
605831	605831	605831	43.275	-118.5583	4166.8	-999	1.56	60	A	1	50	
605837	605837	605837	43.275	-118.3083	4260.76	-999	2.1984	60	B	2	50	
605841	605841	605841	43.275	-118.1417	4953.28	-999	1.56	60	B	2	50	
605846	605846	605846	43.275	-117.9333	4343.57	-999	1.0286	60	B	2	50	
605847	605847	605847	43.275	-117.8917	4068.9	-999	0.975	60	B	2	50	
605856	605856	605856	43.275	-117.5167	3957.61	-999	1.68	60	B	2	50	
605857	605857	605857	43.275	-117.475	3077.56	-999	1.68	60	B	2	50	
605861	605861	605861	43.275	-117.3083	4008.14	-999	1.68	60	B	2	50	
605864	605864	605864	43.275	-117.1833	4859.58	-999	1.32	60	B	2	50	
605865	605865	605865	43.275	-117.1417	4389.63	-999	1.32	60	B	2	50	
605866	605866	605866	43.275	-117.1	4198.43	-999	1.4506	60	B	2	50	
605867	605867	605867	43.275	-117.0583	4200.66	-999	1.56	60	B	2	50	
605869	605869	605869	43.275	-116.975	4339.76	-999	1.56	60	B	2	50	
605874	605874	605874	43.275	-116.7667	4413.78	-999	1.3272	60	A	1	50	
605879	605879	605879	43.275	-116.5583	2517.59	-999	1.08	60	A	1	50	
605880	605880	605880	43.275	-116.5167	2670.87	-999	1.0841	60	A	1	50	
605881	605881	605881	43.275	-116.475	2620.47	-999	1.1265	60	A	1	50	
605883	605883	605883	43.275	-116.3917	2737.8	-999	1.852	60	B	2	50	
607078	607078	607078	43.3167	-124.35	222.66	-999	2.9326	60	B	2	50	
607080	607080	607080	43.3167	-124.2667	234.91	-999	3.0	60	B	2	50	
607081	607081	607081	43.3167	-124.225	187.34	-999	3.0	60	B	2	50	
607082	607082	607082	43.3167	-124.1833	128.83	-999	2.9926	60	B	2	50	
607083	607083	607083	43.3167	-124.1417	168.53	-999	2.492	60	B	2	50	
607084	607084	607084	43.3167	-124.1	396.76	-999	1.8	60	B	2	50	
607085	607085	607085	43.3167	-124.0583	737.75	-999	1.8	60	B	2	50	
607086	607086	607086	43.3167	-124.0167	836.72	-999	1.8	60	B	2	50	
607096	607096	607096	43.3167	-123.6	1777.56	-999	1.8	60	B	2	50	
607098	607098	607098	43.3167	-123.5167	1204.07	-999	2.04	60	B	2	50	
607099	607099	607099	43.3167	-123.475	631.12	-999	1.7988	60	B	2	50	
607100	607100	607100	43.3167	-123.4333	613.85	-999	1.9115	60	B	2	50	
607101	607101	607101	43.3167	-123.3917	820.43	-999	1.7565	60	B	2	50	
607102	607102	607102	43.3167	-123.35	637.14	-999	1.6657	60	B	2	50	
607103	607103	607103	43.3167	-123.3083	818.13	-999	1.6595	60	B	2	50	
607104	607104	607104	43.3167	-123.2667	732.83	-999	1.5891	60	B	2	50	
607105	607105	607105	43.3167	-123.225	933.73	-999	1.5774	60	B	2	50	
607106	607106	607106	43.3167	-123.1833	898.62	-999	1.5895	60	B	2	50	
607107	607107	607107	43.3167	-123.1417	925.75	-999	1.5939	60	B	2	50	
607108	607108	607108	43.3167	-123.1	946.09	-999	1.7819	60	B	2	50	
607109	607109	607109	43.3167	-123.0583	1116.8	-999	2.0391	60	B	2	50	
607110	607110	607110	43.3167	-123.0167	1381.23	-999	2.04	60	B	2	50	
607113	607113	607113	43.3167	-122.8917	2090.77	-999	1.44	60	B	2	50	
607157	607157	607157	43.3167	-121.0583	4357.09	-999	1.2	60	A	1	50	
607158	607158	607158	43.3167	-121.0167	4337.01	-999	1.2	60	A	1	50	
607159	607159	607159	43.3167	-120.975	4314.57	-999	1.2	60	A	1	50	
607160	607160	607160	43.3167	-120.9333	4328.35	-999	1.2	60	A	1	50	
607161	607161	607161	43.3167	-120.8917	4325.2	-999	1.2	60	A	1	50	
607162	607162	607162	43.3167	-120.85	4318.64	-999	1.2	60	A	1	50	
607163	607163	607163	43.3167	-120.8083	4328.61	-999	1.2	60	A	1	50	
607167	607167	607167	43.3167	-120.6417	4388.58	-999	1.2	60	A	1	50	
607168	607168	607168	43.3167	-120.6	4317.32	-999	1.2	60	A	1	50	
607169	607169	607169	43.3167	-120.5583	4332.15	-999	1.2	60	A	1	50	
607170	607170	607170	43.3167	-120.5167	4312.34	-999	1.2	60	A	1	50	
607198	607198	607198	43.3167	-119.35	4137.8	-999	2.16	60	B	2	50	
607199	607199	607199	43.3167	-119.3083	4126.51	-999	2.16	60	B	2	50	
607200	607200	607200	43.3167	-119.2667	4160.24	-999	2.16	60	B	2	50	
607201	607201	607201	43.3167	-119.225	4206.04	-999	0.84	60	A	1	50	
607203	607203	607203	43.3167	-119.1417	4133.6	-999	0.8657	60	A	1	50	
607204	607204	607204	43.3167	-119.1	4206.69	-999	1.1901	60	B	2	50	
607205	607205	607205	43.3167	-119.0583	4194.88	-999	0.9406	60	B	2	50	
607206	607206	607206	43.3167	-119.0167	4108.66	-999	0.84	60	A	1	50	
607214	607214	607214	43.3167	-118.6833	4103.15	-999	0.84	60	B	2	50	
607216	607216	607216	43.3167	-118.6	4145.8	-999	1.5293	60	A	1	50	
607217	607217	607217	43.3167	-118.5583	4311.16	-999	1.56	60	A	1	50	
607221	607221	607221	43.3167	-118.3917	4093.83	-999	2.28	60	B	2	50	
607222	607222	607222	43.3167	-118.35	4143.18	-999	2.2584	60	B	2	50	
607223	607223	607223	43.3167	-118.3083	4070.08	-999	2.28	60	B	2	50	
607232	607232	607232	43.3167	-117.9333	4457.09	-999	1.4407	60	A	1	50	
607233	607233	607233	43.3167	-117.8917	4261.94	-999	1.0004	60	B	2	50	
607240	607240	607240	43.3167	-117.6	4472.7	-999	1.56	60	B	2	50	
607251	607251	607251	43.3167	-117.1417	4390.16	-999	1.56	60	B	2	50	
607252	607252	607252	43.3167	-117.1	3889.76	-999	1.56	60	B	2	50	
607253	607253	607253	43.3167	-117.0583	3869.69	-999	1.56	60	B	2	50	
607255	607255	607255	43.3167	-116.975	4238.32	-999	1.56	60	B	2	50	
607262	607262	607262	43.3167	-116.6833	2929.53	-999	1.08	60	A	1	50	
607263	607263	607263	43.3167	-116.6417	2662.07	-999	1.08	60	A	1	50	
607264	607264	607264	43.3167	-116.6	2459.32	-999	1.1765	60	A	1	50	
607265	607265	607265	43.3167	-116.5583	2381.36	-999	1.4022	60	A	1	50	
607266	607266	607266	43.3167	-116.5167	2462.73	-999	1.4547	60	A	1	50	
607267	607267	607267	43.3167	-116.475	2670.87	-999	1.7278	60	A	1	50	
607268	607268	607268	43.3167	-116.4333	2773.1	-999	2.1166	60	B	2	50	
607269	607269	607269	43.3167	-116.3917	2847.64	-999	1.9767	60	B	2	50	
608464	608464	608464	43.3583	-124.35	11.92	-999	1.68	60	B	2	50	
608465	608465	608465	43.3583	-124.3083	41.23	-999	1.68	60	B	2	50	
608467	608467	608467	43.3583	-124.225	152.12	-999	3.0	60	B	2	50	
608468	608468	608468	43.3583	-124.1833	61.24	-999	2.0904	60	B	2	50	
608469	608469	608469	43.3583	-124.1417	144.69	-999	1.7653	60	B	2	50	
608470	608470	608470	43.3583	-124.1	245.19	-999	1.7853	60	B	2	50	
608471	608471	608471	43.3583	-124.0583	347.99	-999	1.7016	60	B	2	50	
608472	608472	608472	43.3583	-124.0167	586.51	-999	1.8	60	B	2	50	
608482	608482	608482	43.3583	-123.6	1346.24	-999	1.8	60	B	2	50	
608483	608483	608483	43.3583	-123.5583	1094.05	-999	1.8	60	B	2	50	
608484	608484	608484	43.3583	-123.5167	872.05	-999	1.8706	60	B	2	50	
608485	608485	608485	43.3583	-123.475	390.86	-999	1.6793	60	B	2	50	
608486	608486	608486	43.3583	-123.4333	503.83	-999	1.6525	60	B	2	50	
608487	608487	608487	43.3583	-123.3917	672.35	-999	1.624	60	B	2	50	
608488	608488	608488	43.3583	-123.35	735.24	-999	1.7769	60	B	2	50	
608489	608489	608489	43.3583	-123.3083	826.22	-999	1.565	60	B	2	50	
608491	608491	608491	43.3583	-123.225	1181.43	-999	2.04	60	B	2	50	
608492	608492	608492	43.3583	-123.1833	1299.43	-999	1.92	60	C	3	50	
608494	608494	608494	43.3583	-123.1	1509.19	-999	2.04	60	B	2	50	
608497	608497	608497	43.3583	-122.975	1537.73	-999	1.8	60	C	3	50	
608541	608541	608541	43.3583	-121.1417	4459.71	-999	1.2589	60	A	1	50	
608543	608543	608543	43.3583	-121.0583	4359.06	-999	1.2	60	A	1	50	
608544	608544	608544	43.3583	-121.0167	4326.51	-999	1.2	60	A	1	50	
608545	608545	608545	43.3583	-120.975	4338.32	-999	1.2	60	A	1	50	
608546	608546	608546	43.3583	-120.9333	4356.96	-999	1.2	60	A	1	50	
608547	608547	608547	43.3583	-120.8917	4345.01	-999	1.2	60	A	1	50	
608548	608548	608548	43.3583	-120.85	4356.96	-999	1.2	60	A	1	50	
608549	608549	608549	43.3583	-120.8083	4463.91	-999	1.2	60	A	1	50	
608554	608554	608554	43.3583	-120.6	4400.13	-999	1.4201	60	B	2	50	
608555	608555	608555	43.3583	-120.5583	4374.8	-999	1.3343	60	A	1	50	
608556	608556	608556	43.3583	-120.5167	4328.22	-999	1.3954	60	A	1	50	
608557	608557	608557	43.3583	-120.475	4310.76	-999	1.8158	60	A	1	50	
608558	608558	608558	43.3583	-120.4333	4307.61	-999	2.04	60	A	1	50	
608570	608570	608570	43.3583	-119.9333	5462.21	-999	1.32	60	B	2	50	
608572	608572	608572	43.3583	-119.85	5135.3	-999	0.96	60	B	2	50	
608583	608583	608583	43.3583	-119.3917	4125.98	-999	1.5297	60	B	2	50	
608584	608584	608584	43.3583	-119.35	4138.58	-999	2.1556	60	B	2	50	
608585	608585	608585	43.3583	-119.3083	4141.34	-999	2.16	60	B	2	50	
608586	608586	608586	43.3583	-119.2667	4171.13	-999	2.0592	60	B	2	50	
608588	608588	608588	43.3583	-119.1833	4252.76	-999	1.1254	60	B	2	50	
608589	608589	608589	43.3583	-119.1417	4237.93	-999	1.2292	60	B	2	50	
608590	608590	608590	43.3583	-119.1	4172.18	-999	0.9897	60	B	2	50	
608591	608591	608591	43.3583	-119.0583	4169.69	-999	0.9473	60	B	2	50	
608592	608592	608592	43.3583	-119.0167	4153.94	-999	0.8578	60	B	2	50	
608593	608593	608593	43.3583	-118.975	4112.21	-999	0.84	60	B	2	50	
608597	608597	608597	43.3583	-118.8083	4101.05	-999	2.64	60	B	2	50	
608602	608602	608602	43.3583	-118.6	4118.64	-999	1.56	60	A	1	50	
608603	608603	608603	43.3583	-118.5583	4236.48	-999	1.56	60	A	1	50	
608605	608605	608605	43.3583	-118.475	4277.43	-999	2.1743	60	B	2	50	
608606	608606	608606	43.3583	-118.4333	4133.46	-999	2.28	60	B	2	50	
608607	608607	608607	43.3583	-118.3917	4017.06	-999	2.28	60	B	2	50	
608608	608608	608608	43.3583	-118.35	4027.69	-999	2.28	60	B	2	50	
608612	608612	608612	43.3583	-118.1833	4392.91	-999	1.56	60	B	2	50	
608623	608623	608623	43.3583	-117.725	4459.19	-999	1.32	60	B	2	50	
608626	608626	608626	43.3583	-117.6	4469.29	-999	1.3773	60	B	2	50	
608638	608638	608638	43.3583	-117.1	3837.66	-999	1.56	60	B	2	50	
608642	608642	608642	43.3583	-116.9333	4468.37	-999	1.56	60	B	2	50	
608643	608643	608643	43.3583	-116.8917	4413.78	-999	1.56	60	B	2	50	
608644	608644	608644	43.3583	-116.85	4302.49	-999	1.56	60	B	2	50	
608648	608648	608648	43.3583	-116.6833	2575.85	-999	1.08	60	A	1	50	
608649	608649	608649	43.3583	-116.6417	2352.36	-999	1.3161	60	A	1	50	
608650	608650	608650	43.3583	-116.6	2398.82	-999	1.6328	60	A	1	50	
608651	608651	608651	43.3583	-116.5583	2493.96	-999	1.8411	60	B	2	50	
608652	608652	608652	43.3583	-116.5167	2565.49	-999	2.1504	60	B	2	50	
608653	608653	608653	43.3583	-116.475	2745.14	-999	2.16	60	B	2	50	
609852	609852	609852	43.4	-124.2667	50.85	-999	1.68	60	B	2	50	
609853	609853	609853	43.4	-124.225	43.53	-999	1.68	60	B	2	50	
609854	609854	609854	43.4	-124.1833	107.94	-999	3.0	60	B	2	50	
609855	609855	609855	43.4	-124.1417	360.35	-999	2.8256	60	B	2	50	
609856	609856	609856	43.4	-124.1	540.46	-999	1.7463	60	B	2	50	
609857	609857	609857	43.4	-124.0583	373.25	-999	1.7668	60	B	2	50	
609858	609858	609858	43.4	-124.0167	767.83	-999	1.8	60	B	2	50	
609868	609868	609868	43.4	-123.6	812.56	-999	1.8	60	B	2	50	
609869	609869	609869	43.4	-123.5583	904.09	-999	1.8	60	B	2	50	
609870	609870	609870	43.4	-123.5167	953.96	-999	1.8	60	B	2	50	
609871	609871	609871	43.4	-123.475	1584.97	-999	2.04	60	B	2	50	
609872	609872	609872	43.4	-123.4333	794.51	-999	1.9116	60	B	2	50	
609873	609873	609873	43.4	-123.3917	565.73	-999	1.6523	60	B	2	50	
609874	609874	609874	43.4	-123.35	495.63	-999	1.5656	60	B	2	50	
609875	609875	609875	43.4	-123.3083	635.5	-999	1.6022	60	B	2	50	
609876	609876	609876	43.4	-123.2667	719.27	-999	1.6149	60	B	2	50	
609877	609877	609877	43.4	-123.225	727.58	-999	1.5739	60	B	2	50	
609878	609878	609878	43.4	-123.1833	956.69	-999	1.9563	60	B	2	50	
609879	609879	609879	43.4	-123.1417	1042.65	-999	1.9685	60	C	3	50	
609880	609880	609880	43.4	-123.1	1394.58	-999	1.92	60	C	3	50	
609927	609927	609927	43.4	-121.1417	4500.92	-999	1.2401	60	A	1	50	
609929	609929	609929	43.4	-121.0583	4352.76	-999	1.2	60	A	1	50	
609930	609930	609930	43.4	-121.0167	4339.9	-999	1.2	60	A	1	50	
609931	609931	609931	43.4	-120.975	4368.24	-999	1.2	60	A	1	50	
609933	609933	609933	43.4	-120.8917	4498.95	-999	1.2	60	A	1	50	
609940	609940	609940	43.4	-120.6	4384.78	-999	1.2	60	A	1	50	
609941	609941	609941	43.4	-120.5583	4353.41	-999	1.2	60	A	1	50	
609942	609942	609942	43.4	-120.5167	4357.48	-999	1.2039	60	A	1	50	
609943	609943	609943	43.4	-120.475	4374.02	-999	1.8104	60	A	1	50	
609956	609956	609956	43.4	-119.9333	5004.07	-999	1.32	60	B	2	50	
609958	609958	609958	43.4	-119.85	4908.14	-999	0.96	60	B	2	50	
609969	609969	609969	43.4	-119.3917	4242.26	-999	2.1568	60	B	2	50	
609970	609970	609970	43.4	-119.35	4245.01	-999	2.16	60	B	2	50	
609971	609971	609971	43.4	-119.3083	4261.16	-999	2.16	60	B	2	50	
609972	609972	609972	43.4	-119.2667	4296.59	-999	1.44	60	B	2	50	
609975	609975	609975	43.4	-119.1417	4353.94	-999	1.2549	60	B	2	50	
609976	609976	609976	43.4	-119.1	4374.93	-999	0.8469	60	A	1	50	
609977	609977	609977	43.4	-119.0583	4403.15	-999	1.44	60	B	2	50	
609978	609978	609978	43.4	-119.0167	4275.2	-999	0.9076	60	B	2	50	
609979	609979	609979	43.4	-118.975	4107.61	-999	1.6639	60	B	2	50	
609980	609980	609980	43.4	-118.9333	4105.51	-999	1.3919	60	B	2	50	
609981	609981	609981	43.4	-118.8917	4104.59	-999	0.8421	60	B	2	50	
609982	609982	609982	43.4	-118.85	4104.33	-999	0.9804	60	B	2	50	
609983	609983	609983	43.4	-118.8083	4103.94	-999	2.3136	60	B	2	50	
609984	609984	609984	43.4	-118.7667	4103.94	-999	2.4144	60	B	2	50	
609985	609985	609985	43.4	-118.725	4106.69	-999	0.4615	60	B	2	50	
609987	609987	609987	43.4	-118.6417	4113.91	-999	0.9082	60	B	2	50	
609988	609988	609988	43.4	-118.6	4120.6	-999	1.5566	60	A	1	50	
609989	609989	609989	43.4	-118.5583	4258.27	-999	1.56	60	A	1	50	
609990	609990	609990	43.4	-118.5167	4244.88	-999	1.56	60	A	1	50	
609991	609991	609991	43.4	-118.475	4283.86	-999	1.56	60	B	2	50	
609993	609993	609993	43.4	-118.3917	4259.19	-999	1.56	60	B	2	50	
609996	609996	609996	43.4	-118.2667	3658.53	-999	1.56	60	B	2	50	
610003	610003	610003	43.4	-117.975	5107.35	-999	1.44	60	A	1	50	
610008	610008	610008	43.4	-117.7667	4426.77	-999	1.32	60	B	2	50	
610009	610009	610009	43.4	-117.725	4339.76	-999	1.32	60	B	2	50	
610024	610024	610024	43.4	-117.1	3896.98	-999	1.5527	60	B	2	50	
610029	610029	610029	43.4	-116.8917	4271.65	-999	1.56	60	B	2	50	
610030	610030	610030	43.4	-116.85	3862.73	-999	1.5288	60	B	2	50	
610033	610033	610033	43.4	-116.725	2619.82	-999	1.102	60	A	1	50	
610034	610034	610034	43.4	-116.6833	2389.5	-999	1.3771	60	A	1	50	
610035	610035	610035	43.4	-116.6417	2611.68	-999	1.8197	60	B	2	50	
610036	610036	610036	43.4	-116.6	2788.06	-999	2.1326	60	B	2	50	
610037	610037	610037	43.4	-116.5583	2691.86	-999	2.16	60	B	2	50	
610038	610038	610038	43.4	-116.5167	2697.64	-999	2.16	60	B	2	50	
610039	610039	610039	43.4	-116.475	2827.82	-999	2.2432	60	B	2	50	
610040	610040	610040	43.4	-116.4333	2890.29	-999	2.2785	60	B	2	50	
611238	611238	611238	43.4417	-124.2667	21.76	-999	1.68	60	B	2	50	
611239	611239	611239	43.4417	-124.225	44.84	-999	2.6083	60	B	2	50	
611240	611240	611240	43.4417	-124.1833	163.6	-999	3.0	60	B	2	50	
611241	611241	611241	43.4417	-124.1417	383.09	-999	2.999	60	B	2	50	
611243	611243	611243	43.4417	-124.0583	596.78	-999	1.8	60	B	2	50	
611244	611244	611244	43.4417	-124.0167	500.66	-999	1.8	60	B	2	50	
611245	611245	611245	43.4417	-123.975	599.74	-999	1.8	60	B	2	50	
611254	611254	611254	43.4417	-123.6	803.15	-999	1.6429	60	B	2	50	
611255	611255	611255	43.4417	-123.5583	604.88	-999	1.5857	60	B	2	50	
611256	611256	611256	43.4417	-123.5167	1034.67	-999	1.7521	60	B	2	50	
611258	611258	611258	43.4417	-123.4333	993.33	-999	2.0335	60	B	2	50	
611259	611259	611259	43.4417	-123.3917	864.5	-999	2.04	60	B	2	50	
611260	611260	611260	43.4417	-123.35	683.73	-999	2.0351	60	B	2	50	
611261	611261	611261	43.4417	-123.3083	613.62	-999	1.7792	60	B	2	50	
611262	611262	611262	43.4417	-123.2667	609.69	-999	1.8309	60	B	2	50	
611263	611263	611263	43.4417	-123.225	686.79	-999	2.0211	60	B	2	50	
611264	611264	611264	43.4417	-123.1833	865.38	-999	1.9628	60	B	2	50	
611265	611265	611265	43.4417	-123.1417	1013.02	-999	1.9606	60	C	3	50	
611266	611266	611266	43.4417	-123.1	1208.77	-999	2.0086	60	B	2	50	
611267	611267	611267	43.4417	-123.0583	1550.74	-999	2.04	60	B	2	50	
611297	611297	611297	43.4417	-121.8083	4616.01	-999	2.28	60	A	1	50	
611299	611299	611299	43.4417	-121.725	4527.69	-999	2.28	60	A	1	50	
611325	611325	611325	43.4417	-120.6417	4397.9	-999	1.2	60	A	1	50	
611326	611326	611326	43.4417	-120.6	4350.39	-999	1.2	60	A	1	50	
611327	611327	611327	43.4417	-120.5583	4348.56	-999	1.2	60	A	1	50	
611328	611328	611328	43.4417	-120.5167	4412.6	-999	1.2448	60	A	1	50	
611341	611341	611341	43.4417	-119.975	4660.24	-999	1.92	60	C	3	50	
611354	611354	611354	43.4417	-119.4333	4191.34	-999	2.1237	60	B	2	50	
611363	611363	611363	43.4417	-119.0583	4216.01	-999	1.8404	60	B	2	50	
611364	611364	611364	43.4417	-119.0167	4157.74	-999	1.3561	60	B	2	50	
611365	611365	611365	43.4417	-118.975	4148.82	-999	1.8071	60	B	2	50	
611366	611366	611366	43.4417	-118.9333	4128.35	-999	2.0819	60	B	2	50	
611367	611367	611367	43.4417	-118.8917	4108.4	-999	1.4751	60	B	2	50	
611368	611368	611368	43.4417	-118.85	4108.01	-999	1.3886	60	B	2	50	
611369	611369	611369	43.4417	-118.8083	4108.53	-999	1.0698	60	B	2	50	
611370	611370	611370	43.4417	-118.7667	4109.45	-999	0.84	60	B	2	50	
611371	611371	611371	43.4417	-118.725	4108.01	-999	0.84	60	B	2	50	
611372	611372	611372	43.4417	-118.6833	4108.01	-999	0.84	60	B	2	50	
611373	611373	611373	43.4417	-118.6417	4149.08	-999	1.294	60	B	2	50	
611374	611374	611374	43.4417	-118.6	4139.37	-999	1.56	60	A	1	50	
611375	611375	611375	43.4417	-118.5583	4368.24	-999	1.56	60	A	1	50	
611376	611376	611376	43.4417	-118.5167	4833.33	-999	1.56	60	A	1	50	
611378	611378	611378	43.4417	-118.4333	5048.82	-999	1.56	60	B	2	50	
611379	611379	611379	43.4417	-118.3917	4664.17	-999	1.56	60	B	2	50	
611382	611382	611382	43.4417	-118.2667	3517.59	-999	2.1632	60	B	2	50	
611383	611383	611383	43.4417	-118.225	3581.36	-999	2.1343	60	B	2	50	
611384	611384	611384	43.4417	-118.1833	3600.39	-999	1.7471	60	B	2	50	
611389	611389	611389	43.4417	-117.975	4761.68	-999	1.44	60	A	1	50	
611390	611390	611390	43.4417	-117.9333	5188.19	-999	1.44	60	A	1	50	
611391	611391	611391	43.4417	-117.8917	5182.55	-999	1.56	60	B	2	50	
611395	611395	611395	43.4417	-117.725	4327.69	-999	1.32	60	B	2	50	
611410	611410	611410	43.4417	-117.1	3398.16	-999	1.32	60	B	2	50	
611417	611417	611417	43.4417	-116.8083	2691.6	-999	1.08	60	A	1	50	
611418	611418	611418	43.4417	-116.7667	2399.34	-999	1.3516	60	A	1	50	
611419	611419	611419	43.4417	-116.725	2387.27	-999	1.567	60	A	1	50	
611420	611420	611420	43.4417	-116.6833	2687.93	-999	2.1275	60	B	2	50	
611421	611421	611421	43.4417	-116.6417	2727.17	-999	1.7848	60	B	2	50	
611422	611422	611422	43.4417	-116.6	2693.57	-999	1.939	60	B	2	50	
611423	611423	611423	43.4417	-116.5583	2683.46	-999	2.16	60	B	2	50	
611424	611424	611424	43.4417	-116.5167	2748.95	-999	2.16	60	B	2	50	
611425	611425	611425	43.4417	-116.475	2783.07	-999	2.2418	60	B	2	50	
611426	611426	611426	43.4417	-116.4333	2976.38	-999	2.28	60	B	2	50	
612625	612625	612625	43.4833	-124.225	69.77	-999	1.8056	60	B	2	50	
612626	612626	612626	43.4833	-124.1833	139.11	-999	2.8778	60	B	2	50	
612627	612627	612627	43.4833	-124.1417	300.96	-999	2.8929	60	B	2	50	
612628	612628	612628	43.4833	-124.1	701.34	-999	1.8	60	B	2	50	
612629	612629	612629	43.4833	-124.0583	739.39	-999	1.8	60	B	2	50	
612641	612641	612641	43.4833	-123.5583	841.1	-999	1.6403	60	B	2	50	
612642	612642	612642	43.4833	-123.5167	792.98	-999	1.7558	60	B	2	50	
612643	612643	612643	43.4833	-123.475	658.14	-999	1.8	60	B	2	50	
612644	612644	612644	43.4833	-123.4333	1140.86	-999	2.04	60	B	2	50	
612645	612645	612645	43.4833	-123.3917	927.06	-999	2.04	60	B	2	50	
612646	612646	612646	43.4833	-123.35	794.73	-999	1.9848	60	B	2	50	
612647	612647	612647	43.4833	-123.3083	681.1	-999	2.018	60	B	2	50	
612648	612648	612648	43.4833	-123.2667	736.99	-999	1.9582	60	B	2	50	
612649	612649	612649	43.4833	-123.225	705.05	-999	2.04	60	B	2	50	
612650	612650	612650	43.4833	-123.1833	1077.43	-999	2.04	60	B	2	50	
612651	612651	612651	43.4833	-123.1417	1122.92	-999	2.04	60	B	2	50	
612653	612653	612653	43.4833	-123.0583	1401.35	-999	2.04	60	B	2	50	
612680	612680	612680	43.4833	-121.9333	4783.46	-999	2.28	60	A	1	50	
612686	612686	612686	43.4833	-121.6833	4487.53	-999	2.28	60	A	1	50	
612711	612711	612711	43.4833	-120.6417	4450.0	-999	1.2	60	A	1	50	
612724	612724	612724	43.4833	-120.1	4585.96	-999	1.92	60	C	3	50	
612725	612725	612725	43.4833	-120.0583	4596.33	-999	1.92	60	C	3	50	
612739	612739	612739	43.4833	-119.475	4236.88	-999	1.9487	60	B	2	50	
612740	612740	612740	43.4833	-119.4333	4187.93	-999	2.0894	60	B	2	50	
612741	612741	612741	43.4833	-119.3917	4277.03	-999	1.44	60	B	2	50	
612746	612746	612746	43.4833	-119.1833	4359.45	-999	2.1568	60	B	2	50	
612747	612747	612747	43.4833	-119.1417	4309.45	-999	2.1233	60	B	2	50	
612748	612748	612748	43.4833	-119.1	4274.93	-999	2.1345	60	B	2	50	
612749	612749	612749	43.4833	-119.0583	4172.44	-999	2.1534	60	B	2	50	
612750	612750	612750	43.4833	-119.0167	4129.92	-999	2.16	60	B	2	50	
612751	612751	612751	43.4833	-118.975	4125.07	-999	2.16	60	B	2	50	
612752	612752	612752	43.4833	-118.9333	4122.18	-999	2.16	60	B	2	50	
612753	612753	612753	43.4833	-118.8917	4117.59	-999	2.0448	60	B	2	50	
612754	612754	612754	43.4833	-118.85	4119.03	-999	1.5731	60	B	2	50	
612755	612755	612755	43.4833	-118.8083	4118.37	-999	1.1669	60	B	2	50	
612756	612756	612756	43.4833	-118.7667	4119.95	-999	0.8722	60	B	2	50	
612757	612757	612757	43.4833	-118.725	4115.09	-999	0.84	60	B	2	50	
612758	612758	612758	43.4833	-118.6833	4113.91	-999	1.091	60	B	2	50	
612759	612759	612759	43.4833	-118.6417	4118.37	-999	1.56	60	A	1	50	
612760	612760	612760	43.4833	-118.6	4125.85	-999	1.5015	60	A	1	50	
612769	612769	612769	43.4833	-118.225	4133.73	-999	2.28	60	B	2	50	
612770	612770	612770	43.4833	-118.1833	3598.29	-999	1.7295	60	B	2	50	
612773	612773	612773	43.4833	-118.0583	4484.91	-999	1.56	60	B	2	50	
612774	612774	612774	43.4833	-118.0167	4555.12	-999	1.5474	60	B	2	50	
612775	612775	612775	43.4833	-117.975	4637.27	-999	1.5357	60	B	2	50	
612800	612800	612800	43.4833	-116.9333	3060.89	-999	1.68	60	B	2	50	
612801	612801	612801	43.4833	-116.8917	2674.28	-999	1.8258	60	B	2	50	
612802	612802	612802	43.4833	-116.85	2620.34	-999	1.4009	60	A	1	50	
612803	612803	612803	43.4833	-116.8083	2576.25	-999	1.08	60	A	1	50	
612804	612804	612804	43.4833	-116.7667	2317.98	-999	1.544	60	A	1	50	
612805	612805	612805	43.4833	-116.725	2623.36	-999	2.0643	60	B	2	50	
612806	612806	612806	43.4833	-116.6833	2807.22	-999	2.16	60	B	2	50	
612807	612807	612807	43.4833	-116.6417	2714.83	-999	2.16	60	B	2	50	
614012	614012	614012	43.525	-124.1833	306.76	-999	2.9207	60	B	2	50	
614013	614013	614013	43.525	-124.1417	332.68	-999	2.194	60	B	2	50	
614014	614014	614014	43.525	-124.1	423.78	-999	2.5747	60	B	2	50	
614015	614015	614015	43.525	-124.0583	511.48	-999	1.8	60	B	2	50	
614020	614020	614020	43.525	-123.85	993.99	-999	1.92	60	C	3	50	
614021	614021	614021	43.525	-123.8083	776.14	-999	1.9082	60	B	2	50	
614026	614026	614026	43.525	-123.6	878.28	-999	1.92	60	C	3	50	
614027	614027	614027	43.525	-123.5583	485.89	-999	1.6784	60	B	2	50	
614028	614028	614028	43.525	-123.5167	587.27	-999	1.8167	60	B	2	50	
614029	614029	614029	43.525	-123.475	1151.03	-999	1.8	60	B	2	50	
614032	614032	614032	43.525	-123.35	1036.64	-999	2.04	60	B	2	50	
614033	614033	614033	43.525	-123.3083	778.0	-999	1.9089	60	B	2	50	
614034	614034	614034	43.525	-123.2667	969.49	-999	2.0063	60	B	2	50	
614035	614035	614035	43.525	-123.225	1109.91	-999	2.0217	60	B	2	50	
614036	614036	614036	43.525	-123.1833	1254.16	-999	2.0398	60	B	2	50	
614071	614071	614071	43.525	-121.725	4987.14	-999	2.28	60	A	1	50	
614072	614072	614072	43.525	-121.6833	4504.99	-999	2.28	60	A	1	50	
614073	614073	614073	43.525	-121.6417	4357.09	-999	2.28	60	A	1	50	
614123	614123	614123	43.525	-119.5583	4315.88	-999	1.44	60	B	2	50	
614124	614124	614124	43.525	-119.5167	4308.66	-999	1.5137	60	B	2	50	
614125	614125	614125	43.525	-119.475	4253.94	-999	2.0999	60	B	2	50	
614126	614126	614126	43.525	-119.4333	4281.23	-999	1.8526	60	B	2	50	
614131	614131	614131	43.525	-119.225	4397.64	-999	2.16	60	B	2	50	
614132	614132	614132	43.525	-119.1833	4351.57	-999	2.1592	60	B	2	50	
614133	614133	614133	43.525	-119.1417	4312.73	-999	2.0145	60	B	2	50	
614134	614134	614134	43.525	-119.1	4373.75	-999	1.7846	60	B	2	50	
614135	614135	614135	43.525	-119.0583	4144.23	-999	2.1507	60	B	2	50	
614136	614136	614136	43.525	-119.0167	4135.04	-999	2.16	60	B	2	50	
614137	614137	614137	43.525	-118.975	4135.43	-999	2.16	60	B	2	50	
614138	614138	614138	43.525	-118.9333	4132.94	-999	2.16	60	B	2	50	
614139	614139	614139	43.525	-118.8917	4131.36	-999	2.1585	60	B	2	50	
614140	614140	614140	43.525	-118.85	4127.17	-999	2.1386	60	B	2	50	
614141	614141	614141	43.525	-118.8083	4124.15	-999	2.1596	60	B	2	50	
614142	614142	614142	43.525	-118.7667	4121.13	-999	1.4704	60	B	2	50	
614143	614143	614143	43.525	-118.725	4114.7	-999	0.84	60	B	2	50	
614144	614144	614144	43.525	-118.6833	4122.05	-999	0.9448	60	B	2	50	
614145	614145	614145	43.525	-118.6417	4119.42	-999	1.1645	60	B	2	50	
614146	614146	614146	43.525	-118.6	4119.03	-999	0.9382	60	B	2	50	
614147	614147	614147	43.525	-118.5583	4375.59	-999	1.56	60	A	1	50	
614158	614158	614158	43.525	-118.1	3949.87	-999	1.56	60	B	2	50	
614160	614160	614160	43.525	-118.0167	4551.18	-999	1.56	60	B	2	50	
614161	614161	614161	43.525	-117.975	4558.53	-999	1.56	60	B	2	50	
614182	614182	614182	43.525	-117.1	2755.12	-999	1.32	60	B	2	50	
614185	614185	614185	43.525	-116.975	2845.41	-999	1.08	60	A	1	50	
614186	614186	614186	43.525	-116.9333	2431.76	-999	1.5341	60	A	1	50	
614187	614187	614187	43.525	-116.8917	2407.48	-999	2.104	60	B	2	50	
614188	614188	614188	43.525	-116.85	2383.2	-999	2.1546	60	B	2	50	
614189	614189	614189	43.525	-116.8083	2389.37	-999	1.9247	60	B	2	50	
614190	614190	614190	43.525	-116.7667	2295.14	-999	1.5922	60	A	1	50	
614191	614191	614191	43.525	-116.725	2570.21	-999	1.44	60	A	1	50	
615398	615398	615398	43.5667	-124.1833	139.76	-999	2.6243	60	B	2	50	
615399	615399	615399	43.5667	-124.1417	148.07	-999	2.8603	60	B	2	50	
615400	615400	615400	43.5667	-124.1	297.9	-999	2.712	60	B	2	50	
615401	615401	615401	43.5667	-124.0583	447.73	-999	1.8	60	B	2	50	
615406	615406	615406	43.5667	-123.85	1060.26	-999	1.8269	60	B	2	50	
615407	615407	615407	43.5667	-123.8083	719.05	-999	1.8152	60	B	2	50	
615412	615412	615412	43.5667	-123.6	541.01	-999	1.7022	60	B	2	50	
615413	615413	615413	43.5667	-123.5583	423.45	-999	1.7282	60	B	2	50	
615414	615414	615414	43.5667	-123.5167	464.24	-999	1.8065	60	B	2	50	
615418	615418	615418	43.5667	-123.35	1172.14	-999	1.8	60	B	2	50	
615419	615419	615419	43.5667	-123.3083	757.22	-999	1.9225	60	B	2	50	
615420	615420	615420	43.5667	-123.2667	648.07	-999	1.654	60	B	2	50	
615422	615422	615422	43.5667	-123.1833	1297.68	-999	1.9864	60	B	2	50	
615423	615423	615423	43.5667	-123.1417	1215.0	-999	2.0238	60	B	2	50	
615459	615459	615459	43.5667	-121.6417	4340.03	-999	2.28	60	A	1	50	
615460	615460	615460	43.5667	-121.6	4311.02	-999	2.28	60	A	1	50	
615507	615507	615507	43.5667	-119.6417	4311.29	-999	1.2616	60	B	2	50	
615508	615508	615508	43.5667	-119.6	4299.61	-999	1.959	60	B	2	50	
615509	615509	615509	43.5667	-119.5583	4281.36	-999	1.7762	60	B	2	50	
615510	615510	615510	43.5667	-119.5167	4268.5	-999	2.1111	60	B	2	50	
615511	615511	615511	43.5667	-119.475	4334.25	-999	2.0061	60	B	2	50	
615520	615520	615520	43.5667	-119.1	4595.8	-999	1.2446	60	B	2	50	
615521	615521	615521	43.5667	-119.0583	4163.25	-999	2.1589	60	B	2	50	
615522	615522	615522	43.5667	-119.0167	4144.88	-999	2.16	60	B	2	50	
615523	615523	615523	43.5667	-118.975	4142.26	-999	2.16	60	B	2	50	
615524	615524	615524	43.5667	-118.9333	4140.55	-999	2.16	60	B	2	50	
615525	615525	615525	43.5667	-118.8917	4135.04	-999	1.7248	60	B	2	50	
615526	615526	615526	43.5667	-118.85	4130.58	-999	0.84	60	B	2	50	
615527	615527	615527	43.5667	-118.8083	4126.38	-999	0.8707	60	B	2	50	
615528	615528	615528	43.5667	-118.7667	4125.46	-999	0.84	60	B	2	50	
615529	615529	615529	43.5667	-118.725	4120.73	-999	0.84	60	B	2	50	
615530	615530	615530	43.5667	-118.6833	4125.85	-999	0.84	60	B	2	50	
615531	615531	615531	43.5667	-118.6417	4122.97	-999	0.84	60	B	2	50	
615532	615532	615532	43.5667	-118.6	4142.26	-999	0.9648	60	B	2	50	
615533	615533	615533	43.5667	-118.5583	4301.97	-999	1.5401	60	A	1	50	
615542	615542	615542	43.5667	-118.1833	3691.47	-999	1.68	60	B	2	50	
615547	615547	615547	43.5667	-117.975	4619.03	-999	1.56	60	B	2	50	
615568	615568	615568	43.5667	-117.1	2693.04	-999	1.32	60	B	2	50	
615569	615569	615569	43.5667	-117.0583	2622.05	-999	2.1484	60	B	2	50	
615570	615570	615570	43.5667	-117.0167	2552.36	-999	1.744	60	B	2	50	
615571	615571	615571	43.5667	-116.975	2419.55	-999	1.6383	60	B	2	50	
615572	615572	615572	43.5667	-116.9333	2328.61	-999	2.0415	60	B	2	50	
615573	615573	615573	43.5667	-116.8917	2287.27	-999	1.7622	60	B	2	50	
615574	615574	615574	43.5667	-116.85	2287.27	-999	1.6996	60	B	2	50	
615575	615575	615575	43.5667	-116.8083	2270.47	-999	1.624	60	A	1	50	
615576	615576	615576	43.5667	-116.7667	2511.16	-999	1.44	60	A	1	50	
616785	616785	616785	43.6083	-124.1417	231.63	-999	3.0	60	B	2	50	
616786	616786	616786	43.6083	-124.1	245.74	-999	2.7524	60	B	2	50	
616787	616787	616787	43.6083	-124.0583	423.56	-999	1.8	60	B	2	50	
616796	616796	616796	43.6083	-123.6833	669.51	-999	1.6186	60	B	2	50	
616797	616797	616797	43.6083	-123.6417	649.61	-999	1.92	60	C	3	50	
616798	616798	616798	43.6083	-123.6	368.77	-999	1.561	60	B	2	50	
616799	616799	616799	43.6083	-123.5583	379.16	-999	1.5738	60	B	2	50	
616800	616800	616800	43.6083	-123.5167	835.52	-999	1.8553	60	B	2	50	
616803	616803	616803	43.6083	-123.3917	1161.64	-999	1.8	60	B	2	50	
616804	616804	616804	43.6083	-123.35	781.5	-999	2.0144	60	B	2	50	
616805	616805	616805	43.6083	-123.3083	668.2	-999	1.9953	60	B	2	50	
616806	616806	616806	43.6083	-123.2667	564.63	-999	1.9699	60	B	2	50	
616807	616807	616807	43.6083	-123.225	693.46	-999	2.0288	60	B	2	50	
616808	616808	616808	43.6083	-123.1833	715.66	-999	1.979	60	B	2	50	
616809	616809	616809	43.6083	-123.1417	1199.69	-999	1.9976	60	B	2	50	
616810	616810	616810	43.6083	-123.1	1561.35	-999	2.1281	60	C	3	50	
616811	616811	616811	43.6083	-123.0583	1470.69	-999	2.1221	60	C	3	50	
616846	616846	616846	43.6083	-121.6	4304.99	-999	2.28	60	A	1	50	
616847	616847	616847	43.6083	-121.5583	4282.02	-999	2.28	60	A	1	50	
616848	616848	616848	43.6083	-121.5167	4265.62	-999	2.28	60	A	1	50	
616891	616891	616891	43.6083	-119.725	4566.93	-999	1.44	60	B	2	50	
616892	616892	616892	43.6083	-119.6833	4349.87	-999	1.44	60	B	2	50	
616893	616893	616893	43.6083	-119.6417	4332.94	-999	1.2964	60	B	2	50	
616894	616894	616894	43.6083	-119.6	4393.04	-999	1.5285	60	B	2	50	
616895	616895	616895	43.6083	-119.5583	4387.93	-999	0.96	60	B	2	50	
616896	616896	616896	43.6083	-119.5167	4322.97	-999	0.96	60	B	2	50	
616906	616906	616906	43.6083	-119.1	4425.59	-999	0.96	60	B	2	50	
616907	616907	616907	43.6083	-119.0583	4217.32	-999	2.046	60	B	2	50	
616908	616908	616908	43.6083	-119.0167	4175.85	-999	2.1518	60	B	2	50	
616909	616909	616909	43.6083	-118.975	4170.47	-999	2.108	60	B	2	50	
616910	616910	616910	43.6083	-118.9333	4150.92	-999	2.1151	60	B	2	50	
616911	616911	616911	43.6083	-118.8917	4140.29	-999	2.1328	60	B	2	50	
616912	616912	616912	43.6083	-118.85	4138.71	-999	1.9356	60	B	2	50	
616913	616913	616913	43.6083	-118.8083	4134.78	-999	1.7242	60	B	2	50	
616914	616914	616914	43.6083	-118.7667	4131.89	-999	1.8611	60	B	2	50	
616915	616915	616915	43.6083	-118.725	4126.25	-999	1.8584	60	B	2	50	
616916	616916	616916	43.6083	-118.6833	4130.97	-999	1.4812	60	B	2	50	
616917	616917	616917	43.6083	-118.6417	4148.82	-999	0.8604	60	B	2	50	
616918	616918	616918	43.6083	-118.6	4360.5	-999	1.1987	60	B	2	50	
616922	616922	616922	43.6083	-118.4333	4444.23	-999	1.5818	60	B	2	50	
616946	616946	616946	43.6083	-117.4333	3730.58	-999	1.32	60	B	2	50	
616955	616955	616955	43.6083	-117.0583	2530.31	-999	2.16	60	B	2	50	
616956	616956	616956	43.6083	-117.0167	2420.21	-999	2.1195	60	B	2	50	
616957	616957	616957	43.6083	-116.975	2339.9	-999	1.9401	60	B	2	50	
616958	616958	616958	43.6083	-116.9333	2262.6	-999	1.562	60	A	1	50	
616959	616959	616959	43.6083	-116.8917	2288.71	-999	1.4576	60	A	1	50	
616960	616960	616960	43.6083	-116.85	2392.91	-999	1.44	60	A	1	50	
616961	616961	616961	43.6083	-116.8083	2462.34	-999	1.44	60	A	1	50	
616962	616962	616962	43.6083	-116.7667	2514.83	-999	1.44	60	A	1	50	
618171	618171	618171	43.65	-124.1417	338.58	-999	3.0	60	B	2	50	
618172	618172	618172	43.65	-124.1	309.93	-999	3.0	60	B	2	50	
618173	618173	618173	43.65	-124.0583	396.65	-999	3.0	60	B	2	50	
618174	618174	618174	43.65	-124.0167	558.62	-999	2.1511	60	B	2	50	
618175	618175	618175	43.65	-123.975	630.69	-999	1.9719	60	B	2	50	
618176	618176	618176	43.65	-123.9333	787.07	-999	3.0	60	B	2	50	
618178	618178	618178	43.65	-123.85	638.56	-999	2.2271	60	B	2	50	
618179	618179	618179	43.65	-123.8083	577.21	-999	1.8682	60	B	2	50	
618180	618180	618180	43.65	-123.7667	512.03	-999	1.92	60	C	3	50	
618181	618181	618181	43.65	-123.725	451.33	-999	1.6497	60	B	2	50	
618182	618182	618182	43.65	-123.6833	461.94	-999	1.5911	60	B	2	50	
618183	618183	618183	43.65	-123.6417	309.27	-999	1.5985	60	B	2	50	
618184	618184	618184	43.65	-123.6	358.82	-999	1.6043	60	B	2	50	
618185	618185	618185	43.65	-123.5583	389.76	-999	1.764	60	B	2	50	
618186	618186	618186	43.65	-123.5167	462.71	-999	1.8	60	B	2	50	
618187	618187	618187	43.65	-123.475	608.16	-999	1.8	60	B	2	50	
618188	618188	618188	43.65	-123.4333	697.84	-999	1.9903	60	C	3	50	
618189	618189	618189	43.65	-123.3917	740.71	-999	2.0399	60	C	3	50	
618190	618190	618190	43.65	-123.35	696.52	-999	2.0199	60	C	3	50	
618191	618191	618191	43.65	-123.3083	699.04	-999	1.8153	60	B	2	50	
618192	618192	618192	43.65	-123.2667	678.81	-999	1.8	60	B	2	50	
618193	618193	618193	43.65	-123.225	620.19	-999	1.8	60	B	2	50	
618194	618194	618194	43.65	-123.1833	785.54	-999	1.8	60	B	2	50	
618195	618195	618195	43.65	-123.1417	1606.19	-999	1.8169	60	B	2	50	
618196	618196	618196	43.65	-123.1	1340.11	-999	2.1571	60	C	3	50	
618197	618197	618197	43.65	-123.0583	1561.02	-999	2.16	60	C	3	50	
618203	618203	618203	43.65	-122.8083	1836.61	-999	1.8	60	C	3	50	
618233	618233	618233	43.65	-121.5583	4257.87	-999	2.28	60	A	1	50	
618234	618234	618234	43.65	-121.5167	4247.77	-999	2.28	60	A	1	50	
618266	618266	618266	43.65	-120.1833	4444.88	-999	0.96	60	A	1	50	
618274	618274	618274	43.65	-119.85	4786.75	-999	1.3523	60	B	2	50	
618279	618279	618279	43.65	-119.6417	4544.75	-999	0.9945	60	B	2	50	
618289	618289	618289	43.65	-119.225	4987.93	-999	1.32	60	B	2	50	
618292	618292	618292	43.65	-119.1	4399.87	-999	1.8451	60	B	2	50	
618293	618293	618293	43.65	-119.0583	4360.89	-999	2.159	60	B	2	50	
618294	618294	618294	43.65	-119.0167	4395.01	-999	1.6047	60	B	2	50	
618295	618295	618295	43.65	-118.975	4278.22	-999	1.7992	60	B	2	50	
618296	618296	618296	43.65	-118.9333	4351.05	-999	0.96	60	B	2	50	
618297	618297	618297	43.65	-118.8917	4297.24	-999	1.7677	60	B	2	50	
618298	618298	618298	43.65	-118.85	4292.39	-999	1.7383	60	B	2	50	
618299	618299	618299	43.65	-118.8083	4376.64	-999	2.0539	60	B	2	50	
618300	618300	618300	43.65	-118.7667	4451.71	-999	1.8757	60	B	2	50	
618301	618301	618301	43.65	-118.725	4337.93	-999	1.7118	60	B	2	50	
618302	618302	618302	43.65	-118.6833	4401.18	-999	1.871	60	B	2	50	
618303	618303	618303	43.65	-118.6417	4338.32	-999	1.1326	60	B	2	50	
618308	618308	618308	43.65	-118.4333	3932.81	-999	1.68	60	B	2	50	
618316	618316	618316	43.65	-118.1	3865.49	-999	1.68	60	B	2	50	
618336	618336	618336	43.65	-117.2667	3201.05	-999	1.68	60	B	2	50	
618340	618340	618340	43.65	-117.1	2688.32	-999	2.1254	60	B	2	50	
618341	618341	618341	43.65	-117.0583	2367.72	-999	2.16	60	B	2	50	
618342	618342	618342	43.65	-117.0167	2395.14	-999	1.9888	60	B	2	50	
618343	618343	618343	43.65	-116.975	2280.31	-999	1.5402	60	A	1	50	
618344	618344	618344	43.65	-116.9333	2268.77	-999	1.5419	60	A	1	50	
618345	618345	618345	43.65	-116.8917	2415.22	-999	1.718	60	B	2	50	
618346	618346	618346	43.65	-116.85	2497.77	-999	1.44	60	A	1	50	
619557	619557	619557	43.6917	-124.1417	153.98	-999	1.68	60	B	2	50	
619558	619558	619558	43.6917	-124.1	147.53	-999	1.8716	60	B	2	50	
619559	619559	619559	43.6917	-124.0583	160.54	-999	1.9705	60	B	2	50	
619560	619560	619560	43.6917	-124.0167	254.59	-999	2.2537	60	B	2	50	
619561	619561	619561	43.6917	-123.975	366.69	-999	3.0	60	B	2	50	
619562	619562	619562	43.6917	-123.9333	524.93	-999	3.0	60	B	2	50	
619565	619565	619565	43.6917	-123.8083	980.75	-999	1.8874	60	B	2	50	
619568	619568	619568	43.6917	-123.6833	747.81	-999	1.5884	60	B	2	50	
619569	619569	619569	43.6917	-123.6417	702.86	-999	1.7123	60	B	2	50	
619570	619570	619570	43.6917	-123.6	606.3	-999	1.8	60	B	2	50	
619574	619574	619574	43.6917	-123.4333	937.56	-999	1.8531	60	B	2	50	
619575	619575	619575	43.6917	-123.3917	742.13	-999	1.958	60	C	3	50	
619576	619576	619576	43.6917	-123.35	704.5	-999	1.8145	60	B	2	50	
619577	619577	619577	43.6917	-123.3083	751.42	-999	1.8	60	B	2	50	
619578	619578	619578	43.6917	-123.2667	676.29	-999	1.8	60	B	2	50	
619579	619579	619579	43.6917	-123.225	743.0	-999	1.8	60	B	2	50	
619580	619580	619580	43.6917	-123.1833	842.52	-999	1.8	60	B	2	50	
619582	619582	619582	43.6917	-123.1	1329.29	-999	2.16	60	C	3	50	
619583	619583	619583	43.6917	-123.0583	989.83	-999	2.1579	60	C	3	50	
619585	619585	619585	43.6917	-122.975	1415.25	-999	2.16	60	C	3	50	
619588	619588	619588	43.6917	-122.85	1579.07	-999	1.8	60	C	3	50	
619589	619589	619589	43.6917	-122.8083	1621.39	-999	1.8	60	C	3	50	
619590	619590	619590	43.6917	-122.7667	1702.1	-999	1.8	60	C	3	50	
619591	619591	619591	43.6917	-122.725	2057.2	-999	1.8	60	C	3	50	
619620	619620	619620	43.6917	-121.5167	4230.97	-999	2.28	60	A	1	50	
619621	619621	619621	43.6917	-121.475	4228.87	-999	2.28	60	A	1	50	
619649	619649	619649	43.6917	-120.3083	4433.6	-999	0.96	60	A	1	50	
619650	619650	619650	43.6917	-120.2667	4453.81	-999	0.96	60	A	1	50	
619651	619651	619651	43.6917	-120.225	4597.64	-999	0.9823	60	A	1	50	
619652	619652	619652	43.6917	-120.1833	4641.34	-999	0.9652	60	A	1	50	
619660	619660	619660	43.6917	-119.85	5079.0	-999	1.32	60	B	2	50	
619665	619665	619665	43.6917	-119.6417	4689.76	-999	1.32	60	B	2	50	
619677	619677	619677	43.6917	-119.1417	4610.24	-999	1.2704	60	B	2	50	
619678	619678	619678	43.6917	-119.1	4613.78	-999	1.7898	60	B	2	50	
619680	619680	619680	43.6917	-119.0167	4592.65	-999	1.2397	60	B	2	50	
619685	619685	619685	43.6917	-118.8083	4708.92	-999	1.142	60	B	2	50	
619686	619686	619686	43.6917	-118.7667	4787.53	-999	1.32	60	B	2	50	
619694	619694	619694	43.6917	-118.4333	3772.18	-999	1.68	60	B	2	50	
619695	619695	619695	43.6917	-118.3917	3945.67	-999	1.68	60	B	2	50	
619696	619696	619696	43.6917	-118.35	3899.21	-999	1.68	60	B	2	50	
619702	619702	619702	43.6917	-118.1	3489.63	-999	1.68	60	B	2	50	
619703	619703	619703	43.6917	-118.0583	3522.57	-999	1.68	60	B	2	50	
619723	619723	619723	43.6917	-117.225	2671.92	-999	1.68	60	B	2	50	
619724	619724	619724	43.6917	-117.1833	2697.24	-999	1.32	60	B	2	50	
619726	619726	619726	43.6917	-117.1	2571.65	-999	1.8503	60	B	2	50	
619727	619727	619727	43.6917	-117.0583	2238.98	-999	2.0177	60	B	2	50	
619728	619728	619728	43.6917	-117.0167	2268.5	-999	1.4924	60	A	1	50	
619729	619729	619729	43.6917	-116.975	2286.61	-999	1.4746	60	A	1	50	
619730	619730	619730	43.6917	-116.9333	2410.1	-999	1.7472	60	B	2	50	
620943	620943	620943	43.7333	-124.1417	67.8	-999	1.68	60	B	2	50	
620944	620944	620944	43.7333	-124.1	140.64	-999	1.68	60	B	2	50	
620945	620945	620945	43.7333	-124.0583	204.94	-999	1.6881	60	B	2	50	
620946	620946	620946	43.7333	-124.0167	244.97	-999	1.7804	60	B	2	50	
620962	620962	620962	43.7333	-123.35	1073.27	-999	1.8	60	B	2	50	
620963	620963	620963	43.7333	-123.3083	803.48	-999	1.8	60	B	2	50	
620964	620964	620964	43.7333	-123.2667	722.77	-999	1.8	60	B	2	50	
620965	620965	620965	43.7333	-123.225	709.32	-999	1.8	60	B	2	50	
620966	620966	620966	43.7333	-123.1833	764.33	-999	1.8077	60	B	2	50	
620967	620967	620967	43.7333	-123.1417	1132.98	-999	1.8669	60	B	2	50	
620968	620968	620968	43.7333	-123.1	1099.52	-999	1.9257	60	C	3	50	
620969	620969	620969	43.7333	-123.0583	959.87	-999	2.1381	60	B	2	50	
620970	620970	620970	43.7333	-123.0167	1259.84	-999	1.9221	60	C	3	50	
620971	620971	620971	43.7333	-122.975	1047.35	-999	2.0736	60	B	2	50	
620972	620972	620972	43.7333	-122.9333	1406.17	-999	2.1177	60	C	3	50	
620973	620973	620973	43.7333	-122.8917	1305.88	-999	2.0717	60	C	3	50	
620974	620974	620974	43.7333	-122.85	1613.08	-999	1.8	60	C	3	50	
620984	620984	620984	43.7333	-122.4333	1577.76	-999	1.8	60	C	3	50	
621006	621006	621006	43.7333	-121.5167	4243.7	-999	2.28	60	A	1	50	
621007	621007	621007	43.7333	-121.475	4211.16	-999	2.28	60	A	1	50	
621008	621008	621008	43.7333	-121.4333	4260.63	-999	2.28	60	A	1	50	
621034	621034	621034	43.7333	-120.35	4445.67	-999	0.9608	60	A	1	50	
621035	621035	621035	43.7333	-120.3083	4525.98	-999	0.96	60	A	1	50	
621036	621036	621036	43.7333	-120.2667	4989.5	-999	1.8	60	B	2	50	
621043	621043	621043	43.7333	-119.975	4190.95	-999	1.08	60	A	1	50	
621044	621044	621044	43.7333	-119.9333	4452.23	-999	1.2722	60	B	2	50	
621045	621045	621045	43.7333	-119.8917	4873.75	-999	1.3321	60	B	2	50	
621052	621052	621052	43.7333	-119.6	4656.17	-999	1.32	60	B	2	50	
621054	621054	621054	43.7333	-119.5167	4928.87	-999	1.32	60	B	2	50	
621059	621059	621059	43.7333	-119.3083	4881.5	-999	1.607	60	B	2	50	
621062	621062	621062	43.7333	-119.1833	4726.38	-999	1.32	60	B	2	50	
621079	621079	621079	43.7333	-118.475	3740.16	-999	2.2333	60	B	2	50	
621088	621088	621088	43.7333	-118.1	3178.35	-999	1.68	60	B	2	50	
621089	621089	621089	43.7333	-118.0583	3286.22	-999	1.68	60	B	2	50	
621106	621106	621106	43.7333	-117.35	3312.2	-999	1.32	60	B	2	50	
621110	621110	621110	43.7333	-117.1833	2645.67	-999	2.033	60	B	2	50	
621111	621111	621111	43.7333	-117.1417	2540.81	-999	2.0929	60	B	2	50	
621112	621112	621112	43.7333	-117.1	2607.61	-999	2.0793	60	B	2	50	
621113	621113	621113	43.7333	-117.0583	2248.56	-999	2.0715	60	B	2	50	
621114	621114	621114	43.7333	-117.0167	2273.23	-999	1.4344	60	A	1	50	
621115	621115	621115	43.7333	-116.975	2326.25	-999	1.6734	60	A	1	50	
621116	621116	621116	43.7333	-116.9333	2339.5	-999	2.0836	60	B	2	50	
622332	622332	622332	43.775	-124.0167	349.85	-999	2.5236	60	B	2	50	
622333	622333	622333	43.775	-123.975	295.82	-999	3.0	60	B	2	50	
622334	622334	622334	43.775	-123.9333	382.11	-999	2.1925	60	B	2	50	
622335	622335	622335	43.775	-123.8917	439.2	-999	1.8728	60	B	2	50	
622336	622336	622336	43.775	-123.85	684.16	-999	1.8	60	B	2	50	
622337	622337	622337	43.775	-123.8083	665.57	-999	1.8	60	B	2	50	
622346	622346	622346	43.775	-123.4333	1036.42	-999	1.8	60	B	2	50	
622347	622347	622347	43.775	-123.3917	1089.02	-999	1.8	60	B	2	50	
622351	622351	622351	43.775	-123.225	882.0	-999	2.038	60	C	3	50	
622353	622353	622353	43.775	-123.1417	1191.71	-999	1.9046	60	C	3	50	
622354	622354	622354	43.775	-123.1	988.74	-999	1.8928	60	B	2	50	
622355	622355	622355	43.775	-123.0583	817.59	-999	1.9476	60	B	2	50	
622356	622356	622356	43.775	-123.0167	903.98	-999	1.9312	60	B	2	50	
622357	622357	622357	43.775	-122.975	903.11	-999	1.9528	60	B	2	50	
622358	622358	622358	43.775	-122.9333	1027.12	-999	2.0025	60	C	3	50	
622359	622359	622359	43.775	-122.8917	1310.26	-999	2.1182	60	C	3	50	
622369	622369	622369	43.775	-122.475	1793.74	-999	1.8	60	C	3	50	
622370	622370	622370	43.775	-122.4333	2083.55	-999	1.8	60	C	3	50	
622371	622371	622371	43.775	-122.3917	2598.86	-999	1.8	60	C	3	50	
622392	622392	622392	43.775	-121.5167	4213.91	-999	2.28	60	A	1	50	
622393	622393	622393	43.775	-121.475	4199.48	-999	2.28	60	A	1	50	
622420	622420	622420	43.775	-120.35	4581.1	-999	1.1874	60	A	1	50	
622426	622426	622426	43.775	-120.1	4259.97	-999	1.0924	60	A	1	50	
622427	622427	622427	43.775	-120.0583	4148.82	-999	1.08	60	A	1	50	
622428	622428	622428	43.775	-120.0167	4157.09	-999	1.08	60	A	1	50	
622431	622431	622431	43.775	-119.8917	5029.66	-999	1.32	60	B	2	50	
622432	622432	622432	43.775	-119.85	5116.14	-999	1.32	60	B	2	50	
622444	622444	622444	43.775	-119.35	4837.53	-999	1.8	60	B	2	50	
622445	622445	622445	43.775	-119.3083	4671.52	-999	1.3398	60	B	2	50	
622447	622447	622447	43.775	-119.225	4778.87	-999	1.32	60	B	2	50	
622448	622448	622448	43.775	-119.1833	4603.28	-999	1.32	60	B	2	50	
622450	622450	622450	43.775	-119.1	5040.29	-999	1.32	60	B	2	50	
622451	622451	622451	43.775	-119.0583	4956.43	-999	1.32	60	B	2	50	
622463	622463	622463	43.775	-118.5583	4181.23	-999	1.9405	60	B	2	50	
622468	622468	622468	43.775	-118.35	3762.07	-999	2.28	60	B	2	50	
622469	622469	622469	43.775	-118.3083	3615.88	-999	2.28	60	B	2	50	
622473	622473	622473	43.775	-118.1417	3439.63	-999	1.68	60	B	2	50	
622474	622474	622474	43.775	-118.1	3359.97	-999	1.68	60	B	2	50	
622475	622475	622475	43.775	-118.0583	3539.76	-999	1.68	60	B	2	50	
622476	622476	622476	43.775	-118.0167	3353.67	-999	1.68	60	B	2	50	
622477	622477	622477	43.775	-117.975	3427.95	-999	1.68	60	B	2	50	
622478	622478	622478	43.775	-117.9333	3508.01	-999	1.68	60	B	2	50	
622480	622480	622480	43.775	-117.85	3544.09	-999	1.68	60	B	2	50	
622482	622482	622482	43.775	-117.7667	3107.35	-999	1.68	60	B	2	50	
622484	622484	622484	43.775	-117.6833	2907.22	-999	1.9399	60	B	2	50	
622485	622485	622485	43.775	-117.6417	3172.83	-999	1.32	60	B	2	50	
622486	622486	622486	43.775	-117.6	2984.12	-999	1.32	60	B	2	50	
622496	622496	622496	43.775	-117.1833	2717.45	-999	1.7658	60	B	2	50	
622497	622497	622497	43.775	-117.1417	2363.52	-999	2.16	60	B	2	50	
622498	622498	622498	43.775	-117.1	2281.23	-999	2.16	60	B	2	50	
622499	622499	622499	43.775	-117.0583	2227.3	-999	1.7576	60	B	2	50	
622500	622500	622500	43.775	-117.0167	2203.94	-999	1.39	60	A	1	50	
622501	622501	622501	43.775	-116.975	2215.88	-999	1.6594	60	A	1	50	
623719	623719	623719	43.8167	-123.975	522.31	-999	3.0	60	B	2	50	
623720	623720	623720	43.8167	-123.9333	457.46	-999	1.6813	60	B	2	50	
623723	623723	623723	43.8167	-123.8083	721.68	-999	1.8	60	B	2	50	
623735	623735	623735	43.8167	-123.3083	847.44	-999	1.9872	60	B	2	50	
623736	623736	623736	43.8167	-123.2667	866.47	-999	1.9712	60	C	3	50	
623737	623737	623737	43.8167	-123.225	840.33	-999	2.0365	60	C	3	50	
623739	623739	623739	43.8167	-123.1417	1035.65	-999	1.92	60	C	3	50	
623740	623740	623740	43.8167	-123.1	961.29	-999	1.8801	60	B	2	50	
623741	623741	623741	43.8167	-123.0583	865.05	-999	1.8503	60	B	2	50	
623742	623742	623742	43.8167	-123.0167	767.61	-999	1.9332	60	B	2	50	
623743	623743	623743	43.8167	-122.975	1354.55	-999	2.0689	60	B	2	50	
623744	623744	623744	43.8167	-122.9333	1913.28	-999	1.8	60	C	3	50	
623756	623756	623756	43.8167	-122.4333	2252.3	-999	1.8	60	C	3	50	
623757	623757	623757	43.8167	-122.3917	2250.22	-999	1.8	60	C	3	50	
623779	623779	623779	43.8167	-121.475	4188.85	-999	2.28	60	A	1	50	
623780	623780	623780	43.8167	-121.4333	4207.74	-999	2.28	60	A	1	50	
623809	623809	623809	43.8167	-120.225	5120.74	-999	1.8	60	B	2	50	
623810	623810	623810	43.8167	-120.1833	4835.43	-999	1.8	60	B	2	50	
623813	623813	623813	43.8167	-120.0583	4158.66	-999	1.1435	60	A	1	50	
623814	623814	623814	43.8167	-120.0167	4240.68	-999	1.0951	60	A	1	50	
623818	623818	623818	43.8167	-119.85	4931.89	-999	1.32	60	B	2	50	
623830	623830	623830	43.8167	-119.35	4903.41	-999	1.7214	60	B	2	50	
623831	623831	623831	43.8167	-119.3083	4797.38	-999	1.6004	60	B	2	50	
623833	623833	623833	43.8167	-119.225	4524.67	-999	1.5873	60	B	2	50	
623834	623834	623834	43.8167	-119.1833	4505.12	-999	1.32	60	B	2	50	
623837	623837	623837	43.8167	-119.0583	5100.79	-999	1.32	60	B	2	50	
623840	623840	623840	43.8167	-118.9333	5264.04	-999	1.8	60	B	2	50	
623844	623844	623844	43.8167	-118.7667	5367.72	-999	1.8	60	B	2	50	
623847	623847	623847	43.8167	-118.6417	4468.9	-999	1.32	60	B	2	50	
623848	623848	623848	43.8167	-118.6	4072.31	-999	2.1053	60	B	2	50	
623851	623851	623851	43.8167	-118.475	3899.74	-999	2.2222	60	B	2	50	
623852	623852	623852	43.8167	-118.4333	3738.45	-999	2.2732	60	B	2	50	
623853	623853	623853	43.8167	-118.3917	3849.74	-999	2.278	60	B	2	50	
623854	623854	623854	43.8167	-118.35	3684.38	-999	2.2686	60	B	2	50	
623855	623855	623855	43.8167	-118.3083	3819.69	-999	2.1036	60	B	2	50	
623858	623858	623858	43.8167	-118.1833	3895.28	-999	1.68	60	B	2	50	
623864	623864	623864	43.8167	-117.9333	3530.97	-999	1.68	60	B	2	50	
623870	623870	623870	43.8167	-117.6833	2922.44	-999	1.6669	60	B	2	50	
623871	623871	623871	43.8167	-117.6417	2749.87	-999	1.821	60	B	2	50	
623872	623872	623872	43.8167	-117.6	2743.18	-999	1.3203	60	B	2	50	
623873	623873	623873	43.8167	-117.5583	2937.4	-999	1.8216	60	B	2	50	
623881	623881	623881	43.8167	-117.225	2922.7	-999	1.32	60	B	2	50	
623882	623882	623882	43.8167	-117.1833	2651.97	-999	2.1491	60	B	2	50	
623883	623883	623883	43.8167	-117.1417	2391.73	-999	2.16	60	B	2	50	
623884	623884	623884	43.8167	-117.1	2325.85	-999	2.16	60	B	2	50	
623885	623885	623885	43.8167	-117.0583	2267.32	-999	2.1018	60	B	2	50	
623886	623886	623886	43.8167	-117.0167	2195.41	-999	1.5049	60	A	1	50	
623887	623887	623887	43.8167	-116.975	2242.91	-999	1.8273	60	B	2	50	
623888	623888	623888	43.8167	-116.9333	2372.05	-999	2.229	60	B	2	50	
625103	625103	625103	43.8583	-124.0583	197.94	-999	3.0	60	B	2	50	
625104	625104	625104	43.8583	-124.0167	372.38	-999	3.0	60	B	2	50	
625105	625105	625105	43.8583	-123.975	500.44	-999	3.0	60	B	2	50	
625106	625106	625106	43.8583	-123.9333	509.3	-999	1.6859	60	B	2	50	
625121	625121	625121	43.8583	-123.3083	1009.19	-999	1.92	60	C	3	50	
625122	625122	625122	43.8583	-123.2667	976.71	-999	1.9209	60	C	3	50	
625123	625123	625123	43.8583	-123.225	809.71	-999	1.9944	60	C	3	50	
625124	625124	625124	43.8583	-123.1833	1058.95	-999	1.9684	60	C	3	50	
625125	625125	625125	43.8583	-123.1417	1227.69	-999	1.92	60	C	3	50	
625126	625126	625126	43.8583	-123.1	1078.74	-999	1.92	60	C	3	50	
625127	625127	625127	43.8583	-123.0583	830.49	-999	2.0462	60	B	2	50	
625128	625128	625128	43.8583	-123.0167	766.73	-999	1.9372	60	B	2	50	
625129	625129	625129	43.8583	-122.975	1746.72	-999	1.8382	60	C	3	50	
625133	625133	625133	43.8583	-122.8083	1121.28	-999	2.16	60	C	3	50	
625165	625165	625165	43.8583	-121.475	4305.38	-999	2.28	60	A	1	50	
625166	625166	625166	43.8583	-121.4333	4187.66	-999	2.28	60	A	1	50	
625190	625190	625190	43.8583	-120.4333	4602.36	-999	0.96	60	A	1	50	
625191	625191	625191	43.8583	-120.3917	4642.0	-999	0.96	60	A	1	50	
625193	625193	625193	43.8583	-120.3083	4780.97	-999	1.4122	60	A	1	50	
625194	625194	625194	43.8583	-120.2667	4774.02	-999	1.7786	60	B	2	50	
625195	625195	625195	43.8583	-120.225	4656.69	-999	1.8	60	B	2	50	
625199	625199	625199	43.8583	-120.0583	4196.06	-999	1.0857	60	A	1	50	
625204	625204	625204	43.8583	-119.85	4778.08	-999	1.4216	60	B	2	50	
625205	625205	625205	43.8583	-119.8083	4994.49	-999	1.337	60	B	2	50	
625219	625219	625219	43.8583	-119.225	4650.13	-999	1.32	60	B	2	50	
625220	625220	625220	43.8583	-119.1833	4548.16	-999	1.32	60	B	2	50	
625226	625226	625226	43.8583	-118.9333	5003.81	-999	1.7586	60	B	2	50	
625233	625233	625233	43.8583	-118.6417	4164.57	-999	1.32	60	B	2	50	
625234	625234	625234	43.8583	-118.6	3825.33	-999	2.1024	60	B	2	50	
625235	625235	625235	43.8583	-118.5583	3870.87	-999	2.1353	60	B	2	50	
625236	625236	625236	43.8583	-118.5167	3876.77	-999	2.0335	60	B	2	50	
625237	625237	625237	43.8583	-118.475	3902.23	-999	2.2656	60	B	2	50	
625238	625238	625238	43.8583	-118.4333	3932.41	-999	1.8626	60	B	2	50	
625239	625239	625239	43.8583	-118.3917	4378.22	-999	1.383	60	B	2	50	
625240	625240	625240	43.8583	-118.35	3921.65	-999	2.2614	60	B	2	50	
625241	625241	625241	43.8583	-118.3083	3640.81	-999	2.242	60	B	2	50	
625242	625242	625242	43.8583	-118.2667	3883.07	-999	1.8916	60	B	2	50	
625244	625244	625244	43.8583	-118.1833	3874.67	-999	1.68	60	B	2	50	
625245	625245	625245	43.8583	-118.1417	3717.98	-999	1.68	60	B	2	50	
625257	625257	625257	43.8583	-117.6417	2671.78	-999	1.4001	60	B	2	50	
625258	625258	625258	43.8583	-117.6	2571.26	-999	2.139	60	B	2	50	
625259	625259	625259	43.8583	-117.5583	2612.47	-999	2.16	60	B	2	50	
625260	625260	625260	43.8583	-117.5167	2724.15	-999	1.353	60	B	2	50	
625261	625261	625261	43.8583	-117.475	2898.43	-999	1.1355	60	B	2	50	
625264	625264	625264	43.8583	-117.35	2590.03	-999	1.32	60	B	2	50	
625265	625265	625265	43.8583	-117.3083	2680.32	-999	1.32	60	B	2	50	
625267	625267	625267	43.8583	-117.225	2825.59	-999	1.32	60	B	2	50	
625268	625268	625268	43.8583	-117.1833	2807.74	-999	1.9984	60	B	2	50	
625269	625269	625269	43.8583	-117.1417	2639.76	-999	1.9591	60	B	2	50	
625270	625270	625270	43.8583	-117.1	2495.28	-999	2.1299	60	B	2	50	
625271	625271	625271	43.8583	-117.0583	2358.4	-999	2.16	60	B	2	50	
625272	625272	625272	43.8583	-117.0167	2201.31	-999	1.901	60	B	2	50	
625273	625273	625273	43.8583	-116.975	2228.08	-999	2.0129	60	B	2	50	
625274	625274	625274	43.8583	-116.9333	2365.75	-999	2.2276	60	B	2	50	
625275	625275	625275	43.8583	-116.8917	2527.69	-999	2.16	60	B	2	50	
625276	625276	625276	43.8583	-116.85	2616.14	-999	2.16	60	B	2	50	
626488	626488	626488	43.9	-124.1	74.69	-999	2.8217	60	B	2	50	
626489	626489	626489	43.9	-124.0583	200.46	-999	3.0	60	B	2	50	
626490	626490	626490	43.9	-124.0167	418.09	-999	3.0	60	B	2	50	
626491	626491	626491	43.9	-123.975	494.75	-999	3.0	60	B	2	50	
626493	626493	626493	43.9	-123.8917	839.67	-999	1.8	60	B	2	50	
626494	626494	626494	43.9	-123.85	1042.87	-999	1.8	60	B	2	50	
626508	626508	626508	43.9	-123.2667	812.12	-999	1.9789	60	C	3	50	
626509	626509	626509	43.9	-123.225	762.69	-999	2.015	60	C	3	50	
626510	626510	626510	43.9	-123.1833	989.94	-999	1.92	60	C	3	50	
626511	626511	626511	43.9	-123.1417	921.15	-999	1.9417	60	C	3	50	
626512	626512	626512	43.9	-123.1	1050.85	-999	1.9528	60	C	3	50	
626513	626513	626513	43.9	-123.0583	814.52	-999	2.1353	60	B	2	50	
626514	626514	626514	43.9	-123.0167	590.0	-999	1.9807	60	B	2	50	
626515	626515	626515	43.9	-122.975	897.2	-999	2.0493	60	B	2	50	
626516	626516	626516	43.9	-122.9333	1077.21	-999	2.16	60	B	2	50	
626518	626518	626518	43.9	-122.85	960.41	-999	2.16	60	C	3	50	
626519	626519	626519	43.9	-122.8083	897.42	-999	2.1251	60	B	2	50	
626522	626522	626522	43.9	-122.6833	1256.89	-999	2.16	60	C	3	50	
626551	626551	626551	43.9	-121.475	4531.23	-999	2.28	60	A	1	50	
626552	626552	626552	43.9	-121.4333	4210.63	-999	2.28	60	A	1	50	
626584	626584	626584	43.9	-120.1	4228.87	-999	1.44	60	B	2	50	
626585	626585	626585	43.9	-120.0583	4245.8	-999	1.44	60	B	2	50	
626586	626586	626586	43.9	-120.0167	4225.07	-999	1.44	60	B	2	50	
626588	626588	626588	43.9	-119.9333	4527.17	-999	1.44	60	B	2	50	
626589	626589	626589	43.9	-119.8917	4555.91	-999	1.44	60	B	2	50	
626590	626590	626590	43.9	-119.85	4723.1	-999	1.44	60	B	2	50	
626591	626591	626591	43.9	-119.8083	4831.1	-999	1.44	60	B	2	50	
626592	626592	626592	43.9	-119.7667	5018.24	-999	1.44	60	B	2	50	
626593	626593	626593	43.9	-119.725	5150.0	-999	1.44	60	B	2	50	
626596	626596	626596	43.9	-119.6	5597.77	-999	1.8	60	B	2	50	
626602	626602	626602	43.9	-119.35	5455.25	-999	1.8	60	B	2	50	
626604	626604	626604	43.9	-119.2667	5162.2	-999	1.8	60	B	2	50	
626612	626612	626612	43.9	-118.9333	4834.65	-999	1.8011	60	B	2	50	
626619	626619	626619	43.9	-118.6417	4403.15	-999	1.32	60	B	2	50	
626620	626620	626620	43.9	-118.6	3918.37	-999	1.9123	60	B	2	50	
626621	626621	626621	43.9	-118.5583	3935.83	-999	1.763	60	B	2	50	
626625	626625	626625	43.9	-118.3917	4334.78	-999	1.32	60	B	2	50	
626626	626626	626626	43.9	-118.35	3882.41	-999	2.2144	60	B	2	50	
626627	626627	626627	43.9	-118.3083	3877.17	-999	2.2691	60	B	2	50	
626631	626631	626631	43.9	-118.1417	3625.72	-999	1.4165	60	B	2	50	
626643	626643	626643	43.9	-117.6417	2775.33	-999	2.158	60	B	2	50	
626644	626644	626644	43.9	-117.6	2810.11	-999	1.7581	60	B	2	50	
626645	626645	626645	43.9	-117.5583	2789.11	-999	2.1444	60	B	2	50	
626646	626646	626646	43.9	-117.5167	2710.5	-999	1.1022	60	B	2	50	
626647	626647	626647	43.9	-117.475	2662.07	-999	1.0918	60	B	2	50	
626649	626649	626649	43.9	-117.3917	2570.6	-999	2.16	60	B	2	50	
626650	626650	626650	43.9	-117.35	2453.41	-999	2.16	60	B	2	50	
626651	626651	626651	43.9	-117.3083	2390.68	-999	2.056	60	B	2	50	
626652	626652	626652	43.9	-117.2667	2482.28	-999	2.146	60	B	2	50	
626656	626656	626656	43.9	-117.1	2656.82	-999	1.807	60	B	2	50	
626657	626657	626657	43.9	-117.0583	2453.41	-999	2.1205	60	B	2	50	
626658	626658	626658	43.9	-117.0167	2237.8	-999	2.16	60	B	2	50	
626659	626659	626659	43.9	-116.975	2186.75	-999	1.8244	60	B	2	50	
626660	626660	626660	43.9	-116.9333	2314.57	-999	2.0064	60	B	2	50	
626661	626661	626661	43.9	-116.8917	2423.36	-999	2.0718	60	B	2	50	
626662	626662	626662	43.9	-116.85	2585.83	-999	2.16	60	B	2	50	
627875	627875	627875	43.9417	-124.0583	300.2	-999	1.9101	60	B	2	50	
627876	627876	627876	43.9417	-124.0167	430.99	-999	3.0	60	B	2	50	
627877	627877	627877	43.9417	-123.975	522.31	-999	3.0	60	B	2	50	
627879	627879	627879	43.9417	-123.8917	987.97	-999	1.8	60	B	2	50	
627890	627890	627890	43.9417	-123.4333	941.38	-999	1.92	60	C	3	50	
627891	627891	627891	43.9417	-123.3917	1001.42	-999	1.92	60	C	3	50	
627892	627892	627892	43.9417	-123.35	1011.37	-999	1.9207	60	C	3	50	
627893	627893	627893	43.9417	-123.3083	784.56	-999	2.0381	60	C	3	50	
627894	627894	627894	43.9417	-123.2667	631.89	-999	2.0286	60	C	3	50	
627895	627895	627895	43.9417	-123.225	824.15	-999	1.9966	60	C	3	50	
627896	627896	627896	43.9417	-123.1833	850.39	-999	1.92	60	C	3	50	
627897	627897	627897	43.9417	-123.1417	998.36	-999	2.047	60	C	3	50	
627898	627898	627898	43.9417	-123.1	856.96	-999	2.0805	60	C	3	50	
627899	627899	627899	43.9417	-123.0583	590.22	-999	2.0486	60	C	3	50	
627900	627900	627900	43.9417	-123.0167	532.04	-999	2.0841	60	C	3	50	
627901	627901	627901	43.9417	-122.975	528.54	-999	2.0448	60	B	2	50	
627902	627902	627902	43.9417	-122.9333	643.15	-999	2.16	60	B	2	50	
627903	627903	627903	43.9417	-122.8917	793.2	-999	2.0545	60	B	2	50	
627904	627904	627904	43.9417	-122.85	664.37	-999	1.9506	60	B	2	50	
627905	627905	627905	43.9417	-122.8083	746.06	-999	1.904	60	B	2	50	
627906	627906	627906	43.9417	-122.7667	987.53	-999	1.9672	60	B	2	50	
627908	627908	627908	43.9417	-122.6833	1385.39	-999	2.16	60	C	3	50	
627957	627957	627957	43.9417	-120.6417	4020.6	-999	1.3639	60	B	2	50	
627958	627958	627958	43.9417	-120.6	4128.61	-999	1.3327	60	B	2	50	
627959	627959	627959	43.9417	-120.5583	4259.71	-999	1.2418	60	B	2	50	
627960	627960	627960	43.9417	-120.5167	4466.93	-999	1.2	60	B	2	50	
627962	627962	627962	43.9417	-120.4333	4904.33	-999	1.8	60	B	2	50	
627963	627963	627963	43.9417	-120.3917	4775.46	-999	1.2471	60	B	2	50	
627964	627964	627964	43.9417	-120.35	4928.48	-999	1.2039	60	B	2	50	
627965	627965	627965	43.9417	-120.3083	4601.18	-999	1.2302	60	B	2	50	
627967	627967	627967	43.9417	-120.225	4203.94	-999	1.8	60	B	2	50	
627971	627971	627971	43.9417	-120.0583	4369.03	-999	1.44	60	B	2	50	
627975	627975	627975	43.9417	-119.8917	4570.74	-999	1.44	60	B	2	50	
627976	627976	627976	43.9417	-119.85	4630.45	-999	1.44	60	B	2	50	
627977	627977	627977	43.9417	-119.8083	4737.14	-999	1.44	60	B	2	50	
627978	627978	627978	43.9417	-119.7667	4860.5	-999	1.44	60	B	2	50	
627979	627979	627979	43.9417	-119.725	4929.79	-999	1.44	60	B	2	50	
627980	627980	627980	43.9417	-119.6833	5201.18	-999	1.44	60	B	2	50	
627982	627982	627982	43.9417	-119.6	5656.96	-999	1.8	60	B	2	50	
627998	627998	627998	43.9417	-118.9333	4560.24	-999	2.04	60	B	2	50	
628004	628004	628004	43.9417	-118.6833	4708.79	-999	1.32	60	B	2	50	
628005	628005	628005	43.9417	-118.6417	4061.42	-999	1.32	60	B	2	50	
628006	628006	628006	43.9417	-118.6	4164.96	-999	1.5854	60	B	2	50	
628007	628007	628007	43.9417	-118.5583	4313.91	-999	1.8033	60	B	2	50	
628013	628013	628013	43.9417	-118.3083	4328.61	-999	1.32	60	B	2	50	
628016	628016	628016	43.9417	-118.1833	4042.91	-999	1.3094	60	B	2	50	
628017	628017	628017	43.9417	-118.1417	3453.81	-999	1.2843	60	B	2	50	
628018	628018	628018	43.9417	-118.1	3877.43	-999	1.32	60	B	2	50	
628025	628025	628025	43.9417	-117.8083	3601.71	-999	1.3216	60	B	2	50	
628032	628032	628032	43.9417	-117.5167	2991.99	-999	1.32	60	B	2	50	
628034	628034	628034	43.9417	-117.4333	2510.76	-999	1.7014	60	B	2	50	
628035	628035	628035	43.9417	-117.3917	2374.15	-999	1.732	60	B	2	50	
628036	628036	628036	43.9417	-117.35	2341.47	-999	1.7478	60	B	2	50	
628037	628037	628037	43.9417	-117.3083	2332.68	-999	1.8736	60	B	2	50	
628038	628038	628038	43.9417	-117.2667	2283.73	-999	1.9033	60	B	2	50	
628039	628039	628039	43.9417	-117.225	2471.92	-999	2.16	60	B	2	50	
628041	628041	628041	43.9417	-117.1417	2669.03	-999	1.3246	60	B	2	50	
628042	628042	628042	43.9417	-117.1	2637.66	-999	1.6803	60	B	2	50	
628043	628043	628043	43.9417	-117.0583	2584.91	-999	2.0368	60	B	2	50	
628044	628044	628044	43.9417	-117.0167	2288.06	-999	2.16	60	B	2	50	
628045	628045	628045	43.9417	-116.975	2167.72	-999	1.5273	60	B	2	50	
628046	628046	628046	43.9417	-116.9333	2265.88	-999	1.8501	60	B	2	50	
628047	628047	628047	43.9417	-116.8917	2391.6	-999	2.0535	60	B	2	50	
629260	629260	629260	43.9833	-124.1	47.13	-999	1.68	60	B	2	50	
629261	629261	629261	43.9833	-124.0583	112.86	-999	1.55	60	B	2	50	
629262	629262	629262	43.9833	-124.0167	246.61	-999	1.8214	60	B	2	50	
629263	629263	629263	43.9833	-123.975	419.29	-999	3.0	60	B	2	50	
629265	629265	629265	43.9833	-123.8917	494.31	-999	2.9211	60	B	2	50	
629270	629270	629270	43.9833	-123.6833	756.67	-999	1.8	60	B	2	50	
629277	629277	629277	43.9833	-123.3917	887.25	-999	2.0206	60	C	3	50	
629278	629278	629278	43.9833	-123.35	727.69	-999	2.0282	60	C	3	50	
629279	629279	629279	43.9833	-123.3083	588.69	-999	2.0156	60	C	3	50	
629280	629280	629280	43.9833	-123.2667	623.69	-999	2.0192	60	C	3	50	
629281	629281	629281	43.9833	-123.225	554.79	-999	2.066	60	C	3	50	
629282	629282	629282	43.9833	-123.1833	548.78	-999	2.0428	60	C	3	50	
629283	629283	629283	43.9833	-123.1417	724.85	-999	2.1358	60	C	3	50	
629284	629284	629284	43.9833	-123.1	987.97	-999	2.16	60	C	3	50	
629285	629285	629285	43.9833	-123.0583	778.32	-999	2.1342	60	C	3	50	
629286	629286	629286	43.9833	-123.0167	591.75	-999	2.0293	60	C	3	50	
629287	629287	629287	43.9833	-122.975	588.91	-999	1.9047	60	B	2	50	
629288	629288	629288	43.9833	-122.9333	585.3	-999	1.9088	60	B	2	50	
629289	629289	629289	43.9833	-122.8917	628.39	-999	1.8719	60	B	2	50	
629290	629290	629290	43.9833	-122.85	940.73	-999	1.8553	60	B	2	50	
629291	629291	629291	43.9833	-122.8083	1212.93	-999	2.0109	60	B	2	50	
629292	629292	629292	43.9833	-122.7667	1312.34	-999	1.9476	60	B	2	50	
629295	629295	629295	43.9833	-122.6417	1539.81	-999	2.0028	60	C	3	50	
629325	629325	629325	43.9833	-121.3917	4019.42	-999	1.56	60	A	1	50	
629326	629326	629326	43.9833	-121.35	3957.87	-999	1.56	60	A	1	50	
629327	629327	629327	43.9833	-121.3083	3995.67	-999	1.56	60	A	1	50	
629328	629328	629328	43.9833	-121.2667	3972.31	-999	1.5243	60	A	1	50	
629329	629329	629329	43.9833	-121.225	3914.7	-999	1.32	60	A	1	50	
629330	629330	629330	43.9833	-121.1833	3892.91	-999	1.32	60	A	1	50	
629341	629341	629341	43.9833	-120.725	3977.69	-999	1.2	60	B	2	50	
629343	629343	629343	43.9833	-120.6417	4135.04	-999	1.2	60	B	2	50	
629346	629346	629346	43.9833	-120.5167	4822.18	-999	1.2	60	B	2	50	
629347	629347	629347	43.9833	-120.475	4726.51	-999	1.4421	60	B	2	50	
629348	629348	629348	43.9833	-120.4333	4893.31	-999	1.8	60	B	2	50	
629350	629350	629350	43.9833	-120.35	4893.18	-999	1.2187	60	B	2	50	
629351	629351	629351	43.9833	-120.3083	4587.27	-999	1.3191	60	B	2	50	
629352	629352	629352	43.9833	-120.2667	4472.05	-999	1.6056	60	B	2	50	
629354	629354	629354	43.9833	-120.1833	4122.57	-999	1.8	60	B	2	50	
629355	629355	629355	43.9833	-120.1417	4245.41	-999	1.8	60	B	2	50	
629364	629364	629364	43.9833	-119.7667	4836.61	-999	1.44	60	B	2	50	
629366	629366	629366	43.9833	-119.6833	5228.61	-999	1.44	60	B	2	50	
629367	629367	629367	43.9833	-119.6417	5197.9	-999	1.44	60	B	2	50	
629368	629368	629368	43.9833	-119.6	5204.33	-999	1.4913	60	B	2	50	
629369	629369	629369	43.9833	-119.5583	5374.15	-999	1.447	60	B	2	50	
629373	629373	629373	43.9833	-119.3917	4942.13	-999	1.4721	60	B	2	50	
629374	629374	629374	43.9833	-119.35	4750.0	-999	1.44	60	B	2	50	
629375	629375	629375	43.9833	-119.3083	4815.88	-999	1.4851	60	B	2	50	
629381	629381	629381	43.9833	-119.0583	5597.11	-999	1.9897	60	B	2	50	
629383	629383	629383	43.9833	-118.975	4779.4	-999	1.7575	60	B	2	50	
629384	629384	629384	43.9833	-118.9333	4568.37	-999	2.027	60	B	2	50	
629385	629385	629385	43.9833	-118.8917	4797.77	-999	1.6967	60	B	2	50	
629388	629388	629388	43.9833	-118.7667	4869.95	-999	1.8	60	B	2	50	
629389	629389	629389	43.9833	-118.725	4573.49	-999	1.4794	60	B	2	50	
629390	629390	629390	43.9833	-118.6833	4241.99	-999	1.32	60	B	2	50	
629391	629391	629391	43.9833	-118.6417	4497.64	-999	1.32	60	B	2	50	
629401	629401	629401	43.9833	-118.225	3935.7	-999	1.32	60	B	2	50	
629402	629402	629402	43.9833	-118.1833	4040.29	-999	1.32	60	B	2	50	
629403	629403	629403	43.9833	-118.1417	4204.59	-999	1.32	60	B	2	50	
629404	629404	629404	43.9833	-118.1	3989.11	-999	1.32	60	B	2	50	
629409	629409	629409	43.9833	-117.8917	4065.22	-999	1.6553	60	B	2	50	
629411	629411	629411	43.9833	-117.8083	3506.56	-999	1.68	60	B	2	50	
629412	629412	629412	43.9833	-117.7667	3325.07	-999	2.1368	60	B	2	50	
629413	629413	629413	43.9833	-117.725	3135.7	-999	2.16	60	B	2	50	
629414	629414	629414	43.9833	-117.6833	3011.16	-999	2.1264	60	B	2	50	
629415	629415	629415	43.9833	-117.6417	3040.29	-999	2.0713	60	B	2	50	
629416	629416	629416	43.9833	-117.6	3098.03	-999	1.5068	60	B	2	50	
629418	629418	629418	43.9833	-117.5167	3034.78	-999	1.4869	60	B	2	50	
629419	629419	629419	43.9833	-117.475	2949.48	-999	1.32	60	B	2	50	
629420	629420	629420	43.9833	-117.4333	2789.24	-999	1.08	60	B	2	50	
629421	629421	629421	43.9833	-117.3917	2605.91	-999	1.3063	60	B	2	50	
629422	629422	629422	43.9833	-117.35	2459.71	-999	1.4825	60	B	2	50	
629423	629423	629423	43.9833	-117.3083	2485.3	-999	1.2312	60	B	2	50	
629424	629424	629424	43.9833	-117.2667	2380.71	-999	1.6972	60	B	2	50	
629425	629425	629425	43.9833	-117.225	2329.13	-999	2.1559	60	B	2	50	
629426	629426	629426	43.9833	-117.1833	2333.46	-999	2.128	60	B	2	50	
629427	629427	629427	43.9833	-117.1417	2272.18	-999	2.0651	60	B	2	50	
629428	629428	629428	43.9833	-117.1	2279.27	-999	1.8762	60	B	2	50	
629429	629429	629429	43.9833	-117.0583	2278.48	-999	2.1102	60	B	2	50	
629430	629430	629430	43.9833	-117.0167	2235.17	-999	2.16	60	B	2	50	
629431	629431	629431	43.9833	-116.975	2172.44	-999	1.9283	60	B	2	50	
629432	629432	629432	43.9833	-116.9333	2178.22	-999	1.5971	60	B	2	50	
629433	629433	629433	43.9833	-116.8917	2259.32	-999	2.16	60	B	2	50	
630646	630646	630646	44.025	-124.1	108.7	-999	1.68	60	B	2	50	
630647	630647	630647	44.025	-124.0583	259.3	-999	1.7184	60	B	2	50	
630648	630648	630648	44.025	-124.0167	309.06	-999	1.7118	60	B	2	50	
630649	630649	630649	44.025	-123.975	410.98	-999	1.68	60	B	2	50	
630650	630650	630650	44.025	-123.9333	467.96	-999	1.68	60	B	2	50	
630651	630651	630651	44.025	-123.8917	560.7	-999	1.9128	60	B	2	50	
630652	630652	630652	44.025	-123.85	363.41	-999	1.68	60	B	2	50	
630658	630658	630658	44.025	-123.6	740.49	-999	1.8975	60	B	2	50	
630659	630659	630659	44.025	-123.5583	810.91	-999	2.01	60	B	2	50	
630660	630660	630660	44.025	-123.5167	867.45	-999	2.04	60	B	2	50	
630662	630662	630662	44.025	-123.4333	839.46	-999	2.04	60	C	3	50	
630663	630663	630663	44.025	-123.3917	703.08	-999	2.0	60	C	3	50	
630664	630664	630664	44.025	-123.35	577.32	-999	2.1227	60	C	3	50	
630665	630665	630665	44.025	-123.3083	451.44	-999	2.1493	60	C	3	50	
630666	630666	630666	44.025	-123.2667	475.83	-999	2.0849	60	C	3	50	
630667	630667	630667	44.025	-123.225	502.85	-999	2.1215	60	C	3	50	
630668	630668	630668	44.025	-123.1833	593.83	-999	2.0963	60	C	3	50	
630669	630669	630669	44.025	-123.1417	644.36	-999	2.0836	60	C	3	50	
630670	630670	630670	44.025	-123.1	585.74	-999	2.0656	60	C	3	50	
630671	630671	630671	44.025	-123.0583	576.66	-999	2.16	60	C	3	50	
630672	630672	630672	44.025	-123.0167	531.93	-999	1.8699	60	B	2	50	
630673	630673	630673	44.025	-122.975	569.45	-999	1.8519	60	B	2	50	
630674	630674	630674	44.025	-122.9333	571.74	-999	1.9863	60	B	2	50	
630675	630675	630675	44.025	-122.8917	982.72	-999	2.1445	60	B	2	50	
630676	630676	630676	44.025	-122.85	1316.71	-999	2.0918	60	C	3	50	
630677	630677	630677	44.025	-122.8083	1493.66	-999	1.938	60	C	3	50	
630703	630703	630703	44.025	-121.725	5626.9	-999	1.32	60	A	1	50	
630704	630704	630704	44.025	-121.6833	6269.82	-999	1.32	60	A	1	50	
630711	630711	630711	44.025	-121.3917	4022.05	-999	1.56	60	A	1	50	
630712	630712	630712	44.025	-121.35	3847.77	-999	1.56	60	A	1	50	
630713	630713	630713	44.025	-121.3083	3763.12	-999	1.56	60	A	1	50	
630714	630714	630714	44.025	-121.2667	3723.1	-999	1.4737	60	A	1	50	
630715	630715	630715	44.025	-121.225	3715.62	-999	1.32	60	A	1	50	
630716	630716	630716	44.025	-121.1833	3664.7	-999	1.32	60	A	1	50	
630717	630717	630717	44.025	-121.1417	3593.57	-999	1.32	60	A	1	50	
630718	630718	630718	44.025	-121.1	3496.06	-999	1.32	60	A	1	50	
630719	630719	630719	44.025	-121.0583	3460.24	-999	1.2266	60	A	1	50	
630727	630727	630727	44.025	-120.725	4034.91	-999	1.2968	60	B	2	50	
630728	630728	630728	44.025	-120.6833	3746.33	-999	1.2	60	B	2	50	
630730	630730	630730	44.025	-120.6	4734.51	-999	1.2	60	B	2	50	
630731	630731	630731	44.025	-120.5583	5165.62	-999	1.2	60	B	2	50	
630736	630736	630736	44.025	-120.35	5379.66	-999	1.8	60	B	2	50	
630738	630738	630738	44.025	-120.2667	4962.6	-999	1.8	60	B	2	50	
630741	630741	630741	44.025	-120.1417	4191.86	-999	1.8	60	B	2	50	
630744	630744	630744	44.025	-120.0167	4190.81	-999	1.44	60	B	2	50	
630751	630751	630751	44.025	-119.725	4916.4	-999	1.4084	60	B	2	50	
630752	630752	630752	44.025	-119.6833	5073.36	-999	1.44	60	B	2	50	
630753	630753	630753	44.025	-119.6417	4942.78	-999	1.44	60	B	2	50	
630757	630757	630757	44.025	-119.475	5212.99	-999	1.44	60	B	2	50	
630758	630758	630758	44.025	-119.4333	5006.43	-999	1.44	60	B	2	50	
630759	630759	630759	44.025	-119.3917	4795.14	-999	1.4492	60	B	2	50	
630760	630760	630760	44.025	-119.35	4471.92	-999	1.44	60	B	2	50	
630761	630761	630761	44.025	-119.3083	4590.16	-999	1.5263	60	B	2	50	
630768	630768	630768	44.025	-119.0167	5031.1	-999	1.7221	60	B	2	50	
630769	630769	630769	44.025	-118.975	4796.98	-999	1.927	60	B	2	50	
630770	630770	630770	44.025	-118.9333	4594.36	-999	2.04	60	B	2	50	
630771	630771	630771	44.025	-118.8917	4800.92	-999	1.7655	60	B	2	50	
630772	630772	630772	44.025	-118.85	5285.3	-999	1.7336	60	B	2	50	
630790	630790	630790	44.025	-118.1	4262.99	-999	1.32	60	B	2	50	
630794	630794	630794	44.025	-117.9333	4019.82	-999	1.32	60	B	2	50	
630796	630796	630796	44.025	-117.85	3470.87	-999	1.6264	60	B	2	50	
630797	630797	630797	44.025	-117.8083	3362.47	-999	1.6219	60	B	2	50	
630798	630798	630798	44.025	-117.7667	3324.93	-999	2.0471	60	B	2	50	
630799	630799	630799	44.025	-117.725	3205.25	-999	2.16	60	B	2	50	
630800	630800	630800	44.025	-117.6833	3296.85	-999	2.16	60	B	2	50	
630801	630801	630801	44.025	-117.6417	3436.88	-999	1.679	60	B	2	50	
630802	630802	630802	44.025	-117.6	3528.08	-999	1.32	60	B	2	50	
630803	630803	630803	44.025	-117.5583	3490.95	-999	1.32	60	B	2	50	
630804	630804	630804	44.025	-117.5167	3059.97	-999	1.672	60	B	2	50	
630805	630805	630805	44.025	-117.475	2805.64	-999	1.5824	60	B	2	50	
630806	630806	630806	44.025	-117.4333	2782.55	-999	1.32	60	B	2	50	
630807	630807	630807	44.025	-117.3917	2593.44	-999	2.0943	60	B	2	50	
630808	630808	630808	44.025	-117.35	2630.71	-999	1.4476	60	B	2	50	
630809	630809	630809	44.025	-117.3083	2671.0	-999	1.08	60	B	2	50	
630810	630810	630810	44.025	-117.2667	2413.78	-999	1.858	60	B	2	50	
630811	630811	630811	44.025	-117.225	2356.3	-999	1.868	60	B	2	50	
630812	630812	630812	44.025	-117.1833	2585.3	-999	1.708	60	B	2	50	
630813	630813	630813	44.025	-117.1417	2470.21	-999	2.0987	60	B	2	50	
630814	630814	630814	44.025	-117.1	2482.41	-999	1.6219	60	B	2	50	
630815	630815	630815	44.025	-117.0583	2299.74	-999	1.4283	60	A	1	50	
630816	630816	630816	44.025	-117.0167	2185.43	-999	1.7856	60	B	2	50	
630817	630817	630817	44.025	-116.975	2166.8	-999	1.703	60	B	2	50	
630818	630818	630818	44.025	-116.9333	2165.75	-999	1.7197	60	B	2	50	
630819	630819	630819	44.025	-116.8917	2191.6	-999	1.92	60	B	2	50	
632032	632032	632032	44.0667	-124.1	127.08	-999	1.68	60	B	2	50	
632033	632033	632033	44.0667	-124.0583	297.57	-999	2.9797	60	B	2	50	
632034	632034	632034	44.0667	-124.0167	409.78	-999	1.8403	60	B	2	50	
632035	632035	632035	44.0667	-123.975	397.2	-999	1.7686	60	B	2	50	
632045	632045	632045	44.0667	-123.5583	963.8	-999	2.04	60	B	2	50	
632046	632046	632046	44.0667	-123.5167	842.74	-999	2.039	60	C	3	50	
632047	632047	632047	44.0667	-123.475	821.74	-999	2.0254	60	C	3	50	
632048	632048	632048	44.0667	-123.4333	559.93	-999	2.0336	60	C	3	50	
632049	632049	632049	44.0667	-123.3917	512.03	-999	1.9662	60	C	3	50	
632050	632050	632050	44.0667	-123.35	401.36	-999	2.0057	60	C	3	50	
632051	632051	632051	44.0667	-123.3083	383.2	-999	2.16	60	C	3	50	
632052	632052	632052	44.0667	-123.2667	378.94	-999	2.091	60	C	3	50	
632053	632053	632053	44.0667	-123.225	409.01	-999	2.1451	60	B	2	50	
632054	632054	632054	44.0667	-123.1833	387.57	-999	2.1516	60	B	2	50	
632055	632055	632055	44.0667	-123.1417	400.15	-999	2.1036	60	B	2	50	
632056	632056	632056	44.0667	-123.1	416.01	-999	1.8	60	B	2	50	
632057	632057	632057	44.0667	-123.0583	427.06	-999	1.8	60	B	2	50	
632058	632058	632058	44.0667	-123.0167	451.01	-999	1.818	60	B	2	50	
632059	632059	632059	44.0667	-122.975	480.64	-999	1.8866	60	B	2	50	
632060	632060	632060	44.0667	-122.9333	618.0	-999	1.8432	60	B	2	50	
632061	632061	632061	44.0667	-122.8917	654.96	-999	1.9297	60	B	2	50	
632062	632062	632062	44.0667	-122.85	668.53	-999	1.8309	60	B	2	50	
632063	632063	632063	44.0667	-122.8083	803.81	-999	1.8366	60	B	2	50	
632064	632064	632064	44.0667	-122.7667	893.7	-999	1.8147	60	B	2	50	
632065	632065	632065	44.0667	-122.725	1494.97	-999	1.8059	60	B	2	50	
632097	632097	632097	44.0667	-121.3917	3875.2	-999	1.56	60	A	1	50	
632098	632098	632098	44.0667	-121.35	3787.93	-999	1.56	60	A	1	50	
632099	632099	632099	44.0667	-121.3083	3706.96	-999	1.5461	60	A	1	50	
632100	632100	632100	44.0667	-121.2667	3601.31	-999	1.3331	60	A	1	50	
632101	632101	632101	44.0667	-121.225	3563.52	-999	1.32	60	A	1	50	
632102	632102	632102	44.0667	-121.1833	3498.95	-999	1.32	60	A	1	50	
632103	632103	632103	44.0667	-121.1417	3437.66	-999	1.32	60	A	1	50	
632105	632105	632105	44.0667	-121.0583	3392.78	-999	1.32	60	A	1	50	
632106	632106	632106	44.0667	-121.0167	3378.74	-999	1.32	60	A	1	50	
632107	632107	632107	44.0667	-120.975	3385.43	-999	1.32	60	A	1	50	
632113	632113	632113	44.0667	-120.725	3641.47	-999	1.2	60	B	2	50	
632114	632114	632114	44.0667	-120.6833	3886.61	-999	1.2	60	B	2	50	
632116	632116	632116	44.0667	-120.6	5136.88	-999	1.2	60	B	2	50	
632117	632117	632117	44.0667	-120.5583	4999.48	-999	1.5315	60	B	2	50	
632118	632118	632118	44.0667	-120.5167	4673.88	-999	1.2	60	B	2	50	
632127	632127	632127	44.0667	-120.1417	4032.41	-999	1.8	60	B	2	50	
632129	632129	632129	44.0667	-120.0583	3986.61	-999	1.7945	60	B	2	50	
632134	632134	632134	44.0667	-119.85	4168.24	-999	1.32	60	B	2	50	
632135	632135	632135	44.0667	-119.8083	4038.06	-999	1.466	60	B	2	50	
632137	632137	632137	44.0667	-119.725	4523.49	-999	1.32	60	B	2	50	
632138	632138	632138	44.0667	-119.6833	4733.2	-999	1.3595	60	B	2	50	
632139	632139	632139	44.0667	-119.6417	4829.79	-999	1.44	60	B	2	50	
632140	632140	632140	44.0667	-119.6	4892.78	-999	1.44	60	B	2	50	
632141	632141	632141	44.0667	-119.5583	4999.34	-999	1.44	60	B	2	50	
632142	632142	632142	44.0667	-119.5167	4745.14	-999	1.44	60	B	2	50	
632143	632143	632143	44.0667	-119.475	4768.24	-999	1.44	60	B	2	50	
632144	632144	632144	44.0667	-119.4333	4445.8	-999	1.44	60	B	2	50	
632145	632145	632145	44.0667	-119.3917	4440.16	-999	1.44	60	B	2	50	
632146	632146	632146	44.0667	-119.35	4489.11	-999	1.44	60	B	2	50	
632147	632147	632147	44.0667	-119.3083	4763.12	-999	1.8403	60	B	2	50	
632155	632155	632155	44.0667	-118.975	4831.5	-999	1.9181	60	B	2	50	
632156	632156	632156	44.0667	-118.9333	4820.73	-999	2.0254	60	B	2	50	
632173	632173	632173	44.0667	-118.225	4570.74	-999	1.32	60	B	2	50	
632178	632178	632178	44.0667	-118.0167	4179.4	-999	1.32	60	B	2	50	
632179	632179	632179	44.0667	-117.975	4208.79	-999	1.32	60	B	2	50	
632180	632180	632180	44.0667	-117.9333	3959.32	-999	1.32	60	B	2	50	
632181	632181	632181	44.0667	-117.8917	3731.5	-999	1.32	60	B	2	50	
632184	632184	632184	44.0667	-117.7667	3581.76	-999	1.9021	60	B	2	50	
632187	632187	632187	44.0667	-117.6417	4055.25	-999	1.32	60	B	2	50	
632193	632193	632193	44.0667	-117.3917	2753.15	-999	1.2739	60	B	2	50	
632194	632194	632194	44.0667	-117.35	2621.92	-999	1.0943	60	B	2	50	
632195	632195	632195	44.0667	-117.3083	2452.76	-999	1.5162	60	B	2	50	
632196	632196	632196	44.0667	-117.2667	2359.19	-999	2.1503	60	B	2	50	
632200	632200	632200	44.0667	-117.1	2699.48	-999	1.32	60	B	2	50	
632201	632201	632201	44.0667	-117.0583	2471.0	-999	1.5893	60	B	2	50	
632202	632202	632202	44.0667	-117.0167	2348.03	-999	2.0785	60	B	2	50	
632203	632203	632203	44.0667	-116.975	2176.25	-999	1.8023	60	B	2	50	
632204	632204	632204	44.0667	-116.9333	2146.59	-999	1.6993	60	B	2	50	
632205	632205	632205	44.0667	-116.8917	2288.71	-999	1.8605	60	B	2	50	
633421	633421	633421	44.1083	-123.975	606.96	-999	2.7537	60	B	2	50	
633422	633422	633422	44.1083	-123.9333	485.35	-999	1.68	60	B	2	50	
633424	633424	633424	44.1083	-123.85	592.41	-999	2.04	60	B	2	50	
633426	633426	633426	44.1083	-123.7667	584.1	-999	2.04	60	B	2	50	
633427	633427	633427	44.1083	-123.725	760.39	-999	2.04	60	B	2	50	
633428	633428	633428	44.1083	-123.6833	866.03	-999	1.8	60	B	2	50	
633429	633429	633429	44.1083	-123.6417	691.82	-999	1.8	60	B	2	50	
633430	633430	633430	44.1083	-123.6	855.75	-999	1.8	60	B	2	50	
633432	633432	633432	44.1083	-123.5167	1048.66	-999	1.8924	60	B	2	50	
633433	633433	633433	44.1083	-123.475	671.26	-999	2.0343	60	C	3	50	
633434	633434	633434	44.1083	-123.4333	588.03	-999	2.0387	60	C	3	50	
633435	633435	633435	44.1083	-123.3917	658.79	-999	1.92	60	C	3	50	
633436	633436	633436	44.1083	-123.35	519.14	-999	1.92	60	C	3	50	
633437	633437	633437	44.1083	-123.3083	390.53	-999	1.9154	60	C	3	50	
633438	633438	633438	44.1083	-123.2667	375.66	-999	2.1526	60	B	2	50	
633439	633439	633439	44.1083	-123.225	370.51	-999	2.1571	60	B	2	50	
633440	633440	633440	44.1083	-123.1833	374.78	-999	2.1567	60	B	2	50	
633441	633441	633441	44.1083	-123.1417	384.19	-999	1.8116	60	B	2	50	
633442	633442	633442	44.1083	-123.1	388.89	-999	1.8	60	B	2	50	
633443	633443	633443	44.1083	-123.0583	420.82	-999	1.8158	60	B	2	50	
633444	633444	633444	44.1083	-123.0167	910.33	-999	1.9756	60	B	2	50	
633445	633445	633445	44.1083	-122.975	1234.14	-999	2.0457	60	B	2	50	
633446	633446	633446	44.1083	-122.9333	688.1	-999	1.8193	60	B	2	50	
633447	633447	633447	44.1083	-122.8917	1223.21	-999	1.8065	60	B	2	50	
633448	633448	633448	44.1083	-122.85	897.86	-999	1.8789	60	B	2	50	
633449	633449	633449	44.1083	-122.8083	1125.88	-999	1.9307	60	B	2	50	
633451	633451	633451	44.1083	-122.725	1580.05	-999	1.8591	60	B	2	50	
633452	633452	633452	44.1083	-122.6833	1187.01	-999	1.8	60	B	2	50	
633453	633453	633453	44.1083	-122.6417	1134.84	-999	1.8	60	B	2	50	
633454	633454	633454	44.1083	-122.6	1583.77	-999	1.8	60	B	2	50	
633455	633455	633455	44.1083	-122.5583	1930.45	-999	1.8	60	B	2	50	
633456	633456	633456	44.1083	-122.5167	1556.21	-999	1.8	60	B	2	50	
633457	633457	633457	44.1083	-122.475	1726.27	-999	1.8	60	C	3	50	
633458	633458	633458	44.1083	-122.4333	1456.69	-999	1.8	60	C	3	50	
633459	633459	633459	44.1083	-122.3917	1596.56	-999	1.8	60	C	3	50	
633483	633483	633483	44.1083	-121.3917	3643.31	-999	1.56	60	A	1	50	
633484	633484	633484	44.1083	-121.35	3513.39	-999	1.5576	60	A	1	50	
633485	633485	633485	44.1083	-121.3083	3471.39	-999	1.3249	60	A	1	50	
633486	633486	633486	44.1083	-121.2667	3435.3	-999	1.32	60	A	1	50	
633487	633487	633487	44.1083	-121.225	3409.45	-999	1.32	60	A	1	50	
633488	633488	633488	44.1083	-121.1833	3375.59	-999	1.32	60	A	1	50	
633489	633489	633489	44.1083	-121.1417	3326.38	-999	1.32	60	A	1	50	
633492	633492	633492	44.1083	-121.0167	3351.71	-999	1.3216	60	A	1	50	
633493	633493	633493	44.1083	-120.975	3403.81	-999	1.32	60	A	1	50	
633503	633503	633503	44.1083	-120.5583	4422.31	-999	1.2	60	B	2	50	
633504	633504	633504	44.1083	-120.5167	4436.61	-999	1.2	60	B	2	50	
633505	633505	633505	44.1083	-120.475	3877.95	-999	1.2	60	B	2	50	
633506	633506	633506	44.1083	-120.4333	4156.56	-999	1.8	60	B	2	50	
633507	633507	633507	44.1083	-120.3917	3951.84	-999	1.8	60	B	2	50	
633508	633508	633508	44.1083	-120.35	3895.14	-999	1.8	60	B	2	50	
633509	633509	633509	44.1083	-120.3083	3850.79	-999	1.8	60	B	2	50	
633510	633510	633510	44.1083	-120.2667	3865.75	-999	1.8	60	B	2	50	
633511	633511	633511	44.1083	-120.225	3860.76	-999	1.8	60	B	2	50	
633512	633512	633512	44.1083	-120.1833	3736.75	-999	1.8	60	B	2	50	
633513	633513	633513	44.1083	-120.1417	3683.07	-999	1.767	60	B	2	50	
633514	633514	633514	44.1083	-120.1	3713.52	-999	1.6894	60	B	2	50	
633515	633515	633515	44.1083	-120.0583	3809.71	-999	1.6408	60	B	2	50	
633516	633516	633516	44.1083	-120.0167	3886.88	-999	1.7397	60	B	2	50	
633517	633517	633517	44.1083	-119.975	3901.31	-999	1.7989	60	B	2	50	
633518	633518	633518	44.1083	-119.9333	3960.37	-999	1.451	60	B	2	50	
633519	633519	633519	44.1083	-119.8917	3991.99	-999	1.3275	60	B	2	50	
633520	633520	633520	44.1083	-119.85	4003.94	-999	1.32	60	B	2	50	
633521	633521	633521	44.1083	-119.8083	4043.18	-999	1.7404	60	B	2	50	
633523	633523	633523	44.1083	-119.725	4443.83	-999	1.8	60	B	2	50	
633524	633524	633524	44.1083	-119.6833	4673.75	-999	1.3223	60	B	2	50	
633527	633527	633527	44.1083	-119.5583	5040.42	-999	1.5651	60	B	2	50	
633528	633528	633528	44.1083	-119.5167	4717.59	-999	1.5167	60	B	2	50	
633529	633529	633529	44.1083	-119.475	4408.4	-999	1.4425	60	B	2	50	
633530	633530	633530	44.1083	-119.4333	4702.1	-999	1.4953	60	B	2	50	
633531	633531	633531	44.1083	-119.3917	4912.47	-999	1.5148	60	B	2	50	
633532	633532	633532	44.1083	-119.35	4766.01	-999	1.4492	60	B	2	50	
633533	633533	633533	44.1083	-119.3083	4847.38	-999	1.4473	60	B	2	50	
633534	633534	633534	44.1083	-119.2667	4893.44	-999	1.44	60	B	2	50	
633540	633540	633540	44.1083	-119.0167	4889.24	-999	1.7391	60	B	2	50	
633559	633559	633559	44.1083	-118.225	4795.8	-999	1.32	60	B	2	50	
633567	633567	633567	44.1083	-117.8917	3964.7	-999	1.32	60	B	2	50	
633569	633569	633569	44.1083	-117.8083	3939.9	-999	1.32	60	B	2	50	
633578	633578	633578	44.1083	-117.4333	2727.82	-999	1.266	60	B	2	50	
633579	633579	633579	44.1083	-117.3917	2550.26	-999	1.0947	60	B	2	50	
633580	633580	633580	44.1083	-117.35	2429.4	-999	1.446	60	B	2	50	
633581	633581	633581	44.1083	-117.3083	2379.4	-999	2.0579	60	B	2	50	
633582	633582	633582	44.1083	-117.2667	2376.9	-999	2.16	60	B	2	50	
633585	633585	633585	44.1083	-117.1417	2783.2	-999	1.32	60	B	2	50	
633586	633586	633586	44.1083	-117.1	2746.85	-999	1.32	60	B	2	50	
633587	633587	633587	44.1083	-117.0583	2587.01	-999	1.32	60	B	2	50	
633588	633588	633588	44.1083	-117.0167	2424.41	-999	1.6278	60	B	2	50	
633589	633589	633589	44.1083	-116.975	2300.26	-999	2.132	60	B	2	50	
633590	633590	633590	44.1083	-116.9333	2158.66	-999	1.5455	60	A	1	50	
633591	633591	633591	44.1083	-116.8917	2207.09	-999	1.8007	60	B	2	50	
634810	634810	634810	44.15	-123.85	633.09	-999	1.8	60	B	2	50	
634812	634812	634812	44.15	-123.7667	768.7	-999	1.9734	60	B	2	50	
634813	634813	634813	44.15	-123.725	692.91	-999	1.9779	60	B	2	50	
634814	634814	634814	44.15	-123.6833	905.95	-999	1.8	60	B	2	50	
634816	634816	634816	44.15	-123.6	1052.27	-999	1.8406	60	B	2	50	
634820	634820	634820	44.15	-123.4333	759.19	-999	1.9383	60	C	3	50	
634821	634821	634821	44.15	-123.3917	778.65	-999	1.9996	60	C	3	50	
634822	634822	634822	44.15	-123.35	705.82	-999	1.92	60	C	3	50	
634823	634823	634823	44.15	-123.3083	465.12	-999	1.9826	60	C	3	50	
634824	634824	634824	44.15	-123.2667	346.79	-999	2.1232	60	B	2	50	
634825	634825	634825	44.15	-123.225	348.1	-999	2.1145	60	B	2	50	
634826	634826	634826	44.15	-123.1833	356.08	-999	1.9756	60	B	2	50	
634827	634827	634827	44.15	-123.1417	359.58	-999	1.8	60	B	2	50	
634828	634828	634828	44.15	-123.1	370.74	-999	1.9342	60	B	2	50	
634829	634829	634829	44.15	-123.0583	396.76	-999	1.9995	60	C	3	50	
634830	634830	634830	44.15	-123.0167	824.25	-999	2.1345	60	C	3	50	
634832	634832	634832	44.15	-122.9333	995.3	-999	1.8339	60	B	2	50	
634833	634833	634833	44.15	-122.8917	666.23	-999	1.8183	60	B	2	50	
634834	634834	634834	44.15	-122.85	1026.14	-999	1.8006	60	B	2	50	
634840	634840	634840	44.15	-122.6	1241.91	-999	1.8	60	B	2	50	
634841	634841	634841	44.15	-122.5583	1283.9	-999	1.8	60	B	2	50	
634842	634842	634842	44.15	-122.5167	1428.81	-999	1.8	60	B	2	50	
634843	634843	634843	44.15	-122.475	1735.46	-999	1.8	60	B	2	50	
634846	634846	634846	44.15	-122.35	1512.47	-999	1.8	60	B	2	50	
634847	634847	634847	44.15	-122.3083	1588.98	-999	1.8	60	B	2	50	
634848	634848	634848	44.15	-122.2667	1757.09	-999	1.8	60	C	3	50	
634849	634849	634849	44.15	-122.225	1698.16	-999	1.8	60	B	2	50	
634850	634850	634850	44.15	-122.1833	2459.06	-999	1.8	60	B	2	50	
634851	634851	634851	44.15	-122.1417	2438.58	-999	1.8	60	B	2	50	
634852	634852	634852	44.15	-122.1	2534.78	-999	1.44	60	B	2	50	
634868	634868	634868	44.15	-121.4333	3552.1	-999	1.56	60	A	1	50	
634869	634869	634869	44.15	-121.3917	3471.92	-999	1.56	60	A	1	50	
634870	634870	634870	44.15	-121.35	3379.13	-999	1.5596	60	A	1	50	
634871	634871	634871	44.15	-121.3083	3285.96	-999	1.3341	60	A	1	50	
634872	634872	634872	44.15	-121.2667	3320.87	-999	1.32	60	A	1	50	
634873	634873	634873	44.15	-121.225	3293.83	-999	1.32	60	A	1	50	
634877	634877	634877	44.15	-121.0583	3246.06	-999	1.4317	60	A	1	50	
634878	634878	634878	44.15	-121.0167	3504.46	-999	1.2449	60	A	1	50	
634882	634882	634882	44.15	-120.85	3548.16	-999	1.56	60	A	1	50	
634883	634883	634883	44.15	-120.8083	3527.17	-999	1.4154	60	A	1	50	
634889	634889	634889	44.15	-120.5583	3870.34	-999	1.2	60	B	2	50	
634890	634890	634890	44.15	-120.5167	3889.63	-999	1.7883	60	B	2	50	
634891	634891	634891	44.15	-120.475	3519.95	-999	1.7631	60	B	2	50	
634892	634892	634892	44.15	-120.4333	3691.34	-999	1.8	60	B	2	50	
634893	634893	634893	44.15	-120.3917	3750.26	-999	1.8	60	B	2	50	
634894	634894	634894	44.15	-120.35	3840.16	-999	1.8	60	B	2	50	
634895	634895	634895	44.15	-120.3083	3682.55	-999	1.8	60	B	2	50	
634897	634897	634897	44.15	-120.225	4002.89	-999	1.8	60	B	2	50	
634898	634898	634898	44.15	-120.1833	4031.5	-999	1.8	60	B	2	50	
634899	634899	634899	44.15	-120.1417	3951.71	-999	1.3213	60	B	2	50	
634900	634900	634900	44.15	-120.1	3838.98	-999	1.32	60	B	2	50	
634901	634901	634901	44.15	-120.0583	3905.91	-999	1.32	60	B	2	50	
634902	634902	634902	44.15	-120.0167	3882.55	-999	1.32	60	B	2	50	
634903	634903	634903	44.15	-119.975	3882.15	-999	1.6274	60	B	2	50	
634904	634904	634904	44.15	-119.9333	3809.97	-999	1.7768	60	B	2	50	
634905	634905	634905	44.15	-119.8917	3790.42	-999	1.3281	60	B	2	50	
634906	634906	634906	44.15	-119.85	3837.01	-999	1.8	60	B	2	50	
634907	634907	634907	44.15	-119.8083	3931.1	-999	1.5893	60	B	2	50	
634908	634908	634908	44.15	-119.7667	4037.66	-999	1.7956	60	B	2	50	
634909	634909	634909	44.15	-119.725	4147.38	-999	1.8	60	B	2	50	
634912	634912	634912	44.15	-119.6	5028.35	-999	2.04	60	B	2	50	
634923	634923	634923	44.15	-119.1417	5087.93	-999	1.682	60	B	2	50	
634924	634924	634924	44.15	-119.1	4887.01	-999	1.8977	60	B	2	50	
634925	634925	634925	44.15	-119.0583	4793.04	-999	1.9632	60	B	2	50	
634926	634926	634926	44.15	-119.0167	4728.87	-999	1.9936	60	B	2	50	
634927	634927	634927	44.15	-118.975	4695.54	-999	2.0379	60	B	2	50	
634928	634928	634928	44.15	-118.9333	4762.73	-999	2.0259	60	B	2	50	
634929	634929	634929	44.15	-118.8917	4895.41	-999	2.0153	60	B	2	50	
634930	634930	634930	44.15	-118.85	4927.56	-999	1.9743	60	B	2	50	
634943	634943	634943	44.15	-118.3083	4961.81	-999	1.32	60	B	2	50	
634945	634945	634945	44.15	-118.225	4726.12	-999	1.32	60	B	2	50	
634953	634953	634953	44.15	-117.8917	3918.37	-999	1.32	60	B	2	50	
634954	634954	634954	44.15	-117.85	4079.53	-999	1.32	60	B	2	50	
634962	634962	634962	44.15	-117.5167	3261.42	-999	1.32	60	B	2	50	
634963	634963	634963	44.15	-117.475	2837.53	-999	1.32	60	B	2	50	
634964	634964	634964	44.15	-117.4333	2594.36	-999	1.1152	60	B	2	50	
634965	634965	634965	44.15	-117.3917	2464.44	-999	1.6726	60	B	2	50	
634966	634966	634966	44.15	-117.35	2600.26	-999	2.16	60	B	2	50	
634973	634973	634973	44.15	-117.0583	2689.76	-999	1.32	60	B	2	50	
634974	634974	634974	44.15	-117.0167	2504.46	-999	1.3358	60	B	2	50	
634975	634975	634975	44.15	-116.975	2315.35	-999	2.1487	60	B	2	50	
634976	634976	634976	44.15	-116.9333	2185.7	-999	1.9526	60	B	2	50	
634977	634977	634977	44.15	-116.8917	2136.48	-999	1.6548	60	A	1	50	
634978	634978	634978	44.15	-116.85	2526.25	-999	1.7765	60	A	1	50	
634979	634979	634979	44.15	-116.8083	2730.32	-999	1.8	60	A	1	50	
634981	634981	634981	44.15	-116.725	3106.04	-999	1.68	60	A	1	50	
634982	634982	634982	44.15	-116.6833	3149.34	-999	1.68	60	A	1	50	
636199	636199	636199	44.1917	-123.725	814.74	-999	1.8	60	B	2	50	
636200	636200	636200	44.1917	-123.6833	936.68	-999	1.8	60	B	2	50	
636202	636202	636202	44.1917	-123.6	1373.58	-999	1.8697	60	B	2	50	
636203	636203	636203	44.1917	-123.5583	876.31	-999	2.0285	60	B	2	50	
636204	636204	636204	44.1917	-123.5167	1006.78	-999	2.0351	60	B	2	50	
636205	636205	636205	44.1917	-123.475	1064.08	-999	1.9576	60	B	2	50	
636206	636206	636206	44.1917	-123.4333	950.68	-999	1.92	60	C	3	50	
636207	636207	636207	44.1917	-123.3917	872.92	-999	1.92	60	C	3	50	
636208	636208	636208	44.1917	-123.35	656.72	-999	1.9915	60	C	3	50	
636209	636209	636209	44.1917	-123.3083	394.36	-999	1.9877	60	C	3	50	
636210	636210	636210	44.1917	-123.2667	341.97	-999	2.059	60	C	3	50	
636211	636211	636211	44.1917	-123.225	332.57	-999	2.0754	60	B	2	50	
636212	636212	636212	44.1917	-123.1833	337.93	-999	1.8018	60	B	2	50	
636213	636213	636213	44.1917	-123.1417	340.88	-999	1.8453	60	B	2	50	
636214	636214	636214	44.1917	-123.1	356.52	-999	2.1551	60	B	2	50	
636215	636215	636215	44.1917	-123.0583	408.57	-999	2.0521	60	C	3	50	
636218	636218	636218	44.1917	-122.9333	1606.41	-999	1.8313	60	C	3	50	
636219	636219	636219	44.1917	-122.8917	1116.25	-999	1.8887	60	B	2	50	
636220	636220	636220	44.1917	-122.85	848.32	-999	1.8116	60	B	2	50	
636221	636221	636221	44.1917	-122.8083	814.3	-999	1.8377	60	B	2	50	
636235	636235	636235	44.1917	-122.225	2120.47	-999	1.8	60	B	2	50	
636236	636236	636236	44.1917	-122.1833	2538.85	-999	1.8	60	B	2	50	
636237	636237	636237	44.1917	-122.1417	2757.35	-999	1.8	60	B	2	50	
636238	636238	636238	44.1917	-122.1	2719.82	-999	1.8	60	B	2	50	
636239	636239	636239	44.1917	-122.0583	2281.63	-999	1.8	60	B	2	50	
636251	636251	636251	44.1917	-121.5583	3965.88	-999	1.56	60	A	1	50	
636254	636254	636254	44.1917	-121.4333	3362.07	-999	1.56	60	A	1	50	
636255	636255	636255	44.1917	-121.3917	3283.73	-999	1.56	60	A	1	50	
636256	636256	636256	44.1917	-121.35	3307.61	-999	1.56	60	A	1	50	
636257	636257	636257	44.1917	-121.3083	3210.5	-999	1.4956	60	A	1	50	
636258	636258	636258	44.1917	-121.2667	3243.83	-999	1.5573	60	A	1	50	
636259	636259	636259	44.1917	-121.225	3184.51	-999	1.5581	60	A	1	50	
636260	636260	636260	44.1917	-121.1833	3196.19	-999	1.56	60	A	1	50	
636262	636262	636262	44.1917	-121.1	3167.32	-999	1.56	60	A	1	50	
636263	636263	636263	44.1917	-121.0583	3211.81	-999	1.1894	60	A	1	50	
636264	636264	636264	44.1917	-121.0167	3591.6	-999	0.96	60	A	1	50	
636267	636267	636267	44.1917	-120.8917	3458.4	-999	1.56	60	A	1	50	
636268	636268	636268	44.1917	-120.85	3325.2	-999	1.56	60	A	1	50	
636269	636269	636269	44.1917	-120.8083	3690.68	-999	1.498	60	A	1	50	
636270	636270	636270	44.1917	-120.7667	3865.75	-999	1.301	60	B	2	50	
636271	636271	636271	44.1917	-120.725	4091.99	-999	1.2	60	B	2	50	
636273	636273	636273	44.1917	-120.6417	3823.1	-999	1.2	60	B	2	50	
636274	636274	636274	44.1917	-120.6	3878.08	-999	1.2	60	B	2	50	
636275	636275	636275	44.1917	-120.5583	4020.08	-999	1.2	60	B	2	50	
636276	636276	636276	44.1917	-120.5167	3855.77	-999	1.5214	60	B	2	50	
636277	636277	636277	44.1917	-120.475	3974.28	-999	1.7723	60	B	2	50	
636284	636284	636284	44.1917	-120.1833	4414.96	-999	1.8	60	B	2	50	
636287	636287	636287	44.1917	-120.0583	4006.56	-999	1.32	60	B	2	50	
636288	636288	636288	44.1917	-120.0167	3930.31	-999	1.6375	60	B	2	50	
636289	636289	636289	44.1917	-119.975	3845.67	-999	1.7319	60	B	2	50	
636290	636290	636290	44.1917	-119.9333	3870.34	-999	1.4137	60	B	2	50	
636291	636291	636291	44.1917	-119.8917	3868.11	-999	1.8	60	B	2	50	
636292	636292	636292	44.1917	-119.85	3859.19	-999	1.7999	60	B	2	50	
636293	636293	636293	44.1917	-119.8083	3897.9	-999	1.7848	60	B	2	50	
636294	636294	636294	44.1917	-119.7667	4045.41	-999	1.7947	60	B	2	50	
636295	636295	636295	44.1917	-119.725	4055.38	-999	1.7849	60	B	2	50	
636298	636298	636298	44.1917	-119.6	4824.8	-999	2.04	60	B	2	50	
636299	636299	636299	44.1917	-119.5583	4729.4	-999	2.04	60	B	2	50	
636304	636304	636304	44.1917	-119.35	4966.01	-999	2.0281	60	B	2	50	
636305	636305	636305	44.1917	-119.3083	5155.12	-999	1.8638	60	B	2	50	
636309	636309	636309	44.1917	-119.1417	4983.07	-999	1.68	60	B	2	50	
636310	636310	636310	44.1917	-119.1	4796.72	-999	1.9726	60	B	2	50	
636311	636311	636311	44.1917	-119.0583	4737.4	-999	2.04	60	B	2	50	
636312	636312	636312	44.1917	-119.0167	4731.76	-999	1.9134	60	B	2	50	
636313	636313	636313	44.1917	-118.975	4804.59	-999	1.9134	60	B	2	50	
636314	636314	636314	44.1917	-118.9333	4868.64	-999	1.7702	60	B	2	50	
636315	636315	636315	44.1917	-118.8917	5034.25	-999	1.68	60	B	2	50	
636331	636331	636331	44.1917	-118.225	4761.81	-999	1.32	60	B	2	50	
636332	636332	636332	44.1917	-118.1833	4816.4	-999	1.32	60	B	2	50	
636348	636348	636348	44.1917	-117.5167	2936.88	-999	1.2518	60	B	2	50	
636349	636349	636349	44.1917	-117.475	2669.69	-999	1.3997	60	B	2	50	
636350	636350	636350	44.1917	-117.4333	2558.66	-999	1.8543	60	B	2	50	
636351	636351	636351	44.1917	-117.3917	2687.8	-999	2.138	60	B	2	50	
636357	636357	636357	44.1917	-117.1417	2807.22	-999	1.32	60	B	2	50	
636358	636358	636358	44.1917	-117.1	2737.01	-999	1.4661	60	B	2	50	
636359	636359	636359	44.1917	-117.0583	2649.61	-999	1.376	60	B	2	50	
636360	636360	636360	44.1917	-117.0167	2411.81	-999	1.7169	60	B	2	50	
636361	636361	636361	44.1917	-116.975	2193.96	-999	2.0623	60	B	2	50	
636362	636362	636362	44.1917	-116.9333	2124.02	-999	1.7093	60	B	2	50	
636363	636363	636363	44.1917	-116.8917	2184.25	-999	1.8079	60	B	2	50	
636368	636368	636368	44.1917	-116.6833	2913.78	-999	1.679	60	A	1	50	
637584	637584	637584	44.2333	-123.7667	912.84	-999	1.8907	60	B	2	50	
637590	637590	637590	44.2333	-123.5167	1235.13	-999	1.839	60	B	2	50	
637591	637591	637591	44.2333	-123.475	1116.03	-999	1.92	60	C	3	50	
637593	637593	637593	44.2333	-123.3917	769.25	-999	1.9263	60	C	3	50	
637594	637594	637594	44.2333	-123.35	493.66	-999	1.9626	60	C	3	50	
637595	637595	637595	44.2333	-123.3083	383.42	-999	2.0414	60	C	3	50	
637596	637596	637596	44.2333	-123.2667	322.73	-999	2.0549	60	C	3	50	
637597	637597	637597	44.2333	-123.225	317.15	-999	1.9447	60	B	2	50	
637598	637598	637598	44.2333	-123.1833	320.32	-999	1.8	60	B	2	50	
637599	637599	637599	44.2333	-123.1417	324.48	-999	2.0301	60	B	2	50	
637600	637600	637600	44.2333	-123.1	337.27	-999	2.1019	60	B	2	50	
637601	637601	637601	44.2333	-123.0583	344.6	-999	1.9411	60	B	2	50	
637602	637602	637602	44.2333	-123.0167	590.22	-999	2.0722	60	C	3	50	
637606	637606	637606	44.2333	-122.85	1067.81	-999	1.8	60	B	2	50	
637607	637607	637607	44.2333	-122.8083	920.93	-999	1.8263	60	B	2	50	
637608	637608	637608	44.2333	-122.7667	1243.0	-999	1.8129	60	B	2	50	
637634	637634	637634	44.2333	-121.6833	4837.14	-999	1.2	60	A	1	50	
637637	637637	637637	44.2333	-121.5583	3623.36	-999	1.56	60	A	1	50	
637638	637638	637638	44.2333	-121.5167	3455.38	-999	1.4567	60	A	1	50	
637639	637639	637639	44.2333	-121.475	3270.47	-999	1.493	60	A	1	50	
637640	637640	637640	44.2333	-121.4333	3186.48	-999	1.56	60	A	1	50	
637641	637641	637641	44.2333	-121.3917	3201.84	-999	1.56	60	A	1	50	
637642	637642	637642	44.2333	-121.35	3231.76	-999	1.56	60	A	1	50	
637644	637644	637644	44.2333	-121.2667	3159.32	-999	1.56	60	A	1	50	
637645	637645	637645	44.2333	-121.225	3090.42	-999	1.56	60	A	1	50	
637646	637646	637646	44.2333	-121.1833	3096.46	-999	1.56	60	A	1	50	
637649	637649	637649	44.2333	-121.0583	3118.9	-999	1.1784	60	A	1	50	
637650	637650	637650	44.2333	-121.0167	3195.41	-999	1.07	60	A	1	50	
637651	637651	637651	44.2333	-120.975	3399.08	-999	0.9737	60	A	1	50	
637652	637652	637652	44.2333	-120.9333	3444.23	-999	1.0984	60	A	1	50	
637653	637653	637653	44.2333	-120.8917	3361.02	-999	1.678	60	A	1	50	
637654	637654	637654	44.2333	-120.85	3235.56	-999	1.7875	60	B	2	50	
637662	637662	637662	44.2333	-120.5167	4267.06	-999	1.2	60	B	2	50	
637673	637673	637673	44.2333	-120.0583	4335.17	-999	1.32	60	B	2	50	
637674	637674	637674	44.2333	-120.0167	4173.62	-999	1.7998	60	B	2	50	
637678	637678	637678	44.2333	-119.85	4030.05	-999	1.6897	60	B	2	50	
637680	637680	637680	44.2333	-119.7667	4225.72	-999	1.32	60	B	2	50	
637681	637681	637681	44.2333	-119.725	4247.64	-999	1.5593	60	B	2	50	
637688	637688	637688	44.2333	-119.4333	4654.33	-999	1.8	60	B	2	50	
637691	637691	637691	44.2333	-119.3083	4872.31	-999	1.8	60	B	2	50	
637694	637694	637694	44.2333	-119.1833	5072.31	-999	1.68	60	B	2	50	
637695	637695	637695	44.2333	-119.1417	4851.58	-999	1.9375	60	B	2	50	
637696	637696	637696	44.2333	-119.1	4785.04	-999	2.0247	60	B	2	50	
637697	637697	637697	44.2333	-119.0583	4775.98	-999	2.0039	60	B	2	50	
637700	637700	637700	44.2333	-118.9333	5041.6	-999	1.44	60	B	2	50	
637701	637701	637701	44.2333	-118.8917	4618.77	-999	1.44	60	B	2	50	
637702	637702	637702	44.2333	-118.85	4780.84	-999	1.6937	60	B	2	50	
637717	637717	637717	44.2333	-118.225	4998.82	-999	1.32	60	B	2	50	
637733	637733	637733	44.2333	-117.5583	3033.07	-999	1.8383	60	B	2	50	
637734	637734	637734	44.2333	-117.5167	2748.43	-999	1.8388	60	B	2	50	
637735	637735	637735	44.2333	-117.475	2691.6	-999	2.0321	60	B	2	50	
637736	637736	637736	44.2333	-117.4333	3019.03	-999	1.68	60	B	2	50	
637741	637741	637741	44.2333	-117.225	2423.23	-999	1.44	60	B	2	50	
637744	637744	637744	44.2333	-117.1	2532.81	-999	1.186	60	B	2	50	
637745	637745	637745	44.2333	-117.0583	2293.18	-999	1.5589	60	B	2	50	
637746	637746	637746	44.2333	-117.0167	2149.87	-999	1.7519	60	B	2	50	
637747	637747	637747	44.2333	-116.975	2117.85	-999	1.5685	60	B	2	50	
637748	637748	637748	44.2333	-116.9333	2130.18	-999	1.92	60	B	2	50	
638964	638964	638964	44.275	-124.0167	753.28	-999	1.6864	60	B	2	50	
638965	638965	638965	44.275	-123.975	642.17	-999	1.7927	60	B	2	50	
638966	638966	638966	44.275	-123.9333	680.55	-999	1.8	60	B	2	50	
638967	638967	638967	44.275	-123.8917	716.21	-999	1.8	60	B	2	50	
638968	638968	638968	44.275	-123.85	615.16	-999	2.0335	60	B	2	50	
638969	638969	638969	44.275	-123.8083	532.04	-999	2.0049	60	B	2	50	
638970	638970	638970	44.275	-123.7667	671.81	-999	2.0136	60	B	2	50	
638971	638971	638971	44.275	-123.725	669.62	-999	1.8	60	B	2	50	
638972	638972	638972	44.275	-123.6833	904.75	-999	1.8	60	B	2	50	
638973	638973	638973	44.275	-123.6417	970.91	-999	1.8	60	B	2	50	
638979	638979	638979	44.275	-123.3917	768.48	-999	1.92	60	C	3	50	
638980	638980	638980	44.275	-123.35	726.49	-999	1.9336	60	C	3	50	
638981	638981	638981	44.275	-123.3083	558.4	-999	1.9332	60	C	3	50	
638982	638982	638982	44.275	-123.2667	307.85	-999	1.9148	60	B	2	50	
638983	638983	638983	44.275	-123.225	300.85	-999	1.8	60	B	2	50	
638984	638984	638984	44.275	-123.1833	304.9	-999	1.8928	60	B	2	50	
638985	638985	638985	44.275	-123.1417	314.96	-999	2.1542	60	B	2	50	
638986	638986	638986	44.275	-123.1	319.88	-999	2.058	60	B	2	50	
638987	638987	638987	44.275	-123.0583	324.26	-999	2.0444	60	B	2	50	
638988	638988	638988	44.275	-123.0167	357.18	-999	2.0887	60	C	3	50	
638989	638989	638989	44.275	-122.975	708.77	-999	2.1233	60	C	3	50	
638993	638993	638993	44.275	-122.8083	1228.02	-999	1.8941	60	C	3	50	
638995	638995	638995	44.275	-122.725	1696.85	-999	1.8	60	C	3	50	
639023	639023	639023	44.275	-121.5583	3268.11	-999	1.44	60	A	1	50	
639024	639024	639024	44.275	-121.5167	3202.49	-999	1.454	60	A	1	50	
639025	639025	639025	44.275	-121.475	3148.69	-999	1.5555	60	A	1	50	
639026	639026	639026	44.275	-121.4333	3067.59	-999	1.56	60	A	1	50	
639030	639030	639030	44.275	-121.2667	3024.8	-999	1.56	60	A	1	50	
639031	639031	639031	44.275	-121.225	2956.69	-999	1.56	60	A	1	50	
639032	639032	639032	44.275	-121.1833	2990.95	-999	1.56	60	A	1	50	
639033	639033	639033	44.275	-121.1417	3033.33	-999	1.56	60	A	1	50	
639035	639035	639035	44.275	-121.0583	3022.7	-999	1.56	60	A	1	50	
639036	639036	639036	44.275	-121.0167	3017.98	-999	1.56	60	A	1	50	
639037	639037	639037	44.275	-120.975	3085.17	-999	1.4204	60	A	1	50	
639038	639038	639038	44.275	-120.9333	3325.98	-999	0.96	60	A	1	50	
639039	639039	639039	44.275	-120.8917	3273.23	-999	1.56	60	A	1	50	
639040	639040	639040	44.275	-120.85	3057.87	-999	1.7026	60	B	2	50	
639041	639041	639041	44.275	-120.8083	3147.77	-999	1.5728	60	B	2	50	
639042	639042	639042	44.275	-120.7667	3429.53	-999	1.2	60	B	2	50	
639045	639045	639045	44.275	-120.6417	3850.26	-999	1.2	60	B	2	50	
639046	639046	639046	44.275	-120.6	3906.96	-999	1.2	60	B	2	50	
639053	639053	639053	44.275	-120.3083	5420.34	-999	1.8	60	B	2	50	
639054	639054	639054	44.275	-120.2667	5195.01	-999	1.8	60	B	2	50	
639055	639055	639055	44.275	-120.225	4884.78	-999	1.7854	60	B	2	50	
639071	639071	639071	44.275	-119.5583	3812.34	-999	1.2	60	B	2	50	
639073	639073	639073	44.275	-119.475	3736.48	-999	1.2	60	B	2	50	
639074	639074	639074	44.275	-119.4333	3954.2	-999	1.3956	60	B	2	50	
639076	639076	639076	44.275	-119.35	4517.85	-999	2.04	60	B	2	50	
639078	639078	639078	44.275	-119.2667	4673.36	-999	2.04	60	B	2	50	
639081	639081	639081	44.275	-119.1417	5277.03	-999	1.6967	60	B	2	50	
639082	639082	639082	44.275	-119.1	5316.54	-999	1.6962	60	B	2	50	
639083	639083	639083	44.275	-119.0583	5207.22	-999	1.8465	60	B	2	50	
639085	639085	639085	44.275	-118.975	4706.43	-999	1.44	60	B	2	50	
639086	639086	639086	44.275	-118.9333	4464.44	-999	1.44	60	B	2	50	
639087	639087	639087	44.275	-118.8917	5085.3	-999	1.44	60	B	2	50	
639108	639108	639108	44.275	-118.0167	4512.73	-999	1.32	60	B	2	50	
639109	639109	639109	44.275	-117.975	4203.81	-999	1.32	60	B	2	50	
639113	639113	639113	44.275	-117.8083	3961.29	-999	2.16	60	B	2	50	
639114	639114	639114	44.275	-117.7667	3921.92	-999	2.1511	60	B	2	50	
639115	639115	639115	44.275	-117.725	3976.51	-999	2.16	60	B	2	50	
639119	639119	639119	44.275	-117.5583	3054.2	-999	1.9185	60	B	2	50	
639120	639120	639120	44.275	-117.5167	3194.49	-999	2.16	60	B	2	50	
639125	639125	639125	44.275	-117.3083	3074.15	-999	1.44	60	B	2	50	
639126	639126	639126	44.275	-117.2667	2652.49	-999	1.44	60	B	2	50	
639127	639127	639127	44.275	-117.225	2324.93	-999	1.44	60	B	2	50	
639129	639129	639129	44.275	-117.1417	2660.76	-999	0.556	60	B	2	50	
639130	639130	639130	44.275	-117.1	2177.95	-999	1.4974	60	B	2	50	
639131	639131	639131	44.275	-117.0583	2125.33	-999	1.9936	60	B	2	50	
639132	639132	639132	44.275	-117.0167	2149.74	-999	2.0191	60	B	2	50	
639133	639133	639133	44.275	-116.975	2293.96	-999	2.0244	60	B	2	50	
640349	640349	640349	44.3167	-124.0583	711.29	-999	1.68	60	B	2	50	
640350	640350	640350	44.3167	-124.0167	800.42	-999	1.7397	60	B	2	50	
640351	640351	640351	44.3167	-123.975	499.89	-999	1.8	60	B	2	50	
640353	640353	640353	44.3167	-123.8917	702.43	-999	1.8	60	B	2	50	
640354	640354	640354	44.3167	-123.85	470.04	-999	1.8675	60	B	2	50	
640355	640355	640355	44.3167	-123.8083	579.29	-999	1.8	60	B	2	50	
640356	640356	640356	44.3167	-123.7667	613.85	-999	1.8	60	B	2	50	
640357	640357	640357	44.3167	-123.725	782.37	-999	1.8	60	B	2	50	
640359	640359	640359	44.3167	-123.6417	734.03	-999	1.9676	60	B	2	50	
640360	640360	640360	44.3167	-123.6	884.29	-999	1.9933	60	B	2	50	
640364	640364	640364	44.3167	-123.4333	1074.58	-999	1.92	60	C	3	50	
640365	640365	640365	44.3167	-123.3917	493.66	-999	1.9582	60	C	3	50	
640366	640366	640366	44.3167	-123.35	377.73	-999	1.9766	60	C	3	50	
640367	640367	640367	44.3167	-123.3083	368.33	-999	1.9184	60	C	3	50	
640368	640368	640368	44.3167	-123.2667	287.07	-999	1.8003	60	B	2	50	
640369	640369	640369	44.3167	-123.225	286.09	-999	1.826	60	B	2	50	
640370	640370	640370	44.3167	-123.1833	294.95	-999	2.1551	60	B	2	50	
640371	640371	640371	44.3167	-123.1417	299.54	-999	2.0534	60	B	2	50	
640372	640372	640372	44.3167	-123.1	302.82	-999	2.0427	60	B	2	50	
640373	640373	640373	44.3167	-123.0583	313.98	-999	2.1061	60	B	2	50	
640374	640374	640374	44.3167	-123.0167	459.43	-999	2.1155	60	C	3	50	
640376	640376	640376	44.3167	-122.9333	1382.55	-999	1.9772	60	C	3	50	
640377	640377	640377	44.3167	-122.8917	1422.9	-999	2.16	60	C	3	50	
640378	640378	640378	44.3167	-122.85	1097.0	-999	2.0315	60	C	3	50	
640379	640379	640379	44.3167	-122.8083	930.12	-999	1.9713	60	C	3	50	
640380	640380	640380	44.3167	-122.7667	1121.72	-999	2.0039	60	C	3	50	
640381	640381	640381	44.3167	-122.725	1101.05	-999	1.9715	60	C	3	50	
640408	640408	640408	44.3167	-121.6	3295.14	-999	1.44	60	A	1	50	
640409	640409	640409	44.3167	-121.5583	3199.61	-999	1.44	60	A	1	50	
640410	640410	640410	44.3167	-121.5167	3150.53	-999	1.5149	60	A	1	50	
640411	640411	640411	44.3167	-121.475	3118.64	-999	1.56	60	A	1	50	
640412	640412	640412	44.3167	-121.4333	3093.96	-999	1.56	60	A	1	50	
640413	640413	640413	44.3167	-121.3917	3024.41	-999	1.56	60	A	1	50	
640414	640414	640414	44.3167	-121.35	2917.72	-999	1.56	60	A	1	50	
640415	640415	640415	44.3167	-121.3083	2946.59	-999	1.56	60	A	1	50	
640416	640416	640416	44.3167	-121.2667	2806.17	-999	1.56	60	A	1	50	
640417	640417	640417	44.3167	-121.225	2808.4	-999	1.56	60	A	1	50	
640418	640418	640418	44.3167	-121.1833	2916.54	-999	1.56	60	A	1	50	
640419	640419	640419	44.3167	-121.1417	2959.45	-999	1.56	60	A	1	50	
640420	640420	640420	44.3167	-121.1	2952.36	-999	1.6846	60	A	1	50	
640421	640421	640421	44.3167	-121.0583	2935.17	-999	1.7203	60	B	2	50	
640422	640422	640422	44.3167	-121.0167	2964.04	-999	1.5998	60	A	1	50	
640423	640423	640423	44.3167	-120.975	3126.25	-999	1.5822	60	A	1	50	
640424	640424	640424	44.3167	-120.9333	3161.29	-999	1.7286	60	B	2	50	
640425	640425	640425	44.3167	-120.8917	3005.51	-999	1.7246	60	B	2	50	
640426	640426	640426	44.3167	-120.85	2918.11	-999	1.1638	60	A	1	50	
640427	640427	640427	44.3167	-120.8083	3024.8	-999	1.2608	60	A	1	50	
640428	640428	640428	44.3167	-120.7667	3051.44	-999	1.2067	60	A	1	50	
640429	640429	640429	44.3167	-120.725	3430.45	-999	1.2	60	B	2	50	
640430	640430	640430	44.3167	-120.6833	3477.69	-999	1.2	60	B	2	50	
640431	640431	640431	44.3167	-120.6417	3453.81	-999	1.2	60	B	2	50	
640432	640432	640432	44.3167	-120.6	3684.12	-999	1.2	60	B	2	50	
640433	640433	640433	44.3167	-120.5583	3943.57	-999	1.656	60	B	2	50	
640441	640441	640441	44.3167	-120.225	4693.96	-999	1.9186	60	B	2	50	
640442	640442	640442	44.3167	-120.1833	4737.66	-999	1.971	60	B	2	50	
640458	640458	640458	44.3167	-119.5167	3500.79	-999	1.2	60	B	2	50	
640459	640459	640459	44.3167	-119.475	3661.29	-999	1.2	60	B	2	50	
640460	640460	640460	44.3167	-119.4333	4068.37	-999	1.202	60	B	2	50	
640469	640469	640469	44.3167	-119.0583	4782.81	-999	1.44	60	B	2	50	
640471	640471	640471	44.3167	-118.975	4956.82	-999	1.44	60	B	2	50	
640472	640472	640472	44.3167	-118.9333	4382.28	-999	1.44	60	B	2	50	
640493	640493	640493	44.3167	-118.0583	4478.74	-999	1.32	60	B	2	50	
640494	640494	640494	44.3167	-118.0167	4161.02	-999	1.32	60	B	2	50	
640495	640495	640495	44.3167	-117.975	3985.7	-999	2.0111	60	B	2	50	
640496	640496	640496	44.3167	-117.9333	3871.26	-999	2.16	60	B	2	50	
640497	640497	640497	44.3167	-117.8917	3810.1	-999	2.16	60	B	2	50	
640498	640498	640498	44.3167	-117.85	3755.77	-999	2.16	60	B	2	50	
640506	640506	640506	44.3167	-117.5167	3751.97	-999	1.32	60	B	2	50	
640512	640512	640512	44.3167	-117.2667	2507.09	-999	1.44	60	B	2	50	
640513	640513	640513	44.3167	-117.225	2442.52	-999	1.44	60	B	2	50	
640517	640517	640517	44.3167	-117.0583	2388.19	-999	1.975	60	B	2	50	
640518	640518	640518	44.3167	-117.0167	2496.33	-999	2.0319	60	B	2	50	
640519	640519	640519	44.3167	-116.975	2653.81	-999	2.0317	60	B	2	50	
641740	641740	641740	44.3583	-123.85	615.81	-999	1.8	60	B	2	50	
641741	641741	641741	44.3583	-123.8083	517.83	-999	1.8979	60	B	2	50	
641742	641742	641742	44.3583	-123.7667	856.41	-999	2.0389	60	B	2	50	
641743	641743	641743	44.3583	-123.725	612.1	-999	2.0399	60	B	2	50	
641744	641744	641744	44.3583	-123.6833	483.27	-999	2.0382	60	B	2	50	
641745	641745	641745	44.3583	-123.6417	469.16	-999	2.0387	60	B	2	50	
641746	641746	641746	44.3583	-123.6	463.25	-999	2.035	60	B	2	50	
641751	641751	641751	44.3583	-123.3917	581.26	-999	1.9778	60	C	3	50	
641752	641752	641752	44.3583	-123.35	351.6	-999	2.0171	60	C	3	50	
641753	641753	641753	44.3583	-123.3083	285.87	-999	1.9454	60	B	2	50	
641754	641754	641754	44.3583	-123.2667	271.44	-999	1.8	60	B	2	50	
641755	641755	641755	44.3583	-123.225	273.95	-999	2.0464	60	B	2	50	
641756	641756	641756	44.3583	-123.1833	283.36	-999	2.2514	60	B	2	50	
641757	641757	641757	44.3583	-123.1417	285.65	-999	1.9756	60	B	2	50	
641758	641758	641758	44.3583	-123.1	291.67	-999	2.121	60	B	2	50	
641759	641759	641759	44.3583	-123.0583	298.34	-999	2.0976	60	B	2	50	
641760	641760	641760	44.3583	-123.0167	351.81	-999	2.0253	60	B	2	50	
641761	641761	641761	44.3583	-122.975	447.18	-999	1.826	60	B	2	50	
641762	641762	641762	44.3583	-122.9333	463.58	-999	1.8067	60	B	2	50	
641763	641763	641763	44.3583	-122.8917	660.65	-999	1.8485	60	B	2	50	
641764	641764	641764	44.3583	-122.85	661.42	-999	1.9583	60	C	3	50	
641765	641765	641765	44.3583	-122.8083	674.43	-999	1.954	60	C	3	50	
641766	641766	641766	44.3583	-122.7667	731.63	-999	2.016	60	C	3	50	
641767	641767	641767	44.3583	-122.725	990.38	-999	1.915	60	C	3	50	
641768	641768	641768	44.3583	-122.6833	1243.99	-999	1.8	60	C	3	50	
641769	641769	641769	44.3583	-122.6417	1245.73	-999	1.8	60	C	3	50	
641770	641770	641770	44.3583	-122.6	1202.1	-999	1.8	60	C	3	50	
641771	641771	641771	44.3583	-122.5583	1695.97	-999	1.8	60	C	3	50	
641772	641772	641772	44.3583	-122.5167	2118.11	-999	1.8	60	C	3	50	
641792	641792	641792	44.3583	-121.6833	3654.59	-999	1.4769	60	A	1	50	
641793	641793	641793	44.3583	-121.6417	3365.88	-999	1.4513	60	A	1	50	
641794	641794	641794	44.3583	-121.6	3287.93	-999	1.44	60	A	1	50	
641795	641795	641795	44.3583	-121.5583	3253.81	-999	1.44	60	A	1	50	
641799	641799	641799	44.3583	-121.3917	3033.99	-999	1.56	60	A	1	50	
641800	641800	641800	44.3583	-121.35	2832.68	-999	1.56	60	A	1	50	
641801	641801	641801	44.3583	-121.3083	2673.1	-999	1.56	60	A	1	50	
641802	641802	641802	44.3583	-121.2667	2714.44	-999	1.56	60	A	1	50	
641803	641803	641803	44.3583	-121.225	2746.85	-999	1.56	60	A	1	50	
641804	641804	641804	44.3583	-121.1833	2789.63	-999	1.56	60	A	1	50	
641805	641805	641805	44.3583	-121.1417	2842.65	-999	1.56	60	A	1	50	
641806	641806	641806	44.3583	-121.1	3040.03	-999	1.3626	60	A	1	50	
641807	641807	641807	44.3583	-121.0583	2948.03	-999	1.473	60	A	1	50	
641808	641808	641808	44.3583	-121.0167	3022.7	-999	1.7999	60	B	2	50	
641809	641809	641809	44.3583	-120.975	3163.39	-999	1.6274	60	B	2	50	
641810	641810	641810	44.3583	-120.9333	2919.69	-999	1.3572	60	A	1	50	
641811	641811	641811	44.3583	-120.8917	2921.65	-999	0.999	60	A	1	50	
641812	641812	641812	44.3583	-120.85	3005.51	-999	0.9877	60	A	1	50	
641813	641813	641813	44.3583	-120.8083	3227.69	-999	1.2142	60	B	2	50	
641814	641814	641814	44.3583	-120.7667	3493.04	-999	1.39	60	B	2	50	
641816	641816	641816	44.3583	-120.6833	3840.81	-999	1.412	60	B	2	50	
641817	641817	641817	44.3583	-120.6417	3717.98	-999	1.8	60	B	2	50	
641819	641819	641819	44.3583	-120.5583	3960.5	-999	1.8	60	B	2	50	
641820	641820	641820	44.3583	-120.5167	3871.13	-999	1.8	60	B	2	50	
641821	641821	641821	44.3583	-120.475	3971.13	-999	1.8	60	B	2	50	
641826	641826	641826	44.3583	-120.2667	4644.36	-999	2.0354	60	B	2	50	
641827	641827	641827	44.3583	-120.225	4522.18	-999	2.04	60	B	2	50	
641828	641828	641828	44.3583	-120.1833	4523.23	-999	2.04	60	B	2	50	
641842	641842	641842	44.3583	-119.6	4562.07	-999	1.2	60	B	2	50	
641843	641843	641843	44.3583	-119.5583	3574.8	-999	1.2	60	B	2	50	
641853	641853	641853	44.3583	-119.1417	4297.77	-999	1.5258	60	B	2	50	
641854	641854	641854	44.3583	-119.1	3960.37	-999	1.56	60	C	3	50	
641855	641855	641855	44.3583	-119.0583	3927.17	-999	1.56	60	C	3	50	
641856	641856	641856	44.3583	-119.0167	4141.34	-999	1.56	60	C	3	50	
641857	641857	641857	44.3583	-118.975	4425.85	-999	1.5589	60	C	3	50	
641858	641858	641858	44.3583	-118.9333	4444.75	-999	1.44	60	B	2	50	
641862	641862	641862	44.3583	-118.7667	5561.55	-999	1.0805	60	B	2	50	
641863	641863	641863	44.3583	-118.725	4881.63	-999	1.08	60	B	2	50	
641864	641864	641864	44.3583	-118.6833	5037.53	-999	1.2048	60	B	2	50	
641865	641865	641865	44.3583	-118.6417	4881.5	-999	1.1318	60	B	2	50	
641866	641866	641866	44.3583	-118.6	4752.1	-999	1.1636	60	B	2	50	
641867	641867	641867	44.3583	-118.5583	4681.5	-999	1.4266	60	B	2	50	
641876	641876	641876	44.3583	-118.1833	4988.32	-999	1.08	60	B	2	50	
641877	641877	641877	44.3583	-118.1417	4698.82	-999	1.08	60	B	2	50	
641878	641878	641878	44.3583	-118.1	4729.92	-999	1.08	60	B	2	50	
641879	641879	641879	44.3583	-118.0583	4821.0	-999	1.32	60	B	2	50	
641881	641881	641881	44.3583	-117.975	4329.66	-999	2.0422	60	B	2	50	
641882	641882	641882	44.3583	-117.9333	3889.76	-999	2.1297	60	B	2	50	
641883	641883	641883	44.3583	-117.8917	3785.17	-999	2.16	60	B	2	50	
641884	641884	641884	44.3583	-117.85	3674.41	-999	2.1345	60	B	2	50	
641885	641885	641885	44.3583	-117.8083	3765.88	-999	1.5024	60	B	2	50	
641886	641886	641886	44.3583	-117.7667	4029.13	-999	1.32	60	B	2	50	
641888	641888	641888	44.3583	-117.6833	3522.44	-999	1.44	60	B	2	50	
641889	641889	641889	44.3583	-117.6417	3480.05	-999	1.3876	60	B	2	50	
641890	641890	641890	44.3583	-117.6	3500.92	-999	1.32	60	B	2	50	
641891	641891	641891	44.3583	-117.5583	3726.64	-999	1.32	60	B	2	50	
641892	641892	641892	44.3583	-117.5167	4077.17	-999	1.32	60	B	2	50	
641893	641893	641893	44.3583	-117.475	4146.33	-999	1.32	60	B	2	50	
641894	641894	641894	44.3583	-117.4333	3926.9	-999	1.4199	60	B	2	50	
641895	641895	641895	44.3583	-117.3917	3843.04	-999	1.2755	60	B	2	50	
641896	641896	641896	44.3583	-117.35	3645.28	-999	1.2	60	B	2	50	
641897	641897	641897	44.3583	-117.3083	2997.9	-999	1.2111	60	B	2	50	
641898	641898	641898	44.3583	-117.2667	2519.16	-999	1.3179	60	B	2	50	
641899	641899	641899	44.3583	-117.225	2713.25	-999	1.32	60	B	2	50	
641903	641903	641903	44.3583	-117.0583	3036.09	-999	1.56	60	B	2	50	
643121	643121	643121	44.4	-124.0583	156.39	-999	3.0	60	B	2	50	
643122	643122	643122	44.4	-124.0167	370.51	-999	1.7267	60	B	2	50	
643123	643123	643123	44.4	-123.975	443.68	-999	1.68	60	B	2	50	
643124	643124	643124	44.4	-123.9333	518.04	-999	1.7477	60	B	2	50	
643125	643125	643125	44.4	-123.8917	519.47	-999	1.8	60	B	2	50	
643126	643126	643126	44.4	-123.85	614.94	-999	1.8	60	B	2	50	
643129	643129	643129	44.4	-123.725	916.45	-999	1.8322	60	B	2	50	
643131	643131	643131	44.4	-123.6417	1180.88	-999	2.0372	60	B	2	50	
643132	643132	643132	44.4	-123.6	826.44	-999	2.04	60	B	2	50	
643133	643133	643133	44.4	-123.5583	596.24	-999	2.0226	60	B	2	50	
643134	643134	643134	44.4	-123.5167	1232.39	-999	1.92	60	C	3	50	
643137	643137	643137	44.4	-123.3917	705.27	-999	1.999	60	C	3	50	
643138	643138	643138	44.4	-123.35	537.4	-999	1.9769	60	C	3	50	
643139	643139	643139	44.4	-123.3083	283.9	-999	2.0661	60	B	2	50	
643140	643140	643140	44.4	-123.2667	260.39	-999	1.8001	60	B	2	50	
643141	643141	643141	44.4	-123.225	256.78	-999	1.9523	60	B	2	50	
643142	643142	643142	44.4	-123.1833	270.78	-999	2.1787	60	B	2	50	
643143	643143	643143	44.4	-123.1417	271.65	-999	1.9929	60	B	2	50	
643144	643144	643144	44.4	-123.1	279.86	-999	2.131	60	B	2	50	
643145	643145	643145	44.4	-123.0583	286.09	-999	1.9541	60	B	2	50	
643146	643146	643146	44.4	-123.0167	317.8	-999	1.8552	60	B	2	50	
643147	643147	643147	44.4	-122.975	472.44	-999	1.9056	60	B	2	50	
643148	643148	643148	44.4	-122.9333	694.33	-999	1.9472	60	B	2	50	
643149	643149	643149	44.4	-122.8917	948.05	-999	1.9315	60	B	2	50	
643151	643151	643151	44.4	-122.8083	993.99	-999	1.92	60	C	3	50	
643152	643152	643152	44.4	-122.7667	797.68	-999	1.8996	60	B	2	50	
643153	643153	643153	44.4	-122.725	629.26	-999	1.8843	60	B	2	50	
643154	643154	643154	44.4	-122.6833	716.97	-999	1.8417	60	B	2	50	
643155	643155	643155	44.4	-122.6417	835.63	-999	1.8949	60	C	3	50	
643156	643156	643156	44.4	-122.6	1063.98	-999	1.8	60	C	3	50	
643157	643157	643157	44.4	-122.5583	1198.82	-999	1.8	60	C	3	50	
643158	643158	643158	44.4	-122.5167	1244.86	-999	1.9211	60	C	3	50	
643159	643159	643159	44.4	-122.475	1487.75	-999	2.04	60	C	3	50	
643160	643160	643160	44.4	-122.4333	1513.34	-999	1.8094	60	C	3	50	
643185	643185	643185	44.4	-121.3917	2846.85	-999	1.56	60	A	1	50	
643186	643186	643186	44.4	-121.35	2823.49	-999	1.6522	60	A	1	50	
643187	643187	643187	44.4	-121.3083	2710.63	-999	1.7315	60	B	2	50	
643189	643189	643189	44.4	-121.225	2725.07	-999	1.5565	60	A	1	50	
643190	643190	643190	44.4	-121.1833	2775.85	-999	1.6189	60	A	1	50	
643191	643191	643191	44.4	-121.1417	3112.2	-999	1.6482	60	A	1	50	
643192	643192	643192	44.4	-121.1	3810.37	-999	1.2145	60	B	2	50	
643193	643193	643193	44.4	-121.0583	3276.77	-999	0.9989	60	A	1	50	
643194	643194	643194	44.4	-121.0167	3252.62	-999	1.5871	60	B	2	50	
643195	643195	643195	44.4	-120.975	3390.95	-999	1.1517	60	B	2	50	
643196	643196	643196	44.4	-120.9333	3323.1	-999	1.0287	60	A	1	50	
643197	643197	643197	44.4	-120.8917	3294.09	-999	1.0409	60	A	1	50	
643198	643198	643198	44.4	-120.85	3542.65	-999	1.1996	60	B	2	50	
643199	643199	643199	44.4	-120.8083	3365.62	-999	1.2	60	B	2	50	
643203	643203	643203	44.4	-120.6417	3857.35	-999	1.8	60	B	2	50	
643204	643204	643204	44.4	-120.6	4506.17	-999	1.8	60	B	2	50	
643207	643207	643207	44.4	-120.475	4385.96	-999	1.8	60	B	2	50	
643208	643208	643208	44.4	-120.4333	4364.7	-999	1.8	60	B	2	50	
643212	643212	643212	44.4	-120.2667	4811.29	-999	2.004	60	B	2	50	
643213	643213	643213	44.4	-120.225	4737.53	-999	2.02	60	B	2	50	
643222	643222	643222	44.4	-119.85	5629.13	-999	2.04	60	B	2	50	
643223	643223	643223	44.4	-119.8083	5149.74	-999	2.04	60	B	2	50	
643229	643229	643229	44.4	-119.5583	3539.63	-999	1.8	60	B	2	50	
643230	643230	643230	44.4	-119.5167	3325.85	-999	1.2255	60	B	2	50	
643235	643235	643235	44.4	-119.3083	3564.83	-999	1.56	60	C	3	50	
643236	643236	643236	44.4	-119.2667	3603.28	-999	1.8	60	B	2	50	
643237	643237	643237	44.4	-119.225	3205.38	-999	1.767	60	B	2	50	
643238	643238	643238	44.4	-119.1833	3124.28	-999	1.7895	60	B	2	50	
643239	643239	643239	44.4	-119.1417	3105.38	-999	1.7647	60	B	2	50	
643240	643240	643240	44.4	-119.1	3085.83	-999	1.7075	60	B	2	50	
643241	643241	643241	44.4	-119.0583	3249.48	-999	1.7786	60	B	2	50	
643242	643242	643242	44.4	-119.0167	3327.03	-999	1.7609	60	B	2	50	
643244	643244	643244	44.4	-118.9333	3429.79	-999	1.5253	60	B	2	50	
643245	643245	643245	44.4	-118.8917	3681.23	-999	1.3451	60	B	2	50	
643246	643246	643246	44.4	-118.85	3741.47	-999	1.1494	60	B	2	50	
643247	643247	643247	44.4	-118.8083	3901.57	-999	1.5343	60	B	2	50	
643248	643248	643248	44.4	-118.7667	3911.81	-999	1.08	60	B	2	50	
643249	643249	643249	44.4	-118.725	3940.03	-999	1.08	60	B	2	50	
643250	643250	643250	44.4	-118.6833	4032.68	-999	1.791	60	B	2	50	
643251	643251	643251	44.4	-118.6417	4134.51	-999	1.0813	60	B	2	50	
643252	643252	643252	44.4	-118.6	4098.82	-999	1.5308	60	B	2	50	
643253	643253	643253	44.4	-118.5583	4281.23	-999	1.7988	60	B	2	50	
643260	643260	643260	44.4	-118.2667	4703.02	-999	1.4607	60	B	2	50	
643261	643261	643261	44.4	-118.225	4565.35	-999	1.083	60	B	2	50	
643262	643262	643262	44.4	-118.1833	4424.28	-999	1.08	60	B	2	50	
643263	643263	643263	44.4	-118.1417	4307.35	-999	1.08	60	B	2	50	
643264	643264	643264	44.4	-118.1	4325.2	-999	1.08	60	B	2	50	
643271	643271	643271	44.4	-117.8083	3934.12	-999	1.32	60	B	2	50	
643272	643272	643272	44.4	-117.7667	3729.0	-999	1.351	60	B	2	50	
643273	643273	643273	44.4	-117.725	3713.52	-999	1.44	60	B	2	50	
643274	643274	643274	44.4	-117.6833	3954.2	-999	1.44	60	B	2	50	
643279	643279	643279	44.4	-117.475	4222.83	-999	1.32	60	B	2	50	
643283	643283	643283	44.4	-117.3083	2803.28	-999	1.2	60	B	2	50	
644507	644507	644507	44.4417	-124.0583	80.82	-999	3.0	60	B	2	50	
644508	644508	644508	44.4417	-124.0167	202.21	-999	2.1482	60	B	2	50	
644509	644509	644509	44.4417	-123.975	421.92	-999	2.6699	60	B	2	50	
644514	644514	644514	44.4417	-123.7667	1150.59	-999	1.8	60	B	2	50	
644515	644515	644515	44.4417	-123.725	1196.74	-999	1.8	60	B	2	50	
644519	644519	644519	44.4417	-123.5583	1446.41	-999	1.92	60	C	3	50	
644520	644520	644520	44.4417	-123.5167	1258.09	-999	1.92	60	C	3	50	
644522	644522	644522	44.4417	-123.4333	914.26	-999	1.92	60	C	3	50	
644523	644523	644523	44.4417	-123.3917	520.01	-999	2.0281	60	C	3	50	
644524	644524	644524	44.4417	-123.35	409.34	-999	2.0505	60	C	3	50	
644525	644525	644525	44.4417	-123.3083	268.05	-999	2.1159	60	B	2	50	
644526	644526	644526	44.4417	-123.2667	253.06	-999	1.9838	60	B	2	50	
644527	644527	644527	44.4417	-123.225	244.97	-999	1.8018	60	B	2	50	
644528	644528	644528	44.4417	-123.1833	258.31	-999	2.1886	60	B	2	50	
644529	644529	644529	44.4417	-123.1417	260.28	-999	2.0565	60	B	2	50	
644530	644530	644530	44.4417	-123.1	268.15	-999	2.115	60	B	2	50	
644531	644531	644531	44.4417	-123.0583	274.28	-999	1.8196	60	B	2	50	
644532	644532	644532	44.4417	-123.0167	287.51	-999	1.9434	60	B	2	50	
644533	644533	644533	44.4417	-122.975	557.96	-999	2.1268	60	C	3	50	
644535	644535	644535	44.4417	-122.8917	1238.08	-999	1.9207	60	C	3	50	
644536	644536	644536	44.4417	-122.85	1036.09	-999	1.9723	60	C	3	50	
644537	644537	644537	44.4417	-122.8083	647.86	-999	1.8604	60	B	2	50	
644538	644538	644538	44.4417	-122.7667	629.04	-999	1.8386	60	B	2	50	
644539	644539	644539	44.4417	-122.725	937.77	-999	1.9384	60	C	3	50	
644540	644540	644540	44.4417	-122.6833	1116.69	-999	1.9168	60	C	3	50	
644542	644542	644542	44.4417	-122.6	1368.0	-999	1.8	60	C	3	50	
644543	644543	644543	44.4417	-122.5583	1578.3	-999	1.8	60	C	3	50	
644544	644544	644544	44.4417	-122.5167	1733.82	-999	1.8	60	C	3	50	
644565	644565	644565	44.4417	-121.6417	3048.82	-999	1.44	60	A	1	50	
644571	644571	644571	44.4417	-121.3917	2774.02	-999	1.8	60	B	2	50	
644572	644572	644572	44.4417	-121.35	2641.34	-999	1.8	60	B	2	50	
644573	644573	644573	44.4417	-121.3083	2632.41	-999	1.8	60	B	2	50	
644574	644574	644574	44.4417	-121.2667	2723.23	-999	1.7464	60	B	2	50	
644575	644575	644575	44.4417	-121.225	2758.92	-999	1.7637	60	B	2	50	
644576	644576	644576	44.4417	-121.1833	2919.29	-999	1.713	60	B	2	50	
644577	644577	644577	44.4417	-121.1417	3176.51	-999	1.8	60	B	2	50	
644578	644578	644578	44.4417	-121.1	3542.39	-999	1.8	60	B	2	50	
644580	644580	644580	44.4417	-121.0167	3265.22	-999	1.8	60	B	2	50	
644585	644585	644585	44.4417	-120.8083	3624.02	-999	1.2514	60	B	2	50	
644586	644586	644586	44.4417	-120.7667	3783.07	-999	1.7057	60	B	2	50	
644609	644609	644609	44.4417	-119.8083	4181.63	-999	1.6482	60	B	2	50	
644615	644615	644615	44.4417	-119.5583	3368.64	-999	1.678	60	B	2	50	
644616	644616	644616	44.4417	-119.5167	2834.38	-999	1.6937	60	B	2	50	
644617	644617	644617	44.4417	-119.475	3209.58	-999	1.7312	60	B	2	50	
644618	644618	644618	44.4417	-119.4333	3073.1	-999	1.7584	60	B	2	50	
644619	644619	644619	44.4417	-119.3917	3014.57	-999	1.7676	60	B	2	50	
644620	644620	644620	44.4417	-119.35	2907.22	-999	1.7909	60	B	2	50	
644621	644621	644621	44.4417	-119.3083	3040.55	-999	1.7613	60	B	2	50	
644622	644622	644622	44.4417	-119.2667	3047.38	-999	1.8	60	B	2	50	
644623	644623	644623	44.4417	-119.225	3160.76	-999	1.7574	60	B	2	50	
644624	644624	644624	44.4417	-119.1833	3266.4	-999	1.8	60	B	2	50	
644625	644625	644625	44.4417	-119.1417	3427.82	-999	1.7926	60	B	2	50	
644626	644626	644626	44.4417	-119.1	3554.46	-999	1.3699	60	B	2	50	
644627	644627	644627	44.4417	-119.0583	3543.18	-999	1.3646	60	B	2	50	
644628	644628	644628	44.4417	-119.0167	3442.52	-999	1.7093	60	B	2	50	
644629	644629	644629	44.4417	-118.975	3607.09	-999	1.2607	60	B	2	50	
644630	644630	644630	44.4417	-118.9333	3746.98	-999	1.8	60	B	2	50	
644631	644631	644631	44.4417	-118.8917	3768.77	-999	1.2231	60	B	2	50	
644632	644632	644632	44.4417	-118.85	3603.15	-999	1.7869	60	B	2	50	
644633	644633	644633	44.4417	-118.8083	3488.98	-999	1.7711	60	B	2	50	
644634	644634	644634	44.4417	-118.7667	3540.16	-999	1.6611	60	B	2	50	
644635	644635	644635	44.4417	-118.725	3588.71	-999	1.7202	60	B	2	50	
644636	644636	644636	44.4417	-118.6833	3688.85	-999	1.7456	60	B	2	50	
644637	644637	644637	44.4417	-118.6417	3775.98	-999	1.7944	60	B	2	50	
644638	644638	644638	44.4417	-118.6	4012.34	-999	1.6534	60	B	2	50	
644646	644646	644646	44.4417	-118.2667	4620.08	-999	1.1734	60	B	2	50	
644647	644647	644647	44.4417	-118.225	4096.46	-999	1.4149	60	B	2	50	
644648	644648	644648	44.4417	-118.1833	4013.25	-999	1.6796	60	B	2	50	
644650	644650	644650	44.4417	-118.1	4188.32	-999	1.08	60	B	2	50	
644665	644665	644665	44.4417	-117.475	3609.84	-999	1.1304	60	B	2	50	
644666	644666	644666	44.4417	-117.4333	3528.61	-999	1.2799	60	B	2	50	
644667	644667	644667	44.4417	-117.3917	3625.98	-999	1.1457	60	B	2	50	
644668	644668	644668	44.4417	-117.35	3356.04	-999	1.2	60	B	2	50	
644669	644669	644669	44.4417	-117.3083	2767.45	-999	1.2	60	B	2	50	
645893	645893	645893	44.4833	-124.0583	181.98	-999	2.911	60	B	2	50	
645894	645894	645894	44.4833	-124.0167	270.12	-999	2.6657	60	B	2	50	
645895	645895	645895	44.4833	-123.975	539.48	-999	1.8	60	B	2	50	
645907	645907	645907	44.4833	-123.475	1005.58	-999	2.0383	60	C	3	50	
645908	645908	645908	44.4833	-123.4333	630.14	-999	2.0651	60	C	3	50	
645909	645909	645909	44.4833	-123.3917	488.52	-999	1.981	60	C	3	50	
645910	645910	645910	44.4833	-123.35	302.93	-999	2.1788	60	B	2	50	
645911	645911	645911	44.4833	-123.3083	248.58	-999	2.1366	60	B	2	50	
645912	645912	645912	44.4833	-123.2667	241.91	-999	2.0623	60	B	2	50	
645913	645913	645913	44.4833	-123.225	233.71	-999	1.8107	60	B	2	50	
645914	645914	645914	44.4833	-123.1833	249.12	-999	2.2416	60	B	2	50	
645915	645915	645915	44.4833	-123.1417	255.14	-999	2.2776	60	B	2	50	
645916	645916	645916	44.4833	-123.1	256.12	-999	2.1169	60	B	2	50	
645917	645917	645917	44.4833	-123.0583	264.98	-999	2.1262	60	B	2	50	
645918	645918	645918	44.4833	-123.0167	290.46	-999	2.1436	60	B	2	50	
645919	645919	645919	44.4833	-122.975	346.35	-999	2.1057	60	C	3	50	
645920	645920	645920	44.4833	-122.9333	540.35	-999	2.0734	60	C	3	50	
645921	645921	645921	44.4833	-122.8917	597.99	-999	1.9714	60	B	2	50	
645922	645922	645922	44.4833	-122.85	530.18	-999	1.8674	60	B	2	50	
645923	645923	645923	44.4833	-122.8083	486.44	-999	1.8896	60	B	2	50	
645924	645924	645924	44.4833	-122.7667	568.46	-999	2.0	60	B	2	50	
645925	645925	645925	44.4833	-122.725	669.95	-999	2.0142	60	C	3	50	
645951	645951	645951	44.4833	-121.6417	2964.3	-999	1.44	60	A	1	50	
645959	645959	645959	44.4833	-121.3083	2576.51	-999	1.7849	60	B	2	50	
645960	645960	645960	44.4833	-121.2667	2697.38	-999	1.7896	60	B	2	50	
645961	645961	645961	44.4833	-121.225	2936.35	-999	1.7959	60	B	2	50	
645962	645962	645962	44.4833	-121.1833	3054.72	-999	1.7448	60	B	2	50	
645963	645963	645963	44.4833	-121.1417	3084.25	-999	1.8	60	B	2	50	
645965	645965	645965	44.4833	-121.0583	3148.16	-999	1.8	60	B	2	50	
645967	645967	645967	44.4833	-120.975	3493.83	-999	1.8	60	B	2	50	
645968	645968	645968	44.4833	-120.9333	3705.91	-999	1.8	60	B	2	50	
645969	645969	645969	44.4833	-120.8917	3900.79	-999	1.8	60	B	2	50	
645983	645983	645983	44.4833	-120.3083	4772.31	-999	1.8	60	B	2	50	
645984	645984	645984	44.4833	-120.2667	5308.01	-999	2.04	60	B	2	50	
645988	645988	645988	44.4833	-120.1	4853.81	-999	2.04	60	B	2	50	
645990	645990	645990	44.4833	-120.0167	4714.17	-999	2.04	60	B	2	50	
645991	645991	645991	44.4833	-119.975	4582.55	-999	1.6347	60	B	2	50	
645994	645994	645994	44.4833	-119.85	4121.92	-999	1.2	60	B	2	50	
645995	645995	645995	44.4833	-119.8083	3738.98	-999	1.5233	60	B	2	50	
645996	645996	645996	44.4833	-119.7667	3666.67	-999	1.56	60	C	3	50	
645997	645997	645997	44.4833	-119.725	3545.8	-999	1.56	60	C	3	50	
645998	645998	645998	44.4833	-119.6833	3310.76	-999	1.56	60	C	3	50	
646000	646000	646000	44.4833	-119.6	2738.85	-999	1.754	60	B	2	50	
646001	646001	646001	44.4833	-119.5583	2616.54	-999	1.794	60	B	2	50	
646002	646002	646002	44.4833	-119.5167	2719.16	-999	1.7935	60	B	2	50	
646003	646003	646003	44.4833	-119.475	2976.9	-999	1.7769	60	B	2	50	
646021	646021	646021	44.4833	-118.725	3979.92	-999	1.3144	60	B	2	50	
646022	646022	646022	44.4833	-118.6833	3947.51	-999	1.5275	60	B	2	50	
646023	646023	646023	44.4833	-118.6417	4095.67	-999	1.2	60	B	2	50	
646024	646024	646024	44.4833	-118.6	4503.94	-999	1.2	60	B	2	50	
646032	646032	646032	44.4833	-118.2667	4677.17	-999	1.08	60	B	2	50	
646033	646033	646033	44.4833	-118.225	4064.44	-999	1.5712	60	B	2	50	
646034	646034	646034	44.4833	-118.1833	3909.84	-999	1.68	60	B	2	50	
646035	646035	646035	44.4833	-118.1417	4013.78	-999	1.5667	60	B	2	50	
646036	646036	646036	44.4833	-118.1	3811.02	-999	1.4509	60	B	2	50	
646037	646037	646037	44.4833	-118.0583	3795.8	-999	1.44	60	B	2	50	
646038	646038	646038	44.4833	-118.0167	3753.54	-999	1.44	60	B	2	50	
646039	646039	646039	44.4833	-117.975	3823.49	-999	1.4353	60	B	2	50	
646040	646040	646040	44.4833	-117.9333	3996.72	-999	1.44	60	B	2	50	
646041	646041	646041	44.4833	-117.8917	4222.44	-999	1.44	60	B	2	50	
646042	646042	646042	44.4833	-117.85	4135.17	-999	1.44	60	B	2	50	
646043	646043	646043	44.4833	-117.8083	3887.14	-999	1.44	60	B	2	50	
646044	646044	646044	44.4833	-117.7667	3633.46	-999	1.4262	60	B	2	50	
646045	646045	646045	44.4833	-117.725	3668.77	-999	1.4334	60	B	2	50	
646046	646046	646046	44.4833	-117.6833	4163.25	-999	1.44	60	B	2	50	
646047	646047	646047	44.4833	-117.6417	4615.88	-999	1.0872	60	B	2	50	
646051	646051	646051	44.4833	-117.475	3896.59	-999	1.44	60	B	2	50	
646052	646052	646052	44.4833	-117.4333	4325.07	-999	1.08	60	B	2	50	
646053	646053	646053	44.4833	-117.3917	4190.81	-999	1.2	60	B	2	50	
646054	646054	646054	44.4833	-117.35	3124.02	-999	1.2	60	B	2	50	
646057	646057	646057	44.4833	-117.225	2805.64	-999	1.2	60	B	2	50	
647279	647279	647279	44.525	-124.0583	118.98	-999	1.8704	60	B	2	50	
647280	647280	647280	44.525	-124.0167	256.23	-999	1.997	60	B	2	50	
647281	647281	647281	44.525	-123.975	531.06	-999	3.0	60	B	2	50	
647284	647284	647284	44.525	-123.85	750.0	-999	1.8	60	B	2	50	
647286	647286	647286	44.525	-123.7667	1015.64	-999	1.8	60	B	2	50	
647287	647287	647287	44.525	-123.725	769.36	-999	2.0206	60	B	2	50	
647288	647288	647288	44.525	-123.6833	627.3	-999	1.9809	60	B	2	50	
647289	647289	647289	44.525	-123.6417	617.02	-999	1.8442	60	B	2	50	
647290	647290	647290	44.525	-123.6	1098.21	-999	1.8	60	B	2	50	
647291	647291	647291	44.525	-123.5583	2142.72	-999	1.8	60	B	2	50	
647294	647294	647294	44.525	-123.4333	730.32	-999	2.1098	60	C	3	50	
647295	647295	647295	44.525	-123.3917	450.9	-999	2.0017	60	C	3	50	
647296	647296	647296	44.525	-123.35	280.29	-999	2.1277	60	B	2	50	
647297	647297	647297	44.525	-123.3083	256.34	-999	2.144	60	B	2	50	
647298	647298	647298	44.525	-123.2667	237.21	-999	2.0375	60	B	2	50	
647299	647299	647299	44.525	-123.225	224.41	-999	1.8251	60	B	2	50	
647300	647300	647300	44.525	-123.1833	237.86	-999	2.074	60	B	2	50	
647301	647301	647301	44.525	-123.1417	241.14	-999	2.0699	60	B	2	50	
647302	647302	647302	44.525	-123.1	247.16	-999	2.1547	60	B	2	50	
647303	647303	647303	44.525	-123.0583	266.84	-999	2.2799	60	B	2	50	
647304	647304	647304	44.525	-123.0167	289.15	-999	2.193	60	B	2	50	
647305	647305	647305	44.525	-122.975	408.25	-999	2.0875	60	B	2	50	
647306	647306	647306	44.525	-122.9333	383.09	-999	1.9777	60	B	2	50	
647307	647307	647307	44.525	-122.8917	407.15	-999	1.8012	60	B	2	50	
647308	647308	647308	44.525	-122.85	573.82	-999	1.9189	60	B	2	50	
647309	647309	647309	44.525	-122.8083	578.85	-999	2.0916	60	C	3	50	
647310	647310	647310	44.525	-122.7667	615.92	-999	2.0787	60	C	3	50	
647311	647311	647311	44.525	-122.725	784.34	-999	1.9899	60	C	3	50	
647346	647346	647346	44.525	-121.2667	2387.4	-999	1.7345	60	B	2	50	
647347	647347	647347	44.525	-121.225	2618.11	-999	1.7994	60	B	2	50	
647348	647348	647348	44.525	-121.1833	2683.99	-999	1.8	60	B	2	50	
647349	647349	647349	44.525	-121.1417	2735.43	-999	1.8	60	B	2	50	
647353	647353	647353	44.525	-120.975	3559.45	-999	1.8	60	B	2	50	
647354	647354	647354	44.525	-120.9333	3699.74	-999	1.8	60	B	2	50	
647355	647355	647355	44.525	-120.8917	3988.98	-999	1.8	60	B	2	50	
647356	647356	647356	44.525	-120.85	4407.35	-999	1.8	60	B	2	50	
647367	647367	647367	44.525	-120.3917	4488.98	-999	1.8	60	B	2	50	
647368	647368	647368	44.525	-120.35	4333.07	-999	1.6075	60	B	2	50	
647369	647369	647369	44.525	-120.3083	3745.01	-999	1.5681	60	C	3	50	
647370	647370	647370	44.525	-120.2667	4145.28	-999	1.56	60	C	3	50	
647371	647371	647371	44.525	-120.225	4089.37	-999	1.5617	60	C	3	50	
647372	647372	647372	44.525	-120.1833	3998.43	-999	1.5734	60	C	3	50	
647373	647373	647373	44.525	-120.1417	3834.91	-999	1.56	60	C	3	50	
647374	647374	647374	44.525	-120.1	4130.97	-999	1.8883	60	B	2	50	
647375	647375	647375	44.525	-120.0583	4543.04	-999	1.2586	60	B	2	50	
647376	647376	647376	44.525	-120.0167	4380.31	-999	1.2447	60	B	2	50	
647377	647377	647377	44.525	-119.975	4152.89	-999	1.259	60	B	2	50	
647378	647378	647378	44.525	-119.9333	4044.23	-999	1.2	60	B	2	50	
647379	647379	647379	44.525	-119.8917	3975.72	-999	1.2	60	B	2	50	
647383	647383	647383	44.525	-119.725	3216.67	-999	1.56	60	C	3	50	
647384	647384	647384	44.525	-119.6833	3012.47	-999	1.56	60	C	3	50	
647385	647385	647385	44.525	-119.6417	2836.88	-999	1.5089	60	B	2	50	
647386	647386	647386	44.525	-119.6	3074.15	-999	1.8	60	B	2	50	
647407	647407	647407	44.525	-118.725	4593.83	-999	1.2	60	B	2	50	
647408	647408	647408	44.525	-118.6833	4530.84	-999	1.2551	60	B	2	50	
647409	647409	647409	44.525	-118.6417	4801.58	-999	1.2	60	B	2	50	
647412	647412	647412	44.525	-118.5167	5272.57	-999	2.04	60	B	2	50	
647415	647415	647415	44.525	-118.3917	5199.34	-999	2.04	60	B	2	50	
647418	647418	647418	44.525	-118.2667	4409.06	-999	1.848	60	B	2	50	
647419	647419	647419	44.525	-118.225	4134.65	-999	1.08	60	B	2	50	
647420	647420	647420	44.525	-118.1833	4152.76	-999	1.403	60	B	2	50	
647421	647421	647421	44.525	-118.1417	4019.16	-999	1.4079	60	B	2	50	
647422	647422	647422	44.525	-118.1	4232.81	-999	1.44	60	B	2	50	
647423	647423	647423	44.525	-118.0583	4381.89	-999	1.44	60	B	2	50	
647425	647425	647425	44.525	-117.975	4236.22	-999	1.44	60	B	2	50	
647430	647430	647430	44.525	-117.7667	4224.15	-999	1.08	60	B	2	50	
647439	647439	647439	44.525	-117.3917	3138.06	-999	1.1169	60	B	2	50	
647440	647440	647440	44.525	-117.35	3275.85	-999	1.3002	60	B	2	50	
647441	647441	647441	44.525	-117.3083	4111.29	-999	1.08	60	B	2	50	
647443	647443	647443	44.525	-117.225	3532.94	-999	1.1467	60	B	2	50	
647444	647444	647444	44.525	-117.1833	2638.71	-999	1.1924	60	B	2	50	
648665	648665	648665	44.5667	-124.0583	104.99	-999	1.68	60	B	2	50	
648667	648667	648667	44.5667	-123.975	160.0	-999	1.7094	60	B	2	50	
648668	648668	648668	44.5667	-123.9333	363.85	-999	3.0	60	B	2	50	
648669	648669	648669	44.5667	-123.8917	623.58	-999	3.0	60	B	2	50	
648670	648670	648670	44.5667	-123.85	604.0	-999	1.9989	60	B	2	50	
648671	648671	648671	44.5667	-123.8083	434.06	-999	1.8	60	B	2	50	
648672	648672	648672	44.5667	-123.7667	549.21	-999	1.8	60	B	2	50	
648673	648673	648673	44.5667	-123.725	618.66	-999	1.8046	60	B	2	50	
648674	648674	648674	44.5667	-123.6833	730.53	-999	1.8	60	B	2	50	
648675	648675	648675	44.5667	-123.6417	898.07	-999	1.8	60	B	2	50	
648676	648676	648676	44.5667	-123.6	1052.6	-999	1.8	60	B	2	50	
648677	648677	648677	44.5667	-123.5583	1003.5	-999	2.0324	60	B	2	50	
648678	648678	648678	44.5667	-123.5167	962.27	-999	1.9364	60	B	2	50	
648679	648679	648679	44.5667	-123.475	928.7	-999	2.0679	60	C	3	50	
648680	648680	648680	44.5667	-123.4333	757.98	-999	2.0726	60	C	3	50	
648681	648681	648681	44.5667	-123.3917	558.84	-999	2.1624	60	B	2	50	
648682	648682	648682	44.5667	-123.35	540.25	-999	2.1998	60	B	2	50	
648683	648683	648683	44.5667	-123.3083	340.33	-999	2.1661	60	B	2	50	
648684	648684	648684	44.5667	-123.2667	238.74	-999	1.9115	60	B	2	50	
648685	648685	648685	44.5667	-123.225	216.21	-999	1.8003	60	B	2	50	
648686	648686	648686	44.5667	-123.1833	223.1	-999	2.011	60	B	2	50	
648687	648687	648687	44.5667	-123.1417	228.24	-999	2.0253	60	B	2	50	
648688	648688	648688	44.5667	-123.1	242.02	-999	2.2793	60	B	2	50	
648689	648689	648689	44.5667	-123.0583	258.86	-999	2.242	60	B	2	50	
648690	648690	648690	44.5667	-123.0167	278.0	-999	2.1843	60	B	2	50	
648691	648691	648691	44.5667	-122.975	298.77	-999	2.1402	60	B	2	50	
648692	648692	648692	44.5667	-122.9333	316.05	-999	1.8532	60	B	2	50	
648693	648693	648693	44.5667	-122.8917	329.4	-999	1.8317	60	B	2	50	
648694	648694	648694	44.5667	-122.85	428.91	-999	2.1413	60	B	2	50	
648695	648695	648695	44.5667	-122.8083	422.9	-999	2.0941	60	C	3	50	
648696	648696	648696	44.5667	-122.7667	514.0	-999	2.0775	60	C	3	50	
648697	648697	648697	44.5667	-122.725	704.83	-999	1.9412	60	C	3	50	
648698	648698	648698	44.5667	-122.6833	1050.74	-999	1.92	60	C	3	50	
648732	648732	648732	44.5667	-121.2667	2276.38	-999	1.7951	60	B	2	50	
648733	648733	648733	44.5667	-121.225	2588.06	-999	1.8	60	B	2	50	
648734	648734	648734	44.5667	-121.1833	2575.07	-999	1.8	60	B	2	50	
648735	648735	648735	44.5667	-121.1417	2636.48	-999	1.8	60	B	2	50	
648736	648736	648736	44.5667	-121.1	2670.21	-999	1.8	60	B	2	50	
648737	648737	648737	44.5667	-121.0583	2761.68	-999	1.8	60	B	2	50	
648741	648741	648741	44.5667	-120.8917	3571.39	-999	1.56	60	C	3	50	
648751	648751	648751	44.5667	-120.475	4647.51	-999	1.5801	60	B	2	50	
648752	648752	648752	44.5667	-120.4333	4245.67	-999	1.5806	60	B	2	50	
648753	648753	648753	44.5667	-120.3917	3509.19	-999	1.56	60	C	3	50	
648754	648754	648754	44.5667	-120.35	3591.86	-999	1.569	60	C	3	50	
648755	648755	648755	44.5667	-120.3083	3537.8	-999	1.56	60	C	3	50	
648756	648756	648756	44.5667	-120.2667	3392.52	-999	1.56	60	C	3	50	
648757	648757	648757	44.5667	-120.225	3122.57	-999	1.56	60	C	3	50	
648758	648758	648758	44.5667	-120.1833	3058.14	-999	1.56	60	C	3	50	
648759	648759	648759	44.5667	-120.1417	3255.12	-999	1.56	60	C	3	50	
648760	648760	648760	44.5667	-120.1	3648.03	-999	1.56	60	C	3	50	
648761	648761	648761	44.5667	-120.0583	4188.98	-999	1.56	60	C	3	50	
648762	648762	648762	44.5667	-120.0167	4575.72	-999	1.2137	60	B	2	50	
648763	648763	648763	44.5667	-119.975	4481.76	-999	1.4514	60	B	2	50	
648764	648764	648764	44.5667	-119.9333	4295.01	-999	1.2	60	B	2	50	
648765	648765	648765	44.5667	-119.8917	4165.75	-999	1.2	60	B	2	50	
648771	648771	648771	44.5667	-119.6417	2602.62	-999	1.558	60	C	3	50	
648780	648780	648780	44.5667	-119.2667	4816.8	-999	2.04	60	B	2	50	
648781	648781	648781	44.5667	-119.225	4675.59	-999	1.9921	60	B	2	50	
648782	648782	648782	44.5667	-119.1833	4720.21	-999	1.9136	60	B	2	50	
648783	648783	648783	44.5667	-119.1417	4825.2	-999	1.7832	60	B	2	50	
648798	648798	648798	44.5667	-118.5167	4585.7	-999	1.8186	60	B	2	50	
648800	648800	648800	44.5667	-118.4333	4543.18	-999	1.8092	60	B	2	50	
648801	648801	648801	44.5667	-118.3917	4571.13	-999	2.0014	60	B	2	50	
648803	648803	648803	44.5667	-118.3083	4901.05	-999	2.04	60	B	2	50	
648805	648805	648805	44.5667	-118.225	4314.96	-999	1.5372	60	B	2	50	
648806	648806	648806	44.5667	-118.1833	4198.29	-999	1.4874	60	B	2	50	
648810	648810	648810	44.5667	-118.0167	4515.62	-999	1.1296	60	B	2	50	
648820	648820	648820	44.5667	-117.6	4091.73	-999	1.2	60	B	2	50	
648822	648822	648822	44.5667	-117.5167	3489.37	-999	1.3214	60	B	2	50	
648823	648823	648823	44.5667	-117.475	2963.65	-999	1.5146	60	B	2	50	
648824	648824	648824	44.5667	-117.4333	2727.82	-999	1.6155	60	B	2	50	
648825	648825	648825	44.5667	-117.3917	3202.49	-999	1.44	60	B	2	50	
648826	648826	648826	44.5667	-117.35	3882.81	-999	1.4217	60	B	2	50	
648827	648827	648827	44.5667	-117.3083	4758.66	-999	1.08	60	B	2	50	
650051	650051	650051	44.6083	-124.0583	37.29	-999	1.7388	60	B	2	50	
650053	650053	650053	44.6083	-123.975	182.74	-999	2.091	60	B	2	50	
650054	650054	650054	44.6083	-123.9333	117.23	-999	2.6649	60	B	2	50	
650055	650055	650055	44.6083	-123.8917	277.78	-999	1.869	60	B	2	50	
650056	650056	650056	44.6083	-123.85	440.62	-999	1.8646	60	B	2	50	
650058	650058	650058	44.6083	-123.7667	616.91	-999	1.8982	60	B	2	50	
650059	650059	650059	44.6083	-123.725	596.46	-999	1.8586	60	B	2	50	
650060	650060	650060	44.6083	-123.6833	691.71	-999	1.97	60	B	2	50	
650061	650061	650061	44.6083	-123.6417	869.86	-999	1.9086	60	B	2	50	
650062	650062	650062	44.6083	-123.6	865.05	-999	2.0011	60	B	2	50	
650063	650063	650063	44.6083	-123.5583	831.69	-999	2.0089	60	B	2	50	
650064	650064	650064	44.6083	-123.5167	773.51	-999	2.0363	60	C	3	50	
650065	650065	650065	44.6083	-123.475	886.7	-999	1.9552	60	C	3	50	
650066	650066	650066	44.6083	-123.4333	725.61	-999	2.1118	60	C	3	50	
650067	650067	650067	44.6083	-123.3917	855.53	-999	2.0934	60	C	3	50	
650068	650068	650068	44.6083	-123.35	1008.09	-999	2.16	60	C	3	50	
650069	650069	650069	44.6083	-123.3083	740.38	-999	2.16	60	C	3	50	
650070	650070	650070	44.6083	-123.2667	380.25	-999	2.0965	60	C	3	50	
650071	650071	650071	44.6083	-123.225	230.42	-999	2.0967	60	B	2	50	
650072	650072	650072	44.6083	-123.1833	204.62	-999	1.9012	60	B	2	50	
650073	650073	650073	44.6083	-123.1417	212.6	-999	2.0966	60	B	2	50	
650074	650074	650074	44.6083	-123.1	223.75	-999	2.085	60	B	2	50	
650075	650075	650075	44.6083	-123.0583	241.14	-999	2.1549	60	B	2	50	
650076	650076	650076	44.6083	-123.0167	257.22	-999	2.0732	60	B	2	50	
650077	650077	650077	44.6083	-122.975	271.98	-999	1.8298	60	B	2	50	
650078	650078	650078	44.6083	-122.9333	285.11	-999	1.8	60	B	2	50	
650079	650079	650079	44.6083	-122.8917	297.13	-999	1.8846	60	B	2	50	
650080	650080	650080	44.6083	-122.85	330.27	-999	2.109	60	C	3	50	
650081	650081	650081	44.6083	-122.8083	361.99	-999	2.0916	60	C	3	50	
650082	650082	650082	44.6083	-122.7667	502.4	-999	1.9577	60	B	2	50	
650083	650083	650083	44.6083	-122.725	659.45	-999	1.882	60	B	2	50	
650084	650084	650084	44.6083	-122.6833	1024.93	-999	1.9079	60	C	3	50	
650119	650119	650119	44.6083	-121.225	2753.02	-999	1.8	60	B	2	50	
650120	650120	650120	44.6083	-121.1833	2496.72	-999	1.7991	60	B	2	50	
650121	650121	650121	44.6083	-121.1417	2441.73	-999	1.8	60	B	2	50	
650122	650122	650122	44.6083	-121.1	2429.13	-999	1.8	60	B	2	50	
650123	650123	650123	44.6083	-121.0583	2674.54	-999	1.8	60	B	2	50	
650126	650126	650126	44.6083	-120.9333	3229.79	-999	1.56	60	C	3	50	
650127	650127	650127	44.6083	-120.8917	3277.3	-999	1.56	60	C	3	50	
650128	650128	650128	44.6083	-120.85	3604.2	-999	1.56	60	C	3	50	
650139	650139	650139	44.6083	-120.3917	3764.96	-999	1.56	60	C	3	50	
650140	650140	650140	44.6083	-120.35	2854.99	-999	1.56	60	C	3	50	
650141	650141	650141	44.6083	-120.3083	2910.37	-999	1.56	60	C	3	50	
650142	650142	650142	44.6083	-120.2667	3030.18	-999	1.56	60	C	3	50	
650143	650143	650143	44.6083	-120.225	2712.73	-999	1.56	60	C	3	50	
650144	650144	650144	44.6083	-120.1833	2651.18	-999	1.56	60	C	3	50	
650145	650145	650145	44.6083	-120.1417	3238.19	-999	1.56	60	C	3	50	
650146	650146	650146	44.6083	-120.1	3760.76	-999	1.56	60	C	3	50	
650147	650147	650147	44.6083	-120.0583	4403.54	-999	1.56	60	C	3	50	
650148	650148	650148	44.6083	-120.0167	4881.63	-999	1.56	60	C	3	50	
650150	650150	650150	44.6083	-119.9333	4270.34	-999	1.2559	60	B	2	50	
650151	650151	650151	44.6083	-119.8917	4043.18	-999	1.2	60	B	2	50	
650152	650152	650152	44.6083	-119.85	4043.31	-999	1.2	60	B	2	50	
650153	650153	650153	44.6083	-119.8083	4467.98	-999	1.2	60	B	2	50	
650154	650154	650154	44.6083	-119.7667	4587.8	-999	1.2639	60	B	2	50	
650157	650157	650157	44.6083	-119.6417	2633.86	-999	1.4965	60	B	2	50	
650163	650163	650163	44.6083	-119.3917	4080.05	-999	1.8727	60	B	2	50	
650164	650164	650164	44.6083	-119.35	3867.32	-999	2.04	60	B	2	50	
650166	650166	650166	44.6083	-119.2667	4422.7	-999	1.7842	60	B	2	50	
650167	650167	650167	44.6083	-119.225	4392.52	-999	1.6971	60	B	2	50	
650168	650168	650168	44.6083	-119.1833	4348.56	-999	2.0386	60	B	2	50	
650169	650169	650169	44.6083	-119.1417	4496.06	-999	1.7124	60	B	2	50	
650170	650170	650170	44.6083	-119.1	5027.82	-999	1.7537	60	B	2	50	
650183	650183	650183	44.6083	-118.5583	4291.6	-999	2.04	60	B	2	50	
650184	650184	650184	44.6083	-118.5167	4301.71	-999	1.803	60	B	2	50	
650185	650185	650185	44.6083	-118.475	4357.35	-999	1.8211	60	B	2	50	
650208	650208	650208	44.6083	-117.5167	3431.36	-999	1.9279	60	B	2	50	
650209	650209	650209	44.6083	-117.475	2879.0	-999	1.8696	60	B	2	50	
650210	650210	650210	44.6083	-117.4333	3087.01	-999	1.44	60	B	2	50	
650211	650211	650211	44.6083	-117.3917	3682.81	-999	1.4334	60	B	2	50	
650212	650212	650212	44.6083	-117.35	4265.22	-999	1.08	60	B	2	50	
651437	651437	651437	44.65	-124.0583	65.29	-999	1.68	60	B	2	50	
651438	651438	651438	44.65	-124.0167	288.93	-999	2.7125	60	B	2	50	
651439	651439	651439	44.65	-123.975	288.93	-999	2.9918	60	B	2	50	
651440	651440	651440	44.65	-123.9333	168.53	-999	2.4623	60	B	2	50	
651441	651441	651441	44.65	-123.8917	337.27	-999	1.8144	60	B	2	50	
651442	651442	651442	44.65	-123.85	340.99	-999	1.8	60	B	2	50	
651443	651443	651443	44.65	-123.8083	390.53	-999	1.8	60	B	2	50	
651444	651444	651444	44.65	-123.7667	408.25	-999	2.027	60	B	2	50	
651445	651445	651445	44.65	-123.725	469.27	-999	1.9862	60	B	2	50	
651446	651446	651446	44.65	-123.6833	535.98	-999	2.04	60	B	2	50	
651447	651447	651447	44.65	-123.6417	571.19	-999	1.9373	60	B	2	50	
651448	651448	651448	44.65	-123.6	542.76	-999	2.0096	60	B	2	50	
651449	651449	651449	44.65	-123.5583	804.35	-999	2.0355	60	B	2	50	
651450	651450	651450	44.65	-123.5167	867.67	-999	1.9545	60	C	3	50	
651451	651451	651451	44.65	-123.475	731.74	-999	1.9851	60	C	3	50	
651452	651452	651452	44.65	-123.4333	630.58	-999	2.0192	60	C	3	50	
651455	651455	651455	44.65	-123.3083	836.72	-999	2.0881	60	C	3	50	
651456	651456	651456	44.65	-123.2667	707.9	-999	2.1004	60	C	3	50	
651457	651457	651457	44.65	-123.225	413.61	-999	2.2602	60	B	2	50	
651458	651458	651458	44.65	-123.1833	263.23	-999	2.2453	60	B	2	50	
651459	651459	651459	44.65	-123.1417	268.37	-999	2.0938	60	B	2	50	
651460	651460	651460	44.65	-123.1	211.94	-999	1.8186	60	B	2	50	
651461	651461	651461	44.65	-123.0583	216.86	-999	1.922	60	B	2	50	
651462	651462	651462	44.65	-123.0167	259.62	-999	1.8675	60	B	2	50	
651463	651463	651463	44.65	-122.975	252.3	-999	1.8	60	B	2	50	
651464	651464	651464	44.65	-122.9333	260.28	-999	1.8	60	B	2	50	
651465	651465	651465	44.65	-122.8917	342.08	-999	1.9394	60	B	2	50	
651466	651466	651466	44.65	-122.85	333.77	-999	1.8835	60	B	2	50	
651467	651467	651467	44.65	-122.8083	338.8	-999	1.8228	60	B	2	50	
651468	651468	651468	44.65	-122.7667	432.31	-999	1.8072	60	B	2	50	
651469	651469	651469	44.65	-122.725	713.15	-999	1.8749	60	B	2	50	
651505	651505	651505	44.65	-121.225	2312.99	-999	1.7571	60	B	2	50	
651506	651506	651506	44.65	-121.1833	2332.41	-999	1.7496	60	B	2	50	
651507	651507	651507	44.65	-121.1417	2425.98	-999	1.8	60	B	2	50	
651508	651508	651508	44.65	-121.1	2420.21	-999	1.8	60	B	2	50	
651509	651509	651509	44.65	-121.0583	2477.3	-999	1.8	60	B	2	50	
651510	651510	651510	44.65	-121.0167	2722.7	-999	1.6355	60	B	2	50	
651511	651511	651511	44.65	-120.975	2950.39	-999	1.56	60	C	3	50	
651512	651512	651512	44.65	-120.9333	2987.14	-999	1.56	60	C	3	50	
651517	651517	651517	44.65	-120.725	3755.64	-999	1.56	60	C	3	50	
651518	651518	651518	44.65	-120.6833	3172.05	-999	1.56	60	C	3	50	
651522	651522	651522	44.65	-120.5167	3926.38	-999	1.56	60	C	3	50	
651523	651523	651523	44.65	-120.475	3493.96	-999	1.56	60	C	3	50	
651526	651526	651526	44.65	-120.35	3245.8	-999	1.56	60	C	3	50	
651527	651527	651527	44.65	-120.3083	2454.72	-999	1.56	60	C	3	50	
651528	651528	651528	44.65	-120.2667	2137.8	-999	1.56	60	C	3	50	
651529	651529	651529	44.65	-120.225	2351.84	-999	1.56	60	C	3	50	
651531	651531	651531	44.65	-120.1417	3815.88	-999	1.56	60	C	3	50	
651532	651532	651532	44.65	-120.1	3598.56	-999	1.56	60	C	3	50	
651533	651533	651533	44.65	-120.0583	3974.02	-999	1.56	60	C	3	50	
651534	651534	651534	44.65	-120.0167	4070.08	-999	1.56	60	C	3	50	
651537	651537	651537	44.65	-119.8917	4454.07	-999	1.3497	60	B	2	50	
651538	651538	651538	44.65	-119.85	4336.88	-999	1.202	60	B	2	50	
651539	651539	651539	44.65	-119.8083	4806.56	-999	1.2	60	B	2	50	
651543	651543	651543	44.65	-119.6417	2409.71	-999	1.56	60	C	3	50	
651548	651548	651548	44.65	-119.4333	4143.7	-999	1.7223	60	B	2	50	
651549	651549	651549	44.65	-119.3917	3470.87	-999	1.9726	60	B	2	50	
651550	651550	651550	44.65	-119.35	4539.76	-999	2.04	60	B	2	50	
651552	651552	651552	44.65	-119.2667	4567.85	-999	2.0016	60	B	2	50	
651553	651553	651553	44.65	-119.225	4343.04	-999	2.0386	60	B	2	50	
651554	651554	651554	44.65	-119.1833	4354.2	-999	2.009	60	B	2	50	
651555	651555	651555	44.65	-119.1417	4512.86	-999	1.9308	60	B	2	50	
651556	651556	651556	44.65	-119.1	4890.95	-999	1.7816	60	B	2	50	
651558	651558	651558	44.65	-119.0167	5282.28	-999	2.04	60	B	2	50	
651565	651565	651565	44.65	-118.725	4642.0	-999	2.04	60	B	2	50	
651566	651566	651566	44.65	-118.6833	4089.24	-999	2.0117	60	B	2	50	
651567	651567	651567	44.65	-118.6417	4068.9	-999	1.9006	60	B	2	50	
651572	651572	651572	44.65	-118.4333	5043.18	-999	1.9625	60	B	2	50	
651573	651573	651573	44.65	-118.3917	4933.46	-999	1.9899	60	B	2	50	
651574	651574	651574	44.65	-118.35	4905.12	-999	2.04	60	B	2	50	
651575	651575	651575	44.65	-118.3083	4570.87	-999	2.04	60	B	2	50	
651576	651576	651576	44.65	-118.2667	4256.82	-999	2.04	60	B	2	50	
651583	651583	651583	44.65	-117.975	4765.88	-999	2.04	60	B	2	50	
651584	651584	651584	44.65	-117.9333	4249.48	-999	1.3962	60	B	2	50	
651585	651585	651585	44.65	-117.8917	4066.01	-999	1.08	60	B	2	50	
651586	651586	651586	44.65	-117.85	4148.03	-999	1.08	60	B	2	50	
651587	651587	651587	44.65	-117.8083	4306.04	-999	1.1256	60	B	2	50	
651588	651588	651588	44.65	-117.7667	4296.46	-999	1.6593	60	B	2	50	
651589	651589	651589	44.65	-117.725	4308.01	-999	1.68	60	B	2	50	
651590	651590	651590	44.65	-117.6833	4463.12	-999	1.5226	60	B	2	50	
651591	651591	651591	44.65	-117.6417	4445.41	-999	1.1422	60	B	2	50	
651592	651592	651592	44.65	-117.6	4166.4	-999	1.44	60	B	2	50	
651593	651593	651593	44.65	-117.5583	3629.13	-999	1.5093	60	B	2	50	
651594	651594	651594	44.65	-117.5167	3519.16	-999	2.16	60	B	2	50	
651595	651595	651595	44.65	-117.475	3381.5	-999	1.44	60	B	2	50	
652825	652825	652825	44.6917	-123.975	346.13	-999	2.5149	60	B	2	50	
652826	652826	652826	44.6917	-123.9333	283.46	-999	1.7072	60	B	2	50	
652827	652827	652827	44.6917	-123.8917	435.37	-999	1.8809	60	B	2	50	
652828	652828	652828	44.6917	-123.85	449.04	-999	1.8	60	B	2	50	
652829	652829	652829	44.6917	-123.8083	523.4	-999	1.8	60	B	2	50	
652832	652832	652832	44.6917	-123.6833	618.88	-999	1.8	60	B	2	50	
652834	652834	652834	44.6917	-123.6	809.38	-999	1.8	60	B	2	50	
652835	652835	652835	44.6917	-123.5583	1001.64	-999	1.9828	60	B	2	50	
652836	652836	652836	44.6917	-123.5167	1019.9	-999	1.9238	60	C	3	50	
652837	652837	652837	44.6917	-123.475	658.79	-999	2.0287	60	B	2	50	
652838	652838	652838	44.6917	-123.4333	475.83	-999	2.0549	60	C	3	50	
652839	652839	652839	44.6917	-123.3917	729.33	-999	2.079	60	C	3	50	
652840	652840	652840	44.6917	-123.35	1213.36	-999	2.16	60	C	3	50	
652841	652841	652841	44.6917	-123.3083	1002.95	-999	2.04	60	C	3	50	
652842	652842	652842	44.6917	-123.2667	509.62	-999	2.1182	60	C	3	50	
652843	652843	652843	44.6917	-123.225	330.16	-999	2.1707	60	B	2	50	
652844	652844	652844	44.6917	-123.1833	243.44	-999	2.1666	60	B	2	50	
652845	652845	652845	44.6917	-123.1417	250.98	-999	1.8754	60	B	2	50	
652846	652846	652846	44.6917	-123.1	204.51	-999	2.07	60	B	2	50	
652847	652847	652847	44.6917	-123.0583	242.56	-999	2.2142	60	B	2	50	
652848	652848	652848	44.6917	-123.0167	282.92	-999	1.9063	60	B	2	50	
652849	652849	652849	44.6917	-122.975	243.55	-999	1.8872	60	B	2	50	
652850	652850	652850	44.6917	-122.9333	268.48	-999	2.0552	60	B	2	50	
652851	652851	652851	44.6917	-122.8917	327.76	-999	2.1233	60	B	2	50	
652852	652852	652852	44.6917	-122.85	399.39	-999	1.9328	60	B	2	50	
652853	652853	652853	44.6917	-122.8083	430.45	-999	1.8208	60	B	2	50	
652854	652854	652854	44.6917	-122.7667	762.58	-999	1.8511	60	B	2	50	
652855	652855	652855	44.6917	-122.725	962.16	-999	1.8929	60	C	3	50	
652856	652856	652856	44.6917	-122.6833	732.39	-999	1.8494	60	B	2	50	
652857	652857	652857	44.6917	-122.6417	1235.89	-999	1.8688	60	C	3	50	
652891	652891	652891	44.6917	-121.225	1971.13	-999	1.7851	60	B	2	50	
652892	652892	652892	44.6917	-121.1833	2366.54	-999	1.7868	60	B	2	50	
652893	652893	652893	44.6917	-121.1417	2421.78	-999	1.8	60	B	2	50	
652894	652894	652894	44.6917	-121.1	2370.08	-999	1.8	60	B	2	50	
652895	652895	652895	44.6917	-121.0583	2380.05	-999	1.8	60	B	2	50	
652897	652897	652897	44.6917	-120.975	2476.64	-999	1.56	60	C	3	50	
652902	652902	652902	44.6917	-120.7667	3658.92	-999	1.56	60	C	3	50	
652903	652903	652903	44.6917	-120.725	3137.14	-999	1.56	60	C	3	50	
652909	652909	652909	44.6917	-120.475	2959.19	-999	1.56	60	C	3	50	
652913	652913	652913	44.6917	-120.3083	2472.44	-999	1.56	60	C	3	50	
652914	652914	652914	44.6917	-120.2667	2050.0	-999	1.56	60	C	3	50	
652918	652918	652918	44.6917	-120.1	3480.32	-999	1.56	60	C	3	50	
652919	652919	652919	44.6917	-120.0583	3323.49	-999	1.56	60	C	3	50	
652920	652920	652920	44.6917	-120.0167	3325.59	-999	1.56	60	C	3	50	
652921	652921	652921	44.6917	-119.975	4300.79	-999	1.6878	60	B	2	50	
652922	652922	652922	44.6917	-119.9333	4516.01	-999	1.8	60	B	2	50	
652928	652928	652928	44.6917	-119.6833	3843.31	-999	1.56	60	C	3	50	
652929	652929	652929	44.6917	-119.6417	2292.78	-999	1.56	60	C	3	50	
652934	652934	652934	44.6917	-119.4333	3274.54	-999	1.6422	60	B	2	50	
652935	652935	652935	44.6917	-119.3917	3304.33	-999	1.56	60	C	3	50	
652941	652941	652941	44.6917	-119.1417	4808.79	-999	1.2	60	B	2	50	
652942	652942	652942	44.6917	-119.1	4434.78	-999	1.2	60	B	2	50	
652943	652943	652943	44.6917	-119.0583	4372.18	-999	1.2	60	B	2	50	
652944	652944	652944	44.6917	-119.0167	4285.96	-999	1.2912	60	B	2	50	
652945	652945	652945	44.6917	-118.975	4741.73	-999	2.04	60	B	2	50	
652949	652949	652949	44.6917	-118.8083	3884.65	-999	1.8	60	B	2	50	
652950	652950	652950	44.6917	-118.7667	3872.7	-999	1.9881	60	B	2	50	
652951	652951	652951	44.6917	-118.725	4334.25	-999	2.0148	60	B	2	50	
652960	652960	652960	44.6917	-118.35	4674.15	-999	2.04	60	B	2	50	
652961	652961	652961	44.6917	-118.3083	4423.1	-999	2.04	60	B	2	50	
652965	652965	652965	44.6917	-118.1417	4341.21	-999	1.804	60	B	2	50	
652966	652966	652966	44.6917	-118.1	4156.69	-999	1.773	60	B	2	50	
652967	652967	652967	44.6917	-118.0583	4141.86	-999	1.68	60	B	2	50	
652970	652970	652970	44.6917	-117.9333	4290.16	-999	1.08	60	B	2	50	
652971	652971	652971	44.6917	-117.8917	4071.39	-999	1.08	60	B	2	50	
652972	652972	652972	44.6917	-117.85	3766.8	-999	1.6192	60	B	2	50	
652973	652973	652973	44.6917	-117.8083	3883.33	-999	1.0879	60	B	2	50	
652974	652974	652974	44.6917	-117.7667	3893.31	-999	1.5754	60	B	2	50	
652975	652975	652975	44.6917	-117.725	3920.74	-999	1.4924	60	B	2	50	
652976	652976	652976	44.6917	-117.6833	4043.18	-999	1.665	60	B	2	50	
652977	652977	652977	44.6917	-117.6417	4035.43	-999	1.447	60	B	2	50	
652978	652978	652978	44.6917	-117.6	4181.63	-999	1.7996	60	B	2	50	
652989	652989	652989	44.6917	-117.1417	3306.04	-999	1.32	60	B	2	50	
654212	654212	654212	44.7333	-123.9333	285.76	-999	1.68	60	B	2	50	
654213	654213	654213	44.7333	-123.8917	258.86	-999	1.6934	60	B	2	50	
654214	654214	654214	44.7333	-123.85	366.36	-999	1.8728	60	B	2	50	
654215	654215	654215	44.7333	-123.8083	368.55	-999	1.6826	60	B	2	50	
654216	654216	654216	44.7333	-123.7667	458.66	-999	1.9533	60	B	2	50	
654217	654217	654217	44.7333	-123.725	539.59	-999	1.9034	60	B	2	50	
654218	654218	654218	44.7333	-123.6833	862.75	-999	1.8	60	B	2	50	
654219	654219	654219	44.7333	-123.6417	1062.77	-999	1.8	60	B	2	50	
654222	654222	654222	44.7333	-123.5167	687.77	-999	2.036	60	B	2	50	
654223	654223	654223	44.7333	-123.475	527.23	-999	1.9795	60	C	3	50	
654224	654224	654224	44.7333	-123.4333	445.87	-999	2.0617	60	C	3	50	
654225	654225	654225	44.7333	-123.3917	578.85	-999	2.1117	60	C	3	50	
654226	654226	654226	44.7333	-123.35	545.5	-999	2.16	60	C	3	50	
654227	654227	654227	44.7333	-123.3083	346.56	-999	2.1463	60	C	3	50	
654228	654228	654228	44.7333	-123.2667	260.5	-999	2.1899	60	B	2	50	
654229	654229	654229	44.7333	-123.225	222.99	-999	2.1678	60	B	2	50	
654230	654230	654230	44.7333	-123.1833	200.24	-999	2.0188	60	B	2	50	
654231	654231	654231	44.7333	-123.1417	184.06	-999	1.8193	60	B	2	50	
654232	654232	654232	44.7333	-123.1	185.15	-999	1.808	60	B	2	50	
654233	654233	654233	44.7333	-123.0583	205.27	-999	1.8229	60	B	2	50	
654234	654234	654234	44.7333	-123.0167	239.28	-999	1.9234	60	B	2	50	
654235	654235	654235	44.7333	-122.975	324.15	-999	1.8787	60	B	2	50	
654236	654236	654236	44.7333	-122.9333	323.93	-999	1.9105	60	B	2	50	
654237	654237	654237	44.7333	-122.8917	326.44	-999	2.076	60	B	2	50	
654238	654238	654238	44.7333	-122.85	399.71	-999	1.8611	60	B	2	50	
654239	654239	654239	44.7333	-122.8083	526.36	-999	1.8955	60	B	2	50	
654240	654240	654240	44.7333	-122.7667	711.83	-999	1.9084	60	C	3	50	
654241	654241	654241	44.7333	-122.725	729.77	-999	1.9046	60	C	3	50	
654242	654242	654242	44.7333	-122.6833	675.75	-999	1.9684	60	C	3	50	
654243	654243	654243	44.7333	-122.6417	930.12	-999	1.9644	60	C	3	50	
654244	654244	654244	44.7333	-122.6	1610.02	-999	1.9522	60	C	3	50	
654245	654245	654245	44.7333	-122.5583	1552.71	-999	1.8	60	C	3	50	
654246	654246	654246	44.7333	-122.5167	1503.61	-999	1.8	60	B	2	50	
654247	654247	654247	44.7333	-122.475	1384.62	-999	1.8	60	B	2	50	
654248	654248	654248	44.7333	-122.4333	1298.66	-999	1.8	60	B	2	50	
654249	654249	654249	44.7333	-122.3917	1567.69	-999	1.8	60	B	2	50	
654250	654250	654250	44.7333	-122.35	2161.85	-999	1.8	60	B	2	50	
654274	654274	654274	44.7333	-121.35	2419.69	-999	1.56	60	C	3	50	
654275	654275	654275	44.7333	-121.3083	2135.96	-999	1.56	60	C	3	50	
654276	654276	654276	44.7333	-121.2667	1947.77	-999	1.56	60	C	3	50	
654277	654277	654277	44.7333	-121.225	1783.33	-999	1.6407	60	B	2	50	
654278	654278	654278	44.7333	-121.1833	2293.7	-999	1.7851	60	B	2	50	
654279	654279	654279	44.7333	-121.1417	2372.83	-999	1.8	60	B	2	50	
654280	654280	654280	44.7333	-121.1	2211.55	-999	1.8	60	B	2	50	
654281	654281	654281	44.7333	-121.0583	2216.67	-999	1.7775	60	B	2	50	
654282	654282	654282	44.7333	-121.0167	2224.67	-999	1.56	60	C	3	50	
654283	654283	654283	44.7333	-120.975	2075.85	-999	1.57	60	B	2	50	
654287	654287	654287	44.7333	-120.8083	3478.08	-999	1.56	60	C	3	50	
654288	654288	654288	44.7333	-120.7667	2924.28	-999	1.56	60	C	3	50	
654289	654289	654289	44.7333	-120.725	3027.17	-999	1.56	60	C	3	50	
654291	654291	654291	44.7333	-120.6417	3990.55	-999	1.56	60	C	3	50	
654292	654292	654292	44.7333	-120.6	3767.72	-999	1.56	60	C	3	50	
654293	654293	654293	44.7333	-120.5583	3179.4	-999	1.56	60	C	3	50	
654294	654294	654294	44.7333	-120.5167	2788.85	-999	1.56	60	C	3	50	
654295	654295	654295	44.7333	-120.475	2724.28	-999	1.56	60	C	3	50	
654296	654296	654296	44.7333	-120.4333	2316.54	-999	1.56	60	C	3	50	
654297	654297	654297	44.7333	-120.3917	2368.5	-999	1.56	60	C	3	50	
654298	654298	654298	44.7333	-120.35	2039.11	-999	1.56	60	C	3	50	
654299	654299	654299	44.7333	-120.3083	1896.46	-999	1.56	60	C	3	50	
654300	654300	654300	44.7333	-120.2667	1915.88	-999	1.56	60	C	3	50	
654301	654301	654301	44.7333	-120.225	2321.0	-999	1.56	60	C	3	50	
654302	654302	654302	44.7333	-120.1833	2149.74	-999	1.56	60	C	3	50	
654303	654303	654303	44.7333	-120.1417	2030.18	-999	1.4735	60	B	2	50	
654304	654304	654304	44.7333	-120.1	2332.41	-999	1.2	60	B	2	50	
654305	654305	654305	44.7333	-120.0583	2948.95	-999	1.5357	60	B	2	50	
654306	654306	654306	44.7333	-120.0167	3179.92	-999	1.4997	60	B	2	50	
654307	654307	654307	44.7333	-119.975	3646.98	-999	1.544	60	C	3	50	
654308	654308	654308	44.7333	-119.9333	3905.91	-999	1.5151	60	B	2	50	
654311	654311	654311	44.7333	-119.8083	3714.83	-999	1.8	60	B	2	50	
654315	654315	654315	44.7333	-119.6417	2379.92	-999	1.5955	60	B	2	50	
654317	654317	654317	44.7333	-119.5583	3611.42	-999	1.56	60	C	3	50	
654318	654318	654318	44.7333	-119.5167	3130.84	-999	1.56	60	C	3	50	
654320	654320	654320	44.7333	-119.4333	3016.27	-999	1.56	60	C	3	50	
654321	654321	654321	44.7333	-119.3917	3055.51	-999	1.56	60	C	3	50	
654322	654322	654322	44.7333	-119.35	3493.83	-999	1.4486	60	B	2	50	
654323	654323	654323	44.7333	-119.3083	3890.42	-999	1.2484	60	B	2	50	
654324	654324	654324	44.7333	-119.2667	4276.77	-999	1.4563	60	B	2	50	
654325	654325	654325	44.7333	-119.225	4193.83	-999	1.2957	60	B	2	50	
654326	654326	654326	44.7333	-119.1833	4279.4	-999	1.3504	60	B	2	50	
654327	654327	654327	44.7333	-119.1417	4009.84	-999	1.2	60	B	2	50	
654328	654328	654328	44.7333	-119.1	3704.86	-999	1.2	60	B	2	50	
654329	654329	654329	44.7333	-119.0583	3916.54	-999	1.2	60	B	2	50	
654330	654330	654330	44.7333	-119.0167	4468.37	-999	1.2	60	B	2	50	
654332	654332	654332	44.7333	-118.9333	4227.43	-999	1.8	60	B	2	50	
654334	654334	654334	44.7333	-118.85	4059.84	-999	1.8	60	B	2	50	
654335	654335	654335	44.7333	-118.8083	4075.98	-999	1.8	60	B	2	50	
654339	654339	654339	44.7333	-118.6417	6804.73	-999	1.8	60	B	2	50	
654340	654340	654340	44.7333	-118.6	7126.51	-999	1.8	60	B	2	50	
654351	654351	654351	44.7333	-118.1417	4535.04	-999	1.8807	60	B	2	50	
654352	654352	654352	44.7333	-118.1	4515.35	-999	1.68	60	B	2	50	
654353	654353	654353	44.7333	-118.0583	4839.5	-999	2.0107	60	B	2	50	
654358	654358	654358	44.7333	-117.85	3761.81	-999	1.698	60	B	2	50	
654359	654359	654359	44.7333	-117.8083	3715.35	-999	1.617	60	B	2	50	
654360	654360	654360	44.7333	-117.7667	4061.55	-999	1.44	60	B	2	50	
654366	654366	654366	44.7333	-117.5167	3956.43	-999	1.8	60	B	2	50	
654367	654367	654367	44.7333	-117.475	4032.28	-999	1.3917	60	B	2	50	
654368	654368	654368	44.7333	-117.4333	4251.97	-999	1.44	60	B	2	50	
654372	654372	654372	44.7333	-117.2667	3504.46	-999	1.32	60	B	2	50	
654373	654373	654373	44.7333	-117.225	2908.53	-999	1.3225	60	B	2	50	
654374	654374	654374	44.7333	-117.1833	2610.89	-999	1.6296	60	B	2	50	
654375	654375	654375	44.7333	-117.1417	2379.13	-999	1.3216	60	B	2	50	
655598	655598	655598	44.775	-123.9333	192.37	-999	1.6995	60	B	2	50	
655599	655599	655599	44.775	-123.8917	290.13	-999	1.7832	60	B	2	50	
655600	655600	655600	44.775	-123.85	569.55	-999	1.68	60	B	2	50	
655601	655601	655601	44.775	-123.8083	532.37	-999	1.68	60	B	2	50	
655609	655609	655609	44.775	-123.475	791.89	-999	1.92	60	C	3	50	
655610	655610	655610	44.775	-123.4333	541.67	-999	2.0249	60	C	3	50	
655611	655611	655611	44.775	-123.3917	426.29	-999	2.0963	60	C	3	50	
655612	655612	655612	44.775	-123.35	276.25	-999	2.1091	60	B	2	50	
655613	655613	655613	44.775	-123.3083	286.2	-999	2.0431	60	B	2	50	
655614	655614	655614	44.775	-123.2667	301.73	-999	2.0636	60	B	2	50	
655615	655615	655615	44.775	-123.225	244.64	-999	2.0445	60	B	2	50	
655616	655616	655616	44.775	-123.1833	273.95	-999	2.1766	60	B	2	50	
655617	655617	655617	44.775	-123.1417	212.82	-999	1.8889	60	B	2	50	
655618	655618	655618	44.775	-123.1	187.77	-999	2.0102	60	B	2	50	
655619	655619	655619	44.775	-123.0583	220.91	-999	2.1391	60	B	2	50	
655620	655620	655620	44.775	-123.0167	350.07	-999	2.1151	60	B	2	50	
655621	655621	655621	44.775	-122.975	588.47	-999	1.9604	60	C	3	50	
655622	655622	655622	44.775	-122.9333	379.26	-999	2.0318	60	B	2	50	
655623	655623	655623	44.775	-122.8917	352.69	-999	1.8555	60	B	2	50	
655624	655624	655624	44.775	-122.85	387.47	-999	1.8	60	B	2	50	
655625	655625	655625	44.775	-122.8083	442.91	-999	1.8463	60	B	2	50	
655626	655626	655626	44.775	-122.7667	565.51	-999	1.8997	60	B	2	50	
655627	655627	655627	44.775	-122.725	765.42	-999	1.9096	60	C	3	50	
655628	655628	655628	44.775	-122.6833	770.56	-999	1.8467	60	B	2	50	
655629	655629	655629	44.775	-122.6417	902.67	-999	1.8687	60	B	2	50	
655630	655630	655630	44.775	-122.6	816.05	-999	1.801	60	B	2	50	
655631	655631	655631	44.775	-122.5583	919.07	-999	1.8	60	B	2	50	
655632	655632	655632	44.775	-122.5167	1246.28	-999	1.8	60	B	2	50	
655633	655633	655633	44.775	-122.475	1376.97	-999	1.8	60	C	3	50	
655636	655636	655636	44.775	-122.35	2506.56	-999	1.8	60	B	2	50	
655662	655662	655662	44.775	-121.2667	1834.12	-999	1.56	60	C	3	50	
655664	655664	655664	44.775	-121.1833	1990.29	-999	1.7699	60	B	2	50	
655665	655665	655665	44.775	-121.1417	2138.45	-999	1.7822	60	B	2	50	
655666	655666	655666	44.775	-121.1	2121.0	-999	1.7965	60	B	2	50	
655667	655667	655667	44.775	-121.0583	1864.83	-999	1.7974	60	B	2	50	
655668	655668	655668	44.775	-121.0167	2072.57	-999	1.9074	60	B	2	50	
655669	655669	655669	44.775	-120.975	1966.8	-999	1.6198	60	B	2	50	
655670	655670	655670	44.775	-120.9333	2010.37	-999	1.56	60	C	3	50	
655674	655674	655674	44.775	-120.7667	2802.89	-999	1.56	60	C	3	50	
655677	655677	655677	44.775	-120.6417	3488.58	-999	1.56	60	C	3	50	
655680	655680	655680	44.775	-120.5167	2632.55	-999	1.56	60	C	3	50	
655681	655681	655681	44.775	-120.475	2407.74	-999	1.56	60	C	3	50	
655682	655682	655682	44.775	-120.4333	2342.52	-999	1.56	60	C	3	50	
655683	655683	655683	44.775	-120.3917	1759.19	-999	1.56	60	C	3	50	
655687	655687	655687	44.775	-120.225	2247.11	-999	1.56	60	C	3	50	
655688	655688	655688	44.775	-120.1833	1994.88	-999	1.56	60	C	3	50	
655690	655690	655690	44.775	-120.1	2985.17	-999	1.2	60	B	2	50	
655692	655692	655692	44.775	-120.0167	2371.26	-999	1.2	60	B	2	50	
655693	655693	655693	44.775	-119.975	2594.23	-999	1.2	60	B	2	50	
655694	655694	655694	44.775	-119.9333	3356.56	-999	1.2378	60	B	2	50	
655695	655695	655695	44.775	-119.8917	3080.18	-999	1.36	60	B	2	50	
655697	655697	655697	44.775	-119.8083	3072.7	-999	1.2	60	B	2	50	
655700	655700	655700	44.775	-119.6833	2500.66	-999	1.2	60	B	2	50	
655701	655701	655701	44.775	-119.6417	2369.55	-999	1.7291	60	B	2	50	
655702	655702	655702	44.775	-119.6	2570.21	-999	1.6875	60	B	2	50	
655703	655703	655703	44.775	-119.5583	2418.77	-999	1.678	60	B	2	50	
655705	655705	655705	44.775	-119.475	3180.97	-999	1.56	60	C	3	50	
655706	655706	655706	44.775	-119.4333	3086.88	-999	1.56	60	C	3	50	
655707	655707	655707	44.775	-119.3917	2458.53	-999	1.2905	60	B	2	50	
655712	655712	655712	44.775	-119.1833	3911.68	-999	1.2	60	B	2	50	
655713	655713	655713	44.775	-119.1417	3674.28	-999	1.2	60	B	2	50	
655714	655714	655714	44.775	-119.1	3708.66	-999	1.2	60	B	2	50	
655715	655715	655715	44.775	-119.0583	3944.88	-999	1.2	60	B	2	50	
655716	655716	655716	44.775	-119.0167	4334.78	-999	1.4711	60	B	2	50	
655717	655717	655717	44.775	-118.975	4503.41	-999	1.6428	60	B	2	50	
655718	655718	655718	44.775	-118.9333	3593.83	-999	1.2192	60	B	2	50	
655719	655719	655719	44.775	-118.8917	3589.76	-999	1.2	60	B	2	50	
655725	655725	655725	44.775	-118.6417	6522.18	-999	1.8	60	B	2	50	
655726	655726	655726	44.775	-118.6	6391.86	-999	1.8	60	B	2	50	
655727	655727	655727	44.775	-118.5583	6177.95	-999	1.8	60	B	2	50	
655731	655731	655731	44.775	-118.3917	5180.45	-999	2.04	60	B	2	50	
655742	655742	655742	44.775	-117.9333	4630.31	-999	1.5748	60	B	2	50	
655743	655743	655743	44.775	-117.8917	4121.65	-999	1.7685	60	B	2	50	
655744	655744	655744	44.775	-117.85	3659.32	-999	1.7715	60	B	2	50	
655745	655745	655745	44.775	-117.8083	3530.71	-999	1.7334	60	B	2	50	
655746	655746	655746	44.775	-117.7667	3723.49	-999	1.5055	60	B	2	50	
655749	655749	655749	44.775	-117.6417	3422.31	-999	1.44	60	B	2	50	
655752	655752	655752	44.775	-117.5167	3367.19	-999	1.32	60	B	2	50	
655758	655758	655758	44.775	-117.2667	2632.41	-999	1.3707	60	B	2	50	
655759	655759	655759	44.775	-117.225	2526.64	-999	1.4359	60	B	2	50	
655760	655760	655760	44.775	-117.1833	2320.08	-999	1.7355	60	B	2	50	
655761	655761	655761	44.775	-117.1417	2336.75	-999	1.7029	60	B	2	50	
656983	656983	656983	44.8167	-123.975	153.11	-999	1.9451	60	B	2	50	
656984	656984	656984	44.8167	-123.9333	286.42	-999	1.7004	60	B	2	50	
656985	656985	656985	44.8167	-123.8917	770.78	-999	1.68	60	B	2	50	
656996	656996	656996	44.8167	-123.4333	940.95	-999	1.92	60	C	3	50	
656997	656997	656997	44.8167	-123.3917	553.37	-999	1.9003	60	B	2	50	
656998	656998	656998	44.8167	-123.35	334.97	-999	2.016	60	B	2	50	
656999	656999	656999	44.8167	-123.3083	340.55	-999	2.1804	60	B	2	50	
657000	657000	657000	44.8167	-123.2667	350.83	-999	2.1957	60	B	2	50	
657001	657001	657001	44.8167	-123.225	259.73	-999	2.1873	60	B	2	50	
657002	657002	657002	44.8167	-123.1833	213.91	-999	2.045	60	B	2	50	
657003	657003	657003	44.8167	-123.1417	177.49	-999	1.8008	60	B	2	50	
657004	657004	657004	44.8167	-123.1	312.01	-999	1.9262	60	B	2	50	
657005	657005	657005	44.8167	-123.0583	515.42	-999	1.9959	60	B	2	50	
657006	657006	657006	44.8167	-123.0167	567.59	-999	1.9342	60	C	3	50	
657007	657007	657007	44.8167	-122.975	412.18	-999	2.0214	60	B	2	50	
657008	657008	657008	44.8167	-122.9333	318.35	-999	1.9724	60	B	2	50	
657009	657009	657009	44.8167	-122.8917	348.43	-999	1.8327	60	B	2	50	
657010	657010	657010	44.8167	-122.85	391.51	-999	1.8	60	B	2	50	
657011	657011	657011	44.8167	-122.8083	454.62	-999	1.8498	60	B	2	50	
657012	657012	657012	44.8167	-122.7667	556.76	-999	1.9031	60	C	3	50	
657013	657013	657013	44.8167	-122.725	770.56	-999	1.9147	60	C	3	50	
657014	657014	657014	44.8167	-122.6833	1031.17	-999	1.9062	60	C	3	50	
657015	657015	657015	44.8167	-122.6417	1392.06	-999	1.8805	60	C	3	50	
657016	657016	657016	44.8167	-122.6	1639.66	-999	1.8	60	C	3	50	
657017	657017	657017	44.8167	-122.5583	1908.36	-999	1.8	60	C	3	50	
657052	657052	657052	44.8167	-121.1	1830.71	-999	1.6104	60	B	2	50	
657053	657053	657053	44.8167	-121.0583	1779.66	-999	1.5266	60	B	2	50	
657054	657054	657054	44.8167	-121.0167	2109.45	-999	1.5701	60	B	2	50	
657056	657056	657056	44.8167	-120.9333	2126.51	-999	1.56	60	C	3	50	
657057	657057	657057	44.8167	-120.8917	2220.21	-999	1.56	60	C	3	50	
657058	657058	657058	44.8167	-120.85	2600.39	-999	1.56	60	C	3	50	
657059	657059	657059	44.8167	-120.8083	2624.02	-999	1.56	60	C	3	50	
657060	657060	657060	44.8167	-120.7667	2933.73	-999	1.56	60	C	3	50	
657061	657061	657061	44.8167	-120.725	3324.02	-999	1.56	60	C	3	50	
657062	657062	657062	44.8167	-120.6833	3457.09	-999	1.56	60	C	3	50	
657066	657066	657066	44.8167	-120.5167	2097.64	-999	1.56	60	C	3	50	
657067	657067	657067	44.8167	-120.475	1984.25	-999	1.56	60	C	3	50	
657069	657069	657069	44.8167	-120.3917	1845.8	-999	1.56	60	C	3	50	
657070	657070	657070	44.8167	-120.35	1953.67	-999	1.56	60	C	3	50	
657074	657074	657074	44.8167	-120.1833	2921.0	-999	1.56	60	C	3	50	
657076	657076	657076	44.8167	-120.1	3720.6	-999	1.5555	60	C	3	50	
657078	657078	657078	44.8167	-120.0167	2513.52	-999	1.597	60	B	2	50	
657079	657079	657079	44.8167	-119.975	2296.46	-999	1.2	60	B	2	50	
657080	657080	657080	44.8167	-119.9333	2281.1	-999	1.2	60	B	2	50	
657081	657081	657081	44.8167	-119.8917	2307.74	-999	1.2	60	B	2	50	
657082	657082	657082	44.8167	-119.85	2323.36	-999	1.2	60	B	2	50	
657083	657083	657083	44.8167	-119.8083	2231.23	-999	1.2	60	B	2	50	
657084	657084	657084	44.8167	-119.7667	2175.85	-999	1.3743	60	B	2	50	
657085	657085	657085	44.8167	-119.725	2049.21	-999	1.2055	60	B	2	50	
657086	657086	657086	44.8167	-119.6833	2752.1	-999	1.2007	60	B	2	50	
657087	657087	657087	44.8167	-119.6417	3024.28	-999	1.401	60	B	2	50	
657088	657088	657088	44.8167	-119.6	3131.76	-999	1.2	60	B	2	50	
657089	657089	657089	44.8167	-119.5583	2883.6	-999	1.3872	60	B	2	50	
657090	657090	657090	44.8167	-119.5167	2356.56	-999	1.5936	60	B	2	50	
657091	657091	657091	44.8167	-119.475	2263.52	-999	1.5998	60	B	2	50	
657092	657092	657092	44.8167	-119.4333	2321.92	-999	1.6732	60	B	2	50	
657093	657093	657093	44.8167	-119.3917	2379.92	-999	1.5019	60	B	2	50	
657094	657094	657094	44.8167	-119.35	3038.06	-999	1.2	60	B	2	50	
657098	657098	657098	44.8167	-119.1833	3407.35	-999	1.2	60	B	2	50	
657099	657099	657099	44.8167	-119.1417	3494.62	-999	1.2	60	B	2	50	
657100	657100	657100	44.8167	-119.1	3638.71	-999	1.2	60	B	2	50	
657101	657101	657101	44.8167	-119.0583	3895.28	-999	1.2	60	B	2	50	
657102	657102	657102	44.8167	-119.0167	3645.93	-999	1.2	60	B	2	50	
657103	657103	657103	44.8167	-118.975	3493.96	-999	1.2	60	B	2	50	
657104	657104	657104	44.8167	-118.9333	3817.45	-999	1.2	60	B	2	50	
657111	657111	657111	44.8167	-118.6417	5963.39	-999	1.8	60	B	2	50	
657112	657112	657112	44.8167	-118.6	5758.79	-999	1.8	60	B	2	50	
657117	657117	657117	44.8167	-118.3917	4984.65	-999	2.04	60	B	2	50	
657126	657126	657126	44.8167	-118.0167	5229.4	-999	1.7736	60	B	2	50	
657127	657127	657127	44.8167	-117.975	3906.69	-999	1.6876	60	B	2	50	
657128	657128	657128	44.8167	-117.9333	3508.4	-999	1.9815	60	B	2	50	
657129	657129	657129	44.8167	-117.8917	3387.14	-999	2.1026	60	B	2	50	
657130	657130	657130	44.8167	-117.85	3383.07	-999	2.0441	60	B	2	50	
657131	657131	657131	44.8167	-117.8083	3387.01	-999	2.0804	60	B	2	50	
657132	657132	657132	44.8167	-117.7667	3408.66	-999	1.9877	60	B	2	50	
657133	657133	657133	44.8167	-117.725	3734.12	-999	1.3289	60	B	2	50	
657136	657136	657136	44.8167	-117.6	3104.86	-999	1.5193	60	B	2	50	
657137	657137	657137	44.8167	-117.5583	2994.62	-999	1.7362	60	B	2	50	
657138	657138	657138	44.8167	-117.5167	2878.87	-999	1.6943	60	B	2	50	
657139	657139	657139	44.8167	-117.475	2774.8	-999	1.7757	60	B	2	50	
657140	657140	657140	44.8167	-117.4333	2835.17	-999	1.4121	60	B	2	50	
657143	657143	657143	44.8167	-117.3083	3133.86	-999	1.32	60	B	2	50	
657145	657145	657145	44.8167	-117.225	3120.21	-999	1.3511	60	B	2	50	
657146	657146	657146	44.8167	-117.1833	2897.51	-999	1.6225	60	B	2	50	
657147	657147	657147	44.8167	-117.1417	3404.33	-999	1.32	60	B	2	50	
657148	657148	657148	44.8167	-117.1	3299.48	-999	1.3355	60	B	2	50	
658369	658369	658369	44.8583	-123.975	286.42	-999	1.6941	60	B	2	50	
658370	658370	658370	44.8583	-123.9333	279.42	-999	1.8541	60	B	2	50	
658380	658380	658380	44.8583	-123.5167	1321.09	-999	1.92	60	C	3	50	
658381	658381	658381	44.8583	-123.475	1172.35	-999	1.92	60	C	3	50	
658382	658382	658382	44.8583	-123.4333	602.69	-999	2.1051	60	B	2	50	
658383	658383	658383	44.8583	-123.3917	379.26	-999	2.02	60	B	2	50	
658384	658384	658384	44.8583	-123.35	401.57	-999	2.1206	60	B	2	50	
658385	658385	658385	44.8583	-123.3083	453.08	-999	2.16	60	C	3	50	
658386	658386	658386	44.8583	-123.2667	293.53	-999	2.2265	60	B	2	50	
658387	658387	658387	44.8583	-123.225	195.76	-999	2.1517	60	B	2	50	
658388	658388	658388	44.8583	-123.1833	165.68	-999	1.8928	60	B	2	50	
658389	658389	658389	44.8583	-123.1417	329.83	-999	1.8149	60	B	2	50	
658390	658390	658390	44.8583	-123.1	773.62	-999	1.92	60	C	3	50	
658391	658391	658391	44.8583	-123.0583	634.41	-999	1.92	60	C	3	50	
658392	658392	658392	44.8583	-123.0167	507.33	-999	1.92	60	C	3	50	
658393	658393	658393	44.8583	-122.975	397.31	-999	1.9116	60	B	2	50	
658394	658394	658394	44.8583	-122.9333	410.11	-999	1.8931	60	C	3	50	
658395	658395	658395	44.8583	-122.8917	424.21	-999	1.876	60	B	2	50	
658396	658396	658396	44.8583	-122.85	422.57	-999	1.9136	60	C	3	50	
658397	658397	658397	44.8583	-122.8083	508.53	-999	1.92	60	C	3	50	
658398	658398	658398	44.8583	-122.7667	649.83	-999	1.92	60	C	3	50	
658399	658399	658399	44.8583	-122.725	921.26	-999	1.9001	60	C	3	50	
658400	658400	658400	44.8583	-122.6833	1276.47	-999	1.8156	60	C	3	50	
658401	658401	658401	44.8583	-122.6417	1578.52	-999	1.8	60	C	3	50	
658437	658437	658437	44.8583	-121.1417	1801.71	-999	1.56	60	C	3	50	
658438	658438	658438	44.8583	-121.1	1917.98	-999	1.56	60	C	3	50	
658439	658439	658439	44.8583	-121.0583	1462.34	-999	1.56	60	C	3	50	
658442	658442	658442	44.8583	-120.9333	2824.02	-999	1.92	60	B	2	50	
658443	658443	658443	44.8583	-120.8917	2551.97	-999	1.8734	60	B	2	50	
658444	658444	658444	44.8583	-120.85	2443.44	-999	1.56	60	C	3	50	
658445	658445	658445	44.8583	-120.8083	2403.28	-999	1.56	60	C	3	50	
658446	658446	658446	44.8583	-120.7667	2613.39	-999	1.56	60	C	3	50	
658447	658447	658447	44.8583	-120.725	2877.17	-999	1.56	60	C	3	50	
658448	658448	658448	44.8583	-120.6833	3167.85	-999	1.56	60	C	3	50	
658449	658449	658449	44.8583	-120.6417	3483.73	-999	1.56	60	C	3	50	
658453	658453	658453	44.8583	-120.475	1951.71	-999	1.56	60	C	3	50	
658454	658454	658454	44.8583	-120.4333	1671.39	-999	1.56	60	C	3	50	
658455	658455	658455	44.8583	-120.3917	1866.67	-999	1.56	60	C	3	50	
658460	658460	658460	44.8583	-120.1833	3833.46	-999	1.56	60	C	3	50	
658461	658461	658461	44.8583	-120.1417	3407.74	-999	1.5621	60	C	3	50	
658462	658462	658462	44.8583	-120.1	3939.11	-999	1.5791	60	B	2	50	
658463	658463	658463	44.8583	-120.0583	3287.01	-999	1.8	60	B	2	50	
658464	658464	658464	44.8583	-120.0167	3233.33	-999	1.2308	60	B	2	50	
658465	658465	658465	44.8583	-119.975	3022.57	-999	1.2116	60	B	2	50	
658466	658466	658466	44.8583	-119.9333	2728.48	-999	1.2	60	B	2	50	
658467	658467	658467	44.8583	-119.8917	2935.04	-999	1.2	60	B	2	50	
658468	658468	658468	44.8583	-119.85	2787.93	-999	1.2	60	B	2	50	
658469	658469	658469	44.8583	-119.8083	2356.56	-999	1.2	60	B	2	50	
658470	658470	658470	44.8583	-119.7667	2567.45	-999	1.4973	60	B	2	50	
658471	658471	658471	44.8583	-119.725	2516.14	-999	1.5521	60	B	2	50	
658472	658472	658472	44.8583	-119.6833	3197.11	-999	1.3782	60	B	2	50	
658476	658476	658476	44.8583	-119.5167	3492.65	-999	1.2295	60	B	2	50	
658477	658477	658477	44.8583	-119.475	3319.69	-999	1.2538	60	B	2	50	
658478	658478	658478	44.8583	-119.4333	3166.8	-999	1.3035	60	B	2	50	
658479	658479	658479	44.8583	-119.3917	2666.27	-999	1.2	60	B	2	50	
658480	658480	658480	44.8583	-119.35	3349.34	-999	1.2	60	B	2	50	
658485	658485	658485	44.8583	-119.1417	3499.48	-999	1.2	60	B	2	50	
658486	658486	658486	44.8583	-119.1	3399.08	-999	1.2	60	B	2	50	
658487	658487	658487	44.8583	-119.0583	3307.61	-999	1.2	60	B	2	50	
658488	658488	658488	44.8583	-119.0167	3459.71	-999	1.2	60	B	2	50	
658489	658489	658489	44.8583	-118.975	4070.6	-999	1.2	60	B	2	50	
658501	658501	658501	44.8583	-118.475	5236.61	-999	2.04	60	B	2	50	
658503	658503	658503	44.8583	-118.3917	5628.22	-999	1.8	60	B	2	50	
658512	658512	658512	44.8583	-118.0167	4827.95	-999	1.6264	60	B	2	50	
658513	658513	658513	44.8583	-117.975	3630.84	-999	1.7349	60	B	2	50	
658514	658514	658514	44.8583	-117.9333	3437.8	-999	2.0788	60	B	2	50	
658515	658515	658515	44.8583	-117.8917	3354.33	-999	2.16	60	B	2	50	
658516	658516	658516	44.8583	-117.85	3348.82	-999	2.16	60	B	2	50	
658517	658517	658517	44.8583	-117.8083	3353.02	-999	2.16	60	B	2	50	
658518	658518	658518	44.8583	-117.7667	3363.12	-999	2.1219	60	B	2	50	
658521	658521	658521	44.8583	-117.6417	2961.29	-999	1.8929	60	B	2	50	
658522	658522	658522	44.8583	-117.6	2773.62	-999	1.9993	60	B	2	50	
658523	658523	658523	44.8583	-117.5583	2764.83	-999	2.0487	60	B	2	50	
658524	658524	658524	44.8583	-117.5167	2794.36	-999	1.6573	60	B	2	50	
658525	658525	658525	44.8583	-117.475	2948.82	-999	1.3858	60	B	2	50	
658526	658526	658526	44.8583	-117.4333	3313.52	-999	1.32	60	B	2	50	
658527	658527	658527	44.8583	-117.3917	3630.84	-999	1.32	60	B	2	50	
658529	658529	658529	44.8583	-117.3083	4070.21	-999	1.32	60	B	2	50	
658531	658531	658531	44.8583	-117.225	3385.7	-999	1.32	60	B	2	50	
658533	658533	658533	44.8583	-117.1417	3888.06	-999	1.5888	60	B	2	50	
658534	658534	658534	44.8583	-117.1	2869.95	-999	1.5384	60	B	2	50	
658535	658535	658535	44.8583	-117.0583	2656.96	-999	1.5424	60	B	2	50	
658536	658536	658536	44.8583	-117.0167	2625.46	-999	1.5183	60	B	2	50	
659754	659754	659754	44.9	-124.0167	40.46	-999	1.68	60	B	2	50	
659755	659755	659755	44.9	-123.975	270.67	-999	1.7075	60	B	2	50	
659756	659756	659756	44.9	-123.9333	700.68	-999	1.68	60	B	2	50	
659768	659768	659768	44.9	-123.4333	1081.26	-999	2.16	60	C	3	50	
659769	659769	659769	44.9	-123.3917	756.34	-999	2.126	60	C	3	50	
659770	659770	659770	44.9	-123.35	533.47	-999	2.1554	60	C	3	50	
659771	659771	659771	44.9	-123.3083	424.1	-999	2.1301	60	C	3	50	
659772	659772	659772	44.9	-123.2667	306.65	-999	2.1999	60	B	2	50	
659773	659773	659773	44.9	-123.225	213.91	-999	2.1948	60	B	2	50	
659774	659774	659774	44.9	-123.1833	179.57	-999	2.1213	60	B	2	50	
659775	659775	659775	44.9	-123.1417	161.85	-999	1.8593	60	B	2	50	
659776	659776	659776	44.9	-123.1	329.83	-999	1.8347	60	B	2	50	
659777	659777	659777	44.9	-123.0583	377.4	-999	1.8213	60	B	2	50	
659778	659778	659778	44.9	-123.0167	289.7	-999	1.8916	60	B	2	50	
659779	659779	659779	44.9	-122.975	235.67	-999	2.0524	60	B	2	50	
659780	659780	659780	44.9	-122.9333	358.6	-999	2.048	60	B	2	50	
659781	659781	659781	44.9	-122.8917	458.99	-999	1.9264	60	C	3	50	
659782	659782	659782	44.9	-122.85	559.71	-999	1.92	60	C	3	50	
659783	659783	659783	44.9	-122.8083	633.75	-999	1.92	60	C	3	50	
659784	659784	659784	44.9	-122.7667	745.63	-999	1.92	60	C	3	50	
659785	659785	659785	44.9	-122.725	911.09	-999	1.9141	60	C	3	50	
659786	659786	659786	44.9	-122.6833	1202.21	-999	1.8083	60	C	3	50	
659787	659787	659787	44.9	-122.6417	1540.57	-999	1.8	60	C	3	50	
659824	659824	659824	44.9	-121.1	1881.89	-999	1.56	60	C	3	50	
659825	659825	659825	44.9	-121.0583	1455.91	-999	1.56	60	C	3	50	
659826	659826	659826	44.9	-121.0167	1842.39	-999	1.56	60	C	3	50	
659828	659828	659828	44.9	-120.9333	3074.67	-999	1.92	60	B	2	50	
659831	659831	659831	44.9	-120.8083	2843.04	-999	1.56	60	C	3	50	
659832	659832	659832	44.9	-120.7667	2870.47	-999	1.56	60	C	3	50	
659833	659833	659833	44.9	-120.725	2749.48	-999	1.56	60	C	3	50	
659834	659834	659834	44.9	-120.6833	2994.23	-999	1.56	60	C	3	50	
659835	659835	659835	44.9	-120.6417	3277.56	-999	1.56	60	C	3	50	
659836	659836	659836	44.9	-120.6	3876.77	-999	1.56	60	C	3	50	
659837	659837	659837	44.9	-120.5583	3140.81	-999	1.56	60	C	3	50	
659839	659839	659839	44.9	-120.475	1816.67	-999	1.56	60	C	3	50	
659840	659840	659840	44.9	-120.4333	1605.12	-999	1.56	60	C	3	50	
659841	659841	659841	44.9	-120.3917	2076.77	-999	1.56	60	C	3	50	
659842	659842	659842	44.9	-120.35	2470.21	-999	1.56	60	C	3	50	
659843	659843	659843	44.9	-120.3083	2691.47	-999	1.56	60	C	3	50	
659844	659844	659844	44.9	-120.2667	2951.31	-999	1.56	60	C	3	50	
659845	659845	659845	44.9	-120.225	3362.6	-999	1.56	60	C	3	50	
659846	659846	659846	44.9	-120.1833	3710.5	-999	1.7403	60	B	2	50	
659847	659847	659847	44.9	-120.1417	4119.29	-999	1.7034	60	B	2	50	
659849	659849	659849	44.9	-120.0583	3646.19	-999	1.8	60	B	2	50	
659850	659850	659850	44.9	-120.0167	3608.27	-999	1.2	60	B	2	50	
659851	659851	659851	44.9	-119.975	3456.43	-999	1.8	60	B	2	50	
659852	659852	659852	44.9	-119.9333	3435.04	-999	1.3985	60	B	2	50	
659853	659853	659853	44.9	-119.8917	3060.76	-999	1.6745	60	B	2	50	
659854	659854	659854	44.9	-119.85	3159.32	-999	1.4922	60	B	2	50	
659855	659855	659855	44.9	-119.8083	2690.68	-999	1.22	60	B	2	50	
659856	659856	659856	44.9	-119.7667	2813.78	-999	1.5426	60	C	3	50	
659857	659857	659857	44.9	-119.725	2905.77	-999	1.6175	60	B	2	50	
659858	659858	659858	44.9	-119.6833	3570.73	-999	1.8	60	B	2	50	
659863	659863	659863	44.9	-119.475	3367.19	-999	1.44	60	B	2	50	
659864	659864	659864	44.9	-119.4333	2904.86	-999	1.44	60	B	2	50	
659865	659865	659865	44.9	-119.3917	2541.86	-999	1.4212	60	B	2	50	
659869	659869	659869	44.9	-119.225	2902.62	-999	1.2	60	B	2	50	
659870	659870	659870	44.9	-119.1833	2939.9	-999	1.2	60	B	2	50	
659871	659871	659871	44.9	-119.1417	3005.77	-999	1.2	60	B	2	50	
659872	659872	659872	44.9	-119.1	3468.64	-999	1.2	60	B	2	50	
659873	659873	659873	44.9	-119.0583	3700.26	-999	1.2509	60	B	2	50	
659874	659874	659874	44.9	-119.0167	4126.51	-999	1.406	60	B	2	50	
659875	659875	659875	44.9	-118.975	4186.22	-999	1.8092	60	B	2	50	
659881	659881	659881	44.9	-118.725	5560.1	-999	1.8	60	B	2	50	
659886	659886	659886	44.9	-118.5167	5398.03	-999	1.8	60	B	2	50	
659889	659889	659889	44.9	-118.3917	5555.12	-999	1.8	60	B	2	50	
659897	659897	659897	44.9	-118.0583	4906.96	-999	1.4464	60	A	1	50	
659898	659898	659898	44.9	-118.0167	3821.92	-999	1.6632	60	B	2	50	
659899	659899	659899	44.9	-117.975	3427.3	-999	1.8463	60	B	2	50	
659900	659900	659900	44.9	-117.9333	3351.05	-999	2.1196	60	B	2	50	
659901	659901	659901	44.9	-117.8917	3426.9	-999	2.047	60	B	2	50	
659902	659902	659902	44.9	-117.85	3357.09	-999	1.9776	60	B	2	50	
659903	659903	659903	44.9	-117.8083	3435.96	-999	1.8647	60	B	2	50	
659904	659904	659904	44.9	-117.7667	3559.32	-999	1.8095	60	B	2	50	
659906	659906	659906	44.9	-117.6833	3122.83	-999	1.8003	60	B	2	50	
659907	659907	659907	44.9	-117.6417	2807.48	-999	2.0703	60	B	2	50	
659908	659908	659908	44.9	-117.6	2879.92	-999	1.817	60	B	2	50	
659910	659910	659910	44.9	-117.5167	3141.86	-999	1.4233	60	B	2	50	
659913	659913	659913	44.9	-117.3917	3960.11	-999	1.32	60	B	2	50	
659918	659918	659918	44.9	-117.1833	4174.41	-999	1.7763	60	B	2	50	
659919	659919	659919	44.9	-117.1417	3029.53	-999	1.5606	60	B	2	50	
659920	659920	659920	44.9	-117.1	2761.55	-999	1.6006	60	B	2	50	
659921	659921	659921	44.9	-117.0583	2768.77	-999	1.5895	60	B	2	50	
659922	659922	659922	44.9	-117.0167	2732.15	-999	1.5429	60	B	2	50	
659923	659923	659923	44.9	-116.975	2823.1	-999	1.32	60	B	2	50	
659924	659924	659924	44.9	-116.9333	2876.9	-999	1.32	60	B	2	50	
661140	661140	661140	44.9417	-124.0167	60.37	-999	1.995	60	B	2	50	
661141	661141	661141	44.9417	-123.975	262.14	-999	1.9906	60	B	2	50	
661155	661155	661155	44.9417	-123.3917	1066.6	-999	2.1217	60	C	3	50	
661156	661156	661156	44.9417	-123.35	556.98	-999	2.16	60	C	3	50	
661157	661157	661157	44.9417	-123.3083	391.08	-999	2.1494	60	C	3	50	
661158	661158	661158	44.9417	-123.2667	252.51	-999	2.1021	60	C	3	50	
661159	661159	661159	44.9417	-123.225	205.93	-999	2.1871	60	B	2	50	
661160	661160	661160	44.9417	-123.1833	191.6	-999	2.2362	60	B	2	50	
661161	661161	661161	44.9417	-123.1417	377.3	-999	2.0179	60	B	2	50	
661162	661162	661162	44.9417	-123.1	442.37	-999	1.8839	60	B	2	50	
661163	661163	661163	44.9417	-123.0583	213.91	-999	1.8718	60	B	2	50	
661164	661164	661164	44.9417	-123.0167	172.68	-999	2.2333	60	B	2	50	
661165	661165	661165	44.9417	-122.975	207.57	-999	2.2776	60	B	2	50	
661166	661166	661166	44.9417	-122.9333	211.18	-999	2.278	60	B	2	50	
661167	661167	661167	44.9417	-122.8917	226.93	-999	2.2675	60	B	2	50	
661168	661168	661168	44.9417	-122.85	313.87	-999	2.0255	60	B	2	50	
661169	661169	661169	44.9417	-122.8083	492.02	-999	1.92	60	C	3	50	
661170	661170	661170	44.9417	-122.7667	674.87	-999	1.92	60	C	3	50	
661171	661171	661171	44.9417	-122.725	931.32	-999	1.9139	60	C	3	50	
661172	661172	661172	44.9417	-122.6833	1345.14	-999	1.807	60	C	3	50	
661173	661173	661173	44.9417	-122.6417	1463.47	-999	1.8	60	C	3	50	
661175	661175	661175	44.9417	-122.5583	1832.13	-999	1.4431	60	B	2	50	
661210	661210	661210	44.9417	-121.1	2079.66	-999	1.56	60	C	3	50	
661211	661211	661211	44.9417	-121.0583	1547.64	-999	1.56	60	C	3	50	
661213	661213	661213	44.9417	-120.975	3121.0	-999	1.92	60	B	2	50	
661214	661214	661214	44.9417	-120.9333	3159.06	-999	1.92	60	B	2	50	
661216	661216	661216	44.9417	-120.85	3100.92	-999	1.92	60	B	2	50	
661217	661217	661217	44.9417	-120.8083	3287.27	-999	1.92	60	B	2	50	
661219	661219	661219	44.9417	-120.725	3399.74	-999	1.56	60	C	3	50	
661220	661220	661220	44.9417	-120.6833	3244.75	-999	1.56	60	C	3	50	
661221	661221	661221	44.9417	-120.6417	3314.7	-999	1.56	60	C	3	50	
661223	661223	661223	44.9417	-120.5583	3038.45	-999	1.56	60	C	3	50	
661225	661225	661225	44.9417	-120.475	1516.67	-999	1.56	60	C	3	50	
661226	661226	661226	44.9417	-120.4333	2169.55	-999	1.56	60	C	3	50	
661230	661230	661230	44.9417	-120.2667	3838.19	-999	1.56	60	C	3	50	
661231	661231	661231	44.9417	-120.225	3591.34	-999	1.56	60	C	3	50	
661232	661232	661232	44.9417	-120.1833	3654.59	-999	1.5746	60	B	2	50	
661233	661233	661233	44.9417	-120.1417	3651.84	-999	1.8	60	B	2	50	
661234	661234	661234	44.9417	-120.1	3748.29	-999	1.8	60	B	2	50	
661236	661236	661236	44.9417	-120.0167	4333.86	-999	1.8	60	B	2	50	
661237	661237	661237	44.9417	-119.975	4312.34	-999	1.8	60	B	2	50	
661241	661241	661241	44.9417	-119.8083	3842.13	-999	1.6552	60	B	2	50	
661242	661242	661242	44.9417	-119.7667	3683.2	-999	1.8	60	B	2	50	
661243	661243	661243	44.9417	-119.725	3715.88	-999	1.8	60	B	2	50	
661248	661248	661248	44.9417	-119.5167	3402.76	-999	1.44	60	B	2	50	
661249	661249	661249	44.9417	-119.475	3142.39	-999	1.44	60	B	2	50	
661250	661250	661250	44.9417	-119.4333	2888.19	-999	1.3506	60	B	2	50	
661251	661251	661251	44.9417	-119.3917	3028.22	-999	1.2	60	B	2	50	
661254	661254	661254	44.9417	-119.2667	3010.89	-999	1.2	60	B	2	50	
661255	661255	661255	44.9417	-119.225	3489.63	-999	1.2	60	B	2	50	
661257	661257	661257	44.9417	-119.1417	3706.43	-999	1.2391	60	B	2	50	
661260	661260	661260	44.9417	-119.0167	4317.32	-999	1.44	60	B	2	50	
661261	661261	661261	44.9417	-118.975	3919.82	-999	1.44	60	B	2	50	
661262	661262	661262	44.9417	-118.9333	3872.44	-999	1.44	60	B	2	50	
661263	661263	661263	44.9417	-118.8917	4101.44	-999	2.04	60	B	2	50	
661264	661264	661264	44.9417	-118.85	3957.87	-999	2.04	60	B	2	50	
661266	661266	661266	44.9417	-118.7667	4961.02	-999	2.04	60	B	2	50	
661267	661267	661267	44.9417	-118.725	5136.22	-999	1.8122	60	B	2	50	
661271	661271	661271	44.9417	-118.5583	5847.38	-999	1.8	60	B	2	50	
661272	661272	661272	44.9417	-118.5167	5913.12	-999	1.8	60	B	2	50	
661273	661273	661273	44.9417	-118.475	5633.99	-999	1.8	60	B	2	50	
661274	661274	661274	44.9417	-118.4333	5478.48	-999	1.8	60	B	2	50	
661275	661275	661275	44.9417	-118.3917	5681.63	-999	1.8	60	B	2	50	
661282	661282	661282	44.9417	-118.1	5077.43	-999	1.32	60	A	1	50	
661283	661283	661283	44.9417	-118.0583	4151.44	-999	1.5391	60	B	2	50	
661284	661284	661284	44.9417	-118.0167	3564.3	-999	1.7047	60	B	2	50	
661285	661285	661285	44.9417	-117.975	3406.04	-999	1.854	60	B	2	50	
661286	661286	661286	44.9417	-117.9333	3346.72	-999	1.7104	60	B	2	50	
661287	661287	661287	44.9417	-117.8917	3396.33	-999	1.8058	60	B	2	50	
661288	661288	661288	44.9417	-117.85	3446.72	-999	1.7898	60	B	2	50	
661292	661292	661292	44.9417	-117.6833	3098.56	-999	1.32	60	B	2	50	
661293	661293	661293	44.9417	-117.6417	3181.63	-999	1.32	60	B	2	50	
661294	661294	661294	44.9417	-117.6	3437.27	-999	1.32	60	B	2	50	
661304	661304	661304	44.9417	-117.1833	4068.64	-999	1.6251	60	B	2	50	
661305	661305	661305	44.9417	-117.1417	3617.45	-999	1.5761	60	B	2	50	
661306	661306	661306	44.9417	-117.1	3486.75	-999	1.6972	60	B	2	50	
661307	661307	661307	44.9417	-117.0583	3367.85	-999	1.9599	60	B	2	50	
661308	661308	661308	44.9417	-117.0167	3310.89	-999	1.8391	60	B	2	50	
661312	661312	661312	44.9417	-116.85	2590.94	-999	1.32	60	B	2	50	
662527	662527	662527	44.9833	-123.975	219.93	-999	1.8912	60	B	2	50	
662538	662538	662538	44.9833	-123.5167	1331.91	-999	1.8	60	B	2	50	
662539	662539	662539	44.9833	-123.475	1176.07	-999	1.8573	60	B	2	50	
662540	662540	662540	44.9833	-123.4333	943.68	-999	2.1447	60	C	3	50	
662541	662541	662541	44.9833	-123.3917	768.37	-999	2.1277	60	C	3	50	
662542	662542	662542	44.9833	-123.35	490.49	-999	2.1104	60	C	3	50	
662543	662543	662543	44.9833	-123.3083	319.88	-999	2.1273	60	C	3	50	
662544	662544	662544	44.9833	-123.2667	263.78	-999	2.1239	60	C	3	50	
662545	662545	662545	44.9833	-123.225	275.81	-999	2.108	60	C	3	50	
662546	662546	662546	44.9833	-123.1833	294.84	-999	2.1305	60	B	2	50	
662547	662547	662547	44.9833	-123.1417	636.48	-999	1.9605	60	C	3	50	
662548	662548	662548	44.9833	-123.1	423.01	-999	2.1183	60	B	2	50	
662549	662549	662549	44.9833	-123.0583	175.96	-999	1.8385	60	B	2	50	
662550	662550	662550	44.9833	-123.0167	145.56	-999	1.9971	60	B	2	50	
662551	662551	662551	44.9833	-122.975	182.52	-999	2.2722	60	B	2	50	
662552	662552	662552	44.9833	-122.9333	193.24	-999	2.28	60	B	2	50	
662553	662553	662553	44.9833	-122.8917	204.72	-999	2.28	60	B	2	50	
662554	662554	662554	44.9833	-122.85	202.1	-999	2.2397	60	B	2	50	
662555	662555	662555	44.9833	-122.8083	288.5	-999	2.0556	60	B	2	50	
662556	662556	662556	44.9833	-122.7667	548.78	-999	1.92	60	C	3	50	
662557	662557	662557	44.9833	-122.725	810.15	-999	1.92	60	C	3	50	
662558	662558	662558	44.9833	-122.6833	1018.81	-999	1.8541	60	C	3	50	
662559	662559	662559	44.9833	-122.6417	1031.5	-999	1.8	60	C	3	50	
662560	662560	662560	44.9833	-122.6	1454.62	-999	1.8	60	C	3	50	
662561	662561	662561	44.9833	-122.5583	1399.28	-999	1.7581	60	C	3	50	
662600	662600	662600	44.9833	-120.9333	2984.51	-999	1.92	60	B	2	50	
662605	662605	662605	44.9833	-120.725	3308.01	-999	1.92	60	B	2	50	
662611	662611	662611	44.9833	-120.475	1589.5	-999	1.56	60	C	3	50	
662614	662614	662614	44.9833	-120.35	3537.4	-999	1.56	60	C	3	50	
662615	662615	662615	44.9833	-120.3083	3519.82	-999	1.56	60	C	3	50	
662616	662616	662616	44.9833	-120.2667	3693.18	-999	1.56	60	C	3	50	
662617	662617	662617	44.9833	-120.225	3076.25	-999	1.56	60	C	3	50	
662618	662618	662618	44.9833	-120.1833	3178.61	-999	1.56	60	C	3	50	
662619	662619	662619	44.9833	-120.1417	3357.22	-999	1.5841	60	B	2	50	
662620	662620	662620	44.9833	-120.1	3845.93	-999	1.6934	60	B	2	50	
662623	662623	662623	44.9833	-119.975	4273.36	-999	1.8248	60	B	2	50	
662624	662624	662624	44.9833	-119.9333	4460.76	-999	1.8838	60	B	2	50	
662625	662625	662625	44.9833	-119.8917	4351.57	-999	1.9511	60	B	2	50	
662640	662640	662640	44.9833	-119.2667	2709.32	-999	1.4105	60	B	2	50	
662641	662641	662641	44.9833	-119.225	3177.95	-999	1.2095	60	B	2	50	
662647	662647	662647	44.9833	-118.975	3454.99	-999	1.44	60	B	2	50	
662648	662648	662648	44.9833	-118.9333	3392.52	-999	1.4411	60	B	2	50	
662649	662649	662649	44.9833	-118.8917	3574.54	-999	2.04	60	B	2	50	
662656	662656	662656	44.9833	-118.6	5316.4	-999	1.8	60	B	2	50	
662657	662657	662657	44.9833	-118.5583	5421.39	-999	1.8	60	B	2	50	
662659	662659	662659	44.9833	-118.475	5631.36	-999	1.8	60	B	2	50	
662660	662660	662660	44.9833	-118.4333	5686.88	-999	1.8	60	B	2	50	
662669	662669	662669	44.9833	-118.0583	4058.14	-999	1.6572	60	B	2	50	
662670	662670	662670	44.9833	-118.0167	3511.68	-999	1.755	60	B	2	50	
662671	662671	662671	44.9833	-117.975	3391.99	-999	1.9134	60	B	2	50	
662672	662672	662672	44.9833	-117.9333	3393.44	-999	1.9022	60	B	2	50	
662673	662673	662673	44.9833	-117.8917	3293.44	-999	1.9685	60	B	2	50	
662674	662674	662674	44.9833	-117.85	3550.26	-999	1.3628	60	B	2	50	
662678	662678	662678	44.9833	-117.6833	3434.65	-999	1.32	60	B	2	50	
662679	662679	662679	44.9833	-117.6417	3221.92	-999	1.3192	60	B	2	50	
662680	662680	662680	44.9833	-117.6	3731.1	-999	1.1404	60	B	2	50	
662687	662687	662687	44.9833	-117.3083	5273.23	-999	2.04	60	B	2	50	
662698	662698	662698	44.9833	-116.85	2300.66	-999	1.32	60	B	2	50	
663913	663913	663913	45.025	-123.975	176.95	-999	1.68	60	B	2	50	
663914	663914	663914	45.025	-123.9333	275.92	-999	1.7916	60	B	2	50	
663915	663915	663915	45.025	-123.8917	536.64	-999	3.0	60	B	2	50	
663916	663916	663916	45.025	-123.85	620.3	-999	3.0	60	B	2	50	
663921	663921	663921	45.025	-123.6417	1031.39	-999	2.04	60	C	3	50	
663923	663923	663923	45.025	-123.5583	652.34	-999	2.0083	60	B	2	50	
663924	663924	663924	45.025	-123.5167	785.98	-999	1.9463	60	B	2	50	
663925	663925	663925	45.025	-123.475	638.67	-999	2.1242	60	B	2	50	
663926	663926	663926	45.025	-123.4333	465.99	-999	2.1549	60	C	3	50	
663927	663927	663927	45.025	-123.3917	469.05	-999	2.16	60	C	3	50	
663928	663928	663928	45.025	-123.35	300.96	-999	2.1829	60	B	2	50	
663929	663929	663929	45.025	-123.3083	243.99	-999	2.1878	60	B	2	50	
663930	663930	663930	45.025	-123.2667	241.14	-999	2.2124	60	B	2	50	
663931	663931	663931	45.025	-123.225	195.21	-999	2.264	60	B	2	50	
663932	663932	663932	45.025	-123.1833	264.33	-999	2.2166	60	B	2	50	
663933	663933	663933	45.025	-123.1417	437.66	-999	1.9958	60	B	2	50	
663934	663934	663934	45.025	-123.1	216.53	-999	2.1429	60	B	2	50	
663935	663935	663935	45.025	-123.0583	129.59	-999	1.8012	60	B	2	50	
663936	663936	663936	45.025	-123.0167	148.95	-999	1.9592	60	B	2	50	
663937	663937	663937	45.025	-122.975	170.71	-999	2.1152	60	B	2	50	
663938	663938	663938	45.025	-122.9333	166.78	-999	2.0658	60	B	2	50	
663939	663939	663939	45.025	-122.8917	181.98	-999	2.2145	60	B	2	50	
663940	663940	663940	45.025	-122.85	183.84	-999	2.1893	60	B	2	50	
663941	663941	663941	45.025	-122.8083	193.02	-999	2.06	60	B	2	50	
663942	663942	663942	45.025	-122.7667	267.83	-999	1.9818	60	B	2	50	
663943	663943	663943	45.025	-122.725	435.48	-999	1.9308	60	B	2	50	
663944	663944	663944	45.025	-122.6833	625.22	-999	1.8921	60	C	3	50	
663945	663945	663945	45.025	-122.6417	852.8	-999	1.8486	60	C	3	50	
663946	663946	663946	45.025	-122.6	960.74	-999	1.8145	60	C	3	50	
663947	663947	663947	45.025	-122.5583	1285.21	-999	1.7663	60	C	3	50	
663948	663948	663948	45.025	-122.5167	1643.59	-999	1.44	60	B	2	50	
663949	663949	663949	45.025	-122.475	1378.83	-999	1.44	60	B	2	50	
663985	663985	663985	45.025	-120.975	3051.31	-999	1.92	60	B	2	50	
663991	663991	663991	45.025	-120.725	3236.35	-999	1.92	60	B	2	50	
663992	663992	663992	45.025	-120.6833	3034.65	-999	1.92	60	B	2	50	
663997	663997	663997	45.025	-120.475	1589.5	-999	1.56	60	C	3	50	
664000	664000	664000	45.025	-120.35	2933.2	-999	1.5066	60	B	2	50	
664001	664001	664001	45.025	-120.3083	3103.81	-999	1.5287	60	B	2	50	
664002	664002	664002	45.025	-120.2667	3025.2	-999	1.5577	60	B	2	50	
664003	664003	664003	45.025	-120.225	3193.96	-999	1.56	60	B	2	50	
664004	664004	664004	45.025	-120.1833	3326.64	-999	1.56	60	B	2	50	
664005	664005	664005	45.025	-120.1417	3700.0	-999	1.5608	60	B	2	50	
664006	664006	664006	45.025	-120.1	3704.33	-999	1.5959	60	B	2	50	
664007	664007	664007	45.025	-120.0583	3735.56	-999	1.56	60	B	2	50	
664008	664008	664008	45.025	-120.0167	4034.65	-999	1.56	60	C	3	50	
664009	664009	664009	45.025	-119.975	4288.19	-999	1.8	60	B	2	50	
664010	664010	664010	45.025	-119.9333	4011.81	-999	1.8	60	B	2	50	
664014	664014	664014	45.025	-119.7667	4371.65	-999	1.8	60	B	2	50	
664015	664015	664015	45.025	-119.725	4281.23	-999	1.8	60	B	2	50	
664016	664016	664016	45.025	-119.6833	4292.13	-999	1.8	60	B	2	50	
664032	664032	664032	45.025	-119.0167	3579.79	-999	2.04	60	B	2	50	
664033	664033	664033	45.025	-118.975	3480.45	-999	2.04	60	B	2	50	
664036	664036	664036	45.025	-118.85	3723.36	-999	1.9548	60	B	2	50	
664037	664037	664037	45.025	-118.8083	3880.97	-999	2.04	60	B	2	50	
664039	664039	664039	45.025	-118.725	5199.08	-999	1.8	60	B	2	50	
664040	664040	664040	45.025	-118.6833	5355.12	-999	1.8	60	B	2	50	
664041	664041	664041	45.025	-118.6417	5250.66	-999	1.8	60	B	2	50	
664054	664054	664054	45.025	-118.1	4482.42	-999	2.0106	60	B	2	50	
664055	664055	664055	45.025	-118.0583	3794.88	-999	1.8101	60	B	2	50	
664056	664056	664056	45.025	-118.0167	3726.12	-999	1.8123	60	B	2	50	
664057	664057	664057	45.025	-117.975	3461.81	-999	1.8603	60	B	2	50	
664058	664058	664058	45.025	-117.9333	3319.03	-999	2.013	60	B	2	50	
664059	664059	664059	45.025	-117.8917	3270.34	-999	2.1185	60	B	2	50	
664060	664060	664060	45.025	-117.85	3549.48	-999	1.32	60	B	2	50	
664064	664064	664064	45.025	-117.6833	3687.8	-999	1.32	60	B	2	50	
664065	664065	664065	45.025	-117.6417	3604.33	-999	1.3145	60	B	2	50	
665300	665300	665300	45.0667	-123.9333	596.89	-999	3.0	60	B	2	50	
665301	665301	665301	45.0667	-123.8917	779.53	-999	3.0	60	B	2	50	
665306	665306	665306	45.0667	-123.6833	650.7	-999	2.04	60	C	3	50	
665307	665307	665307	45.0667	-123.6417	512.36	-999	1.9456	60	B	2	50	
665308	665308	665308	45.0667	-123.6	404.75	-999	1.9817	60	C	3	50	
665309	665309	665309	45.0667	-123.5583	441.05	-999	2.0435	60	C	3	50	
665310	665310	665310	45.0667	-123.5167	470.25	-999	2.0016	60	C	3	50	
665311	665311	665311	45.0667	-123.475	308.95	-999	2.1112	60	C	3	50	
665312	665312	665312	45.0667	-123.4333	322.18	-999	2.1829	60	B	2	50	
665313	665313	665313	45.0667	-123.3917	319.88	-999	2.1948	60	B	2	50	
665314	665314	665314	45.0667	-123.35	224.52	-999	2.1452	60	B	2	50	
665315	665315	665315	45.0667	-123.3083	175.96	-999	2.1511	60	B	2	50	
665316	665316	665316	45.0667	-123.2667	171.92	-999	2.2393	60	B	2	50	
665317	665317	665317	45.0667	-123.225	187.66	-999	2.28	60	B	2	50	
665318	665318	665318	45.0667	-123.1833	288.71	-999	2.2088	60	B	2	50	
665319	665319	665319	45.0667	-123.1417	771.87	-999	1.9947	60	C	3	50	
665320	665320	665320	45.0667	-123.1	373.03	-999	2.1072	60	B	2	50	
665321	665321	665321	45.0667	-123.0583	133.75	-999	1.9299	60	B	2	50	
665322	665322	665322	45.0667	-123.0167	120.19	-999	1.8282	60	B	2	50	
665323	665323	665323	45.0667	-122.975	168.63	-999	2.1836	60	B	2	50	
665324	665324	665324	45.0667	-122.9333	181.65	-999	2.1985	60	B	2	50	
665325	665325	665325	45.0667	-122.8917	167.87	-999	2.1831	60	B	2	50	
665326	665326	665326	45.0667	-122.85	158.14	-999	2.0676	60	B	2	50	
665327	665327	665327	45.0667	-122.8083	171.15	-999	2.1861	60	B	2	50	
665328	665328	665328	45.0667	-122.7667	229.88	-999	2.1761	60	B	2	50	
665329	665329	665329	45.0667	-122.725	268.81	-999	2.1201	60	B	2	50	
665330	665330	665330	45.0667	-122.6833	332.79	-999	2.1839	60	B	2	50	
665331	665331	665331	45.0667	-122.6417	549.21	-999	1.9554	60	C	3	50	
665332	665332	665332	45.0667	-122.6	797.14	-999	1.8886	60	C	3	50	
665333	665333	665333	45.0667	-122.5583	1049.1	-999	1.9163	60	C	3	50	
665334	665334	665334	45.0667	-122.5167	1279.42	-999	1.8101	60	B	2	50	
665335	665335	665335	45.0667	-122.475	1028.76	-999	1.8	60	B	2	50	
665363	665363	665363	45.0667	-121.3083	2822.7	-999	1.7044	60	B	2	50	
665364	665364	665364	45.0667	-121.2667	2579.92	-999	1.8	60	B	2	50	
665373	665373	665373	45.0667	-120.8917	2582.55	-999	1.9004	60	B	2	50	
665374	665374	665374	45.0667	-120.85	2820.6	-999	1.92	60	B	2	50	
665375	665375	665375	45.0667	-120.8083	3132.55	-999	1.92	60	B	2	50	
665377	665377	665377	45.0667	-120.725	2890.29	-999	1.7945	60	B	2	50	
665378	665378	665378	45.0667	-120.6833	2940.16	-999	1.92	60	B	2	50	
665382	665382	665382	45.0667	-120.5167	2333.86	-999	1.44	60	B	2	50	
665383	665383	665383	45.0667	-120.475	1721.13	-999	1.5201	60	B	2	50	
665384	665384	665384	45.0667	-120.4333	2446.06	-999	2.04	60	B	2	50	
665385	665385	665385	45.0667	-120.3917	2422.57	-999	1.9301	60	B	2	50	
665386	665386	665386	45.0667	-120.35	2490.16	-999	1.8893	60	B	2	50	
665387	665387	665387	45.0667	-120.3083	2593.31	-999	1.8307	60	B	2	50	
665388	665388	665388	45.0667	-120.2667	2801.71	-999	1.8746	60	B	2	50	
665389	665389	665389	45.0667	-120.225	3073.1	-999	1.9383	60	B	2	50	
665390	665390	665390	45.0667	-120.1833	3233.07	-999	1.8801	60	B	2	50	
665391	665391	665391	45.0667	-120.1417	3433.33	-999	1.8934	60	B	2	50	
665392	665392	665392	45.0667	-120.1	3465.88	-999	1.6139	60	B	2	50	
665393	665393	665393	45.0667	-120.0583	3522.18	-999	1.5654	60	B	2	50	
665394	665394	665394	45.0667	-120.0167	4021.92	-999	1.56	60	B	2	50	
665395	665395	665395	45.0667	-119.975	3858.79	-999	1.56	60	B	2	50	
665397	665397	665397	45.0667	-119.8917	3568.24	-999	1.5741	60	B	2	50	
665398	665398	665398	45.0667	-119.85	3338.06	-999	1.56	60	C	3	50	
665400	665400	665400	45.0667	-119.7667	4102.23	-999	1.7995	60	B	2	50	
665401	665401	665401	45.0667	-119.725	4235.04	-999	1.8	60	B	2	50	
665402	665402	665402	45.0667	-119.6833	4250.66	-999	1.8	60	B	2	50	
665405	665405	665405	45.0667	-119.5583	3952.23	-999	1.6124	60	B	2	50	
665424	665424	665424	45.0667	-118.7667	4846.19	-999	2.04	60	B	2	50	
665442	665442	665442	45.0667	-118.0167	3858.53	-999	2.0131	60	B	2	50	
665443	665443	665443	45.0667	-117.975	3536.35	-999	1.9273	60	B	2	50	
665444	665444	665444	45.0667	-117.9333	3380.58	-999	1.8521	60	B	2	50	
665445	665445	665445	45.0667	-117.8917	3356.17	-999	1.6142	60	B	2	50	
665446	665446	665446	45.0667	-117.85	3382.81	-999	1.683	60	B	2	50	
665447	665447	665447	45.0667	-117.8083	3579.4	-999	1.6011	60	B	2	50	
665450	665450	665450	45.0667	-117.6833	4621.52	-999	1.5232	60	B	2	50	
665451	665451	665451	45.0667	-117.6417	4160.5	-999	1.3599	60	B	2	50	
666685	666685	666685	45.1083	-123.975	168.53	-999	2.178	60	B	2	50	
666688	666688	666688	45.1083	-123.85	701.88	-999	3.0	60	B	2	50	
666691	666691	666691	45.1083	-123.725	800.52	-999	1.8	60	B	2	50	
666692	666692	666692	45.1083	-123.6833	698.38	-999	2.0253	60	C	3	50	
666693	666693	666693	45.1083	-123.6417	650.26	-999	1.9937	60	C	3	50	
666694	666694	666694	45.1083	-123.6	796.81	-999	2.036	60	C	3	50	
666696	666696	666696	45.1083	-123.5167	461.72	-999	1.9841	60	C	3	50	
666697	666697	666697	45.1083	-123.475	437.44	-999	2.0706	60	C	3	50	
666698	666698	666698	45.1083	-123.4333	402.89	-999	2.0584	60	C	3	50	
666699	666699	666699	45.1083	-123.3917	415.68	-999	2.0699	60	C	3	50	
666700	666700	666700	45.1083	-123.35	272.31	-999	2.1575	60	B	2	50	
666701	666701	666701	45.1083	-123.3083	193.9	-999	2.1091	60	B	2	50	
666702	666702	666702	45.1083	-123.2667	156.39	-999	2.0505	60	B	2	50	
666703	666703	666703	45.1083	-123.225	159.23	-999	2.274	60	B	2	50	
666704	666704	666704	45.1083	-123.1833	266.3	-999	2.1954	60	B	2	50	
666705	666705	666705	45.1083	-123.1417	536.42	-999	1.9963	60	C	3	50	
666706	666706	666706	45.1083	-123.1	227.36	-999	2.1548	60	B	2	50	
666707	666707	666707	45.1083	-123.0583	138.45	-999	2.1235	60	B	2	50	
666708	666708	666708	45.1083	-123.0167	108.16	-999	1.8882	60	B	2	50	
666709	666709	666709	45.1083	-122.975	157.81	-999	2.2352	60	B	2	50	
666710	666710	666710	45.1083	-122.9333	184.82	-999	2.1931	60	B	2	50	
666711	666711	666711	45.1083	-122.8917	182.31	-999	2.2104	60	B	2	50	
666712	666712	666712	45.1083	-122.85	166.88	-999	2.1818	60	B	2	50	
666713	666713	666713	45.1083	-122.8083	160.43	-999	2.1582	60	B	2	50	
666714	666714	666714	45.1083	-122.7667	180.23	-999	2.1383	60	B	2	50	
666715	666715	666715	45.1083	-122.725	207.79	-999	2.2179	60	B	2	50	
666716	666716	666716	45.1083	-122.6833	203.96	-999	2.28	60	B	2	50	
666717	666717	666717	45.1083	-122.6417	250.44	-999	2.2798	60	B	2	50	
666718	666718	666718	45.1083	-122.6	408.46	-999	2.2713	60	B	2	50	
666719	666719	666719	45.1083	-122.5583	596.57	-999	2.1698	60	B	2	50	
666720	666720	666720	45.1083	-122.5167	627.4	-999	1.8342	60	B	2	50	
666721	666721	666721	45.1083	-122.475	1024.06	-999	1.5832	60	B	2	50	
666722	666722	666722	45.1083	-122.4333	1335.3	-999	1.44	60	B	2	50	
666747	666747	666747	45.1083	-121.3917	2628.48	-999	1.92	60	B	2	50	
666748	666748	666748	45.1083	-121.35	2298.16	-999	1.8276	60	B	2	50	
666749	666749	666749	45.1083	-121.3083	2144.09	-999	1.7959	60	B	2	50	
666750	666750	666750	45.1083	-121.2667	2069.69	-999	1.8	60	B	2	50	
666751	666751	666751	45.1083	-121.225	1993.04	-999	1.7918	60	B	2	50	
666752	666752	666752	45.1083	-121.1833	1897.24	-999	1.7893	60	B	2	50	
666753	666753	666753	45.1083	-121.1417	1615.62	-999	1.7957	60	B	2	50	
666758	666758	666758	45.1083	-120.9333	2242.39	-999	1.9186	60	B	2	50	
666759	666759	666759	45.1083	-120.8917	2341.86	-999	1.9076	60	B	2	50	
666760	666760	666760	45.1083	-120.85	2542.26	-999	1.9097	60	B	2	50	
666761	666761	666761	45.1083	-120.8083	2703.15	-999	1.92	60	B	2	50	
666762	666762	666762	45.1083	-120.7667	2751.18	-999	1.92	60	B	2	50	
666763	666763	666763	45.1083	-120.725	2671.52	-999	1.9043	60	B	2	50	
666764	666764	666764	45.1083	-120.6833	2711.55	-999	1.9164	60	B	2	50	
666765	666765	666765	45.1083	-120.6417	2744.36	-999	1.92	60	B	2	50	
666766	666766	666766	45.1083	-120.6	2479.13	-999	1.92	60	B	2	50	
666768	666768	666768	45.1083	-120.5167	2379.53	-999	1.44	60	B	2	50	
666771	666771	666771	45.1083	-120.3917	2725.72	-999	2.027	60	B	2	50	
666772	666772	666772	45.1083	-120.35	2738.19	-999	2.0207	60	B	2	50	
666773	666773	666773	45.1083	-120.3083	2712.07	-999	2.0393	60	B	2	50	
666774	666774	666774	45.1083	-120.2667	2655.91	-999	2.0304	60	B	2	50	
666775	666775	666775	45.1083	-120.225	2745.41	-999	2.04	60	B	2	50	
666776	666776	666776	45.1083	-120.1833	2823.49	-999	1.9068	60	B	2	50	
666777	666777	666777	45.1083	-120.1417	2911.68	-999	1.9919	60	B	2	50	
666778	666778	666778	45.1083	-120.1	3027.3	-999	2.0055	60	B	2	50	
666779	666779	666779	45.1083	-120.0583	3318.5	-999	1.9725	60	B	2	50	
666780	666780	666780	45.1083	-120.0167	3559.32	-999	1.56	60	B	2	50	
666781	666781	666781	45.1083	-119.975	3626.12	-999	1.56	60	B	2	50	
666782	666782	666782	45.1083	-119.9333	3693.83	-999	1.56	60	B	2	50	
666783	666783	666783	45.1083	-119.8917	3125.33	-999	1.56	60	B	2	50	
666784	666784	666784	45.1083	-119.85	3674.67	-999	1.56	60	B	2	50	
666785	666785	666785	45.1083	-119.8083	3751.18	-999	1.56	60	B	2	50	
666787	666787	666787	45.1083	-119.725	3822.97	-999	1.56	60	B	2	50	
666788	666788	666788	45.1083	-119.6833	4025.2	-999	1.583	60	B	2	50	
666789	666789	666789	45.1083	-119.6417	3854.33	-999	1.5633	60	B	2	50	
666790	666790	666790	45.1083	-119.6	3881.5	-999	1.8	60	B	2	50	
666795	666795	666795	45.1083	-119.3917	4842.26	-999	1.9012	60	B	2	50	
666796	666796	666796	45.1083	-119.35	4788.32	-999	1.9126	60	B	2	50	
666797	666797	666797	45.1083	-119.3083	4872.7	-999	1.8142	60	B	2	50	
666806	666806	666806	45.1083	-118.9333	3782.81	-999	1.8	60	B	2	50	
666807	666807	666807	45.1083	-118.8917	3828.87	-999	1.8	60	B	2	50	
666808	666808	666808	45.1083	-118.85	3913.39	-999	1.8243	60	B	2	50	
666809	666809	666809	45.1083	-118.8083	4038.06	-999	1.9209	60	B	2	50	
666829	666829	666829	45.1083	-117.975	3628.35	-999	1.8	60	B	2	50	
666830	666830	666830	45.1083	-117.9333	3418.9	-999	1.7951	60	B	2	50	
666831	666831	666831	45.1083	-117.8917	3550.66	-999	1.333	60	B	2	50	
666832	666832	666832	45.1083	-117.85	3625.98	-999	1.65	60	B	2	50	
666833	666833	666833	45.1083	-117.8083	3724.41	-999	1.7552	60	B	2	50	
666835	666835	666835	45.1083	-117.725	4457.87	-999	2.04	60	B	2	50	
668071	668071	668071	45.15	-123.975	69.01	-999	3.0	60	B	2	50	
668072	668072	668072	45.15	-123.9333	248.47	-999	1.7226	60	B	2	50	
668073	668073	668073	45.15	-123.8917	423.88	-999	1.68	60	B	2	50	
668082	668082	668082	45.15	-123.5167	716.64	-999	1.9212	60	C	3	50	
668083	668083	668083	45.15	-123.475	677.16	-999	1.9459	60	C	3	50	
668084	668084	668084	45.15	-123.4333	819.88	-999	1.92	60	C	3	50	
668085	668085	668085	45.15	-123.3917	558.95	-999	2.0263	60	C	3	50	
668086	668086	668086	45.15	-123.35	570.87	-999	2.1292	60	C	3	50	
668087	668087	668087	45.15	-123.3083	368.66	-999	2.189	60	B	2	50	
668088	668088	668088	45.15	-123.2667	198.27	-999	2.0843	60	B	2	50	
668089	668089	668089	45.15	-123.225	144.14	-999	2.1741	60	B	2	50	
668090	668090	668090	45.15	-123.1833	232.28	-999	2.214	60	B	2	50	
668091	668091	668091	45.15	-123.1417	265.53	-999	2.0915	60	B	2	50	
668092	668092	668092	45.15	-123.1	179.35	-999	2.2074	60	B	2	50	
668093	668093	668093	45.15	-123.0583	143.26	-999	2.1075	60	B	2	50	
668094	668094	668094	45.15	-123.0167	118.44	-999	1.9866	60	B	2	50	
668095	668095	668095	45.15	-122.975	167.21	-999	2.2214	60	B	2	50	
668096	668096	668096	45.15	-122.9333	170.71	-999	2.2103	60	B	2	50	
668097	668097	668097	45.15	-122.8917	181.32	-999	2.1659	60	B	2	50	
668098	668098	668098	45.15	-122.85	181.32	-999	2.2427	60	B	2	50	
668099	668099	668099	45.15	-122.8083	161.09	-999	2.1673	60	B	2	50	
668100	668100	668100	45.15	-122.7667	161.09	-999	2.0622	60	B	2	50	
668101	668101	668101	45.15	-122.725	176.4	-999	2.28	60	B	2	50	
668102	668102	668102	45.15	-122.6833	212.6	-999	2.28	60	B	2	50	
668103	668103	668103	45.15	-122.6417	261.81	-999	2.28	60	B	2	50	
668104	668104	668104	45.15	-122.6	332.68	-999	2.28	60	B	2	50	
668105	668105	668105	45.15	-122.5583	374.02	-999	2.1304	60	B	2	50	
668106	668106	668106	45.15	-122.5167	475.07	-999	1.8209	60	B	2	50	
668107	668107	668107	45.15	-122.475	661.53	-999	1.8816	60	C	3	50	
668108	668108	668108	45.15	-122.4333	955.82	-999	1.8594	60	C	3	50	
668109	668109	668109	45.15	-122.3917	1274.61	-999	1.7571	60	C	3	50	
668133	668133	668133	45.15	-121.3917	2333.6	-999	1.8531	60	B	2	50	
668134	668134	668134	45.15	-121.35	2148.43	-999	1.8107	60	B	2	50	
668135	668135	668135	45.15	-121.3083	2006.56	-999	1.8079	60	B	2	50	
668136	668136	668136	45.15	-121.2667	1952.89	-999	1.8	60	B	2	50	
668137	668137	668137	45.15	-121.225	1918.11	-999	1.8	60	B	2	50	
668138	668138	668138	45.15	-121.1833	1855.25	-999	1.8	60	B	2	50	
668139	668139	668139	45.15	-121.1417	1710.76	-999	1.7757	60	B	2	50	
668140	668140	668140	45.15	-121.1	1358.92	-999	1.7987	60	B	2	50	
668144	668144	668144	45.15	-120.9333	2105.38	-999	1.92	60	B	2	50	
668145	668145	668145	45.15	-120.8917	2329.79	-999	1.92	60	B	2	50	
668146	668146	668146	45.15	-120.85	2406.04	-999	1.92	60	B	2	50	
668147	668147	668147	45.15	-120.8083	2391.6	-999	1.92	60	B	2	50	
668148	668148	668148	45.15	-120.7667	2477.03	-999	1.9168	60	B	2	50	
668149	668149	668149	45.15	-120.725	2581.36	-999	1.92	60	B	2	50	
668150	668150	668150	45.15	-120.6833	2634.91	-999	1.92	60	B	2	50	
668151	668151	668151	45.15	-120.6417	2597.24	-999	1.9083	60	B	2	50	
668152	668152	668152	45.15	-120.6	2397.11	-999	1.8917	60	B	2	50	
668155	668155	668155	45.15	-120.475	1590.55	-999	1.44	60	B	2	50	
668156	668156	668156	45.15	-120.4333	1669.82	-999	1.44	60	B	2	50	
668157	668157	668157	45.15	-120.3917	2346.33	-999	2.0108	60	B	2	50	
668158	668158	668158	45.15	-120.35	2620.21	-999	2.04	60	B	2	50	
668159	668159	668159	45.15	-120.3083	2287.01	-999	1.9423	60	B	2	50	
668160	668160	668160	45.15	-120.2667	2499.61	-999	1.9879	60	B	2	50	
668161	668161	668161	45.15	-120.225	2425.33	-999	1.8357	60	B	2	50	
668162	668162	668162	45.15	-120.1833	2517.85	-999	1.9459	60	B	2	50	
668163	668163	668163	45.15	-120.1417	2589.11	-999	1.9644	60	B	2	50	
668164	668164	668164	45.15	-120.1	2770.6	-999	1.9236	60	B	2	50	
668165	668165	668165	45.15	-120.0583	2974.54	-999	1.7454	60	B	2	50	
668166	668166	668166	45.15	-120.0167	3223.1	-999	1.5164	60	B	2	50	
668167	668167	668167	45.15	-119.975	3297.64	-999	1.5572	60	B	2	50	
668168	668168	668168	45.15	-119.9333	3021.78	-999	1.56	60	B	2	50	
668170	668170	668170	45.15	-119.85	3344.88	-999	1.56	60	B	2	50	
668171	668171	668171	45.15	-119.8083	3221.26	-999	1.56	60	B	2	50	
668172	668172	668172	45.15	-119.7667	3294.09	-999	1.56	60	B	2	50	
668173	668173	668173	45.15	-119.725	3399.87	-999	1.7979	60	B	2	50	
668174	668174	668174	45.15	-119.6833	3551.05	-999	1.5702	60	B	2	50	
668175	668175	668175	45.15	-119.6417	3666.8	-999	1.56	60	B	2	50	
668176	668176	668176	45.15	-119.6	3762.86	-999	1.56	60	B	2	50	
668182	668182	668182	45.15	-119.35	4884.78	-999	1.8	60	B	2	50	
668183	668183	668183	45.15	-119.3083	5038.85	-999	1.8426	60	B	2	50	
668184	668184	668184	45.15	-119.2667	5165.88	-999	1.8	60	B	2	50	
668185	668185	668185	45.15	-119.225	5151.84	-999	1.8	60	B	2	50	
668186	668186	668186	45.15	-119.1833	5025.85	-999	1.8	60	B	2	50	
668191	668191	668191	45.15	-118.975	3617.59	-999	1.9605	60	B	2	50	
668192	668192	668192	45.15	-118.9333	3371.39	-999	1.8367	60	B	2	50	
668193	668193	668193	45.15	-118.8917	3507.61	-999	1.8	60	B	2	50	
668195	668195	668195	45.15	-118.8083	3815.09	-999	1.8	60	B	2	50	
668197	668197	668197	45.15	-118.725	4419.16	-999	2.04	60	B	2	50	
668198	668198	668198	45.15	-118.6833	4492.0	-999	2.04	60	B	2	50	
668199	668199	668199	45.15	-118.6417	4628.48	-999	2.04	60	B	2	50	
668215	668215	668215	45.15	-117.975	3784.12	-999	1.6054	60	B	2	50	
668216	668216	668216	45.15	-117.9333	3988.58	-999	1.32	60	B	2	50	
668217	668217	668217	45.15	-117.8917	4087.14	-999	1.32	60	B	2	50	
668218	668218	668218	45.15	-117.85	3446.72	-999	1.32	60	B	2	50	
668219	668219	668219	45.15	-117.8083	3956.04	-999	1.4819	60	B	2	50	
668220	668220	668220	45.15	-117.7667	3948.95	-999	1.5922	60	B	2	50	
668221	668221	668221	45.15	-117.725	3690.95	-999	1.9983	60	B	2	50	
668222	668222	668222	45.15	-117.6833	4181.5	-999	2.04	60	B	2	50	
669458	669458	669458	45.1917	-123.9333	100.83	-999	1.6991	60	B	2	50	
669459	669459	669459	45.1917	-123.8917	297.13	-999	1.68	60	B	2	50	
669460	669460	669460	45.1917	-123.85	822.51	-999	1.7724	60	B	2	50	
669468	669468	669468	45.1917	-123.5167	1164.48	-999	1.8108	60	B	2	50	
669470	669470	669470	45.1917	-123.4333	953.3	-999	1.92	60	C	3	50	
669471	669471	669471	45.1917	-123.3917	713.36	-999	2.0062	60	C	3	50	
669472	669472	669472	45.1917	-123.35	676.73	-999	2.038	60	B	2	50	
669473	669473	669473	45.1917	-123.3083	576.99	-999	2.0786	60	B	2	50	
669474	669474	669474	45.1917	-123.2667	342.63	-999	2.05	60	B	2	50	
669475	669475	669475	45.1917	-123.225	167.0	-999	2.2179	60	B	2	50	
669476	669476	669476	45.1917	-123.1833	140.09	-999	2.0218	60	B	2	50	
669477	669477	669477	45.1917	-123.1417	143.15	-999	2.1771	60	B	2	50	
669478	669478	669478	45.1917	-123.1	152.67	-999	2.2134	60	B	2	50	
669479	669479	669479	45.1917	-123.0583	148.51	-999	2.1882	60	B	2	50	
669480	669480	669480	45.1917	-123.0167	108.7	-999	1.9404	60	B	2	50	
669481	669481	669481	45.1917	-122.975	167.54	-999	2.2025	60	B	2	50	
669482	669482	669482	45.1917	-122.9333	166.23	-999	2.2417	60	B	2	50	
669483	669483	669483	45.1917	-122.8917	172.46	-999	2.2467	60	B	2	50	
669484	669484	669484	45.1917	-122.85	179.03	-999	2.24	60	B	2	50	
669485	669485	669485	45.1917	-122.8083	177.06	-999	2.28	60	B	2	50	
669486	669486	669486	45.1917	-122.7667	149.28	-999	2.1246	60	B	2	50	
669487	669487	669487	45.1917	-122.725	153.76	-999	2.1456	60	B	2	50	
669488	669488	669488	45.1917	-122.6833	194.12	-999	2.28	60	B	2	50	
669489	669489	669489	45.1917	-122.6417	238.19	-999	2.2776	60	B	2	50	
669490	669490	669490	45.1917	-122.6	254.7	-999	2.0197	60	B	2	50	
669491	669491	669491	45.1917	-122.5583	329.72	-999	1.8162	60	B	2	50	
669492	669492	669492	45.1917	-122.5167	478.68	-999	1.8665	60	B	2	50	
669493	669493	669493	45.1917	-122.475	708.11	-999	1.92	60	C	3	50	
669494	669494	669494	45.1917	-122.4333	824.25	-999	1.8838	60	C	3	50	
669495	669495	669495	45.1917	-122.3917	962.6	-999	1.8147	60	C	3	50	
669496	669496	669496	45.1917	-122.35	1212.93	-999	1.8	60	C	3	50	
669520	669520	669520	45.1917	-121.35	2119.82	-999	1.913	60	B	2	50	
669521	669521	669521	45.1917	-121.3083	1969.03	-999	1.8208	60	B	2	50	
669522	669522	669522	45.1917	-121.2667	1800.66	-999	1.8058	60	B	2	50	
669523	669523	669523	45.1917	-121.225	1708.79	-999	1.8145	60	B	2	50	
669524	669524	669524	45.1917	-121.1833	1737.93	-999	1.8017	60	B	2	50	
669525	669525	669525	45.1917	-121.1417	1740.55	-999	1.8	60	B	2	50	
669526	669526	669526	45.1917	-121.1	1652.62	-999	1.7958	60	B	2	50	
669528	669528	669528	45.1917	-121.0167	1765.88	-999	1.9199	60	B	2	50	
669529	669529	669529	45.1917	-120.975	1799.21	-999	1.9195	60	B	2	50	
669530	669530	669530	45.1917	-120.9333	1923.88	-999	1.92	60	B	2	50	
669531	669531	669531	45.1917	-120.8917	2032.02	-999	1.8713	60	B	2	50	
669532	669532	669532	45.1917	-120.85	2108.66	-999	1.9097	60	B	2	50	
669533	669533	669533	45.1917	-120.8083	2252.49	-999	1.877	60	B	2	50	
669534	669534	669534	45.1917	-120.7667	2508.53	-999	1.92	60	B	2	50	
669535	669535	669535	45.1917	-120.725	2622.97	-999	1.92	60	B	2	50	
669536	669536	669536	45.1917	-120.6833	2674.15	-999	1.92	60	B	2	50	
669537	669537	669537	45.1917	-120.6417	2599.61	-999	1.9188	60	B	2	50	
669538	669538	669538	45.1917	-120.6	2572.83	-999	1.9168	60	B	2	50	
669539	669539	669539	45.1917	-120.5583	2327.69	-999	1.9076	60	B	2	50	
669542	669542	669542	45.1917	-120.4333	2172.18	-999	1.44	60	B	2	50	
669543	669543	669543	45.1917	-120.3917	2121.0	-999	1.44	60	B	2	50	
669544	669544	669544	45.1917	-120.35	2371.92	-999	1.44	60	B	2	50	
669546	669546	669546	45.1917	-120.2667	2628.22	-999	1.8731	60	B	2	50	
669547	669547	669547	45.1917	-120.225	2643.44	-999	1.9003	60	B	2	50	
669548	669548	669548	45.1917	-120.1833	2560.1	-999	1.8723	60	B	2	50	
669549	669549	669549	45.1917	-120.1417	2659.71	-999	1.8614	60	B	2	50	
669550	669550	669550	45.1917	-120.1	2679.92	-999	1.739	60	B	2	50	
669551	669551	669551	45.1917	-120.0583	2874.41	-999	1.5591	60	B	2	50	
669552	669552	669552	45.1917	-120.0167	3005.91	-999	1.7889	60	B	2	50	
669553	669553	669553	45.1917	-119.975	2757.22	-999	1.44	60	B	2	50	
669554	669554	669554	45.1917	-119.9333	2611.42	-999	1.44	60	B	2	50	
669555	669555	669555	45.1917	-119.8917	2814.3	-999	1.44	60	B	2	50	
669556	669556	669556	45.1917	-119.85	2857.74	-999	1.4426	60	B	2	50	
669557	669557	669557	45.1917	-119.8083	2950.26	-999	1.4664	60	B	2	50	
669558	669558	669558	45.1917	-119.7667	3178.08	-999	2.0013	60	B	2	50	
669559	669559	669559	45.1917	-119.725	3284.65	-999	2.006	60	B	2	50	
669560	669560	669560	45.1917	-119.6833	3341.99	-999	1.5662	60	B	2	50	
669561	669561	669561	45.1917	-119.6417	3483.6	-999	1.56	60	B	2	50	
669562	669562	669562	45.1917	-119.6	3456.04	-999	1.56	60	B	2	50	
669563	669563	669563	45.1917	-119.5583	3292.65	-999	1.56	60	B	2	50	
669564	669564	669564	45.1917	-119.5167	3343.57	-999	1.56	60	B	2	50	
669565	669565	669565	45.1917	-119.475	3520.21	-999	1.56	60	B	2	50	
669571	669571	669571	45.1917	-119.225	5045.41	-999	1.8	60	B	2	50	
669572	669572	669572	45.1917	-119.1833	5074.28	-999	1.8	60	B	2	50	
669577	669577	669577	45.1917	-118.975	3762.73	-999	1.9915	60	B	2	50	
669578	669578	669578	45.1917	-118.9333	3575.85	-999	1.8331	60	B	2	50	
669579	669579	669579	45.1917	-118.8917	3650.53	-999	1.8	60	B	2	50	
669580	669580	669580	45.1917	-118.85	3868.64	-999	1.8	60	B	2	50	
669583	669583	669583	45.1917	-118.725	4395.54	-999	2.04	60	B	2	50	
669584	669584	669584	45.1917	-118.6833	4467.85	-999	2.04	60	B	2	50	
669586	669586	669586	45.1917	-118.6	4565.09	-999	2.04	60	B	2	50	
669597	669597	669597	45.1917	-118.1417	5167.19	-999	2.04	60	B	2	50	
669598	669598	669598	45.1917	-118.1	4850.0	-999	1.8538	60	B	2	50	
669600	669600	669600	45.1917	-118.0167	3858.14	-999	1.32	60	B	2	50	
669601	669601	669601	45.1917	-117.975	3961.02	-999	1.32	60	B	2	50	
669602	669602	669602	45.1917	-117.9333	4377.17	-999	1.7272	60	B	2	50	
669603	669603	669603	45.1917	-117.8917	3215.22	-999	1.9781	60	B	2	50	
669604	669604	669604	45.1917	-117.85	3052.89	-999	1.9356	60	B	2	50	
669605	669605	669605	45.1917	-117.8083	3226.25	-999	1.7486	60	B	2	50	
669606	669606	669606	45.1917	-117.7667	3587.66	-999	1.3298	60	B	2	50	
669628	669628	669628	45.1917	-116.85	4765.88	-999	2.04	60	B	2	50	
670843	670843	670843	45.2333	-123.975	64.63	-999	1.68	60	B	2	50	
670844	670844	670844	45.2333	-123.9333	570.32	-999	1.7431	60	B	2	50	
670845	670845	670845	45.2333	-123.8917	544.95	-999	1.7172	60	B	2	50	
670846	670846	670846	45.2333	-123.85	362.2	-999	1.7287	60	B	2	50	
670850	670850	670850	45.2333	-123.6833	1190.07	-999	1.8	60	B	2	50	
670851	670851	670851	45.2333	-123.6417	933.07	-999	1.8	60	B	2	50	
670858	670858	670858	45.2333	-123.35	1147.64	-999	1.92	60	C	3	50	
670859	670859	670859	45.2333	-123.3083	717.52	-999	1.92	60	C	3	50	
670860	670860	670860	45.2333	-123.2667	434.93	-999	1.9932	60	B	2	50	
670861	670861	670861	45.2333	-123.225	225.18	-999	2.1933	60	B	2	50	
670862	670862	670862	45.2333	-123.1833	148.62	-999	2.0669	60	B	2	50	
670863	670863	670863	45.2333	-123.1417	140.64	-999	2.1685	60	B	2	50	
670864	670864	670864	45.2333	-123.1	160.0	-999	2.2796	60	B	2	50	
670865	670865	670865	45.2333	-123.0583	203.74	-999	2.2258	60	B	2	50	
670866	670866	670866	45.2333	-123.0167	122.81	-999	1.9878	60	B	2	50	
670867	670867	670867	45.2333	-122.975	137.79	-999	2.038	60	B	2	50	
670868	670868	670868	45.2333	-122.9333	166.01	-999	2.208	60	B	2	50	
670869	670869	670869	45.2333	-122.8917	147.42	-999	2.1835	60	B	2	50	
670870	670870	670870	45.2333	-122.85	174.98	-999	2.2612	60	B	2	50	
670871	670871	670871	45.2333	-122.8083	181.87	-999	2.2362	60	B	2	50	
670872	670872	670872	45.2333	-122.7667	157.92	-999	2.2273	60	B	2	50	
670873	670873	670873	45.2333	-122.725	132.66	-999	1.8885	60	B	2	50	
670874	670874	670874	45.2333	-122.6833	158.25	-999	1.9876	60	B	2	50	
670875	670875	670875	45.2333	-122.6417	200.68	-999	2.0219	60	B	2	50	
670876	670876	670876	45.2333	-122.6	313.32	-999	1.8515	60	B	2	50	
670877	670877	670877	45.2333	-122.5583	425.75	-999	1.8908	60	B	2	50	
670878	670878	670878	45.2333	-122.5167	616.91	-999	1.92	60	C	3	50	
670879	670879	670879	45.2333	-122.475	867.13	-999	1.92	60	C	3	50	
670880	670880	670880	45.2333	-122.4333	1168.09	-999	1.92	60	C	3	50	
670881	670881	670881	45.2333	-122.3917	1073.82	-999	1.8745	60	C	3	50	
670882	670882	670882	45.2333	-122.35	969.16	-999	1.8	60	C	3	50	
670883	670883	670883	45.2333	-122.3083	1132.81	-999	1.8	60	C	3	50	
670886	670886	670886	45.2333	-122.1833	1836.48	-999	1.6779	60	B	2	50	
670905	670905	670905	45.2333	-121.3917	2436.48	-999	2.04	60	B	2	50	
670906	670906	670906	45.2333	-121.35	2194.75	-999	1.9417	60	B	2	50	
670907	670907	670907	45.2333	-121.3083	1965.88	-999	1.8566	60	B	2	50	
670908	670908	670908	45.2333	-121.2667	1790.42	-999	1.8882	60	B	2	50	
670909	670909	670909	45.2333	-121.225	1677.3	-999	1.8166	60	B	2	50	
670910	670910	670910	45.2333	-121.1833	1471.92	-999	1.8311	60	B	2	50	
670911	670911	670911	45.2333	-121.1417	1332.68	-999	1.8012	60	B	2	50	
670912	670912	670912	45.2333	-121.1	1281.1	-999	1.7729	60	B	2	50	
670913	670913	670913	45.2333	-121.0583	1216.67	-999	1.7679	60	B	2	50	
670915	670915	670915	45.2333	-120.975	1788.98	-999	1.8053	60	B	2	50	
670916	670916	670916	45.2333	-120.9333	2138.98	-999	1.915	60	B	2	50	
670917	670917	670917	45.2333	-120.8917	2265.88	-999	1.92	60	B	2	50	
670918	670918	670918	45.2333	-120.85	2183.6	-999	1.8234	60	B	2	50	
670919	670919	670919	45.2333	-120.8083	2269.16	-999	1.92	60	B	2	50	
670920	670920	670920	45.2333	-120.7667	2413.12	-999	1.92	60	B	2	50	
670921	670921	670921	45.2333	-120.725	2504.72	-999	1.92	60	B	2	50	
670922	670922	670922	45.2333	-120.6833	2615.49	-999	1.92	60	B	2	50	
670923	670923	670923	45.2333	-120.6417	2566.4	-999	1.8816	60	B	2	50	
670924	670924	670924	45.2333	-120.6	2414.17	-999	1.9014	60	B	2	50	
670925	670925	670925	45.2333	-120.5583	2049.48	-999	1.808	60	B	2	50	
670927	670927	670927	45.2333	-120.475	2586.61	-999	1.9157	60	B	2	50	
670928	670928	670928	45.2333	-120.4333	2697.9	-999	1.916	60	B	2	50	
670929	670929	670929	45.2333	-120.3917	2916.67	-999	1.9024	60	B	2	50	
670930	670930	670930	45.2333	-120.35	3000.26	-999	1.9169	60	B	2	50	
670931	670931	670931	45.2333	-120.3083	3112.86	-999	1.92	60	B	2	50	
670932	670932	670932	45.2333	-120.2667	3060.1	-999	1.9099	60	B	2	50	
670933	670933	670933	45.2333	-120.225	2903.15	-999	1.9095	60	B	2	50	
670934	670934	670934	45.2333	-120.1833	2846.33	-999	1.92	60	B	2	50	
670935	670935	670935	45.2333	-120.1417	2843.31	-999	1.92	60	B	2	50	
670936	670936	670936	45.2333	-120.1	2799.74	-999	1.9192	60	B	2	50	
670937	670937	670937	45.2333	-120.0583	2608.4	-999	1.7656	60	B	2	50	
670938	670938	670938	45.2333	-120.0167	2433.07	-999	1.92	60	B	2	50	
670939	670939	670939	45.2333	-119.975	2311.29	-999	1.8573	60	B	2	50	
670940	670940	670940	45.2333	-119.9333	2694.23	-999	2.04	60	B	2	50	
670941	670941	670941	45.2333	-119.8917	2940.55	-999	2.04	60	B	2	50	
670942	670942	670942	45.2333	-119.85	3050.66	-999	2.04	60	B	2	50	
670943	670943	670943	45.2333	-119.8083	3000.92	-999	2.0399	60	B	2	50	
670944	670944	670944	45.2333	-119.7667	3066.14	-999	2.04	60	B	2	50	
670945	670945	670945	45.2333	-119.725	2826.38	-999	1.9854	60	B	2	50	
670946	670946	670946	45.2333	-119.6833	2658.53	-999	2.0239	60	B	2	50	
670947	670947	670947	45.2333	-119.6417	2723.88	-999	2.0116	60	B	2	50	
670948	670948	670948	45.2333	-119.6	2907.61	-999	1.879	60	B	2	50	
670949	670949	670949	45.2333	-119.5583	2970.87	-999	1.8347	60	B	2	50	
670950	670950	670950	45.2333	-119.5167	3200.66	-999	1.6165	60	B	2	50	
670951	670951	670951	45.2333	-119.475	3472.31	-999	1.56	60	B	2	50	
670963	670963	670963	45.2333	-118.975	3880.97	-999	1.9769	60	B	2	50	
670964	670964	670964	45.2333	-118.9333	3778.08	-999	1.8221	60	B	2	50	
670965	670965	670965	45.2333	-118.8917	4207.48	-999	1.8006	60	B	2	50	
670975	670975	670975	45.2333	-118.475	3836.88	-999	2.04	60	B	2	50	
670976	670976	670976	45.2333	-118.4333	3727.17	-999	2.04	60	B	2	50	
670977	670977	670977	45.2333	-118.3917	3595.93	-999	2.04	60	B	2	50	
670980	670980	670980	45.2333	-118.2667	4282.02	-999	2.04	60	B	2	50	
670981	670981	670981	45.2333	-118.225	4283.07	-999	2.04	60	B	2	50	
670983	670983	670983	45.2333	-118.1417	4411.16	-999	2.04	60	B	2	50	
670984	670984	670984	45.2333	-118.1	4793.7	-999	2.0269	60	B	2	50	
670985	670985	670985	45.2333	-118.0583	4691.73	-999	1.6321	60	B	2	50	
670986	670986	670986	45.2333	-118.0167	3207.48	-999	1.7843	60	B	2	50	
670987	670987	670987	45.2333	-117.975	3450.39	-999	2.2805	60	B	2	50	
670988	670988	670988	45.2333	-117.9333	3078.35	-999	2.0502	60	B	2	50	
670989	670989	670989	45.2333	-117.8917	2719.03	-999	2.04	60	B	2	50	
670990	670990	670990	45.2333	-117.85	2816.14	-999	1.9096	60	B	2	50	
670991	670991	670991	45.2333	-117.8083	3404.46	-999	1.5972	60	B	2	50	
670992	670992	670992	45.2333	-117.7667	3695.8	-999	1.3205	60	B	2	50	
670993	670993	670993	45.2333	-117.725	4465.62	-999	2.04	60	B	2	50	
670995	670995	670995	45.2333	-117.6417	6284.12	-999	1.8	60	B	2	50	
670996	670996	670996	45.2333	-117.6	6404.72	-999	1.8319	60	B	2	50	
671014	671014	671014	45.2333	-116.85	4646.46	-999	2.03	60	B	2	50	
672229	672229	672229	45.275	-123.975	5.91	-999	1.68	60	B	2	50	
672230	672230	672230	45.275	-123.9333	343.72	-999	1.6883	60	B	2	50	
672232	672232	672232	45.275	-123.85	566.71	-999	1.6963	60	B	2	50	
672233	672233	672233	45.275	-123.8083	388.01	-999	1.8324	60	B	2	50	
672234	672234	672234	45.275	-123.7667	504.7	-999	1.721	60	B	2	50	
672235	672235	672235	45.275	-123.725	548.01	-999	1.8932	60	B	2	50	
672236	672236	672236	45.275	-123.6833	762.69	-999	2.9891	60	B	2	50	
672237	672237	672237	45.275	-123.6417	1197.73	-999	1.8	60	B	2	50	
672245	672245	672245	45.275	-123.3083	918.63	-999	1.92	60	C	3	50	
672246	672246	672246	45.275	-123.2667	497.48	-999	2.1048	60	B	2	50	
672247	672247	672247	45.275	-123.225	230.31	-999	2.261	60	B	2	50	
672248	672248	672248	45.275	-123.1833	158.68	-999	2.1326	60	B	2	50	
672249	672249	672249	45.275	-123.1417	192.04	-999	2.2628	60	B	2	50	
672250	672250	672250	45.275	-123.1	305.88	-999	2.1931	60	B	2	50	
672251	672251	672251	45.275	-123.0583	637.14	-999	1.9265	60	C	3	50	
672252	672252	672252	45.275	-123.0167	291.88	-999	2.1574	60	B	2	50	
672253	672253	672253	45.275	-122.975	116.25	-999	1.8827	60	B	2	50	
672254	672254	672254	45.275	-122.9333	133.31	-999	2.084	60	B	2	50	
672255	672255	672255	45.275	-122.8917	436.46	-999	2.0091	60	B	2	50	
672256	672256	672256	45.275	-122.85	326.66	-999	2.1047	60	B	2	50	
672257	672257	672257	45.275	-122.8083	155.73	-999	2.1192	60	B	2	50	
672258	672258	672258	45.275	-122.7667	153.87	-999	2.2131	60	B	2	50	
672259	672259	672259	45.275	-122.725	113.19	-999	1.8919	60	B	2	50	
672260	672260	672260	45.275	-122.6833	132.76	-999	1.802	60	B	2	50	
672261	672261	672261	45.275	-122.6417	197.72	-999	2.1076	60	B	2	50	
672262	672262	672262	45.275	-122.6	349.41	-999	1.9518	60	C	3	50	
672263	672263	672263	45.275	-122.5583	526.14	-999	1.92	60	C	3	50	
672264	672264	672264	45.275	-122.5167	643.81	-999	1.92	60	C	3	50	
672265	672265	672265	45.275	-122.475	691.38	-999	1.92	60	C	3	50	
672266	672266	672266	45.275	-122.4333	810.91	-999	1.9211	60	C	3	50	
672267	672267	672267	45.275	-122.3917	726.38	-999	1.8918	60	C	3	50	
672268	672268	672268	45.275	-122.35	757.77	-999	1.8	60	C	3	50	
672269	672269	672269	45.275	-122.3083	791.34	-999	1.8	60	C	3	50	
672270	672270	672270	45.275	-122.2667	1093.96	-999	1.8	60	C	3	50	
672271	672271	672271	45.275	-122.225	1214.44	-999	1.8	60	C	3	50	
672272	672272	672272	45.275	-122.1833	1571.13	-999	1.8	60	C	3	50	
672293	672293	672293	45.275	-121.3083	2045.28	-999	1.92	60	B	2	50	
672294	672294	672294	45.275	-121.2667	1807.87	-999	1.8809	60	B	2	50	
672295	672295	672295	45.275	-121.225	1890.03	-999	1.8155	60	B	2	50	
672296	672296	672296	45.275	-121.1833	1869.42	-999	1.8014	60	B	2	50	
672297	672297	672297	45.275	-121.1417	2109.06	-999	1.8	60	B	2	50	
672298	672298	672298	45.275	-121.1	1940.42	-999	1.8	60	B	2	50	
672299	672299	672299	45.275	-121.0583	1684.38	-999	1.7943	60	B	2	50	
672300	672300	672300	45.275	-121.0167	1234.12	-999	1.5357	60	B	2	50	
672301	672301	672301	45.275	-120.975	1917.06	-999	1.9167	60	B	2	50	
672302	672302	672302	45.275	-120.9333	2011.68	-999	1.9022	60	B	2	50	
672303	672303	672303	45.275	-120.8917	1960.89	-999	1.9134	60	B	2	50	
672304	672304	672304	45.275	-120.85	2290.03	-999	1.92	60	B	2	50	
672305	672305	672305	45.275	-120.8083	2296.33	-999	1.9067	60	B	2	50	
672306	672306	672306	45.275	-120.7667	2356.04	-999	1.92	60	B	2	50	
672307	672307	672307	45.275	-120.725	2427.82	-999	1.92	60	B	2	50	
672308	672308	672308	45.275	-120.6833	2526.25	-999	1.92	60	B	2	50	
672309	672309	672309	45.275	-120.6417	2538.71	-999	1.9059	60	B	2	50	
672310	672310	672310	45.275	-120.6	2098.82	-999	1.9141	60	B	2	50	
672312	672312	672312	45.275	-120.5167	1832.15	-999	1.92	60	B	2	50	
672313	672313	672313	45.275	-120.475	2438.85	-999	1.8742	60	B	2	50	
672314	672314	672314	45.275	-120.4333	2418.77	-999	1.9134	60	B	2	50	
672315	672315	672315	45.275	-120.3917	2615.22	-999	1.8615	60	B	2	50	
672316	672316	672316	45.275	-120.35	2751.18	-999	1.9123	60	B	2	50	
672317	672317	672317	45.275	-120.3083	2827.82	-999	1.9191	60	B	2	50	
672318	672318	672318	45.275	-120.2667	2917.59	-999	1.92	60	B	2	50	
672319	672319	672319	45.275	-120.225	2771.26	-999	1.92	60	B	2	50	
672320	672320	672320	45.275	-120.1833	2747.51	-999	1.8712	60	B	2	50	
672321	672321	672321	45.275	-120.1417	2669.69	-999	1.879	60	B	2	50	
672322	672322	672322	45.275	-120.1	2536.09	-999	1.8727	60	B	2	50	
672323	672323	672323	45.275	-120.0583	2526.51	-999	1.89	60	B	2	50	
672324	672324	672324	45.275	-120.0167	2239.24	-999	1.7295	60	B	2	50	
672325	672325	672325	45.275	-119.975	2424.8	-999	1.9769	60	B	2	50	
672326	672326	672326	45.275	-119.9333	2442.26	-999	2.0142	60	B	2	50	
672327	672327	672327	45.275	-119.8917	2521.65	-999	1.9918	60	B	2	50	
672328	672328	672328	45.275	-119.85	2536.88	-999	1.9659	60	B	2	50	
672329	672329	672329	45.275	-119.8083	2638.45	-999	1.957	60	B	2	50	
672330	672330	672330	45.275	-119.7667	2633.73	-999	1.937	60	B	2	50	
672331	672331	672331	45.275	-119.725	2552.23	-999	1.9494	60	B	2	50	
672332	672332	672332	45.275	-119.6833	2406.3	-999	1.9349	60	B	2	50	
672333	672333	672333	45.275	-119.6417	2642.39	-999	2.0006	60	B	2	50	
672334	672334	672334	45.275	-119.6	2768.77	-999	1.992	60	B	2	50	
672335	672335	672335	45.275	-119.5583	2892.13	-999	2.0398	60	B	2	50	
672336	672336	672336	45.275	-119.5167	3053.94	-999	1.9777	60	B	2	50	
672337	672337	672337	45.275	-119.475	3201.44	-999	1.6562	60	B	2	50	
672338	672338	672338	45.275	-119.4333	3409.32	-999	1.56	60	B	2	50	
672339	672339	672339	45.275	-119.3917	3343.83	-999	1.56	60	B	2	50	
672340	672340	672340	45.275	-119.35	3477.95	-999	1.56	60	B	2	50	
672341	672341	672341	45.275	-119.3083	3767.72	-999	1.56	60	B	2	50	
672344	672344	672344	45.275	-119.1833	3829.92	-999	1.56	60	B	2	50	
672345	672345	672345	45.275	-119.1417	3753.54	-999	1.56	60	B	2	50	
672346	672346	672346	45.275	-119.1	3830.05	-999	1.56	60	B	2	50	
672349	672349	672349	45.275	-118.975	4104.72	-999	2.04	60	B	2	50	
672362	672362	672362	45.275	-118.4333	3688.19	-999	2.04	60	B	2	50	
672363	672363	672363	45.275	-118.3917	3657.48	-999	2.04	60	B	2	50	
672364	672364	672364	45.275	-118.35	3656.17	-999	2.04	60	B	2	50	
672365	672365	672365	45.275	-118.3083	3916.4	-999	1.32	60	B	2	50	
672366	672366	672366	45.275	-118.2667	3518.11	-999	1.6517	60	B	2	50	
672367	672367	672367	45.275	-118.225	3631.63	-999	1.8475	60	B	2	50	
672370	672370	672370	45.275	-118.1	4401.57	-999	1.6486	60	B	2	50	
672371	672371	672371	45.275	-118.0583	3649.21	-999	1.9701	60	B	2	50	
672372	672372	672372	45.275	-118.0167	2712.86	-999	2.3863	60	B	2	50	
672373	672373	672373	45.275	-117.975	2702.49	-999	2.4	60	B	2	50	
672374	672374	672374	45.275	-117.9333	2697.77	-999	2.2956	60	B	2	50	
672375	672375	672375	45.275	-117.8917	2696.33	-999	2.3344	60	B	2	50	
672376	672376	672376	45.275	-117.85	2870.34	-999	2.1678	60	B	2	50	
672377	672377	672377	45.275	-117.8083	3218.77	-999	1.8752	60	B	2	50	
672378	672378	672378	45.275	-117.7667	3806.17	-999	1.8782	60	B	2	50	
672393	672393	672393	45.275	-117.1417	6009.45	-999	1.8038	60	B	2	50	
672394	672394	672394	45.275	-117.1	5378.22	-999	1.9079	60	B	2	50	
672397	672397	672397	45.275	-116.975	4801.58	-999	2.04	60	B	2	50	
672401	672401	672401	45.275	-116.8083	4388.98	-999	1.32	60	B	2	50	
673616	673616	673616	45.3167	-123.9333	206.26	-999	1.7101	60	B	2	50	
673617	673617	673617	45.3167	-123.8917	429.79	-999	1.68	60	B	2	50	
673618	673618	673618	45.3167	-123.85	488.41	-999	1.68	60	B	2	50	
673619	673619	673619	45.3167	-123.8083	528.87	-999	2.2723	60	B	2	50	
673620	673620	673620	45.3167	-123.7667	930.55	-999	3.0	60	B	2	50	
673621	673621	673621	45.3167	-123.725	1111.55	-999	3.0	60	B	2	50	
673622	673622	673622	45.3167	-123.6833	1115.92	-999	3.0	60	B	2	50	
673631	673631	673631	45.3167	-123.3083	609.25	-999	1.92	60	C	3	50	
673632	673632	673632	45.3167	-123.2667	482.5	-999	2.1218	60	B	2	50	
673633	673633	673633	45.3167	-123.225	262.8	-999	2.2502	60	B	2	50	
673634	673634	673634	45.3167	-123.1833	186.35	-999	2.1382	60	B	2	50	
673635	673635	673635	45.3167	-123.1417	292.65	-999	2.2175	60	B	2	50	
673636	673636	673636	45.3167	-123.1	337.82	-999	2.1493	60	C	3	50	
673637	673637	673637	45.3167	-123.0583	324.58	-999	2.1738	60	B	2	50	
673638	673638	673638	45.3167	-123.0167	219.27	-999	2.1657	60	B	2	50	
673639	673639	673639	45.3167	-122.975	224.85	-999	2.207	60	B	2	50	
673640	673640	673640	45.3167	-122.9333	378.94	-999	2.1461	60	B	2	50	
673641	673641	673641	45.3167	-122.8917	656.6	-999	2.1456	60	B	2	50	
673642	673642	673642	45.3167	-122.85	567.04	-999	1.9399	60	C	3	50	
673643	673643	673643	45.3167	-122.8083	267.72	-999	2.0978	60	B	2	50	
673644	673644	673644	45.3167	-122.7667	196.52	-999	2.0756	60	B	2	50	
673645	673645	673645	45.3167	-122.725	209.21	-999	2.1976	60	B	2	50	
673646	673646	673646	45.3167	-122.6833	333.88	-999	2.0146	60	B	2	50	
673647	673647	673647	45.3167	-122.6417	281.39	-999	2.0493	60	B	2	50	
673648	673648	673648	45.3167	-122.6	344.6	-999	2.1308	60	B	2	50	
673649	673649	673649	45.3167	-122.5583	418.63	-999	1.92	60	C	3	50	
673650	673650	673650	45.3167	-122.5167	396.32	-999	1.92	60	C	3	50	
673651	673651	673651	45.3167	-122.475	490.16	-999	1.92	60	C	3	50	
673652	673652	673652	45.3167	-122.4333	509.3	-999	2.1153	60	B	2	50	
673653	673653	673653	45.3167	-122.3917	472.88	-999	1.915	60	B	2	50	
673654	673654	673654	45.3167	-122.35	399.5	-999	1.8	60	B	2	50	
673655	673655	673655	45.3167	-122.3083	655.25	-999	1.8	60	C	3	50	
673656	673656	673656	45.3167	-122.2667	898.82	-999	1.8	60	C	3	50	
673657	673657	673657	45.3167	-122.225	1186.61	-999	1.8	60	C	3	50	
673658	673658	673658	45.3167	-122.1833	1469.95	-999	1.8	60	C	3	50	
673663	673663	673663	45.3167	-121.975	2708.4	-999	0.84	60	A	1	50	
673679	673679	673679	45.3167	-121.3083	2246.85	-999	1.92	60	B	2	50	
673680	673680	673680	45.3167	-121.2667	2071.78	-999	1.92	60	B	2	50	
673681	673681	673681	45.3167	-121.225	2197.64	-999	1.92	60	B	2	50	
673682	673682	673682	45.3167	-121.1833	2567.45	-999	1.9126	60	B	2	50	
673683	673683	673683	45.3167	-121.1417	2596.19	-999	1.9154	60	B	2	50	
673684	673684	673684	45.3167	-121.1	2709.71	-999	1.8882	60	B	2	50	
673685	673685	673685	45.3167	-121.0583	2717.85	-999	1.9108	60	B	2	50	
673688	673688	673688	45.3167	-120.9333	1326.77	-999	1.92	60	B	2	50	
673689	673689	673689	45.3167	-120.8917	1987.53	-999	1.92	60	B	2	50	
673690	673690	673690	45.3167	-120.85	2262.73	-999	1.92	60	B	2	50	
673691	673691	673691	45.3167	-120.8083	2363.12	-999	1.92	60	B	2	50	
673692	673692	673692	45.3167	-120.7667	2422.83	-999	1.92	60	B	2	50	
673693	673693	673693	45.3167	-120.725	2376.25	-999	1.92	60	B	2	50	
673694	673694	673694	45.3167	-120.6833	2430.58	-999	1.92	60	B	2	50	
673695	673695	673695	45.3167	-120.6417	2509.97	-999	1.9193	60	B	2	50	
673696	673696	673696	45.3167	-120.6	2406.56	-999	1.9147	60	B	2	50	
673697	673697	673697	45.3167	-120.5583	1863.25	-999	1.92	60	B	2	50	
673699	673699	673699	45.3167	-120.475	2305.77	-999	1.9102	60	B	2	50	
673700	673700	673700	45.3167	-120.4333	1895.14	-999	1.7256	60	B	2	50	
673701	673701	673701	45.3167	-120.3917	2323.23	-999	1.8864	60	B	2	50	
673702	673702	673702	45.3167	-120.35	2561.81	-999	1.8992	60	B	2	50	
673703	673703	673703	45.3167	-120.3083	2532.94	-999	1.8393	60	B	2	50	
673704	673704	673704	45.3167	-120.2667	2565.22	-999	1.9064	60	B	2	50	
673705	673705	673705	45.3167	-120.225	2465.88	-999	1.9063	60	B	2	50	
673706	673706	673706	45.3167	-120.1833	2578.48	-999	1.8727	60	B	2	50	
673707	673707	673707	45.3167	-120.1417	2486.88	-999	1.8892	60	B	2	50	
673708	673708	673708	45.3167	-120.1	2220.6	-999	1.8868	60	B	2	50	
673709	673709	673709	45.3167	-120.0583	1965.49	-999	1.8362	60	B	2	50	
673710	673710	673710	45.3167	-120.0167	2214.96	-999	1.9199	60	B	2	50	
673711	673711	673711	45.3167	-119.975	2053.81	-999	1.92	60	B	2	50	
673712	673712	673712	45.3167	-119.9333	2152.49	-999	1.92	60	B	2	50	
673713	673713	673713	45.3167	-119.8917	2277.95	-999	1.92	60	B	2	50	
673714	673714	673714	45.3167	-119.85	2247.51	-999	1.92	60	B	2	50	
673715	673715	673715	45.3167	-119.8083	2307.87	-999	1.92	60	B	2	50	
673716	673716	673716	45.3167	-119.7667	2405.51	-999	1.9175	60	B	2	50	
673717	673717	673717	45.3167	-119.725	2296.46	-999	1.8964	60	B	2	50	
673718	673718	673718	45.3167	-119.6833	2394.09	-999	1.92	60	B	2	50	
673719	673719	673719	45.3167	-119.6417	2578.74	-999	1.92	60	B	2	50	
673720	673720	673720	45.3167	-119.6	2770.47	-999	2.0037	60	B	2	50	
673721	673721	673721	45.3167	-119.5583	2659.97	-999	2.0311	60	B	2	50	
673722	673722	673722	45.3167	-119.5167	2637.01	-999	1.998	60	B	2	50	
673723	673723	673723	45.3167	-119.475	2863.78	-999	2.04	60	B	2	50	
673724	673724	673724	45.3167	-119.4333	3088.32	-999	1.7104	60	B	2	50	
673725	673725	673725	45.3167	-119.3917	2937.93	-999	1.5648	60	B	2	50	
673726	673726	673726	45.3167	-119.35	3201.84	-999	1.56	60	B	2	50	
673727	673727	673727	45.3167	-119.3083	3529.92	-999	1.56	60	B	2	50	
673728	673728	673728	45.3167	-119.2667	3367.85	-999	1.56	60	B	2	50	
673729	673729	673729	45.3167	-119.225	3267.98	-999	1.56	60	B	2	50	
673730	673730	673730	45.3167	-119.1833	3318.37	-999	1.56	60	B	2	50	
673734	673734	673734	45.3167	-119.0167	3299.34	-999	1.56	60	B	2	50	
673738	673738	673738	45.3167	-118.85	3978.61	-999	2.04	60	B	2	50	
673751	673751	673751	45.3167	-118.3083	3403.15	-999	1.3296	60	B	2	50	
673752	673752	673752	45.3167	-118.2667	3227.56	-999	1.7733	60	B	2	50	
673753	673753	673753	45.3167	-118.225	3351.97	-999	1.7306	60	B	2	50	
673755	673755	673755	45.3167	-118.1417	3920.87	-999	1.32	60	B	2	50	
673756	673756	673756	45.3167	-118.1	3280.18	-999	1.8297	60	B	2	50	
673757	673757	673757	45.3167	-118.0583	2778.61	-999	2.0538	60	B	2	50	
673758	673758	673758	45.3167	-118.0167	2717.19	-999	2.243	60	B	2	50	
673759	673759	673759	45.3167	-117.975	2703.81	-999	2.3865	60	B	2	50	
673760	673760	673760	45.3167	-117.9333	2698.82	-999	2.4	60	B	2	50	
673761	673761	673761	45.3167	-117.8917	2696.46	-999	2.3468	60	B	2	50	
673762	673762	673762	45.3167	-117.85	2698.29	-999	2.318	60	B	2	50	
673763	673763	673763	45.3167	-117.8083	2865.09	-999	1.9197	60	B	2	50	
673764	673764	673764	45.3167	-117.7667	4083.46	-999	1.8469	60	B	2	50	
673776	673776	673776	45.3167	-117.2667	6449.74	-999	1.679	60	B	2	50	
673777	673777	673777	45.3167	-117.225	5030.31	-999	1.6187	60	B	2	50	
673778	673778	673778	45.3167	-117.1833	4605.64	-999	1.5861	60	B	2	50	
673779	673779	673779	45.3167	-117.1417	4517.32	-999	1.5776	60	B	2	50	
673780	673780	673780	45.3167	-117.1	4691.21	-999	1.5709	60	B	2	50	
673783	673783	673783	45.3167	-116.975	4724.54	-999	1.7824	60	B	2	50	
673787	673787	673787	45.3167	-116.8083	3956.3	-999	1.32	60	B	2	50	
675004	675004	675004	45.3583	-123.85	327.43	-999	1.8838	60	B	2	50	
675005	675005	675005	45.3583	-123.8083	282.26	-999	1.6871	60	B	2	50	
675015	675015	675015	45.3583	-123.3917	1487.42	-999	1.92	60	C	3	50	
675016	675016	675016	45.3583	-123.35	826.77	-999	1.92	60	C	3	50	
675017	675017	675017	45.3583	-123.3083	583.77	-999	1.92	60	C	3	50	
675018	675018	675018	45.3583	-123.2667	524.72	-999	2.1863	60	B	2	50	
675019	675019	675019	45.3583	-123.225	254.59	-999	2.2299	60	B	2	50	
675020	675020	675020	45.3583	-123.1833	244.97	-999	2.2018	60	B	2	50	
675021	675021	675021	45.3583	-123.1417	354.55	-999	2.1885	60	B	2	50	
675022	675022	675022	45.3583	-123.1	410.43	-999	2.1261	60	C	3	50	
675023	675023	675023	45.3583	-123.0583	480.31	-999	2.1441	60	C	3	50	
675024	675024	675024	45.3583	-123.0167	814.63	-999	2.1063	60	B	2	50	
675025	675025	675025	45.3583	-122.975	890.53	-999	2.2371	60	B	2	50	
675026	675026	675026	45.3583	-122.9333	779.75	-999	2.28	60	B	2	50	
675027	675027	675027	45.3583	-122.8917	512.25	-999	2.28	60	B	2	50	
675028	675028	675028	45.3583	-122.85	228.24	-999	2.2572	60	B	2	50	
675029	675029	675029	45.3583	-122.8083	214.02	-999	2.166	60	B	2	50	
675030	675030	675030	45.3583	-122.7667	273.73	-999	1.5963	60	B	2	50	
675031	675031	675031	45.3583	-122.725	355.86	-999	1.829	60	B	2	50	
675032	675032	675032	45.3583	-122.6833	347.22	-999	1.9888	60	B	2	50	
675033	675033	675033	45.3583	-122.6417	374.45	-999	1.7477	60	B	2	50	
675034	675034	675034	45.3583	-122.6	210.63	-999	2.0412	60	B	2	50	
675035	675035	675035	45.3583	-122.5583	267.72	-999	1.9089	60	C	3	50	
675036	675036	675036	45.3583	-122.5167	440.73	-999	1.92	60	C	3	50	
675037	675037	675037	45.3583	-122.475	343.83	-999	1.9719	60	C	3	50	
675038	675038	675038	45.3583	-122.4333	384.84	-999	1.9929	60	B	2	50	
675039	675039	675039	45.3583	-122.3917	310.04	-999	1.9992	60	B	2	50	
675040	675040	675040	45.3583	-122.35	419.51	-999	1.8	60	B	2	50	
675041	675041	675041	45.3583	-122.3083	689.37	-999	1.8	60	C	3	50	
675042	675042	675042	45.3583	-122.2667	1020.47	-999	1.8	60	C	3	50	
675043	675043	675043	45.3583	-122.225	1264.96	-999	1.7511	60	B	2	50	
675044	675044	675044	45.3583	-122.1833	1475.07	-999	1.6876	60	B	2	50	
675045	675045	675045	45.3583	-122.1417	1483.86	-999	1.6191	60	B	2	50	
675046	675046	675046	45.3583	-122.1	1628.74	-999	1.2292	60	A	1	50	
675047	675047	675047	45.3583	-122.0583	2071.0	-999	0.84	60	A	1	50	
675048	675048	675048	45.3583	-122.0167	1795.28	-999	0.84	60	A	1	50	
675049	675049	675049	45.3583	-121.975	1561.81	-999	0.84	60	A	1	50	
675050	675050	675050	45.3583	-121.9333	1935.43	-999	1.2394	60	A	1	50	
675064	675064	675064	45.3583	-121.35	2877.03	-999	1.92	60	B	2	50	
675065	675065	675065	45.3583	-121.3083	2597.64	-999	1.92	60	B	2	50	
675066	675066	675066	45.3583	-121.2667	2447.11	-999	1.92	60	B	2	50	
675067	675067	675067	45.3583	-121.225	2396.85	-999	1.92	60	B	2	50	
675068	675068	675068	45.3583	-121.1833	2383.2	-999	1.92	60	B	2	50	
675069	675069	675069	45.3583	-121.1417	2369.95	-999	1.9199	60	B	2	50	
675070	675070	675070	45.3583	-121.1	2297.64	-999	1.7906	60	B	2	50	
675071	675071	675071	45.3583	-121.0583	2525.98	-999	1.883	60	B	2	50	
675072	675072	675072	45.3583	-121.0167	2214.7	-999	1.8618	60	B	2	50	
675073	675073	675073	45.3583	-120.975	2083.2	-999	1.92	60	B	2	50	
675075	675075	675075	45.3583	-120.8917	1419.16	-999	1.92	60	B	2	50	
675076	675076	675076	45.3583	-120.85	1839.76	-999	1.8245	60	B	2	50	
675077	675077	675077	45.3583	-120.8083	2224.54	-999	1.9018	60	B	2	50	
675078	675078	675078	45.3583	-120.7667	2320.34	-999	1.92	60	B	2	50	
675079	675079	675079	45.3583	-120.725	2264.44	-999	1.92	60	B	2	50	
675080	675080	675080	45.3583	-120.6833	2278.74	-999	1.92	60	B	2	50	
675081	675081	675081	45.3583	-120.6417	2410.89	-999	1.92	60	B	2	50	
675082	675082	675082	45.3583	-120.6	2298.56	-999	1.8934	60	B	2	50	
675085	675085	675085	45.3583	-120.475	1663.52	-999	2.3995	60	B	2	50	
675086	675086	675086	45.3583	-120.4333	1972.83	-999	2.3687	60	B	2	50	
675087	675087	675087	45.3583	-120.3917	2269.95	-999	2.2086	60	B	2	50	
675088	675088	675088	45.3583	-120.35	2350.0	-999	1.9118	60	B	2	50	
675089	675089	675089	45.3583	-120.3083	2151.31	-999	1.92	60	B	2	50	
675090	675090	675090	45.3583	-120.2667	2048.29	-999	2.1563	60	B	2	50	
675091	675091	675091	45.3583	-120.225	2199.87	-999	2.3971	60	B	2	50	
675092	675092	675092	45.3583	-120.1833	2389.37	-999	2.3422	60	B	2	50	
675093	675093	675093	45.3583	-120.1417	2471.26	-999	2.2574	60	B	2	50	
675094	675094	675094	45.3583	-120.1	2259.71	-999	2.329	60	B	2	50	
675095	675095	675095	45.3583	-120.0583	1880.71	-999	1.6362	60	B	2	50	
675096	675096	675096	45.3583	-120.0167	1840.03	-999	2.1243	60	B	2	50	
675097	675097	675097	45.3583	-119.975	1921.26	-999	2.2642	60	B	2	50	
675098	675098	675098	45.3583	-119.9333	2014.44	-999	2.1214	60	B	2	50	
675099	675099	675099	45.3583	-119.8917	1912.73	-999	2.0068	60	B	2	50	
675100	675100	675100	45.3583	-119.85	2024.67	-999	2.098	60	B	2	50	
675101	675101	675101	45.3583	-119.8083	2138.85	-999	1.92	60	B	2	50	
675102	675102	675102	45.3583	-119.7667	2005.51	-999	1.8856	60	B	2	50	
675103	675103	675103	45.3583	-119.725	2267.59	-999	1.92	60	B	2	50	
675104	675104	675104	45.3583	-119.6833	2168.9	-999	1.92	60	B	2	50	
675105	675105	675105	45.3583	-119.6417	2220.87	-999	1.92	60	B	2	50	
675106	675106	675106	45.3583	-119.6	2369.55	-999	1.9214	60	B	2	50	
675107	675107	675107	45.3583	-119.5583	2196.59	-999	1.8785	60	B	2	50	
675108	675108	675108	45.3583	-119.5167	2376.64	-999	1.8726	60	B	2	50	
675109	675109	675109	45.3583	-119.475	2512.86	-999	1.8192	60	B	2	50	
675110	675110	675110	45.3583	-119.4333	2691.47	-999	1.9648	60	B	2	50	
675111	675111	675111	45.3583	-119.3917	2886.61	-999	1.9732	60	B	2	50	
675112	675112	675112	45.3583	-119.35	3109.71	-999	1.758	60	B	2	50	
675113	675113	675113	45.3583	-119.3083	3232.15	-999	1.7096	60	B	2	50	
675114	675114	675114	45.3583	-119.2667	3029.4	-999	1.56	60	B	2	50	
675115	675115	675115	45.3583	-119.225	3178.61	-999	1.56	60	B	2	50	
675116	675116	675116	45.3583	-119.1833	3103.94	-999	1.56	60	B	2	50	
675117	675117	675117	45.3583	-119.1417	2943.04	-999	1.56	60	B	2	50	
675118	675118	675118	45.3583	-119.1	2807.87	-999	1.56	60	B	2	50	
675121	675121	675121	45.3583	-118.975	3072.7	-999	1.56	60	B	2	50	
675122	675122	675122	45.3583	-118.9333	3037.4	-999	1.56	60	B	2	50	
675123	675123	675123	45.3583	-118.8917	3088.58	-999	1.56	60	B	2	50	
675124	675124	675124	45.3583	-118.85	3251.57	-999	1.5699	60	B	2	50	
675139	675139	675139	45.3583	-118.225	3388.71	-999	2.04	60	B	2	50	
675140	675140	675140	45.3583	-118.1833	3753.15	-999	1.4768	60	B	2	50	
675141	675141	675141	45.3583	-118.1417	3705.64	-999	1.32	60	B	2	50	
675142	675142	675142	45.3583	-118.1	3237.01	-999	1.8452	60	B	2	50	
675143	675143	675143	45.3583	-118.0583	2823.36	-999	2.016	60	B	2	50	
675144	675144	675144	45.3583	-118.0167	2716.54	-999	2.2202	60	B	2	50	
675145	675145	675145	45.3583	-117.975	2713.78	-999	2.2469	60	B	2	50	
675146	675146	675146	45.3583	-117.9333	2703.94	-999	2.1354	60	B	2	50	
675147	675147	675147	45.3583	-117.8917	2693.18	-999	2.0334	60	B	2	50	
675148	675148	675148	45.3583	-117.85	2689.24	-999	2.3716	60	B	2	50	
675149	675149	675149	45.3583	-117.8083	3210.63	-999	1.8407	60	B	2	50	
675161	675161	675161	45.3583	-117.3083	5588.19	-999	1.6747	60	B	2	50	
675162	675162	675162	45.3583	-117.2667	4229.0	-999	1.4992	60	B	2	50	
675163	675163	675163	45.3583	-117.225	4148.29	-999	1.4812	60	B	2	50	
675164	675164	675164	45.3583	-117.1833	4207.48	-999	1.56	60	B	2	50	
675165	675165	675165	45.3583	-117.1417	4252.1	-999	1.56	60	B	2	50	
675166	675166	675166	45.3583	-117.1	4579.92	-999	1.56	60	B	2	50	
675169	675169	675169	45.3583	-116.975	4800.92	-999	1.3404	60	B	2	50	
675173	675173	675173	45.3583	-116.8083	4129.53	-999	1.32	60	B	2	50	
676388	676388	676388	45.4	-123.9333	81.91	-999	1.68	60	B	2	50	
676389	676389	676389	45.4	-123.8917	226.71	-999	2.3999	60	B	2	50	
676390	676390	676390	45.4	-123.85	131.23	-999	1.7389	60	B	2	50	
676391	676391	676391	45.4	-123.8083	124.23	-999	1.6823	60	B	2	50	
676392	676392	676392	45.4	-123.7667	320.21	-999	1.6809	60	B	2	50	
676403	676403	676403	45.4	-123.3083	1108.92	-999	1.92	60	C	3	50	
676404	676404	676404	45.4	-123.2667	587.93	-999	2.0753	60	B	2	50	
676405	676405	676405	45.4	-123.225	509.08	-999	1.9241	60	C	3	50	
676406	676406	676406	45.4	-123.1833	496.94	-999	1.92	60	C	3	50	
676407	676407	676407	45.4	-123.1417	419.95	-999	2.0248	60	C	3	50	
676408	676408	676408	45.4	-123.1	305.99	-999	2.1106	60	C	3	50	
676409	676409	676409	45.4	-123.0583	866.69	-999	2.1167	60	B	2	50	
676410	676410	676410	45.4	-123.0167	761.15	-999	2.2754	60	B	2	50	
676411	676411	676411	45.4	-122.975	312.66	-999	2.2736	60	B	2	50	
676412	676412	676412	45.4	-122.9333	198.49	-999	2.1964	60	B	2	50	
676413	676413	676413	45.4	-122.8917	205.93	-999	2.1938	60	B	2	50	
676414	676414	676414	45.4	-122.85	212.82	-999	2.156	60	B	2	50	
676415	676415	676415	45.4	-122.8083	269.25	-999	2.0725	60	B	2	50	
676416	676416	676416	45.4	-122.7667	179.57	-999	2.1298	60	B	2	50	
676417	676417	676417	45.4	-122.725	189.19	-999	2.0214	60	B	2	50	
676418	676418	676418	45.4	-122.6833	340.55	-999	1.47	60	B	2	50	
676419	676419	676419	45.4	-122.6417	225.39	-999	2.0929	60	B	2	50	
676420	676420	676420	45.4	-122.6	170.93	-999	2.28	60	B	2	50	
676421	676421	676421	45.4	-122.5583	170.49	-999	1.8696	60	B	2	50	
676422	676422	676422	45.4	-122.5167	263.45	-999	1.8212	60	B	2	50	
676423	676423	676423	45.4	-122.475	310.15	-999	1.8736	60	B	2	50	
676424	676424	676424	45.4	-122.4333	444.33	-999	1.9126	60	C	3	50	
676425	676425	676425	45.4	-122.3917	436.9	-999	1.8901	60	B	2	50	
676426	676426	676426	45.4	-122.35	597.11	-999	1.8753	60	C	3	50	
676427	676427	676427	45.4	-122.3083	715.22	-999	1.8363	60	C	3	50	
676428	676428	676428	45.4	-122.2667	808.27	-999	1.8	60	C	3	50	
676429	676429	676429	45.4	-122.225	812.6	-999	1.7226	60	B	2	50	
676430	676430	676430	45.4	-122.1833	1025.33	-999	1.68	60	B	2	50	
676431	676431	676431	45.4	-122.1417	1098.69	-999	1.6073	60	B	2	50	
676432	676432	676432	45.4	-122.1	1290.55	-999	1.4017	60	B	2	50	
676433	676433	676433	45.4	-122.0583	1686.48	-999	1.5359	60	B	2	50	
676434	676434	676434	45.4	-122.0167	2271.13	-999	1.68	60	B	2	50	
676437	676437	676437	45.4	-121.8917	2851.18	-999	1.56	60	B	2	50	
676451	676451	676451	45.4	-121.3083	2579.92	-999	1.92	60	B	2	50	
676452	676452	676452	45.4	-121.2667	2269.16	-999	1.92	60	B	2	50	
676453	676453	676453	45.4	-121.225	2106.04	-999	1.923	60	B	2	50	
676454	676454	676454	45.4	-121.1833	1978.74	-999	2.1194	60	B	2	50	
676455	676455	676455	45.4	-121.1417	1890.29	-999	1.9326	60	B	2	50	
676456	676456	676456	45.4	-121.1	1903.67	-999	1.8508	60	B	2	50	
676457	676457	676457	45.4	-121.0583	2109.71	-999	1.8903	60	B	2	50	
676458	676458	676458	45.4	-121.0167	2494.36	-999	1.92	60	B	2	50	
676459	676459	676459	45.4	-120.975	2662.73	-999	1.92	60	B	2	50	
676460	676460	676460	45.4	-120.9333	2352.89	-999	1.92	60	B	2	50	
676462	676462	676462	45.4	-120.85	1268.37	-999	1.9784	60	B	2	50	
676463	676463	676463	45.4	-120.8083	2294.09	-999	2.0398	60	B	2	50	
676464	676464	676464	45.4	-120.7667	2276.25	-999	1.9499	60	B	2	50	
676465	676465	676465	45.4	-120.725	2104.72	-999	1.9791	60	B	2	50	
676466	676466	676466	45.4	-120.6833	2210.89	-999	2.1256	60	B	2	50	
676467	676467	676467	45.4	-120.6417	2342.39	-999	2.207	60	B	2	50	
676468	676468	676468	45.4	-120.6	2151.97	-999	2.2798	60	B	2	50	
676469	676469	676469	45.4	-120.5583	2057.61	-999	2.2769	60	B	2	50	
676470	676470	676470	45.4	-120.5167	1293.83	-999	1.44	60	B	2	50	
676471	676471	676471	45.4	-120.475	1592.13	-999	2.1658	60	B	2	50	
676472	676472	676472	45.4	-120.4333	1971.78	-999	2.3128	60	B	2	50	
676473	676473	676473	45.4	-120.3917	2136.09	-999	2.3983	60	B	2	50	
676474	676474	676474	45.4	-120.35	2155.38	-999	2.1209	60	B	2	50	
676475	676475	676475	45.4	-120.3083	1703.81	-999	2.1296	60	B	2	50	
676476	676476	676476	45.4	-120.2667	2020.6	-999	2.3915	60	B	2	50	
676477	676477	676477	45.4	-120.225	1989.5	-999	2.4	60	B	2	50	
676478	676478	676478	45.4	-120.1833	2093.57	-999	2.4	60	B	2	50	
676479	676479	676479	45.4	-120.1417	2273.62	-999	2.4	60	B	2	50	
676480	676480	676480	45.4	-120.1	2024.8	-999	2.1071	60	B	2	50	
676481	676481	676481	45.4	-120.0583	1668.11	-999	1.8063	60	B	2	50	
676482	676482	676482	45.4	-120.0167	1907.09	-999	2.3827	60	B	2	50	
676483	676483	676483	45.4	-119.975	1721.78	-999	2.4	60	B	2	50	
676484	676484	676484	45.4	-119.9333	1830.45	-999	2.4	60	B	2	50	
676485	676485	676485	45.4	-119.8917	1959.97	-999	2.4	60	B	2	50	
676486	676486	676486	45.4	-119.85	1941.73	-999	2.4	60	B	2	50	
676487	676487	676487	45.4	-119.8083	1813.65	-999	2.1761	60	B	2	50	
676488	676488	676488	45.4	-119.7667	1779.53	-999	2.3226	60	B	2	50	
676489	676489	676489	45.4	-119.725	1897.9	-999	2.2599	60	B	2	50	
676490	676490	676490	45.4	-119.6833	1807.48	-999	2.0826	60	B	2	50	
676491	676491	676491	45.4	-119.6417	1866.27	-999	1.9025	60	B	2	50	
676492	676492	676492	45.4	-119.6	1947.77	-999	1.8836	60	B	2	50	
676493	676493	676493	45.4	-119.5583	2335.43	-999	1.92	60	B	2	50	
676494	676494	676494	45.4	-119.5167	2702.36	-999	1.9889	60	B	2	50	
676495	676495	676495	45.4	-119.475	2811.42	-999	2.0399	60	B	2	50	
676496	676496	676496	45.4	-119.4333	2922.44	-999	2.04	60	B	2	50	
676497	676497	676497	45.4	-119.3917	3049.34	-999	2.04	60	B	2	50	
676498	676498	676498	45.4	-119.35	3064.04	-999	2.04	60	B	2	50	
676499	676499	676499	45.4	-119.3083	2947.38	-999	1.9431	60	B	2	50	
676500	676500	676500	45.4	-119.2667	2820.6	-999	1.8128	60	B	2	50	
676501	676501	676501	45.4	-119.225	3083.6	-999	2.04	60	B	2	50	
676502	676502	676502	45.4	-119.1833	3191.99	-999	2.04	60	B	2	50	
676503	676503	676503	45.4	-119.1417	3072.7	-999	1.6912	60	B	2	50	
676504	676504	676504	45.4	-119.1	2597.24	-999	1.989	60	B	2	50	
676506	676506	676506	45.4	-119.0167	2901.31	-999	1.8542	60	B	2	50	
676507	676507	676507	45.4	-118.975	2912.2	-999	1.9947	60	B	2	50	
676508	676508	676508	45.4	-118.9333	2678.61	-999	1.9329	60	B	2	50	
676509	676509	676509	45.4	-118.8917	2481.76	-999	1.7186	60	B	2	50	
676510	676510	676510	45.4	-118.85	2636.35	-999	1.8924	60	B	2	50	
676511	676511	676511	45.4	-118.8083	2683.07	-999	1.56	60	B	2	50	
676512	676512	676512	45.4	-118.7667	2898.82	-999	1.7019	60	B	2	50	
676513	676513	676513	45.4	-118.725	3158.14	-999	2.04	60	B	2	50	
676514	676514	676514	45.4	-118.6833	3378.08	-999	2.04	60	B	2	50	
676526	676526	676526	45.4	-118.1833	3894.23	-999	2.04	60	B	2	50	
676527	676527	676527	45.4	-118.1417	4218.64	-999	2.04	60	B	2	50	
676528	676528	676528	45.4	-118.1	4467.45	-999	2.0071	60	B	2	50	
676529	676529	676529	45.4	-118.0583	2982.94	-999	2.0587	60	B	2	50	
676530	676530	676530	45.4	-118.0167	2744.49	-999	2.3062	60	B	2	50	
676531	676531	676531	45.4	-117.975	2758.01	-999	1.9218	60	B	2	50	
676532	676532	676532	45.4	-117.9333	2706.96	-999	2.0675	60	B	2	50	
676533	676533	676533	45.4	-117.8917	2865.22	-999	2.3617	60	B	2	50	
676534	676534	676534	45.4	-117.85	3438.32	-999	2.3046	60	B	2	50	
676544	676544	676544	45.4	-117.4333	5374.93	-999	2.04	60	B	2	50	
676546	676546	676546	45.4	-117.35	5111.81	-999	1.5858	60	B	2	50	
676547	676547	676547	45.4	-117.3083	4089.37	-999	1.5478	60	B	2	50	
676548	676548	676548	45.4	-117.2667	3858.14	-999	1.3478	60	A	1	50	
676549	676549	676549	45.4	-117.225	3972.31	-999	1.5113	60	B	2	50	
676550	676550	676550	45.4	-117.1833	4045.28	-999	1.56	60	B	2	50	
676551	676551	676551	45.4	-117.1417	4189.37	-999	1.56	60	B	2	50	
676554	676554	676554	45.4	-117.0167	4246.98	-999	1.32	60	B	2	50	
676559	676559	676559	45.4	-116.8083	4588.32	-999	1.32	60	B	2	50	
676560	676560	676560	45.4	-116.7667	3712.34	-999	1.32	60	B	2	50	
677774	677774	677774	45.4417	-123.9333	313.21	-999	1.68	60	B	2	50	
677775	677775	677775	45.4417	-123.8917	257.44	-999	1.6842	60	B	2	50	
677776	677776	677776	45.4417	-123.85	32.7	-999	1.68	60	B	2	50	
677777	677777	677777	45.4417	-123.8083	33.46	-999	1.68	60	B	2	50	
677778	677778	677778	45.4417	-123.7667	150.04	-999	1.8235	60	B	2	50	
677779	677779	677779	45.4417	-123.725	684.93	-999	1.7607	60	B	2	50	
677781	677781	677781	45.4417	-123.6417	1054.79	-999	1.8	60	B	2	50	
677782	677782	677782	45.4417	-123.6	889.11	-999	1.8	60	B	2	50	
677790	677790	677790	45.4417	-123.2667	774.61	-999	2.0144	60	B	2	50	
677791	677791	677791	45.4417	-123.225	503.94	-999	2.1759	60	B	2	50	
677792	677792	677792	45.4417	-123.1833	369.64	-999	2.1039	60	C	3	50	
677793	677793	677793	45.4417	-123.1417	243.99	-999	2.067	60	C	3	50	
677794	677794	677794	45.4417	-123.1	363.52	-999	2.2299	60	B	2	50	
677795	677795	677795	45.4417	-123.0583	718.94	-999	2.28	60	B	2	50	
677796	677796	677796	45.4417	-123.0167	403.32	-999	2.28	60	B	2	50	
677797	677797	677797	45.4417	-122.975	176.62	-999	2.174	60	B	2	50	
677798	677798	677798	45.4417	-122.9333	168.53	-999	2.1979	60	B	2	50	
677799	677799	677799	45.4417	-122.8917	320.43	-999	2.1483	60	B	2	50	
677800	677800	677800	45.4417	-122.85	432.19	-999	1.7584	60	B	2	50	
677801	677801	677801	45.4417	-122.8083	254.37	-999	1.8832	60	B	2	50	
677802	677802	677802	45.4417	-122.7667	214.13	-999	2.2032	60	B	2	50	
677803	677803	677803	45.4417	-122.725	459.21	-999	1.613	60	B	2	50	
677804	677804	677804	45.4417	-122.6833	367.13	-999	1.5334	60	B	2	50	
677805	677805	677805	45.4417	-122.6417	141.08	-999	2.1036	60	B	2	50	
677806	677806	677806	45.4417	-122.6	150.81	-999	1.8546	60	B	2	50	
677807	677807	677807	45.4417	-122.5583	392.61	-999	1.51	60	B	2	50	
677808	677808	677808	45.4417	-122.5167	559.6	-999	1.44	60	B	2	50	
677809	677809	677809	45.4417	-122.475	491.36	-999	1.4486	60	B	2	50	
677810	677810	677810	45.4417	-122.4333	652.01	-999	1.4928	60	B	2	50	
677811	677811	677811	45.4417	-122.3917	603.46	-999	1.7116	60	B	2	50	
677812	677812	677812	45.4417	-122.35	561.46	-999	1.9069	60	C	3	50	
677813	677813	677813	45.4417	-122.3083	641.73	-999	1.8329	60	C	3	50	
677814	677814	677814	45.4417	-122.2667	619.55	-999	1.7944	60	C	3	50	
677815	677815	677815	45.4417	-122.225	704.99	-999	1.6833	60	B	2	50	
677816	677816	677816	45.4417	-122.1833	1117.45	-999	1.68	60	B	2	50	
677830	677830	677830	45.4417	-121.6	3368.5	-999	1.9781	60	A	1	50	
677836	677836	677836	45.4417	-121.35	2651.97	-999	1.92	60	B	2	50	
677837	677837	677837	45.4417	-121.3083	2310.89	-999	1.92	60	B	2	50	
677838	677838	677838	45.4417	-121.2667	2012.99	-999	1.92	60	B	2	50	
677839	677839	677839	45.4417	-121.225	1788.45	-999	1.92	60	B	2	50	
677840	677840	677840	45.4417	-121.1833	1710.1	-999	1.9964	60	B	2	50	
677841	677841	677841	45.4417	-121.1417	1579.53	-999	2.1274	60	B	2	50	
677842	677842	677842	45.4417	-121.1	1537.27	-999	1.8863	60	B	2	50	
677843	677843	677843	45.4417	-121.0583	1694.62	-999	1.9026	60	B	2	50	
677844	677844	677844	45.4417	-121.0167	2012.99	-999	1.92	60	B	2	50	
677845	677845	677845	45.4417	-120.975	2366.67	-999	1.92	60	B	2	50	
677846	677846	677846	45.4417	-120.9333	2597.9	-999	1.9163	60	B	2	50	
677849	677849	677849	45.4417	-120.8083	2179.13	-999	2.2759	60	B	2	50	
677850	677850	677850	45.4417	-120.7667	2188.85	-999	2.2794	60	B	2	50	
677851	677851	677851	45.4417	-120.725	2018.24	-999	2.2692	60	B	2	50	
677852	677852	677852	45.4417	-120.6833	2038.06	-999	2.28	60	B	2	50	
677853	677853	677853	45.4417	-120.6417	2107.35	-999	2.28	60	B	2	50	
677854	677854	677854	45.4417	-120.6	1960.11	-999	2.28	60	B	2	50	
677855	677855	677855	45.4417	-120.5583	2053.67	-999	2.28	60	B	2	50	
677856	677856	677856	45.4417	-120.5167	1647.24	-999	2.249	60	B	2	50	
677857	677857	677857	45.4417	-120.475	1210.76	-999	2.3932	60	B	2	50	
677858	677858	677858	45.4417	-120.4333	1746.85	-999	2.3755	60	B	2	50	
677859	677859	677859	45.4417	-120.3917	1465.75	-999	2.2231	60	B	2	50	
677860	677860	677860	45.4417	-120.35	1698.03	-999	2.3555	60	B	2	50	
677861	677861	677861	45.4417	-120.3083	1443.7	-999	2.3849	60	B	2	50	
677862	677862	677862	45.4417	-120.2667	1674.8	-999	2.4	60	B	2	50	
677863	677863	677863	45.4417	-120.225	1738.06	-999	2.4	60	B	2	50	
677864	677864	677864	45.4417	-120.1833	1789.5	-999	2.4	60	B	2	50	
677865	677865	677865	45.4417	-120.1417	1865.35	-999	2.2567	60	B	2	50	
677866	677866	677866	45.4417	-120.1	1515.75	-999	2.1135	60	B	2	50	
677867	677867	677867	45.4417	-120.0583	1747.11	-999	2.2647	60	B	2	50	
677868	677868	677868	45.4417	-120.0167	1673.1	-999	2.4	60	B	2	50	
677869	677869	677869	45.4417	-119.975	1497.24	-999	2.4	60	B	2	50	
677870	677870	677870	45.4417	-119.9333	1605.12	-999	2.4	60	B	2	50	
677871	677871	677871	45.4417	-119.8917	1708.4	-999	2.4	60	B	2	50	
677872	677872	677872	45.4417	-119.85	1742.13	-999	2.4	60	B	2	50	
677873	677873	677873	45.4417	-119.8083	1717.98	-999	2.3724	60	B	2	50	
677874	677874	677874	45.4417	-119.7667	1533.99	-999	2.3536	60	B	2	50	
677875	677875	677875	45.4417	-119.725	1540.81	-999	2.3512	60	B	2	50	
677876	677876	677876	45.4417	-119.6833	1572.7	-999	2.2122	60	B	2	50	
677877	677877	677877	45.4417	-119.6417	1768.24	-999	1.8696	60	B	2	50	
677878	677878	677878	45.4417	-119.6	2057.61	-999	1.92	60	B	2	50	
677879	677879	677879	45.4417	-119.5583	2234.91	-999	1.92	60	B	2	50	
677880	677880	677880	45.4417	-119.5167	2388.71	-999	1.92	60	B	2	50	
677881	677881	677881	45.4417	-119.475	2451.05	-999	1.9323	60	B	2	50	
677882	677882	677882	45.4417	-119.4333	2502.49	-999	1.951	60	B	2	50	
677884	677884	677884	45.4417	-119.35	2585.17	-999	1.8352	60	B	2	50	
677885	677885	677885	45.4417	-119.3083	2613.25	-999	1.8048	60	B	2	50	
677887	677887	677887	45.4417	-119.225	2647.51	-999	2.04	60	B	2	50	
677890	677890	677890	45.4417	-119.1	2492.78	-999	1.82	60	B	2	50	
677892	677892	677892	45.4417	-119.0167	2713.12	-999	2.04	60	B	2	50	
677893	677893	677893	45.4417	-118.975	2620.08	-999	2.04	60	B	2	50	
677894	677894	677894	45.4417	-118.9333	2466.27	-999	2.04	60	B	2	50	
677895	677895	677895	45.4417	-118.8917	2212.07	-999	1.7169	60	B	2	50	
677896	677896	677896	45.4417	-118.85	2112.34	-999	1.8032	60	B	2	50	
677897	677897	677897	45.4417	-118.8083	2135.56	-999	1.4088	60	B	2	50	
677898	677898	677898	45.4417	-118.7667	2539.76	-999	1.56	60	B	2	50	
677899	677899	677899	45.4417	-118.725	2952.23	-999	1.56	60	B	2	50	
677902	677902	677902	45.4417	-118.6	2858.92	-999	2.04	60	B	2	50	
677903	677903	677903	45.4417	-118.5583	3069.55	-999	2.04	60	B	2	50	
677915	677915	677915	45.4417	-118.0583	3543.31	-999	1.9997	60	B	2	50	
677916	677916	677916	45.4417	-118.0167	2735.56	-999	2.2104	60	B	2	50	
677917	677917	677917	45.4417	-117.975	2763.12	-999	1.9284	60	B	2	50	
677918	677918	677918	45.4417	-117.9333	2713.12	-999	2.0267	60	B	2	50	
677919	677919	677919	45.4417	-117.8917	4060.89	-999	1.8	60	B	2	50	
677930	677930	677930	45.4417	-117.4333	4411.94	-999	1.924	60	B	2	50	
677931	677931	677931	45.4417	-117.3917	4119.55	-999	1.4388	60	B	2	50	
677932	677932	677932	45.4417	-117.35	3863.65	-999	1.4917	60	B	2	50	
677933	677933	677933	45.4417	-117.3083	3886.75	-999	1.6158	60	B	2	50	
677934	677934	677934	45.4417	-117.2667	3929.66	-999	1.5562	60	B	2	50	
677935	677935	677935	45.4417	-117.225	4177.03	-999	1.56	60	B	2	50	
677936	677936	677936	45.4417	-117.1833	4158.66	-999	1.56	60	B	2	50	
677937	677937	677937	45.4417	-117.1417	4509.71	-999	1.56	60	B	2	50	
677938	677938	677938	45.4417	-117.1	4667.45	-999	1.56	60	B	2	50	
677939	677939	677939	45.4417	-117.0583	4749.34	-999	2.16	60	B	2	50	
677940	677940	677940	45.4417	-117.0167	4267.06	-999	1.4298	60	B	2	50	
677945	677945	677945	45.4417	-116.8083	3772.97	-999	1.32	60	B	2	50	
677946	677946	677946	45.4417	-116.7667	3459.58	-999	1.32	60	B	2	50	
679161	679161	679161	45.4833	-123.8917	142.61	-999	1.68	60	B	2	50	
679162	679162	679162	45.4833	-123.85	28.65	-999	1.6869	60	B	2	50	
679163	679163	679163	45.4833	-123.8083	212.71	-999	1.68	60	B	2	50	
679164	679164	679164	45.4833	-123.7667	625.76	-999	1.8049	60	B	2	50	
679165	679165	679165	45.4833	-123.725	725.39	-999	3.0	60	B	2	50	
679166	679166	679166	45.4833	-123.6833	854.55	-999	1.8	60	B	2	50	
679167	679167	679167	45.4833	-123.6417	842.19	-999	1.8	60	B	2	50	
679176	679176	679176	45.4833	-123.2667	846.78	-999	2.28	60	B	2	50	
679177	679177	679177	45.4833	-123.225	441.71	-999	2.28	60	B	2	50	
679178	679178	679178	45.4833	-123.1833	552.49	-999	2.1778	60	B	2	50	
679179	679179	679179	45.4833	-123.1417	358.92	-999	2.2101	60	B	2	50	
679180	679180	679180	45.4833	-123.1	279.86	-999	2.1584	60	B	2	50	
679181	679181	679181	45.4833	-123.0583	254.48	-999	2.2036	60	B	2	50	
679182	679182	679182	45.4833	-123.0167	186.13	-999	2.2088	60	B	2	50	
679183	679183	679183	45.4833	-122.975	159.67	-999	2.1727	60	B	2	50	
679184	679184	679184	45.4833	-122.9333	165.9	-999	2.1524	60	B	2	50	
679185	679185	679185	45.4833	-122.8917	211.4	-999	2.2051	60	B	2	50	
679186	679186	679186	45.4833	-122.85	226.16	-999	2.226	60	B	2	50	
679187	679187	679187	45.4833	-122.8083	213.8	-999	2.16	60	B	2	50	
679188	679188	679188	45.4833	-122.7667	274.5	-999	1.5544	60	B	2	50	
679189	679189	679189	45.4833	-122.725	436.24	-999	1.44	60	B	2	50	
679190	679190	679190	45.4833	-122.6833	383.53	-999	1.8138	60	B	2	50	
679191	679191	679191	45.4833	-122.6417	81.15	-999	1.9309	60	B	2	50	
679192	679192	679192	45.4833	-122.6	222.77	-999	1.8	60	B	2	50	
679193	679193	679193	45.4833	-122.5583	263.12	-999	1.6942	60	B	2	50	
679194	679194	679194	45.4833	-122.5167	333.66	-999	1.6896	60	B	2	50	
679195	679195	679195	45.4833	-122.475	361.99	-999	1.5415	60	B	2	50	
679196	679196	679196	45.4833	-122.4333	478.78	-999	1.4672	60	B	2	50	
679197	679197	679197	45.4833	-122.3917	430.99	-999	1.4865	60	B	2	50	
679198	679198	679198	45.4833	-122.35	493.0	-999	1.5451	60	B	2	50	
679199	679199	679199	45.4833	-122.3083	482.28	-999	1.7143	60	B	2	50	
679200	679200	679200	45.4833	-122.2667	489.11	-999	1.7367	60	B	2	50	
679201	679201	679201	45.4833	-122.225	927.56	-999	1.765	60	B	2	50	
679216	679216	679216	45.4833	-121.6	2337.14	-999	2.88	60	B	2	50	
679217	679217	679217	45.4833	-121.5583	2275.98	-999	2.873	60	B	2	50	
679222	679222	679222	45.4833	-121.35	2380.58	-999	1.92	60	B	2	50	
679223	679223	679223	45.4833	-121.3083	2203.02	-999	1.92	60	B	2	50	
679224	679224	679224	45.4833	-121.2667	2007.09	-999	1.92	60	B	2	50	
679225	679225	679225	45.4833	-121.225	1824.93	-999	1.92	60	B	2	50	
679226	679226	679226	45.4833	-121.1833	1469.69	-999	2.0322	60	B	2	50	
679227	679227	679227	45.4833	-121.1417	1382.41	-999	2.0978	60	B	2	50	
679228	679228	679228	45.4833	-121.1	1374.67	-999	2.216	60	B	2	50	
679229	679229	679229	45.4833	-121.0583	1265.49	-999	1.7878	60	B	2	50	
679230	679230	679230	45.4833	-121.0167	1460.63	-999	1.9651	60	B	2	50	
679231	679231	679231	45.4833	-120.975	1764.96	-999	2.1896	60	B	2	50	
679232	679232	679232	45.4833	-120.9333	2095.28	-999	1.9952	60	B	2	50	
679233	679233	679233	45.4833	-120.8917	2211.29	-999	1.9155	60	B	2	50	
679234	679234	679234	45.4833	-120.85	1634.12	-999	1.874	60	B	2	50	
679235	679235	679235	45.4833	-120.8083	1634.38	-999	2.2421	60	B	2	50	
679236	679236	679236	45.4833	-120.7667	2116.93	-999	2.28	60	B	2	50	
679237	679237	679237	45.4833	-120.725	1941.99	-999	2.28	60	B	2	50	
679238	679238	679238	45.4833	-120.6833	1796.19	-999	2.28	60	B	2	50	
679239	679239	679239	45.4833	-120.6417	1873.49	-999	2.28	60	B	2	50	
679240	679240	679240	45.4833	-120.6	1766.8	-999	2.28	60	B	2	50	
679241	679241	679241	45.4833	-120.5583	1851.71	-999	2.28	60	B	2	50	
679242	679242	679242	45.4833	-120.5167	1682.28	-999	2.2405	60	B	2	50	
679243	679243	679243	45.4833	-120.475	1229.0	-999	2.2204	60	B	2	50	
679244	679244	679244	45.4833	-120.4333	1128.22	-999	2.1951	60	B	2	50	
679245	679245	679245	45.4833	-120.3917	932.28	-999	2.2143	60	B	2	50	
679246	679246	679246	45.4833	-120.35	1173.23	-999	2.2873	60	B	2	50	
679247	679247	679247	45.4833	-120.3083	1175.07	-999	2.3759	60	B	2	50	
679248	679248	679248	45.4833	-120.2667	1342.39	-999	2.3181	60	B	2	50	
679249	679249	679249	45.4833	-120.225	1419.03	-999	2.4	60	B	2	50	
679250	679250	679250	45.4833	-120.1833	1399.48	-999	2.3511	60	B	2	50	
679251	679251	679251	45.4833	-120.1417	1366.54	-999	2.2884	60	B	2	50	
679252	679252	679252	45.4833	-120.1	1509.32	-999	2.4	60	B	2	50	
679253	679253	679253	45.4833	-120.0583	1445.01	-999	2.4	60	B	2	50	
679254	679254	679254	45.4833	-120.0167	1331.36	-999	2.4	60	B	2	50	
679255	679255	679255	45.4833	-119.975	1453.54	-999	2.4	60	B	2	50	
679256	679256	679256	45.4833	-119.9333	1538.06	-999	2.4	60	B	2	50	
679257	679257	679257	45.4833	-119.8917	1432.41	-999	2.3367	60	B	2	50	
679258	679258	679258	45.4833	-119.85	1414.17	-999	2.2493	60	B	2	50	
679259	679259	679259	45.4833	-119.8083	1616.67	-999	2.3003	60	B	2	50	
679260	679260	679260	45.4833	-119.7667	1395.41	-999	2.1407	60	B	2	50	
679261	679261	679261	45.4833	-119.725	1452.1	-999	2.3518	60	B	2	50	
679262	679262	679262	45.4833	-119.6833	1579.0	-999	2.4	60	B	2	50	
679263	679263	679263	45.4833	-119.6417	1689.11	-999	2.3991	60	B	2	50	
679264	679264	679264	45.4833	-119.6	1891.99	-999	2.2522	60	B	2	50	
679265	679265	679265	45.4833	-119.5583	2187.4	-999	1.9996	60	B	2	50	
679266	679266	679266	45.4833	-119.5167	2045.28	-999	1.92	60	B	2	50	
679267	679267	679267	45.4833	-119.475	2116.27	-999	1.92	60	B	2	50	
679268	679268	679268	45.4833	-119.4333	2461.68	-999	1.92	60	B	2	50	
679269	679269	679269	45.4833	-119.3917	2329.0	-999	1.8	60	B	2	50	
679270	679270	679270	45.4833	-119.35	2263.52	-999	1.8	60	B	2	50	
679275	679275	679275	45.4833	-119.1417	2394.62	-999	1.8	60	B	2	50	
679276	679276	679276	45.4833	-119.1	2375.59	-999	1.879	60	B	2	50	
679277	679277	679277	45.4833	-119.0583	2627.17	-999	2.04	60	B	2	50	
679278	679278	679278	45.4833	-119.0167	2650.53	-999	2.04	60	B	2	50	
679279	679279	679279	45.4833	-118.975	2508.66	-999	2.04	60	B	2	50	
679280	679280	679280	45.4833	-118.9333	2320.21	-999	2.04	60	B	2	50	
679281	679281	679281	45.4833	-118.8917	2112.86	-999	1.9258	60	B	2	50	
679282	679282	679282	45.4833	-118.85	1863.25	-999	1.3627	60	B	2	50	
679283	679283	679283	45.4833	-118.8083	1754.86	-999	1.3626	60	B	2	50	
679284	679284	679284	45.4833	-118.7667	1888.98	-999	1.3671	60	B	2	50	
679285	679285	679285	45.4833	-118.725	2208.53	-999	1.477	60	B	2	50	
679286	679286	679286	45.4833	-118.6833	2642.78	-999	1.5264	60	B	2	50	
679287	679287	679287	45.4833	-118.6417	2675.85	-999	1.5672	60	B	2	50	
679288	679288	679288	45.4833	-118.6	2529.4	-999	1.9236	60	B	2	50	
679301	679301	679301	45.4833	-118.0583	3261.02	-999	2.1204	60	B	2	50	
679302	679302	679302	45.4833	-118.0167	2730.97	-999	2.0701	60	B	2	50	
679303	679303	679303	45.4833	-117.975	2724.93	-999	1.9811	60	B	2	50	
679304	679304	679304	45.4833	-117.9333	2716.01	-999	1.9899	60	B	2	50	
679305	679305	679305	45.4833	-117.8917	3364.7	-999	1.8128	60	B	2	50	
679306	679306	679306	45.4833	-117.85	3508.66	-999	1.8484	60	B	2	50	
679315	679315	679315	45.4833	-117.475	4580.18	-999	2.04	60	B	2	50	
679316	679316	679316	45.4833	-117.4333	3540.42	-999	2.0236	60	B	2	50	
679317	679317	679317	45.4833	-117.3917	3525.46	-999	1.7225	60	B	2	50	
679318	679318	679318	45.4833	-117.35	3799.21	-999	1.9488	60	B	2	50	
679319	679319	679319	45.4833	-117.3083	4117.59	-999	2.16	60	B	2	50	
679320	679320	679320	45.4833	-117.2667	4095.41	-999	1.7793	60	B	2	50	
679321	679321	679321	45.4833	-117.225	4333.99	-999	1.56	60	B	2	50	
679322	679322	679322	45.4833	-117.1833	4229.27	-999	1.56	60	B	2	50	
679323	679323	679323	45.4833	-117.1417	4505.12	-999	1.56	60	B	2	50	
679324	679324	679324	45.4833	-117.1	4584.65	-999	1.8597	60	B	2	50	
679325	679325	679325	45.4833	-117.0583	4734.12	-999	2.16	60	B	2	50	
679326	679326	679326	45.4833	-117.0167	4366.4	-999	1.492	60	B	2	50	
679328	679328	679328	45.4833	-116.9333	3815.22	-999	1.44	60	B	2	50	
679329	679329	679329	45.4833	-116.8917	3610.37	-999	1.44	60	B	2	50	
679330	679330	679330	45.4833	-116.85	3971.13	-999	1.32	60	B	2	50	
679331	679331	679331	45.4833	-116.8083	3326.38	-999	1.32	60	B	2	50	
679332	679332	679332	45.4833	-116.7667	4140.16	-999	1.32	60	B	2	50	
680547	680547	680547	45.525	-123.8917	90.44	-999	1.68	60	B	2	50	
680548	680548	680548	45.525	-123.85	512.36	-999	1.6905	60	B	2	50	
680549	680549	680549	45.525	-123.8083	771.22	-999	2.2781	60	B	2	50	
680563	680563	680563	45.525	-123.225	1069.88	-999	2.28	60	B	2	50	
680564	680564	680564	45.525	-123.1833	774.39	-999	2.0676	60	C	3	50	
680565	680565	680565	45.525	-123.1417	243.0	-999	2.1678	60	B	2	50	
680566	680566	680566	45.525	-123.1	187.23	-999	2.2422	60	B	2	50	
680567	680567	680567	45.525	-123.0583	183.29	-999	2.2268	60	B	2	50	
680568	680568	680568	45.525	-123.0167	171.81	-999	2.165	60	B	2	50	
680569	680569	680569	45.525	-122.975	178.81	-999	2.121	60	B	2	50	
680570	680570	680570	45.525	-122.9333	186.13	-999	2.1853	60	B	2	50	
680571	680571	680571	45.525	-122.8917	192.69	-999	2.1805	60	B	2	50	
680572	680572	680572	45.525	-122.85	213.69	-999	2.16	60	B	2	50	
680573	680573	680573	45.525	-122.8083	297.02	-999	1.6808	60	B	2	50	
680574	680574	680574	45.525	-122.7667	635.17	-999	1.44	60	B	2	50	
680575	680575	680575	45.525	-122.725	665.13	-999	1.5689	60	B	2	50	
680576	680576	680576	45.525	-122.6833	164.37	-999	1.9625	60	B	2	50	
680577	680577	680577	45.525	-122.6417	128.17	-999	1.8	60	B	2	50	
680578	680578	680578	45.525	-122.6	235.46	-999	1.8	60	B	2	50	
680579	680579	680579	45.525	-122.5583	272.75	-999	1.8	60	B	2	50	
680580	680580	680580	45.525	-122.5167	273.73	-999	1.8	60	B	2	50	
680581	680581	680581	45.525	-122.475	225.28	-999	1.8	60	B	2	50	
680582	680582	680582	45.525	-122.4333	228.02	-999	1.8	60	B	2	50	
680583	680583	680583	45.525	-122.3917	228.24	-999	1.807	60	B	2	50	
680584	680584	680584	45.525	-122.35	304.57	-999	1.7682	60	B	2	50	
680585	680585	680585	45.525	-122.3083	396.59	-999	1.6865	60	B	2	50	
680586	680586	680586	45.525	-122.2667	549.21	-999	1.68	60	B	2	50	
680587	680587	680587	45.525	-122.225	789.24	-999	1.68	60	B	2	50	
680588	680588	680588	45.525	-122.1833	1289.37	-999	1.68	60	B	2	50	
680601	680601	680601	45.525	-121.6417	2217.59	-999	2.88	60	B	2	50	
680602	680602	680602	45.525	-121.6	1671.0	-999	2.88	60	B	2	50	
680603	680603	680603	45.525	-121.5583	1775.72	-999	2.2149	60	B	2	50	
680608	680608	680608	45.525	-121.35	2038.19	-999	1.92	60	B	2	50	
680609	680609	680609	45.525	-121.3083	1826.25	-999	1.92	60	B	2	50	
680610	680610	680610	45.525	-121.2667	1958.79	-999	1.92	60	B	2	50	
680611	680611	680611	45.525	-121.225	1587.4	-999	1.92	60	B	2	50	
680612	680612	680612	45.525	-121.1833	1244.23	-999	2.0314	60	B	2	50	
680613	680613	680613	45.525	-121.1417	1105.51	-999	2.207	60	B	2	50	
680614	680614	680614	45.525	-121.1	1020.6	-999	2.0006	60	B	2	50	
680615	680615	680615	45.525	-121.0583	1106.3	-999	2.1608	60	B	2	50	
680616	680616	680616	45.525	-121.0167	1138.98	-999	1.9642	60	B	2	50	
680617	680617	680617	45.525	-120.975	1222.83	-999	2.1528	60	B	2	50	
680618	680618	680618	45.525	-120.9333	1435.7	-999	2.2516	60	B	2	50	
680619	680619	680619	45.525	-120.8917	1343.31	-999	2.1673	60	B	2	50	
680620	680620	680620	45.525	-120.85	1149.21	-999	2.2712	60	B	2	50	
680621	680621	680621	45.525	-120.8083	1433.6	-999	2.2723	60	B	2	50	
680622	680622	680622	45.525	-120.7667	1946.33	-999	2.2758	60	B	2	50	
680623	680623	680623	45.525	-120.725	1920.47	-999	2.28	60	B	2	50	
680624	680624	680624	45.525	-120.6833	1771.65	-999	2.28	60	B	2	50	
680625	680625	680625	45.525	-120.6417	1645.93	-999	2.28	60	B	2	50	
680626	680626	680626	45.525	-120.6	1540.03	-999	2.28	60	B	2	50	
680627	680627	680627	45.525	-120.5583	1541.99	-999	2.2627	60	B	2	50	
680628	680628	680628	45.525	-120.5167	1542.52	-999	2.3008	60	B	2	50	
680629	680629	680629	45.525	-120.475	1555.38	-999	2.4	60	B	2	50	
680630	680630	680630	45.525	-120.4333	1380.18	-999	2.3963	60	B	2	50	
680631	680631	680631	45.525	-120.3917	1140.68	-999	2.1865	60	B	2	50	
680632	680632	680632	45.525	-120.35	870.47	-999	2.2086	60	B	2	50	
680633	680633	680633	45.525	-120.3083	1081.89	-999	2.2567	60	B	2	50	
680634	680634	680634	45.525	-120.2667	1123.49	-999	2.309	60	B	2	50	
680635	680635	680635	45.525	-120.225	1104.07	-999	2.0818	60	B	2	50	
680636	680636	680636	45.525	-120.1833	1172.7	-999	2.2424	60	B	2	50	
680637	680637	680637	45.525	-120.1417	1293.18	-999	2.3991	60	B	2	50	
680638	680638	680638	45.525	-120.1	1240.16	-999	2.3993	60	B	2	50	
680639	680639	680639	45.525	-120.0583	1167.85	-999	2.3983	60	B	2	50	
680640	680640	680640	45.525	-120.0167	1220.6	-999	2.4	60	B	2	50	
680641	680641	680641	45.525	-119.975	1220.87	-999	2.4	60	B	2	50	
680642	680642	680642	45.525	-119.9333	1172.83	-999	2.3327	60	B	2	50	
680643	680643	680643	45.525	-119.8917	1221.13	-999	2.3728	60	B	2	50	
680644	680644	680644	45.525	-119.85	1367.19	-999	2.3996	60	B	2	50	
680645	680645	680645	45.525	-119.8083	1395.41	-999	2.4	60	B	2	50	
680646	680646	680646	45.525	-119.7667	1547.64	-999	2.4	60	B	2	50	
680647	680647	680647	45.525	-119.725	1482.02	-999	2.4	60	B	2	50	
680648	680648	680648	45.525	-119.6833	1360.76	-999	2.4	60	B	2	50	
680649	680649	680649	45.525	-119.6417	1331.89	-999	2.4	60	B	2	50	
680650	680650	680650	45.525	-119.6	1445.93	-999	2.4	60	B	2	50	
680651	680651	680651	45.525	-119.5583	1570.34	-999	2.3939	60	B	2	50	
680652	680652	680652	45.525	-119.5167	1609.84	-999	2.2977	60	B	2	50	
680653	680653	680653	45.525	-119.475	1855.51	-999	2.2305	60	B	2	50	
680654	680654	680654	45.525	-119.4333	1821.13	-999	1.8074	60	B	2	50	
680655	680655	680655	45.525	-119.3917	1861.29	-999	1.8	60	B	2	50	
680656	680656	680656	45.525	-119.35	1876.64	-999	1.8	60	B	2	50	
680657	680657	680657	45.525	-119.3083	1810.37	-999	1.8	60	B	2	50	
680658	680658	680658	45.525	-119.2667	1923.62	-999	1.8049	60	B	2	50	
680659	680659	680659	45.525	-119.225	2017.72	-999	1.8033	60	B	2	50	
680660	680660	680660	45.525	-119.1833	2142.91	-999	1.9132	60	B	2	50	
680661	680661	680661	45.525	-119.1417	2417.85	-999	2.0383	60	B	2	50	
680662	680662	680662	45.525	-119.1	2560.63	-999	2.04	60	B	2	50	
680663	680663	680663	45.525	-119.0583	2613.52	-999	2.04	60	B	2	50	
680664	680664	680664	45.525	-119.0167	2447.51	-999	2.04	60	B	2	50	
680665	680665	680665	45.525	-118.975	2325.59	-999	2.0357	60	B	2	50	
680666	680666	680666	45.525	-118.9333	2179.0	-999	1.9854	60	B	2	50	
680667	680667	680667	45.525	-118.8917	1950.39	-999	1.5552	60	B	2	50	
680668	680668	680668	45.525	-118.85	1725.72	-999	1.32	60	B	2	50	
680669	680669	680669	45.525	-118.8083	1557.61	-999	1.527	60	B	2	50	
680670	680670	680670	45.525	-118.7667	1528.22	-999	1.3824	60	B	2	50	
680671	680671	680671	45.525	-118.725	1735.04	-999	1.3299	60	B	2	50	
680672	680672	680672	45.525	-118.6833	2124.15	-999	1.4155	60	B	2	50	
680686	680686	680686	45.525	-118.1	4827.69	-999	2.04	60	B	2	50	
680687	680687	680687	45.525	-118.0583	3146.59	-999	2.04	60	B	2	50	
680688	680688	680688	45.525	-118.0167	2903.41	-999	1.8984	60	B	2	50	
680689	680689	680689	45.525	-117.975	3123.88	-999	1.9273	60	B	2	50	
680690	680690	680690	45.525	-117.9333	3126.64	-999	1.8677	60	B	2	50	
680691	680691	680691	45.525	-117.8917	2896.33	-999	1.8872	60	B	2	50	
680692	680692	680692	45.525	-117.85	3224.8	-999	1.8	60	B	2	50	
680693	680693	680693	45.525	-117.8083	3433.86	-999	1.8	60	B	2	50	
680694	680694	680694	45.525	-117.7667	3965.09	-999	1.8088	60	B	2	50	
680699	680699	680699	45.525	-117.5583	4178.74	-999	2.04	60	B	2	50	
680700	680700	680700	45.525	-117.5167	3885.04	-999	2.04	60	B	2	50	
680701	680701	680701	45.525	-117.475	3206.56	-999	2.04	60	B	2	50	
680702	680702	680702	45.525	-117.4333	3259.84	-999	1.9803	60	B	2	50	
680703	680703	680703	45.525	-117.3917	3650.26	-999	2.0825	60	B	2	50	
680704	680704	680704	45.525	-117.35	3902.76	-999	2.16	60	B	2	50	
680705	680705	680705	45.525	-117.3083	4164.83	-999	2.16	60	B	2	50	
680706	680706	680706	45.525	-117.2667	4247.24	-999	1.8241	60	B	2	50	
680707	680707	680707	45.525	-117.225	4256.43	-999	1.56	60	B	2	50	
680708	680708	680708	45.525	-117.1833	4292.91	-999	1.56	60	B	2	50	
680709	680709	680709	45.525	-117.1417	4623.36	-999	1.56	60	B	2	50	
680710	680710	680710	45.525	-117.1	4440.55	-999	1.56	60	B	2	50	
680715	680715	680715	45.525	-116.8917	4132.28	-999	1.44	60	B	2	50	
680716	680716	680716	45.525	-116.85	3105.77	-999	1.341	60	B	2	50	
680717	680717	680717	45.525	-116.8083	3112.2	-999	1.32	60	B	2	50	
680723	680723	680723	45.525	-116.5583	2861.55	-999	0.0	60	B	2	50	
680724	680724	680724	45.525	-116.5167	2608.92	-999	0.0	60	B	2	50	
681933	681933	681933	45.5667	-123.8917	441.38	-999	2.4	60	B	2	50	
681934	681934	681934	45.5667	-123.85	811.24	-999	2.4	60	B	2	50	
681940	681940	681940	45.5667	-123.6	1168.42	-999	1.8	60	B	2	50	
681949	681949	681949	45.5667	-123.225	732.17	-999	2.1004	60	C	3	50	
681950	681950	681950	45.5667	-123.1833	420.06	-999	2.2032	60	B	2	50	
681951	681951	681951	45.5667	-123.1417	307.85	-999	2.196	60	B	2	50	
681952	681952	681952	45.5667	-123.1	181.21	-999	2.2194	60	B	2	50	
681953	681953	681953	45.5667	-123.0583	182.85	-999	2.2045	60	B	2	50	
681954	681954	681954	45.5667	-123.0167	191.27	-999	2.2496	60	B	2	50	
681955	681955	681955	45.5667	-122.975	185.37	-999	2.1955	60	B	2	50	
681956	681956	681956	45.5667	-122.9333	202.43	-999	2.268	60	B	2	50	
681957	681957	681957	45.5667	-122.8917	223.32	-999	2.1388	60	B	2	50	
681958	681958	681958	45.5667	-122.85	261.7	-999	1.658	60	B	2	50	
681959	681959	681959	45.5667	-122.8083	550.3	-999	1.4622	60	B	2	50	
681960	681960	681960	45.5667	-122.7667	637.47	-999	1.4405	60	B	2	50	
681961	681961	681961	45.5667	-122.725	144.25	-999	1.8	60	B	2	50	
681962	681962	681962	45.5667	-122.6833	121.17	-999	1.8014	60	B	2	50	
681963	681963	681963	45.5667	-122.6417	133.75	-999	2.0125	60	B	2	50	
681964	681964	681964	45.5667	-122.6	104.22	-999	1.9072	60	B	2	50	
681965	681965	681965	45.5667	-122.5583	71.08	-999	2.0154	60	B	2	50	
681966	681966	681966	45.5667	-122.5167	36.96	-999	1.9955	60	B	2	50	
681967	681967	681967	45.5667	-122.475	42.87	-999	2.0087	60	B	2	50	
681968	681968	681968	45.5667	-122.4333	90.77	-999	2.0042	60	B	2	50	
681969	681969	681969	45.5667	-122.3917	33.36	-999	2.0358	60	B	2	50	
681970	681970	681970	45.5667	-122.35	33.46	-999	2.0257	60	B	2	50	
681971	681971	681971	45.5667	-122.3083	73.36	-999	1.8203	60	B	2	50	
681972	681972	681972	45.5667	-122.2667	287.53	-999	1.9328	60	B	2	50	
681973	681973	681973	45.5667	-122.225	472.83	-999	1.8405	60	B	2	50	
681974	681974	681974	45.5667	-122.1833	330.97	-999	1.8482	60	B	2	50	
681975	681975	681975	45.5667	-122.1417	883.07	-999	1.68	60	B	2	50	
681976	681976	681976	45.5667	-122.1	1558.14	-999	1.68	60	B	2	50	
681987	681987	681987	45.5667	-121.6417	1498.69	-999	2.88	60	B	2	50	
681988	681988	681988	45.5667	-121.6	1514.57	-999	2.8779	60	B	2	50	
681989	681989	681989	45.5667	-121.5583	1661.42	-999	1.9519	60	B	2	50	
681990	681990	681990	45.5667	-121.5167	2298.95	-999	2.04	60	B	2	50	
681995	681995	681995	45.5667	-121.3083	1442.39	-999	1.9201	60	B	2	50	
681996	681996	681996	45.5667	-121.2667	1001.05	-999	1.92	60	B	2	50	
681997	681997	681997	45.5667	-121.225	894.75	-999	1.92	60	B	2	50	
681998	681998	681998	45.5667	-121.1833	894.49	-999	1.9232	60	B	2	50	
681999	681999	681999	45.5667	-121.1417	794.23	-999	2.0736	60	B	2	50	
682000	682000	682000	45.5667	-121.1	765.09	-999	2.1865	60	B	2	50	
682001	682001	682001	45.5667	-121.0583	802.62	-999	1.9156	60	B	2	50	
682002	682002	682002	45.5667	-121.0167	1038.58	-999	2.2303	60	B	2	50	
682003	682003	682003	45.5667	-120.975	1027.56	-999	2.1445	60	B	2	50	
682004	682004	682004	45.5667	-120.9333	1080.71	-999	2.1929	60	B	2	50	
682005	682005	682005	45.5667	-120.8917	977.03	-999	2.1781	60	B	2	50	
682006	682006	682006	45.5667	-120.85	1331.1	-999	2.28	60	B	2	50	
682007	682007	682007	45.5667	-120.8083	1449.74	-999	2.28	60	B	2	50	
682008	682008	682008	45.5667	-120.7667	1472.97	-999	2.28	60	B	2	50	
682009	682009	682009	45.5667	-120.725	1519.69	-999	2.28	60	B	2	50	
682010	682010	682010	45.5667	-120.6833	1542.52	-999	2.28	60	B	2	50	
682011	682011	682011	45.5667	-120.6417	1588.71	-999	2.28	60	B	2	50	
682012	682012	682012	45.5667	-120.6	1567.85	-999	2.28	60	B	2	50	
682013	682013	682013	45.5667	-120.5583	1496.72	-999	2.28	60	B	2	50	
682014	682014	682014	45.5667	-120.5167	1392.13	-999	2.2945	60	B	2	50	
682015	682015	682015	45.5667	-120.475	1209.71	-999	2.3958	60	B	2	50	
682016	682016	682016	45.5667	-120.4333	975.59	-999	2.3577	60	B	2	50	
682017	682017	682017	45.5667	-120.3917	798.16	-999	2.0493	60	B	2	50	
682018	682018	682018	45.5667	-120.35	929.92	-999	2.3627	60	B	2	50	
682019	682019	682019	45.5667	-120.3083	913.65	-999	2.2618	60	B	2	50	
682020	682020	682020	45.5667	-120.2667	937.01	-999	2.0742	60	B	2	50	
682021	682021	682021	45.5667	-120.225	1049.61	-999	2.2112	60	B	2	50	
682022	682022	682022	45.5667	-120.1833	1139.63	-999	2.3998	60	B	2	50	
682023	682023	682023	45.5667	-120.1417	1110.37	-999	2.2137	60	A	1	50	
682024	682024	682024	45.5667	-120.1	973.62	-999	2.1801	60	A	1	50	
682025	682025	682025	45.5667	-120.0583	962.99	-999	2.3802	60	B	2	50	
682026	682026	682026	45.5667	-120.0167	1089.24	-999	2.3541	60	B	2	50	
682027	682027	682027	45.5667	-119.975	1042.91	-999	2.4	60	B	2	50	
682028	682028	682028	45.5667	-119.9333	998.69	-999	2.3337	60	B	2	50	
682029	682029	682029	45.5667	-119.8917	1074.28	-999	2.3998	60	B	2	50	
682030	682030	682030	45.5667	-119.85	1113.91	-999	2.4	60	B	2	50	
682031	682031	682031	45.5667	-119.8083	1248.03	-999	2.4	60	B	2	50	
682032	682032	682032	45.5667	-119.7667	1474.67	-999	2.4	60	B	2	50	
682033	682033	682033	45.5667	-119.725	1323.1	-999	2.4	60	B	2	50	
682034	682034	682034	45.5667	-119.6833	1144.09	-999	2.4	60	B	2	50	
682035	682035	682035	45.5667	-119.6417	1138.45	-999	2.4	60	B	2	50	
682036	682036	682036	45.5667	-119.6	1175.33	-999	2.4	60	B	2	50	
682037	682037	682037	45.5667	-119.5583	1272.31	-999	2.4	60	B	2	50	
682038	682038	682038	45.5667	-119.5167	1336.35	-999	2.4	60	B	2	50	
682039	682039	682039	45.5667	-119.475	1429.13	-999	2.4	60	B	2	50	
682040	682040	682040	45.5667	-119.4333	1377.03	-999	2.0462	60	B	2	50	
682041	682041	682041	45.5667	-119.3917	1414.83	-999	1.8962	60	B	2	50	
682042	682042	682042	45.5667	-119.35	1743.44	-999	1.92	60	B	2	50	
682043	682043	682043	45.5667	-119.3083	1745.41	-999	1.9129	60	B	2	50	
682045	682045	682045	45.5667	-119.225	1826.38	-999	1.92	60	B	2	50	
682046	682046	682046	45.5667	-119.1833	1897.77	-999	1.9422	60	B	2	50	
682047	682047	682047	45.5667	-119.1417	2124.41	-999	1.9598	60	B	2	50	
682048	682048	682048	45.5667	-119.1	2173.75	-999	2.0195	60	B	2	50	
682049	682049	682049	45.5667	-119.0583	2103.02	-999	1.9618	60	B	2	50	
682050	682050	682050	45.5667	-119.0167	2191.47	-999	1.9348	60	B	2	50	
682051	682051	682051	45.5667	-118.975	2048.03	-999	1.9225	60	B	2	50	
682052	682052	682052	45.5667	-118.9333	1827.17	-999	1.92	60	B	2	50	
682053	682053	682053	45.5667	-118.8917	1664.17	-999	1.87	60	B	2	50	
682054	682054	682054	45.5667	-118.85	1596.85	-999	1.3646	60	B	2	50	
682055	682055	682055	45.5667	-118.8083	1409.84	-999	1.5917	60	B	2	50	
682056	682056	682056	45.5667	-118.7667	1396.46	-999	1.5028	60	B	2	50	
682057	682057	682057	45.5667	-118.725	1581.5	-999	1.32	60	B	2	50	
682058	682058	682058	45.5667	-118.6833	1867.85	-999	1.3399	60	B	2	50	
682059	682059	682059	45.5667	-118.6417	2487.01	-999	1.55	60	B	2	50	
682073	682073	682073	45.5667	-118.0583	3448.69	-999	2.04	60	B	2	50	
682074	682074	682074	45.5667	-118.0167	3350.52	-999	1.9023	60	B	2	50	
682075	682075	682075	45.5667	-117.975	3370.08	-999	1.8	60	B	2	50	
682076	682076	682076	45.5667	-117.9333	2935.83	-999	2.0028	60	B	2	50	
682077	682077	682077	45.5667	-117.8917	2885.7	-999	1.8678	60	B	2	50	
682078	682078	682078	45.5667	-117.85	3268.24	-999	1.8	60	B	2	50	
682079	682079	682079	45.5667	-117.8083	3392.39	-999	1.8	60	B	2	50	
682080	682080	682080	45.5667	-117.7667	3887.93	-999	1.8254	60	B	2	50	
682084	682084	682084	45.5667	-117.6	4181.1	-999	2.04	60	B	2	50	
682085	682085	682085	45.5667	-117.5583	3330.97	-999	2.04	60	B	2	50	
682086	682086	682086	45.5667	-117.5167	3110.89	-999	1.944	60	B	2	50	
682087	682087	682087	45.5667	-117.475	3229.27	-999	1.8683	60	B	2	50	
682088	682088	682088	45.5667	-117.4333	3573.49	-999	1.6463	60	B	2	50	
682089	682089	682089	45.5667	-117.3917	3803.41	-999	2.0021	60	B	2	50	
682090	682090	682090	45.5667	-117.35	3952.23	-999	1.9504	60	B	2	50	
682091	682091	682091	45.5667	-117.3083	4310.37	-999	1.8114	60	B	2	50	
682092	682092	682092	45.5667	-117.2667	4469.55	-999	1.56	60	B	2	50	
682093	682093	682093	45.5667	-117.225	4255.38	-999	1.5789	60	B	2	50	
682095	682095	682095	45.5667	-117.1417	4516.54	-999	1.56	60	B	2	50	
682096	682096	682096	45.5667	-117.1	4370.73	-999	1.56	60	B	2	50	
682101	682101	682101	45.5667	-116.8917	3602.62	-999	1.44	60	B	2	50	
682102	682102	682102	45.5667	-116.85	3117.85	-999	1.4315	60	B	2	50	
683318	683318	683318	45.6083	-123.9333	252.19	-999	2.4	60	B	2	50	
683319	683319	683319	45.6083	-123.8917	625.33	-999	2.4	60	B	2	50	
683320	683320	683320	45.6083	-123.85	563.21	-999	2.4	60	B	2	50	
683329	683329	683329	45.6083	-123.475	1527.12	-999	1.8	60	B	2	50	
683334	683334	683334	45.6083	-123.2667	976.49	-999	1.92	60	C	3	50	
683335	683335	683335	45.6083	-123.225	435.37	-999	2.1236	60	B	2	50	
683336	683336	683336	45.6083	-123.1833	387.47	-999	2.2543	60	B	2	50	
683337	683337	683337	45.6083	-123.1417	251.09	-999	2.1608	60	B	2	50	
683338	683338	683338	45.6083	-123.1	221.13	-999	2.2685	60	B	2	50	
683339	683339	683339	45.6083	-123.0583	206.91	-999	2.144	60	B	2	50	
683340	683340	683340	45.6083	-123.0167	218.07	-999	2.2405	60	B	2	50	
683341	683341	683341	45.6083	-122.975	229.0	-999	2.2577	60	B	2	50	
683342	683342	683342	45.6083	-122.9333	372.27	-999	1.9253	60	B	2	50	
683343	683343	683343	45.6083	-122.8917	485.67	-999	1.4623	60	B	2	50	
683344	683344	683344	45.6083	-122.85	584.75	-999	1.4643	60	B	2	50	
683345	683345	683345	45.6083	-122.8083	511.26	-999	2.0117	60	B	2	50	
683346	683346	683346	45.6083	-122.7667	71.19	-999	2.0249	60	B	2	50	
683347	683347	683347	45.6083	-122.725	35.76	-999	2.0223	60	B	2	50	
683348	683348	683348	45.6083	-122.6833	20.78	-999	2.0157	60	B	2	50	
683349	683349	683349	45.6083	-122.6417	39.59	-999	1.9467	60	B	2	50	
683350	683350	683350	45.6083	-122.6	116.14	-999	1.2681	60	A	1	50	
683351	683351	683351	45.6083	-122.5583	174.32	-999	1.08	60	A	1	50	
683352	683352	683352	45.6083	-122.5167	233.81	-999	1.1004	60	A	1	50	
683353	683353	683353	45.6083	-122.475	285.32	-999	1.9843	60	B	2	50	
683354	683354	683354	45.6083	-122.4333	387.8	-999	2.115	60	B	2	50	
683355	683355	683355	45.6083	-122.3917	328.52	-999	2.1427	60	B	2	50	
683356	683356	683356	45.6083	-122.35	329.18	-999	2.1052	60	B	2	50	
683357	683357	683357	45.6083	-122.3083	499.21	-999	2.04	60	B	2	50	
683358	683358	683358	45.6083	-122.2667	698.69	-999	1.9889	60	B	2	50	
683359	683359	683359	45.6083	-122.225	667.45	-999	1.9988	60	B	2	50	
683360	683360	683360	45.6083	-122.1833	793.7	-999	1.8561	60	B	2	50	
683361	683361	683361	45.6083	-122.1417	1103.41	-999	1.92	60	B	2	50	
683363	683363	683363	45.6083	-122.0583	248.82	-999	1.5932	60	B	2	50	
683364	683364	683364	45.6083	-122.0167	596.85	-999	1.1849	60	A	1	50	
683373	683373	683373	45.6083	-121.6417	1778.08	-999	2.6192	60	B	2	50	
683374	683374	683374	45.6083	-121.6	1453.02	-999	1.5251	60	B	2	50	
683375	683375	683375	45.6083	-121.5583	1326.77	-999	2.3771	60	B	2	50	
683376	683376	683376	45.6083	-121.5167	1179.92	-999	2.5385	60	B	2	50	
683379	683379	683379	45.6083	-121.3917	1701.31	-999	2.04	60	B	2	50	
683381	683381	683381	45.6083	-121.3083	1620.47	-999	1.92	60	B	2	50	
683382	683382	683382	45.6083	-121.2667	932.81	-999	1.92	60	B	2	50	
683383	683383	683383	45.6083	-121.225	686.61	-999	1.92	60	B	2	50	
683384	683384	683384	45.6083	-121.1833	204.72	-999	1.1025	60	A	1	50	
683385	683385	683385	45.6083	-121.1417	219.16	-999	1.9092	60	B	2	50	
683386	683386	683386	45.6083	-121.1	504.07	-999	1.8122	60	B	2	50	
683387	683387	683387	45.6083	-121.0583	641.34	-999	2.0619	60	B	2	50	
683388	683388	683388	45.6083	-121.0167	852.76	-999	2.1676	60	B	2	50	
683389	683389	683389	45.6083	-120.975	876.12	-999	2.0721	60	B	2	50	
683390	683390	683390	45.6083	-120.9333	957.74	-999	2.0941	60	B	2	50	
683391	683391	683391	45.6083	-120.8917	771.26	-999	2.2543	60	B	2	50	
683392	683392	683392	45.6083	-120.85	1109.71	-999	2.28	60	B	2	50	
683393	683393	683393	45.6083	-120.8083	1137.27	-999	2.28	60	B	2	50	
683394	683394	683394	45.6083	-120.7667	1182.02	-999	2.28	60	B	2	50	
683395	683395	683395	45.6083	-120.725	1216.14	-999	2.28	60	B	2	50	
683396	683396	683396	45.6083	-120.6833	1317.45	-999	2.28	60	B	2	50	
683397	683397	683397	45.6083	-120.6417	1473.62	-999	2.28	60	B	2	50	
683398	683398	683398	45.6083	-120.6	1526.38	-999	2.28	60	B	2	50	
683399	683399	683399	45.6083	-120.5583	1383.2	-999	2.28	60	B	2	50	
683400	683400	683400	45.6083	-120.5167	1321.26	-999	2.284	60	B	2	50	
683401	683401	683401	45.6083	-120.475	1087.4	-999	2.2877	60	B	2	50	
683402	683402	683402	45.6083	-120.4333	801.18	-999	2.1987	60	B	2	50	
683403	683403	683403	45.6083	-120.3917	964.7	-999	2.36	60	B	2	50	
683404	683404	683404	45.6083	-120.35	1014.83	-999	2.3111	60	B	2	50	
683405	683405	683405	45.6083	-120.3083	1005.77	-999	1.8	60	B	2	50	
683406	683406	683406	45.6083	-120.2667	948.16	-999	1.961	60	B	2	50	
683407	683407	683407	45.6083	-120.225	1003.67	-999	2.1023	60	B	2	50	
683408	683408	683408	45.6083	-120.1833	958.4	-999	2.3555	60	B	2	50	
683409	683409	683409	45.6083	-120.1417	953.94	-999	2.16	60	A	1	50	
683410	683410	683410	45.6083	-120.1	841.86	-999	2.16	60	A	1	50	
683411	683411	683411	45.6083	-120.0583	868.5	-999	2.193	60	A	1	50	
683412	683412	683412	45.6083	-120.0167	889.76	-999	2.3005	60	B	2	50	
683413	683413	683413	45.6083	-119.975	976.64	-999	2.2897	60	B	2	50	
683414	683414	683414	45.6083	-119.9333	839.37	-999	2.1439	60	A	1	50	
683415	683415	683415	45.6083	-119.8917	948.42	-999	2.249	60	B	2	50	
683416	683416	683416	45.6083	-119.85	916.93	-999	2.3047	60	B	2	50	
683417	683417	683417	45.6083	-119.8083	994.75	-999	2.3515	60	B	2	50	
683418	683418	683418	45.6083	-119.7667	1143.04	-999	2.3888	60	B	2	50	
683419	683419	683419	45.6083	-119.725	1158.01	-999	2.3953	60	B	2	50	
683420	683420	683420	45.6083	-119.6833	1007.48	-999	2.3201	60	B	2	50	
683421	683421	683421	45.6083	-119.6417	954.99	-999	2.227	60	A	1	50	
683422	683422	683422	45.6083	-119.6	1067.32	-999	2.181	60	A	1	50	
683423	683423	683423	45.6083	-119.5583	1111.15	-999	2.1973	60	A	1	50	
683424	683424	683424	45.6083	-119.5167	1094.49	-999	2.2958	60	B	2	50	
683425	683425	683425	45.6083	-119.475	1186.88	-999	2.3646	60	B	2	50	
683426	683426	683426	45.6083	-119.4333	1164.83	-999	2.1768	60	B	2	50	
683427	683427	683427	45.6083	-119.3917	1266.14	-999	2.2529	60	B	2	50	
683428	683428	683428	45.6083	-119.35	1252.23	-999	2.277	60	B	2	50	
683429	683429	683429	45.6083	-119.3083	1388.32	-999	2.1165	60	B	2	50	
683430	683430	683430	45.6083	-119.2667	1443.57	-999	2.1127	60	B	2	50	
683431	683431	683431	45.6083	-119.225	1411.15	-999	2.233	60	B	2	50	
683433	683433	683433	45.6083	-119.1417	1594.09	-999	2.3574	60	B	2	50	
683435	683435	683435	45.6083	-119.0583	1722.97	-999	1.92	60	B	2	50	
683436	683436	683436	45.6083	-119.0167	1847.38	-999	1.9208	60	B	2	50	
683437	683437	683437	45.6083	-118.975	1976.77	-999	1.92	60	B	2	50	
683438	683438	683438	45.6083	-118.9333	1718.5	-999	1.92	60	B	2	50	
683439	683439	683439	45.6083	-118.8917	1432.15	-999	1.92	60	B	2	50	
683440	683440	683440	45.6083	-118.85	1387.8	-999	1.8458	60	B	2	50	
683441	683441	683441	45.6083	-118.8083	1266.27	-999	1.6914	60	B	2	50	
683442	683442	683442	45.6083	-118.7667	1343.96	-999	1.32	60	B	2	50	
683443	683443	683443	45.6083	-118.725	1447.77	-999	1.439	60	B	2	50	
683444	683444	683444	45.6083	-118.6833	1558.66	-999	1.4668	60	B	2	50	
683445	683445	683445	45.6083	-118.6417	1911.81	-999	1.336	60	B	2	50	
683446	683446	683446	45.6083	-118.6	2585.04	-999	1.56	60	B	2	50	
683461	683461	683461	45.6083	-117.975	3624.15	-999	2.04	60	B	2	50	
683462	683462	683462	45.6083	-117.9333	3024.02	-999	1.9044	60	B	2	50	
683463	683463	683463	45.6083	-117.8917	2888.85	-999	1.7557	60	B	2	50	
683464	683464	683464	45.6083	-117.85	3102.62	-999	1.8016	60	B	2	50	
683465	683465	683465	45.6083	-117.8083	3401.44	-999	1.8	60	B	2	50	
683466	683466	683466	45.6083	-117.7667	3562.6	-999	1.8062	60	B	2	50	
683467	683467	683467	45.6083	-117.725	3255.12	-999	1.7904	60	B	2	50	
683470	683470	683470	45.6083	-117.6	3322.44	-999	2.0012	60	B	2	50	
683471	683471	683471	45.6083	-117.5583	2885.3	-999	1.8552	60	B	2	50	
683472	683472	683472	45.6083	-117.5167	3298.56	-999	1.56	60	B	2	50	
683473	683473	683473	45.6083	-117.475	3474.54	-999	1.56	60	B	2	50	
683474	683474	683474	45.6083	-117.4333	3792.52	-999	1.5984	60	B	2	50	
683475	683475	683475	45.6083	-117.3917	3984.65	-999	1.5916	60	B	2	50	
683476	683476	683476	45.6083	-117.35	4264.3	-999	1.6515	60	B	2	50	
683478	683478	683478	45.6083	-117.2667	4528.87	-999	2.04	60	B	2	50	
683480	683480	683480	45.6083	-117.1833	4397.24	-999	1.7989	60	B	2	50	
683481	683481	683481	45.6083	-117.1417	4177.43	-999	1.532	60	B	2	50	
683482	683482	683482	45.6083	-117.1	4320.21	-999	2.0333	60	B	2	50	
683483	683483	683483	45.6083	-117.0583	4470.6	-999	2.16	60	B	2	50	
683488	683488	683488	45.6083	-116.85	3047.64	-999	1.44	60	B	2	50	
684706	684706	684706	45.65	-123.85	653.65	-999	2.4	60	B	2	50	
684719	684719	684719	45.65	-123.3083	1008.86	-999	1.92	60	C	3	50	
684720	684720	684720	45.65	-123.2667	772.31	-999	1.92	60	C	3	50	
684721	684721	684721	45.65	-123.225	987.64	-999	2.1401	60	B	2	50	
684722	684722	684722	45.65	-123.1833	723.86	-999	2.2476	60	B	2	50	
684723	684723	684723	45.65	-123.1417	377.3	-999	2.1226	60	C	3	50	
684724	684724	684724	45.65	-123.1	509.73	-999	1.8935	60	B	2	50	
684725	684725	684725	45.65	-123.0583	458.99	-999	1.8031	60	B	2	50	
684726	684726	684726	45.65	-123.0167	537.95	-999	1.5276	60	B	2	50	
684727	684727	684727	45.65	-122.975	516.08	-999	1.4493	60	B	2	50	
684728	684728	684728	45.65	-122.9333	883.64	-999	1.44	60	B	2	50	
684729	684729	684729	45.65	-122.8917	778.98	-999	1.5392	60	B	2	50	
684730	684730	684730	45.65	-122.85	199.69	-999	2.0344	60	B	2	50	
684731	684731	684731	45.65	-122.8083	30.07	-999	2.04	60	B	2	50	
684732	684732	684732	45.65	-122.7667	16.4	-999	1.9867	60	B	2	50	
684733	684733	684733	45.65	-122.725	15.09	-999	1.7721	60	B	2	50	
684734	684734	684734	45.65	-122.6833	87.71	-999	1.4885	60	B	2	50	
684735	684735	684735	45.65	-122.6417	201.55	-999	1.1548	60	A	1	50	
684736	684736	684736	45.65	-122.6	238.19	-999	1.3234	60	A	1	50	
684737	684737	684737	45.65	-122.5583	229.22	-999	1.2016	60	A	1	50	
684738	684738	684738	45.65	-122.5167	244.75	-999	1.9919	60	B	2	50	
684739	684739	684739	45.65	-122.475	248.14	-999	2.1443	60	B	2	50	
684740	684740	684740	45.65	-122.4333	362.64	-999	2.0448	60	B	2	50	
684741	684741	684741	45.65	-122.3917	604.22	-999	2.049	60	B	2	50	
684744	684744	684744	45.65	-122.2667	1045.67	-999	1.9721	60	B	2	50	
684745	684745	684745	45.65	-122.225	1010.24	-999	2.2511	60	B	2	50	
684751	684751	684751	45.65	-121.975	511.81	-999	1.08	60	A	1	50	
684753	684753	684753	45.65	-121.8917	888.98	-999	1.083	60	B	2	50	
684759	684759	684759	45.65	-121.6417	2508.66	-999	2.88	60	B	2	50	
684760	684760	684760	45.65	-121.6	1377.69	-999	2.5938	60	B	2	50	
684761	684761	684761	45.65	-121.5583	811.68	-999	1.9289	60	B	2	50	
684762	684762	684762	45.65	-121.5167	640.42	-999	1.92	60	B	2	50	
684763	684763	684763	45.65	-121.475	1298.82	-999	1.8736	60	B	2	50	
684764	684764	684764	45.65	-121.4333	1379.79	-999	2.04	60	B	2	50	
684765	684765	684765	45.65	-121.3917	999.21	-999	1.957	60	B	2	50	
684766	684766	684766	45.65	-121.35	921.92	-999	1.9228	60	B	2	50	
684767	684767	684767	45.65	-121.3083	1467.72	-999	1.92	60	B	2	50	
684768	684768	684768	45.65	-121.2667	1483.46	-999	1.92	60	B	2	50	
684769	684769	684769	45.65	-121.225	587.66	-999	1.92	60	B	2	50	
684770	684770	684770	45.65	-121.1833	330.84	-999	0.8789	60	A	1	50	
684771	684771	684771	45.65	-121.1417	577.03	-999	0.9099	60	A	1	50	
684772	684772	684772	45.65	-121.1	555.64	-999	2.0477	60	B	2	50	
684773	684773	684773	45.65	-121.0583	514.57	-999	1.7502	60	B	2	50	
684774	684774	684774	45.65	-121.0167	540.03	-999	2.0216	60	B	2	50	
684775	684775	684775	45.65	-120.975	604.99	-999	1.8851	60	B	2	50	
684776	684776	684776	45.65	-120.9333	512.07	-999	2.2167	60	B	2	50	
684777	684777	684777	45.65	-120.8917	452.76	-999	1.6232	60	B	2	50	
684778	684778	684778	45.65	-120.85	594.36	-999	2.2765	60	B	2	50	
684779	684779	684779	45.65	-120.8083	841.6	-999	2.28	60	B	2	50	
684780	684780	684780	45.65	-120.7667	1028.35	-999	2.28	60	B	2	50	
684781	684781	684781	45.65	-120.725	1128.22	-999	2.28	60	B	2	50	
684782	684782	684782	45.65	-120.6833	1242.39	-999	2.28	60	B	2	50	
684783	684783	684783	45.65	-120.6417	1437.27	-999	2.28	60	B	2	50	
684784	684784	684784	45.65	-120.6	1402.36	-999	2.272	60	B	2	50	
684785	684785	684785	45.65	-120.5583	1152.36	-999	2.2243	60	B	2	50	
684786	684786	684786	45.65	-120.5167	886.09	-999	2.1768	60	B	2	50	
684787	684787	684787	45.65	-120.475	753.41	-999	2.2809	60	B	2	50	
684788	684788	684788	45.65	-120.4333	1127.17	-999	2.3622	60	B	2	50	
684789	684789	684789	45.65	-120.3917	1082.55	-999	2.39	60	B	2	50	
684790	684790	684790	45.65	-120.35	974.28	-999	2.394	60	B	2	50	
684791	684791	684791	45.65	-120.3083	1127.69	-999	2.2957	60	B	2	50	
684792	684792	684792	45.65	-120.2667	1118.64	-999	2.1329	60	B	2	50	
684793	684793	684793	45.65	-120.225	1037.14	-999	2.0059	60	B	2	50	
684794	684794	684794	45.65	-120.1833	938.85	-999	2.2327	60	B	2	50	
684795	684795	684795	45.65	-120.1417	874.02	-999	2.1118	60	A	1	50	
684796	684796	684796	45.65	-120.1	822.7	-999	2.0378	60	A	1	50	
684797	684797	684797	45.65	-120.0583	713.65	-999	2.16	60	A	1	50	
684798	684798	684798	45.65	-120.0167	852.89	-999	2.1959	60	A	1	50	
684799	684799	684799	45.65	-119.975	768.77	-999	2.0367	60	A	1	50	
684800	684800	684800	45.65	-119.9333	764.3	-999	2.1431	60	A	1	50	
684802	684802	684802	45.65	-119.85	765.49	-999	2.16	60	A	1	50	
684805	684805	684805	45.65	-119.725	819.16	-999	2.2291	60	A	1	50	
684808	684808	684808	45.65	-119.6	922.7	-999	2.16	60	A	1	50	
684809	684809	684809	45.65	-119.5583	961.55	-999	2.16	60	A	1	50	
684810	684810	684810	45.65	-119.5167	953.28	-999	2.1912	60	A	1	50	
684811	684811	684811	45.65	-119.475	1063.78	-999	2.3688	60	B	2	50	
684812	684812	684812	45.65	-119.4333	1059.19	-999	2.1987	60	B	2	50	
684813	684813	684813	45.65	-119.3917	986.35	-999	2.1169	60	B	2	50	
684814	684814	684814	45.65	-119.35	942.0	-999	2.2271	60	B	2	50	
684815	684815	684815	45.65	-119.3083	1219.55	-999	2.2961	60	B	2	50	
684816	684816	684816	45.65	-119.2667	1043.44	-999	2.2029	60	B	2	50	
684817	684817	684817	45.65	-119.225	1097.64	-999	2.1826	60	B	2	50	
684818	684818	684818	45.65	-119.1833	1152.76	-999	2.2987	60	B	2	50	
684819	684819	684819	45.65	-119.1417	1235.56	-999	2.36	60	B	2	50	
684820	684820	684820	45.65	-119.1	1200.92	-999	2.26	60	B	2	50	
684821	684821	684821	45.65	-119.0583	1225.85	-999	2.2288	60	B	2	50	
684822	684822	684822	45.65	-119.0167	1306.69	-999	2.1363	60	B	2	50	
684823	684823	684823	45.65	-118.975	1335.43	-999	1.8746	60	B	2	50	
684824	684824	684824	45.65	-118.9333	1276.77	-999	1.9825	60	B	2	50	
684825	684825	684825	45.65	-118.8917	1202.76	-999	1.8382	60	B	2	50	
684826	684826	684826	45.65	-118.85	1160.76	-999	1.8105	60	B	2	50	
684827	684827	684827	45.65	-118.8083	1177.3	-999	1.6489	60	B	2	50	
684828	684828	684828	45.65	-118.7667	1255.38	-999	1.537	60	B	2	50	
684829	684829	684829	45.65	-118.725	1327.95	-999	1.5659	60	B	2	50	
684830	684830	684830	45.65	-118.6833	1360.5	-999	1.5452	60	B	2	50	
684831	684831	684831	45.65	-118.6417	1455.25	-999	1.4208	60	B	2	50	
684832	684832	684832	45.65	-118.6	1637.27	-999	1.3742	60	B	2	50	
684833	684833	684833	45.65	-118.5583	1901.57	-999	1.3748	60	B	2	50	
684834	684834	684834	45.65	-118.5167	2404.46	-999	1.4441	60	B	2	50	
684849	684849	684849	45.65	-117.8917	3323.75	-999	1.8821	60	B	2	50	
684850	684850	684850	45.65	-117.85	3077.69	-999	1.9906	60	B	2	50	
684851	684851	684851	45.65	-117.8083	3354.72	-999	1.8212	60	B	2	50	
684852	684852	684852	45.65	-117.7667	3383.07	-999	1.9153	60	B	2	50	
684857	684857	684857	45.65	-117.5583	3398.29	-999	1.56	60	B	2	50	
684858	684858	684858	45.65	-117.5167	3342.39	-999	1.5601	60	B	2	50	
684859	684859	684859	45.65	-117.475	3586.09	-999	1.5863	60	B	2	50	
684862	684862	684862	45.65	-117.35	4582.94	-999	2.04	60	B	2	50	
684863	684863	684863	45.65	-117.3083	4700.66	-999	2.04	60	B	2	50	
684864	684864	684864	45.65	-117.2667	4549.08	-999	2.04	60	B	2	50	
684867	684867	684867	45.65	-117.1417	3964.96	-999	1.32	60	B	2	50	
684868	684868	684868	45.65	-117.1	4081.5	-999	2.16	60	B	2	50	
684870	684870	684870	45.65	-117.0167	4231.5	-999	2.0792	60	B	2	50	
684874	684874	684874	45.65	-116.85	3033.46	-999	1.44	60	B	2	50	
684877	684877	684877	45.65	-116.725	3244.23	-999	1.44	60	B	2	50	
686090	686090	686090	45.6917	-123.9333	33.14	-999	1.68	60	B	2	50	
686091	686091	686091	45.6917	-123.8917	186.68	-999	1.68	60	B	2	50	
686092	686092	686092	45.6917	-123.85	346.35	-999	1.8057	60	B	2	50	
686093	686093	686093	45.6917	-123.8083	521.65	-999	1.8195	60	B	2	50	
686105	686105	686105	45.6917	-123.3083	1097.77	-999	1.92	60	C	3	50	
686106	686106	686106	45.6917	-123.2667	977.36	-999	1.92	60	C	3	50	
686107	686107	686107	45.6917	-123.225	778.22	-999	1.92	60	C	3	50	
686108	686108	686108	45.6917	-123.1833	490.7	-999	2.0441	60	B	2	50	
686109	686109	686109	45.6917	-123.1417	826.55	-999	2.28	60	B	2	50	
686110	686110	686110	45.6917	-123.1	1114.06	-999	1.9361	60	B	2	50	
686111	686111	686111	45.6917	-123.0583	742.56	-999	1.5091	60	B	2	50	
686112	686112	686112	45.6917	-123.0167	1165.03	-999	1.44	60	B	2	50	
686113	686113	686113	45.6917	-122.975	1190.29	-999	1.44	60	B	2	50	
686114	686114	686114	45.6917	-122.9333	1257.87	-999	1.4409	60	B	2	50	
686115	686115	686115	45.6917	-122.8917	731.52	-999	1.8221	60	B	2	50	
686116	686116	686116	45.6917	-122.85	49.21	-999	2.04	60	B	2	50	
686117	686117	686117	45.6917	-122.8083	13.34	-999	2.0355	60	B	2	50	
686118	686118	686118	45.6917	-122.7667	14.54	-999	1.8803	60	B	2	50	
686119	686119	686119	45.6917	-122.725	32.92	-999	1.8481	60	B	2	50	
686120	686120	686120	45.6917	-122.6833	154.75	-999	2.1862	60	B	2	50	
686121	686121	686121	45.6917	-122.6417	209.43	-999	1.9562	60	B	2	50	
686122	686122	686122	45.6917	-122.6	246.5	-999	2.0446	60	B	2	50	
686123	686123	686123	45.6917	-122.5583	240.81	-999	1.7655	60	B	2	50	
686124	686124	686124	45.6917	-122.5167	264.87	-999	2.16	60	B	2	50	
686125	686125	686125	45.6917	-122.475	298.77	-999	2.1363	60	B	2	50	
686126	686126	686126	45.6917	-122.4333	454.94	-999	2.04	60	B	2	50	
686138	686138	686138	45.6917	-121.9333	985.56	-999	2.16	60	B	2	50	
686139	686139	686139	45.6917	-121.8917	294.23	-999	2.1566	60	B	2	50	
686140	686140	686140	45.6917	-121.85	238.32	-999	1.56	60	B	2	50	
686142	686142	686142	45.6917	-121.7667	758.4	-999	1.6658	60	B	2	50	
686146	686146	686146	45.6917	-121.6	935.43	-999	2.0117	60	B	2	50	
686147	686147	686147	45.6917	-121.5583	632.81	-999	1.9214	60	B	2	50	
686148	686148	686148	45.6917	-121.5167	443.83	-999	1.9199	60	B	2	50	
686149	686149	686149	45.6917	-121.475	760.63	-999	1.5788	60	B	2	50	
686150	686150	686150	45.6917	-121.4333	656.56	-999	1.8173	60	B	2	50	
686151	686151	686151	45.6917	-121.3917	383.99	-999	1.9248	60	B	2	50	
686152	686152	686152	45.6917	-121.35	385.04	-999	1.9237	60	B	2	50	
686153	686153	686153	45.6917	-121.3083	463.25	-999	1.8454	60	B	2	50	
686154	686154	686154	45.6917	-121.2667	437.66	-999	1.7657	60	B	2	50	
686157	686157	686157	45.6917	-121.1417	2215.49	-999	1.32	60	B	2	50	
686163	686163	686163	45.6917	-120.8917	1994.49	-999	1.32	60	B	2	50	
686164	686164	686164	45.6917	-120.85	1309.58	-999	1.32	60	B	2	50	
686165	686165	686165	45.6917	-120.8083	649.08	-999	1.6131	60	B	2	50	
686166	686166	686166	45.6917	-120.7667	557.09	-999	2.158	60	B	2	50	
686167	686167	686167	45.6917	-120.725	575.98	-999	2.28	60	B	2	50	
686168	686168	686168	45.6917	-120.6833	990.95	-999	2.28	60	B	2	50	
686169	686169	686169	45.6917	-120.6417	1217.98	-999	2.2652	60	B	2	50	
686170	686170	686170	45.6917	-120.6	993.18	-999	2.151	60	B	2	50	
686171	686171	686171	45.6917	-120.5583	756.96	-999	2.2043	60	B	2	50	
686172	686172	686172	45.6917	-120.5167	768.63	-999	2.2746	60	B	2	50	
686173	686173	686173	45.6917	-120.475	590.81	-999	2.2911	60	B	2	50	
686174	686174	686174	45.6917	-120.4333	732.55	-999	2.2842	60	B	2	50	
686175	686175	686175	45.6917	-120.3917	701.58	-999	2.2839	60	B	2	50	
686176	686176	686176	45.6917	-120.35	693.44	-999	2.3904	60	B	2	50	
686177	686177	686177	45.6917	-120.3083	872.44	-999	2.3741	60	B	2	50	
686179	686179	686179	45.6917	-120.225	798.29	-999	1.8	60	B	2	50	
686180	686180	686180	45.6917	-120.1833	737.4	-999	1.8	60	B	2	50	
686184	686184	686184	45.6917	-120.0167	633.73	-999	1.4763	60	A	1	50	
686185	686185	686185	45.6917	-119.975	654.72	-999	2.0106	60	A	1	50	
686186	686186	686186	45.6917	-119.9333	702.89	-999	2.1554	60	A	1	50	
686187	686187	686187	45.6917	-119.8917	665.75	-999	1.8778	60	A	1	50	
686188	686188	686188	45.6917	-119.85	661.02	-999	1.4899	60	A	1	50	
686189	686189	686189	45.6917	-119.8083	664.44	-999	1.32	60	A	1	50	
686194	686194	686194	45.6917	-119.6	804.33	-999	2.1012	60	A	1	50	
686195	686195	686195	45.6917	-119.5583	850.0	-999	2.16	60	A	1	50	
686196	686196	686196	45.6917	-119.5167	843.7	-999	2.246	60	B	2	50	
686197	686197	686197	45.6917	-119.475	995.41	-999	2.3519	60	B	2	50	
686198	686198	686198	45.6917	-119.4333	994.49	-999	2.4	60	B	2	50	
686199	686199	686199	45.6917	-119.3917	901.97	-999	2.0272	60	B	2	50	
686200	686200	686200	45.6917	-119.35	773.49	-999	1.3617	60	A	1	50	
686201	686201	686201	45.6917	-119.3083	753.81	-999	1.3209	60	A	1	50	
686202	686202	686202	45.6917	-119.2667	812.99	-999	1.32	60	A	1	50	
686203	686203	686203	45.6917	-119.225	882.68	-999	1.3716	60	A	1	50	
686204	686204	686204	45.6917	-119.1833	906.69	-999	2.2743	60	B	2	50	
686205	686205	686205	45.6917	-119.1417	916.53	-999	2.1344	60	B	2	50	
686206	686206	686206	45.6917	-119.1	952.49	-999	2.231	60	B	2	50	
686207	686207	686207	45.6917	-119.0583	1116.93	-999	2.3361	60	B	2	50	
686208	686208	686208	45.6917	-119.0167	1142.78	-999	2.3235	60	B	2	50	
686209	686209	686209	45.6917	-118.975	1354.59	-999	2.3995	60	B	2	50	
686210	686210	686210	45.6917	-118.9333	1533.33	-999	2.3347	60	B	2	50	
686211	686211	686211	45.6917	-118.8917	1496.33	-999	2.28	60	B	2	50	
686212	686212	686212	45.6917	-118.85	1398.69	-999	2.2624	60	B	2	50	
686213	686213	686213	45.6917	-118.8083	1366.67	-999	2.2652	60	B	2	50	
686214	686214	686214	45.6917	-118.7667	1375.46	-999	2.2628	60	B	2	50	
686215	686215	686215	45.6917	-118.725	1309.58	-999	2.2058	60	B	2	50	
686216	686216	686216	45.6917	-118.6833	1357.22	-999	2.1941	60	B	2	50	
686217	686217	686217	45.6917	-118.6417	1412.86	-999	2.235	60	B	2	50	
686218	686218	686218	45.6917	-118.6	1502.1	-999	2.2309	60	B	2	50	
686219	686219	686219	45.6917	-118.5583	1631.23	-999	1.7302	60	B	2	50	
686220	686220	686220	45.6917	-118.5167	1750.0	-999	1.9849	60	B	2	50	
686221	686221	686221	45.6917	-118.475	1958.14	-999	1.6963	60	B	2	50	
686222	686222	686222	45.6917	-118.4333	2072.57	-999	2.1134	60	B	2	50	
686223	686223	686223	45.6917	-118.3917	2166.93	-999	2.0892	60	B	2	50	
686224	686224	686224	45.6917	-118.35	2228.48	-999	2.04	60	B	2	50	
686234	686234	686234	45.6917	-117.9333	3380.05	-999	2.16	60	B	2	50	
686235	686235	686235	45.6917	-117.8917	2917.45	-999	2.0784	60	B	2	50	
686236	686236	686236	45.6917	-117.85	2818.9	-999	2.0551	60	B	2	50	
686237	686237	686237	45.6917	-117.8083	3183.07	-999	2.1233	60	B	2	50	
686238	686238	686238	45.6917	-117.7667	3032.81	-999	2.16	60	B	2	50	
686248	686248	686248	45.6917	-117.35	4554.72	-999	2.04	60	B	2	50	
686253	686253	686253	45.6917	-117.1417	3682.68	-999	1.32	60	B	2	50	
686254	686254	686254	45.6917	-117.1	3731.5	-999	1.3598	60	B	2	50	
686258	686258	686258	45.6917	-116.9333	4587.8	-999	1.56	60	B	2	50	
686261	686261	686261	45.6917	-116.8083	3165.49	-999	1.3931	60	B	2	50	
686262	686262	686262	45.6917	-116.7667	2127.03	-999	1.44	60	B	2	50	
686263	686263	686263	45.6917	-116.725	2805.25	-999	1.44	60	B	2	50	
686264	686264	686264	45.6917	-116.6833	3710.76	-999	1.44	60	B	2	50	
687476	687476	687476	45.7333	-123.9333	415.46	-999	1.7274	60	B	2	50	
687477	687477	687477	45.7333	-123.8917	232.61	-999	1.6827	60	B	2	50	
687478	687478	687478	45.7333	-123.85	173.67	-999	1.68	60	B	2	50	
687491	687491	687491	45.7333	-123.3083	1038.82	-999	1.92	60	C	3	50	
687493	687493	687493	45.7333	-123.225	1063.65	-999	1.92	60	C	3	50	
687494	687494	687494	45.7333	-123.1833	984.69	-999	1.92	60	C	3	50	
687495	687495	687495	45.7333	-123.1417	1522.09	-999	1.92	60	C	3	50	
687496	687496	687496	45.7333	-123.1	1430.77	-999	1.92	60	C	3	50	
687497	687497	687497	45.7333	-123.0583	1084.43	-999	1.9201	60	C	3	50	
687498	687498	687498	45.7333	-123.0167	1559.49	-999	1.482	60	B	2	50	
687499	687499	687499	45.7333	-122.975	1057.85	-999	1.5051	60	B	2	50	
687500	687500	687500	45.7333	-122.9333	521.65	-999	1.666	60	B	2	50	
687501	687501	687501	45.7333	-122.8917	234.58	-999	1.7454	60	B	2	50	
687502	687502	687502	45.7333	-122.85	18.7	-999	2.036	60	B	2	50	
687503	687503	687503	45.7333	-122.8083	11.59	-999	1.9038	60	B	2	50	
687504	687504	687504	45.7333	-122.7667	12.47	-999	1.8925	60	B	2	50	
687505	687505	687505	45.7333	-122.725	88.15	-999	1.9825	60	B	2	50	
687506	687506	687506	45.7333	-122.6833	181.21	-999	2.2553	60	B	2	50	
687507	687507	687507	45.7333	-122.6417	233.27	-999	2.2651	60	B	2	50	
687508	687508	687508	45.7333	-122.6	219.71	-999	2.1607	60	B	2	50	
687509	687509	687509	45.7333	-122.5583	270.67	-999	2.16	60	B	2	50	
687510	687510	687510	45.7333	-122.5167	286.86	-999	2.16	60	B	2	50	
687511	687511	687511	45.7333	-122.475	393.48	-999	2.0738	60	B	2	50	
687512	687512	687512	45.7333	-122.4333	755.91	-999	2.1169	60	B	2	50	
687526	687526	687526	45.7333	-121.85	1400.0	-999	2.16	60	B	2	50	
687527	687527	687527	45.7333	-121.8083	555.12	-999	1.44	60	B	2	50	
687528	687528	687528	45.7333	-121.7667	726.38	-999	1.4696	60	B	2	50	
687531	687531	687531	45.7333	-121.6417	1133.46	-999	1.4957	60	B	2	50	
687532	687532	687532	45.7333	-121.6	1203.67	-999	1.4534	60	B	2	50	
687533	687533	687533	45.7333	-121.5583	1068.24	-999	1.4497	60	B	2	50	
687534	687534	687534	45.7333	-121.5167	397.38	-999	1.6988	60	B	2	50	
687535	687535	687535	45.7333	-121.475	744.23	-999	1.7829	60	B	2	50	
687536	687536	687536	45.7333	-121.4333	1856.56	-999	2.0562	60	B	2	50	
687537	687537	687537	45.7333	-121.3917	1757.09	-999	2.0508	60	B	2	50	
687538	687538	687538	45.7333	-121.35	1001.84	-999	2.0329	60	B	2	50	
687539	687539	687539	45.7333	-121.3083	1065.75	-999	2.1597	60	B	2	50	
687550	687550	687550	45.7333	-120.85	1713.65	-999	2.04	60	B	2	50	
687551	687551	687551	45.7333	-120.8083	1767.32	-999	1.8812	60	B	2	50	
687552	687552	687552	45.7333	-120.7667	1974.67	-999	1.32	60	B	2	50	
687554	687554	687554	45.7333	-120.6833	943.83	-999	1.8707	60	B	2	50	
687555	687555	687555	45.7333	-120.6417	570.47	-999	2.1375	60	B	2	50	
687556	687556	687556	45.7333	-120.6	687.66	-999	2.2196	60	B	2	50	
687557	687557	687557	45.7333	-120.5583	678.22	-999	2.244	60	B	2	50	
687558	687558	687558	45.7333	-120.5167	717.98	-999	1.8424	60	B	2	50	
687559	687559	687559	45.7333	-120.475	1108.53	-999	2.0209	60	B	2	50	
687560	687560	687560	45.7333	-120.4333	859.58	-999	1.7873	60	B	2	50	
687561	687561	687561	45.7333	-120.3917	1113.39	-999	1.915	60	B	2	50	
687562	687562	687562	45.7333	-120.35	886.09	-999	1.8708	60	B	2	50	
687563	687563	687563	45.7333	-120.3083	641.47	-999	1.9157	60	B	2	50	
687564	687564	687564	45.7333	-120.2667	575.72	-999	1.793	60	B	2	50	
687565	687565	687565	45.7333	-120.225	445.67	-999	1.6215	60	B	2	50	
687566	687566	687566	45.7333	-120.1833	460.24	-999	1.8	60	B	2	50	
687569	687569	687569	45.7333	-120.0583	691.21	-999	1.7944	60	B	2	50	
687570	687570	687570	45.7333	-120.0167	533.86	-999	1.3602	60	A	1	50	
687571	687571	687571	45.7333	-119.975	618.11	-999	1.4576	60	A	1	50	
687572	687572	687572	45.7333	-119.9333	604.46	-999	1.3482	60	A	1	50	
687573	687573	687573	45.7333	-119.8917	610.11	-999	1.32	60	A	1	50	
687574	687574	687574	45.7333	-119.85	577.3	-999	1.32	60	A	1	50	
687575	687575	687575	45.7333	-119.8083	594.75	-999	1.32	60	A	1	50	
687576	687576	687576	45.7333	-119.7667	629.26	-999	1.32	60	A	1	50	
687580	687580	687580	45.7333	-119.6	647.38	-999	1.8043	60	A	1	50	
687581	687581	687581	45.7333	-119.5583	692.13	-999	2.1472	60	A	1	50	
687582	687582	687582	45.7333	-119.5167	664.04	-999	2.16	60	A	1	50	
687583	687583	687583	45.7333	-119.475	776.38	-999	2.1655	60	A	1	50	
687584	687584	687584	45.7333	-119.4333	799.34	-999	2.2625	60	B	2	50	
687585	687585	687585	45.7333	-119.3917	801.71	-999	1.9642	60	B	2	50	
687586	687586	687586	45.7333	-119.35	681.89	-999	1.5874	60	A	1	50	
687587	687587	687587	45.7333	-119.3083	659.45	-999	1.32	60	A	1	50	
687588	687588	687588	45.7333	-119.2667	642.65	-999	1.3854	60	A	1	50	
687589	687589	687589	45.7333	-119.225	677.43	-999	1.5455	60	A	1	50	
687590	687590	687590	45.7333	-119.1833	707.48	-999	2.0653	60	B	2	50	
687591	687591	687591	45.7333	-119.1417	864.57	-999	2.2678	60	B	2	50	
687592	687592	687592	45.7333	-119.1	1002.49	-999	2.2945	60	B	2	50	
687593	687593	687593	45.7333	-119.0583	1022.57	-999	2.3952	60	B	2	50	
687594	687594	687594	45.7333	-119.0167	1117.85	-999	2.4	60	B	2	50	
687595	687595	687595	45.7333	-118.975	1221.13	-999	2.376	60	B	2	50	
687596	687596	687596	45.7333	-118.9333	1286.09	-999	2.2864	60	B	2	50	
687597	687597	687597	45.7333	-118.8917	1366.4	-999	2.28	60	B	2	50	
687598	687598	687598	45.7333	-118.85	1441.21	-999	2.28	60	B	2	50	
687599	687599	687599	45.7333	-118.8083	1528.22	-999	2.28	60	B	2	50	
687600	687600	687600	45.7333	-118.7667	1583.6	-999	2.28	60	B	2	50	
687601	687601	687601	45.7333	-118.725	1542.78	-999	2.28	60	B	2	50	
687602	687602	687602	45.7333	-118.6833	1493.18	-999	2.28	60	B	2	50	
687603	687603	687603	45.7333	-118.6417	1480.18	-999	2.2847	60	B	2	50	
687604	687604	687604	45.7333	-118.6	1490.16	-999	2.3927	60	B	2	50	
687605	687605	687605	45.7333	-118.5583	1600.66	-999	2.3918	60	B	2	50	
687606	687606	687606	45.7333	-118.5167	1760.76	-999	2.4	60	B	2	50	
687607	687607	687607	45.7333	-118.475	1958.92	-999	2.2276	60	B	2	50	
687608	687608	687608	45.7333	-118.4333	2388.58	-999	1.7606	60	B	2	50	
687609	687609	687609	45.7333	-118.3917	2695.67	-999	2.1555	60	B	2	50	
687610	687610	687610	45.7333	-118.35	2886.61	-999	2.1547	60	B	2	50	
687611	687611	687611	45.7333	-118.3083	2890.29	-999	2.132	60	B	2	50	
687612	687612	687612	45.7333	-118.2667	2958.92	-999	2.04	60	B	2	50	
687613	687613	687613	45.7333	-118.225	2996.85	-999	2.04	60	B	2	50	
687621	687621	687621	45.7333	-117.8917	3085.83	-999	2.054	60	B	2	50	
687638	687638	687638	45.7333	-117.1833	4341.47	-999	1.32	60	B	2	50	
687639	687639	687639	45.7333	-117.1417	3762.07	-999	1.32	60	B	2	50	
687640	687640	687640	45.7333	-117.1	4175.33	-999	1.32	60	B	2	50	
687641	687641	687641	45.7333	-117.0583	3912.34	-999	1.5266	60	B	2	50	
687648	687648	687648	45.7333	-116.7667	2054.2	-999	1.44	60	B	2	50	
688864	688864	688864	45.775	-123.85	227.58	-999	1.68	60	B	2	50	
688865	688865	688865	45.775	-123.8083	460.52	-999	1.6815	60	B	2	50	
688878	688878	688878	45.775	-123.2667	958.88	-999	1.915	60	B	2	50	
688883	688883	688883	45.775	-123.0583	1512.47	-999	1.92	60	C	3	50	
688885	688885	688885	45.775	-122.975	1249.45	-999	2.1584	60	B	2	50	
688886	688886	688886	45.775	-122.9333	798.56	-999	1.5358	60	B	2	50	
688887	688887	688887	45.775	-122.8917	284.34	-999	1.7207	60	B	2	50	
688888	688888	688888	45.775	-122.85	28.65	-999	1.947	60	B	2	50	
688889	688889	688889	45.775	-122.8083	12.58	-999	2.0361	60	B	2	50	
688890	688890	688890	45.775	-122.7667	13.34	-999	1.907	60	B	2	50	
688891	688891	688891	45.775	-122.725	158.25	-999	2.2414	60	B	2	50	
688892	688892	688892	45.775	-122.6833	264.33	-999	2.28	60	B	2	50	
688893	688893	688893	45.775	-122.6417	267.83	-999	2.2769	60	B	2	50	
688894	688894	688894	45.775	-122.6	239.5	-999	2.1612	60	B	2	50	
688895	688895	688895	45.775	-122.5583	284.78	-999	2.16	60	B	2	50	
688896	688896	688896	45.775	-122.5167	318.79	-999	2.1494	60	B	2	50	
688897	688897	688897	45.775	-122.475	461.83	-999	2.0564	60	B	2	50	
688898	688898	688898	45.775	-122.4333	581.14	-999	2.133	60	C	3	50	
688899	688899	688899	45.775	-122.3917	1279.64	-999	2.1007	60	B	2	50	
688912	688912	688912	45.775	-121.85	940.81	-999	2.04	60	B	2	50	
688917	688917	688917	45.775	-121.6417	1436.48	-999	1.44	60	B	2	50	
688919	688919	688919	45.775	-121.5583	1604.86	-999	1.56	60	B	2	50	
688920	688920	688920	45.775	-121.5167	731.5	-999	1.9567	60	B	2	50	
688921	688921	688921	45.775	-121.475	1283.33	-999	1.7577	60	B	2	50	
688922	688922	688922	45.775	-121.4333	1790.94	-999	2.1535	60	B	2	50	
688923	688923	688923	45.775	-121.3917	1856.04	-999	2.1206	60	B	2	50	
688924	688924	688924	45.775	-121.35	2024.8	-999	2.1548	60	B	2	50	
688925	688925	688925	45.775	-121.3083	2183.73	-999	2.16	60	B	2	50	
688940	688940	688940	45.775	-120.6833	2142.65	-999	2.0862	60	B	2	50	
688941	688941	688941	45.775	-120.6417	1985.43	-999	2.0141	60	B	2	50	
688942	688942	688942	45.775	-120.6	1760.37	-999	1.9514	60	B	2	50	
688943	688943	688943	45.775	-120.5583	1906.17	-999	1.3473	60	B	2	50	
688944	688944	688944	45.775	-120.5167	1904.72	-999	1.7704	60	B	2	50	
688945	688945	688945	45.775	-120.475	1783.2	-999	1.8397	60	B	2	50	
688947	688947	688947	45.775	-120.3917	1583.99	-999	1.6695	60	B	2	50	
688948	688948	688948	45.775	-120.35	1293.18	-999	1.7188	60	B	2	50	
688949	688949	688949	45.775	-120.3083	1277.69	-999	2.0338	60	B	2	50	
688952	688952	688952	45.775	-120.1833	939.89	-999	2.04	60	B	2	50	
688956	688956	688956	45.775	-120.0167	442.13	-999	1.5981	60	A	1	50	
688957	688957	688957	45.775	-119.975	506.56	-999	1.32	60	A	1	50	
688958	688958	688958	45.775	-119.9333	516.53	-999	1.32	60	A	1	50	
688959	688959	688959	45.775	-119.8917	520.87	-999	1.32	60	A	1	50	
688960	688960	688960	45.775	-119.85	519.03	-999	1.32	60	A	1	50	
688961	688961	688961	45.775	-119.8083	587.93	-999	1.32	60	A	1	50	
688962	688962	688962	45.775	-119.7667	568.24	-999	1.32	60	A	1	50	
688966	688966	688966	45.775	-119.6	618.77	-999	1.32	60	A	1	50	
688967	688967	688967	45.775	-119.5583	642.91	-999	1.3426	60	A	1	50	
688968	688968	688968	45.775	-119.5167	626.9	-999	1.4434	60	A	1	50	
688969	688969	688969	45.775	-119.475	602.36	-999	1.5448	60	A	1	50	
688970	688970	688970	45.775	-119.4333	592.13	-999	1.3846	60	A	1	50	
688971	688971	688971	45.775	-119.3917	615.22	-999	1.32	60	A	1	50	
688972	688972	688972	45.775	-119.35	609.45	-999	1.5851	60	A	1	50	
688973	688973	688973	45.775	-119.3083	615.09	-999	1.543	60	A	1	50	
688974	688974	688974	45.775	-119.2667	583.86	-999	1.7547	60	B	2	50	
688975	688975	688975	45.775	-119.225	601.44	-999	1.7281	60	B	2	50	
688976	688976	688976	45.775	-119.1833	680.18	-999	1.4819	60	A	1	50	
688977	688977	688977	45.775	-119.1417	782.55	-999	1.7126	60	A	1	50	
688978	688978	688978	45.775	-119.1	835.7	-999	1.9998	60	B	2	50	
688979	688979	688979	45.775	-119.0583	946.59	-999	2.3164	60	B	2	50	
688980	688980	688980	45.775	-119.0167	1057.48	-999	2.3997	60	B	2	50	
688981	688981	688981	45.775	-118.975	1159.45	-999	2.3693	60	B	2	50	
688982	688982	688982	45.775	-118.9333	1257.22	-999	2.28	60	B	2	50	
688983	688983	688983	45.775	-118.8917	1422.44	-999	2.28	60	B	2	50	
688984	688984	688984	45.775	-118.85	1566.27	-999	2.28	60	B	2	50	
688985	688985	688985	45.775	-118.8083	1630.58	-999	2.28	60	B	2	50	
688986	688986	688986	45.775	-118.7667	1691.6	-999	2.28	60	B	2	50	
688987	688987	688987	45.775	-118.725	1685.96	-999	2.28	60	B	2	50	
688988	688988	688988	45.775	-118.6833	1674.02	-999	2.28	60	B	2	50	
688989	688989	688989	45.775	-118.6417	1649.74	-999	2.28	60	B	2	50	
688990	688990	688990	45.775	-118.6	1615.75	-999	2.3338	60	B	2	50	
688991	688991	688991	45.775	-118.5583	1597.38	-999	2.3984	60	B	2	50	
688992	688992	688992	45.775	-118.5167	1726.77	-999	2.4	60	B	2	50	
688993	688993	688993	45.775	-118.475	1923.75	-999	2.3919	60	B	2	50	
688994	688994	688994	45.775	-118.4333	2098.82	-999	2.0429	60	B	2	50	
688995	688995	688995	45.775	-118.3917	2520.6	-999	1.7851	60	B	2	50	
688996	688996	688996	45.775	-118.35	2922.44	-999	2.1368	60	B	2	50	
688997	688997	688997	45.775	-118.3083	3257.22	-999	2.1397	60	B	2	50	
688998	688998	688998	45.775	-118.2667	3509.32	-999	2.1282	60	B	2	50	
688999	688999	688999	45.775	-118.225	3788.98	-999	2.04	60	B	2	50	
689008	689008	689008	45.775	-117.85	3855.64	-999	2.04	60	B	2	50	
689009	689009	689009	45.775	-117.8083	3970.08	-999	2.04	60	B	2	50	
689010	689010	689010	45.775	-117.7667	3569.95	-999	2.04	60	B	2	50	
689015	689015	689015	45.775	-117.5583	4125.85	-999	1.3587	60	B	2	50	
689024	689024	689024	45.775	-117.1833	3963.78	-999	1.32	60	B	2	50	
689035	689035	689035	45.775	-116.725	1968.77	-999	1.44	60	B	2	50	
690263	690263	690263	45.8167	-123.3083	1151.03	-999	2.28	60	B	2	50	
690264	690264	690264	45.8167	-123.2667	946.74	-999	2.0647	60	B	2	50	
690265	690265	690265	45.8167	-123.225	905.08	-999	2.04	60	B	2	50	
690270	690270	690270	45.8167	-123.0167	1123.8	-999	2.28	60	B	2	50	
690271	690271	690271	45.8167	-122.975	941.38	-999	2.28	60	B	2	50	
690272	690272	690272	45.8167	-122.9333	730.42	-999	2.1699	60	B	2	50	
690273	690273	690273	45.8167	-122.8917	319.44	-999	1.73	60	B	2	50	
690274	690274	690274	45.8167	-122.85	76.88	-999	1.8447	60	B	2	50	
690275	690275	690275	45.8167	-122.8083	12.58	-999	2.04	60	B	2	50	
690276	690276	690276	45.8167	-122.7667	15.64	-999	1.8014	60	B	2	50	
690277	690277	690277	45.8167	-122.725	170.17	-999	2.2464	60	B	2	50	
690278	690278	690278	45.8167	-122.6833	258.53	-999	2.28	60	B	2	50	
690279	690279	690279	45.8167	-122.6417	210.74	-999	2.28	60	B	2	50	
690282	690282	690282	45.8167	-122.5167	404.31	-999	2.0952	60	B	2	50	
690283	690283	690283	45.8167	-122.475	549.21	-999	2.0735	60	B	2	50	
690284	690284	690284	45.8167	-122.4333	1018.7	-999	2.1592	60	C	3	50	
690285	690285	690285	45.8167	-122.3917	1344.6	-999	1.92	60	B	2	50	
690296	690296	690296	45.8167	-121.9333	1300.92	-999	2.0704	60	B	2	50	
690306	690306	690306	45.8167	-121.5167	1324.54	-999	1.8788	60	B	2	50	
690307	690307	690307	45.8167	-121.475	636.61	-999	2.0243	60	B	2	50	
690309	690309	690309	45.8167	-121.3917	2079.0	-999	2.16	60	B	2	50	
690310	690310	690310	45.8167	-121.35	2311.81	-999	2.16	60	B	2	50	
690326	690326	690326	45.8167	-120.6833	2054.46	-999	2.16	60	B	2	50	
690327	690327	690327	45.8167	-120.6417	1956.82	-999	2.0189	60	B	2	50	
690328	690328	690328	45.8167	-120.6	1756.82	-999	1.8798	60	B	2	50	
690329	690329	690329	45.8167	-120.5583	1602.36	-999	2.0503	60	B	2	50	
690330	690330	690330	45.8167	-120.5167	1400.66	-999	2.1501	60	B	2	50	
690331	690331	690331	45.8167	-120.475	1270.47	-999	1.8515	60	B	2	50	
690332	690332	690332	45.8167	-120.4333	1957.48	-999	1.8823	60	B	2	50	
690333	690333	690333	45.8167	-120.3917	2259.97	-999	1.7237	60	B	2	50	
690334	690334	690334	45.8167	-120.35	2391.08	-999	1.8496	60	B	2	50	
690335	690335	690335	45.8167	-120.3083	2294.23	-999	1.8749	60	B	2	50	
690336	690336	690336	45.8167	-120.2667	1920.6	-999	1.7407	60	B	2	50	
690337	690337	690337	45.8167	-120.225	1579.66	-999	1.6727	60	B	2	50	
690338	690338	690338	45.8167	-120.1833	1619.82	-999	1.9524	60	B	2	50	
690339	690339	690339	45.8167	-120.1417	1330.84	-999	2.04	60	B	2	50	
690340	690340	690340	45.8167	-120.1	1002.49	-999	2.04	60	B	2	50	
690341	690341	690341	45.8167	-120.0583	1007.61	-999	2.04	60	B	2	50	
690344	690344	690344	45.8167	-119.9333	365.62	-999	1.32	60	A	1	50	
690345	690345	690345	45.8167	-119.8917	347.51	-999	1.32	60	A	1	50	
690346	690346	690346	45.8167	-119.85	375.59	-999	1.32	60	A	1	50	
690347	690347	690347	45.8167	-119.8083	387.4	-999	1.32	60	A	1	50	
690348	690348	690348	45.8167	-119.7667	365.88	-999	1.32	60	A	1	50	
690349	690349	690349	45.8167	-119.725	356.43	-999	1.32	60	A	1	50	
690350	690350	690350	45.8167	-119.6833	393.57	-999	1.32	60	A	1	50	
690351	690351	690351	45.8167	-119.6417	413.78	-999	1.32	60	A	1	50	
690352	690352	690352	45.8167	-119.6	462.73	-999	1.32	60	A	1	50	
690353	690353	690353	45.8167	-119.5583	529.13	-999	1.32	60	A	1	50	
690354	690354	690354	45.8167	-119.5167	558.4	-999	1.32	60	A	1	50	
690355	690355	690355	45.8167	-119.475	567.32	-999	1.32	60	A	1	50	
690356	690356	690356	45.8167	-119.4333	585.43	-999	1.32	60	A	1	50	
690357	690357	690357	45.8167	-119.3917	591.6	-999	1.3576	60	A	1	50	
690358	690358	690358	45.8167	-119.35	542.78	-999	1.5262	60	A	1	50	
690359	690359	690359	45.8167	-119.3083	542.39	-999	1.4059	60	A	1	50	
690360	690360	690360	45.8167	-119.2667	601.58	-999	1.32	60	A	1	50	
690361	690361	690361	45.8167	-119.225	655.64	-999	1.32	60	A	1	50	
690362	690362	690362	45.8167	-119.1833	691.6	-999	1.32	60	A	1	50	
690363	690363	690363	45.8167	-119.1417	668.77	-999	1.32	60	A	1	50	
690364	690364	690364	45.8167	-119.1	768.11	-999	1.3939	60	A	1	50	
690365	690365	690365	45.8167	-119.0583	885.83	-999	2.0837	60	B	2	50	
690366	690366	690366	45.8167	-119.0167	1012.34	-999	2.3025	60	B	2	50	
690367	690367	690367	45.8167	-118.975	1200.66	-999	2.3664	60	B	2	50	
690368	690368	690368	45.8167	-118.9333	1336.48	-999	2.313	60	B	2	50	
690369	690369	690369	45.8167	-118.8917	1464.3	-999	2.28	60	B	2	50	
690370	690370	690370	45.8167	-118.85	1501.44	-999	2.28	60	B	2	50	
690371	690371	690371	45.8167	-118.8083	1567.98	-999	2.28	60	B	2	50	
690372	690372	690372	45.8167	-118.7667	1663.12	-999	2.28	60	B	2	50	
690373	690373	690373	45.8167	-118.725	1756.43	-999	2.28	60	B	2	50	
690374	690374	690374	45.8167	-118.6833	1808.92	-999	2.28	60	B	2	50	
690375	690375	690375	45.8167	-118.6417	1768.37	-999	2.28	60	B	2	50	
690376	690376	690376	45.8167	-118.6	1727.69	-999	2.2803	60	B	2	50	
690377	690377	690377	45.8167	-118.5583	1745.8	-999	2.3634	60	B	2	50	
690378	690378	690378	45.8167	-118.5167	1770.47	-999	2.4	60	B	2	50	
690379	690379	690379	45.8167	-118.475	1797.38	-999	2.4	60	B	2	50	
690380	690380	690380	45.8167	-118.4333	1907.48	-999	2.2987	60	B	2	50	
690381	690381	690381	45.8167	-118.3917	2171.13	-999	1.6072	60	B	2	50	
690382	690382	690382	45.8167	-118.35	2595.28	-999	1.8548	60	B	2	50	
690383	690383	690383	45.8167	-118.3083	2890.16	-999	2.1498	60	B	2	50	
690384	690384	690384	45.8167	-118.2667	3108.27	-999	2.1567	60	B	2	50	
690385	690385	690385	45.8167	-118.225	3578.22	-999	2.16	60	B	2	50	
690386	690386	690386	45.8167	-118.1833	3659.97	-999	2.029	60	B	2	50	
690395	690395	690395	45.8167	-117.8083	4426.12	-999	2.04	60	B	2	50	
690396	690396	690396	45.8167	-117.7667	3842.39	-999	2.04	60	B	2	50	
690401	690401	690401	45.8167	-117.5583	3857.22	-999	1.32	60	B	2	50	
690402	690402	690402	45.8167	-117.5167	3360.89	-999	1.32	60	B	2	50	
690403	690403	690403	45.8167	-117.475	3504.46	-999	1.32	60	B	2	50	
690404	690404	690404	45.8167	-117.4333	3405.51	-999	1.9418	60	B	2	50	
690405	690405	690405	45.8167	-117.3917	3856.3	-999	1.5904	60	B	2	50	
690406	690406	690406	45.8167	-117.35	4142.65	-999	2.0148	60	B	2	50	
690422	690422	690422	45.8167	-116.6833	1814.3	-999	0.0	60	B	2	50	
690427	690427	690427	45.8167	-116.475	4025.46	-999	1.8	60	B	2	50	
691642	691642	691642	45.8583	-123.6	618.66	-999	2.0494	60	B	2	50	
691643	691643	691643	45.8583	-123.5583	594.38	-999	2.04	60	B	2	50	
691649	691649	691649	45.8583	-123.3083	1068.79	-999	2.04	60	B	2	50	
691650	691650	691650	45.8583	-123.2667	915.35	-999	2.04	60	B	2	50	
691651	691651	691651	45.8583	-123.225	787.51	-999	2.04	60	B	2	50	
691652	691652	691652	45.8583	-123.1833	725.83	-999	2.032	60	B	2	50	
691653	691653	691653	45.8583	-123.1417	878.83	-999	2.04	60	B	2	50	
691658	691658	691658	45.8583	-122.9333	742.02	-999	2.28	60	B	2	50	
691659	691659	691659	45.8583	-122.8917	392.17	-999	1.5213	60	B	2	50	
691660	691660	691660	45.8583	-122.85	248.69	-999	1.689	60	B	2	50	
691661	691661	691661	45.8583	-122.8083	95.91	-999	1.7762	60	B	2	50	
691662	691662	691662	45.8583	-122.7667	17.5	-999	1.8	60	B	2	50	
691663	691663	691663	45.8583	-122.725	130.03	-999	2.2079	60	B	2	50	
691692	691692	691692	45.8583	-121.5167	1440.29	-999	2.04	60	B	2	50	
691693	691693	691693	45.8583	-121.475	1292.13	-999	2.0711	60	B	2	50	
691694	691694	691694	45.8583	-121.4333	1822.57	-999	2.0636	60	B	2	50	
691695	691695	691695	45.8583	-121.3917	1708.4	-999	1.68	60	B	2	50	
691697	691697	691697	45.8583	-121.3083	2231.36	-999	2.16	60	B	2	50	
691712	691712	691712	45.8583	-120.6833	2295.14	-999	2.16	60	B	2	50	
691713	691713	691713	45.8583	-120.6417	2206.96	-999	2.16	60	B	2	50	
691714	691714	691714	45.8583	-120.6	2088.19	-999	2.112	60	B	2	50	
691715	691715	691715	45.8583	-120.5583	1933.99	-999	2.1493	60	B	2	50	
691716	691716	691716	45.8583	-120.5167	1764.7	-999	2.16	60	B	2	50	
691717	691717	691717	45.8583	-120.475	1709.32	-999	1.901	60	B	2	50	
691718	691718	691718	45.8583	-120.4333	1890.03	-999	1.8659	60	B	2	50	
691720	691720	691720	45.8583	-120.35	2213.52	-999	1.92	60	B	2	50	
691721	691721	691721	45.8583	-120.3083	2234.51	-999	1.853	60	B	2	50	
691722	691722	691722	45.8583	-120.2667	2154.07	-999	1.7443	60	B	2	50	
691723	691723	691723	45.8583	-120.225	2029.13	-999	2.0351	60	B	2	50	
691724	691724	691724	45.8583	-120.1833	1796.72	-999	2.04	60	B	2	50	
691725	691725	691725	45.8583	-120.1417	1567.98	-999	2.04	60	B	2	50	
691726	691726	691726	45.8583	-120.1	1302.23	-999	2.04	60	B	2	50	
691727	691727	691727	45.8583	-120.0583	1071.13	-999	2.04	60	B	2	50	
691728	691728	691728	45.8583	-120.0167	964.17	-999	2.04	60	B	2	50	
691729	691729	691729	45.8583	-119.975	918.9	-999	2.04	60	B	2	50	
691730	691730	691730	45.8583	-119.9333	747.9	-999	1.4291	60	B	2	50	
691731	691731	691731	45.8583	-119.8917	693.7	-999	2.2133	60	B	2	50	
691732	691732	691732	45.8583	-119.85	451.05	-999	2.3339	60	B	2	50	
691733	691733	691733	45.8583	-119.8083	378.48	-999	1.08	60	A	1	50	
691734	691734	691734	45.8583	-119.7667	376.12	-999	1.08	60	A	1	50	
691735	691735	691735	45.8583	-119.725	287.66	-999	1.0937	60	A	1	50	
691736	691736	691736	45.8583	-119.6833	278.87	-999	1.3124	60	A	1	50	
691737	691737	691737	45.8583	-119.6417	294.36	-999	1.32	60	A	1	50	
691738	691738	691738	45.8583	-119.6	342.91	-999	1.32	60	A	1	50	
691739	691739	691739	45.8583	-119.5583	377.69	-999	1.32	60	A	1	50	
691740	691740	691740	45.8583	-119.5167	417.19	-999	1.32	60	A	1	50	
691741	691741	691741	45.8583	-119.475	496.59	-999	1.32	60	A	1	50	
691742	691742	691742	45.8583	-119.4333	619.29	-999	1.32	60	A	1	50	
691743	691743	691743	45.8583	-119.3917	640.29	-999	1.32	60	A	1	50	
691744	691744	691744	45.8583	-119.35	576.77	-999	1.32	60	A	1	50	
691745	691745	691745	45.8583	-119.3083	468.63	-999	1.32	60	A	1	50	
691746	691746	691746	45.8583	-119.2667	487.27	-999	1.32	60	A	1	50	
691747	691747	691747	45.8583	-119.225	499.21	-999	1.32	60	A	1	50	
691748	691748	691748	45.8583	-119.1833	565.75	-999	1.32	60	A	1	50	
691749	691749	691749	45.8583	-119.1417	621.78	-999	1.3193	60	A	1	50	
691750	691750	691750	45.8583	-119.1	724.8	-999	1.4097	60	A	1	50	
691751	691751	691751	45.8583	-119.0583	853.28	-999	1.7604	60	A	1	50	
691752	691752	691752	45.8583	-119.0167	1014.57	-999	2.2624	60	B	2	50	
691753	691753	691753	45.8583	-118.975	1159.58	-999	2.3422	60	B	2	50	
691754	691754	691754	45.8583	-118.9333	1288.98	-999	2.3995	60	B	2	50	
691755	691755	691755	45.8583	-118.8917	1394.62	-999	2.337	60	B	2	50	
691756	691756	691756	45.8583	-118.85	1578.61	-999	2.2801	60	B	2	50	
691757	691757	691757	45.8583	-118.8083	1692.26	-999	2.28	60	B	2	50	
691758	691758	691758	45.8583	-118.7667	1739.76	-999	2.28	60	B	2	50	
691759	691759	691759	45.8583	-118.725	1824.02	-999	2.28	60	B	2	50	
691760	691760	691760	45.8583	-118.6833	1872.31	-999	2.28	60	B	2	50	
691761	691761	691761	45.8583	-118.6417	1870.73	-999	2.28	60	B	2	50	
691762	691762	691762	45.8583	-118.6	1889.37	-999	2.28	60	B	2	50	
691763	691763	691763	45.8583	-118.5583	1951.18	-999	2.2808	60	B	2	50	
691764	691764	691764	45.8583	-118.5167	1942.13	-999	2.2981	60	B	2	50	
691765	691765	691765	45.8583	-118.475	1772.18	-999	2.3449	60	B	2	50	
691766	691766	691766	45.8583	-118.4333	1767.59	-999	2.4	60	B	2	50	
691767	691767	691767	45.8583	-118.3917	1707.61	-999	2.2945	60	B	2	50	
691768	691768	691768	45.8583	-118.35	1884.51	-999	1.9865	60	B	2	50	
691769	691769	691769	45.8583	-118.3083	2259.97	-999	1.6727	60	B	2	50	
691770	691770	691770	45.8583	-118.2667	2561.29	-999	1.6342	60	B	2	50	
691771	691771	691771	45.8583	-118.225	2596.72	-999	1.5823	60	B	2	50	
691772	691772	691772	45.8583	-118.1833	2959.32	-999	1.56	60	B	2	50	
691787	691787	691787	45.8583	-117.5583	3249.48	-999	1.347	60	B	2	50	
691788	691788	691788	45.8583	-117.5167	3434.38	-999	1.3309	60	B	2	50	
691789	691789	691789	45.8583	-117.475	3139.76	-999	1.3564	60	B	2	50	
691790	691790	691790	45.8583	-117.4333	3024.02	-999	1.3234	60	B	2	50	
691791	691791	691791	45.8583	-117.3917	3528.74	-999	1.4794	60	B	2	50	
691792	691792	691792	45.8583	-117.35	3673.49	-999	1.9882	60	B	2	50	
691793	691793	691793	45.8583	-117.3083	4134.12	-999	2.1405	60	B	2	50	
691794	691794	691794	45.8583	-117.2667	4319.16	-999	2.16	60	B	2	50	
693028	693028	693028	45.9	-123.6	846.57	-999	1.68	60	B	2	50	
693029	693029	693029	45.9	-123.5583	728.35	-999	2.04	60	B	2	50	
693030	693030	693030	45.9	-123.5167	677.6	-999	2.04	60	B	2	50	
693031	693031	693031	45.9	-123.475	917.98	-999	2.04	60	B	2	50	
693035	693035	693035	45.9	-123.3083	974.96	-999	2.04	60	B	2	50	
693036	693036	693036	45.9	-123.2667	905.18	-999	2.04	60	B	2	50	
693039	693039	693039	45.9	-123.1417	755.36	-999	2.04	60	B	2	50	
693043	693043	693043	45.9	-122.975	1043.64	-999	2.28	60	B	2	50	
693044	693044	693044	45.9	-122.9333	646.43	-999	1.9628	60	B	2	50	
693045	693045	693045	45.9	-122.8917	510.5	-999	1.5481	60	B	2	50	
693046	693046	693046	45.9	-122.85	498.91	-999	1.5863	60	B	2	50	
693047	693047	693047	45.9	-122.8083	128.5	-999	1.7962	60	B	2	50	
693048	693048	693048	45.9	-122.7667	17.61	-999	1.8	60	B	2	50	
693049	693049	693049	45.9	-122.725	209.65	-999	1.8	60	B	2	50	
693079	693079	693079	45.9	-121.475	1692.39	-999	2.16	60	B	2	50	
693080	693080	693080	45.9	-121.4333	2273.23	-999	2.16	60	B	2	50	
693083	693083	693083	45.9	-121.3083	2084.51	-999	2.16	60	B	2	50	
693100	693100	693100	45.9	-120.6	2501.71	-999	2.16	60	B	2	50	
693105	693105	693105	45.9	-120.3917	2450.39	-999	1.92	60	B	2	50	
693106	693106	693106	45.9	-120.35	2540.03	-999	1.92	60	B	2	50	
693107	693107	693107	45.9	-120.3083	2531.36	-999	1.92	60	B	2	50	
693108	693108	693108	45.9	-120.2667	2503.28	-999	1.92	60	B	2	50	
693109	693109	693109	45.9	-120.225	2340.68	-999	1.7167	60	B	2	50	
693110	693110	693110	45.9	-120.1833	2144.36	-999	2.04	60	B	2	50	
693111	693111	693111	45.9	-120.1417	1831.36	-999	2.04	60	B	2	50	
693112	693112	693112	45.9	-120.1	1554.59	-999	2.04	60	B	2	50	
693113	693113	693113	45.9	-120.0583	1293.83	-999	2.04	60	B	2	50	
693114	693114	693114	45.9	-120.0167	1041.21	-999	2.0272	60	B	2	50	
693115	693115	693115	45.9	-119.975	868.37	-999	2.074	60	B	2	50	
693116	693116	693116	45.9	-119.9333	754.99	-999	2.3618	60	B	2	50	
693117	693117	693117	45.9	-119.8917	662.21	-999	2.4	60	B	2	50	
693118	693118	693118	45.9	-119.85	560.37	-999	2.2218	60	B	2	50	
693119	693119	693119	45.9	-119.8083	511.02	-999	1.1043	60	A	1	50	
693120	693120	693120	45.9	-119.7667	528.61	-999	1.08	60	A	1	50	
693121	693121	693121	45.9	-119.725	461.15	-999	1.08	60	A	1	50	
693122	693122	693122	45.9	-119.6833	391.86	-999	1.08	60	A	1	50	
693125	693125	693125	45.9	-119.5583	293.44	-999	1.3139	60	A	1	50	
693126	693126	693126	45.9	-119.5167	291.73	-999	1.2997	60	A	1	50	
693127	693127	693127	45.9	-119.475	304.33	-999	1.3036	60	A	1	50	
693128	693128	693128	45.9	-119.4333	375.72	-999	1.32	60	A	1	50	
693129	693129	693129	45.9	-119.3917	473.75	-999	1.32	60	A	1	50	
693130	693130	693130	45.9	-119.35	483.86	-999	1.32	60	A	1	50	
693131	693131	693131	45.9	-119.3083	433.99	-999	1.3526	60	A	1	50	
693132	693132	693132	45.9	-119.2667	463.12	-999	1.4763	60	A	1	50	
693133	693133	693133	45.9	-119.225	470.47	-999	1.3688	60	A	1	50	
693134	693134	693134	45.9	-119.1833	452.23	-999	1.5211	60	A	1	50	
693135	693135	693135	45.9	-119.1417	504.99	-999	1.4111	60	A	1	50	
693136	693136	693136	45.9	-119.1	732.94	-999	1.3951	60	A	1	50	
693137	693137	693137	45.9	-119.0583	888.19	-999	1.4864	60	A	1	50	
693138	693138	693138	45.9	-119.0167	996.59	-999	2.0044	60	B	2	50	
693139	693139	693139	45.9	-118.975	1121.26	-999	2.2643	60	B	2	50	
693140	693140	693140	45.9	-118.9333	1334.78	-999	2.3973	60	B	2	50	
693141	693141	693141	45.9	-118.8917	1485.17	-999	2.4	60	B	2	50	
693142	693142	693142	45.9	-118.85	1629.13	-999	2.3355	60	B	2	50	
693143	693143	693143	45.9	-118.8083	1641.34	-999	2.28	60	B	2	50	
693144	693144	693144	45.9	-118.7667	1765.62	-999	2.28	60	B	2	50	
693145	693145	693145	45.9	-118.725	1873.62	-999	2.28	60	B	2	50	
693146	693146	693146	45.9	-118.6833	1888.32	-999	2.28	60	B	2	50	
693147	693147	693147	45.9	-118.6417	2020.34	-999	2.28	60	B	2	50	
693148	693148	693148	45.9	-118.6	2067.32	-999	2.28	60	B	2	50	
693149	693149	693149	45.9	-118.5583	2048.03	-999	2.28	60	B	2	50	
693150	693150	693150	45.9	-118.5167	1866.14	-999	2.28	60	B	2	50	
693151	693151	693151	45.9	-118.475	1574.67	-999	2.2911	60	B	2	50	
693152	693152	693152	45.9	-118.4333	1553.02	-999	2.311	60	B	2	50	
693153	693153	693153	45.9	-118.3917	1418.9	-999	2.2767	60	B	2	50	
693154	693154	693154	45.9	-118.35	1414.57	-999	2.3118	60	B	2	50	
693155	693155	693155	45.9	-118.3083	1657.22	-999	2.2534	60	B	2	50	
693156	693156	693156	45.9	-118.2667	1896.46	-999	1.8546	60	B	2	50	
693157	693157	693157	45.9	-118.225	2461.94	-999	1.56	60	B	2	50	
693158	693158	693158	45.9	-118.1833	2988.06	-999	1.56	60	B	2	50	
693172	693172	693172	45.9	-117.6	3737.53	-999	1.7742	60	B	2	50	
693173	693173	693173	45.9	-117.5583	2946.19	-999	1.5127	60	B	2	50	
693174	693174	693174	45.9	-117.5167	3030.18	-999	1.8411	60	B	2	50	
693175	693175	693175	45.9	-117.475	2594.75	-999	1.487	60	B	2	50	
693176	693176	693176	45.9	-117.4333	2871.65	-999	1.3203	60	B	2	50	
693177	693177	693177	45.9	-117.3917	3074.15	-999	1.4676	60	B	2	50	
693178	693178	693178	45.9	-117.35	3899.61	-999	2.0668	60	B	2	50	
693179	693179	693179	45.9	-117.3083	4312.73	-999	2.16	60	B	2	50	
693180	693180	693180	45.9	-117.2667	4350.26	-999	2.16	60	B	2	50	
693181	693181	693181	45.9	-117.225	3645.28	-999	2.16	60	B	2	50	
694406	694406	694406	45.9417	-123.9333	350.72	-999	1.6836	60	B	2	50	
694407	694407	694407	45.9417	-123.8917	443.9	-999	1.68	60	B	2	50	
694415	694415	694415	45.9417	-123.5583	872.7	-999	2.0849	60	B	2	50	
694416	694416	694416	45.9417	-123.5167	676.4	-999	2.0442	60	B	2	50	
694417	694417	694417	45.9417	-123.475	722.0	-999	2.04	60	B	2	50	
694418	694418	694418	45.9417	-123.4333	782.26	-999	2.04	60	B	2	50	
694428	694428	694428	45.9417	-123.0167	970.8	-999	2.28	60	B	2	50	
694429	694429	694429	45.9417	-122.975	781.82	-999	2.2274	60	B	2	50	
694430	694430	694430	45.9417	-122.9333	449.25	-999	1.876	60	B	2	50	
694431	694431	694431	45.9417	-122.8917	307.31	-999	1.8432	60	B	2	50	
694432	694432	694432	45.9417	-122.85	111.33	-999	1.9678	60	B	2	50	
694433	694433	694433	45.9417	-122.8083	28.87	-999	1.8262	60	B	2	50	
694434	694434	694434	45.9417	-122.7667	337.49	-999	1.8185	60	B	2	50	
694435	694435	694435	45.9417	-122.725	492.23	-999	1.8171	60	B	2	50	
694464	694464	694464	45.9417	-121.5167	2599.61	-999	0.9803	60	A	1	50	
694465	694465	694465	45.9417	-121.475	1719.82	-999	0.7403	60	A	1	50	
694491	694491	694491	45.9417	-120.3917	2938.98	-999	1.92	60	B	2	50	
694492	694492	694492	45.9417	-120.35	2911.55	-999	1.92	60	B	2	50	
694493	694493	694493	45.9417	-120.3083	2839.9	-999	1.92	60	B	2	50	
694494	694494	694494	45.9417	-120.2667	2736.22	-999	1.7834	60	B	2	50	
694495	694495	694495	45.9417	-120.225	2631.89	-999	1.7333	60	B	2	50	
694496	694496	694496	45.9417	-120.1833	2404.33	-999	1.7771	60	B	2	50	
694497	694497	694497	45.9417	-120.1417	2216.27	-999	1.8634	60	B	2	50	
694498	694498	694498	45.9417	-120.1	1838.06	-999	1.7868	60	B	2	50	
694499	694499	694499	45.9417	-120.0583	1591.86	-999	1.6674	60	B	2	50	
694500	694500	694500	45.9417	-120.0167	1272.18	-999	1.445	60	B	2	50	
694501	694501	694501	45.9417	-119.975	1114.44	-999	2.0678	60	B	2	50	
694502	694502	694502	45.9417	-119.9333	925.33	-999	2.357	60	B	2	50	
694503	694503	694503	45.9417	-119.8917	762.34	-999	2.3976	60	B	2	50	
694504	694504	694504	45.9417	-119.85	639.11	-999	1.8849	60	A	1	50	
694505	694505	694505	45.9417	-119.8083	547.9	-999	1.0847	60	A	1	50	
694506	694506	694506	45.9417	-119.7667	472.97	-999	1.08	60	A	1	50	
694507	694507	694507	45.9417	-119.725	434.78	-999	1.08	60	A	1	50	
694508	694508	694508	45.9417	-119.6833	476.38	-999	1.08	60	A	1	50	
694509	694509	694509	45.9417	-119.6417	508.53	-999	1.08	60	A	1	50	
694510	694510	694510	45.9417	-119.6	465.62	-999	1.08	60	A	1	50	
694511	694511	694511	45.9417	-119.5583	423.36	-999	1.08	60	A	1	50	
694512	694512	694512	45.9417	-119.5167	403.81	-999	1.08	60	A	1	50	
694513	694513	694513	45.9417	-119.475	415.62	-999	1.08	60	A	1	50	
694514	694514	694514	45.9417	-119.4333	404.72	-999	1.08	60	A	1	50	
694515	694515	694515	45.9417	-119.3917	376.25	-999	1.08	60	A	1	50	
694516	694516	694516	45.9417	-119.35	386.75	-999	1.084	60	A	1	50	
694517	694517	694517	45.9417	-119.3083	488.98	-999	1.1101	60	A	1	50	
694518	694518	694518	45.9417	-119.2667	488.98	-999	1.1045	60	A	1	50	
694519	694519	694519	45.9417	-119.225	472.31	-999	1.573	60	A	1	50	
694520	694520	694520	45.9417	-119.1833	577.56	-999	1.3154	60	A	1	50	
694521	694521	694521	45.9417	-119.1417	587.53	-999	1.4754	60	A	1	50	
694522	694522	694522	45.9417	-119.1	518.5	-999	1.9847	60	A	1	50	
694523	694523	694523	45.9417	-119.0583	588.06	-999	1.3466	60	A	1	50	
694526	694526	694526	45.9417	-118.9333	1266.67	-999	2.3793	60	B	2	50	
694527	694527	694527	45.9417	-118.8917	1398.82	-999	2.4	60	B	2	50	
694528	694528	694528	45.9417	-118.85	1461.94	-999	2.3957	60	B	2	50	
694529	694529	694529	45.9417	-118.8083	1629.79	-999	2.3058	60	B	2	50	
694530	694530	694530	45.9417	-118.7667	1754.59	-999	2.28	60	B	2	50	
694531	694531	694531	45.9417	-118.725	1683.33	-999	2.28	60	B	2	50	
694532	694532	694532	45.9417	-118.6833	1715.09	-999	2.28	60	B	2	50	
694533	694533	694533	45.9417	-118.6417	1461.68	-999	2.2717	60	B	2	50	
694534	694534	694534	45.9417	-118.6	1267.72	-999	2.2654	60	B	2	50	
694535	694535	694535	45.9417	-118.5583	1223.23	-999	2.2522	60	B	2	50	
694536	694536	694536	45.9417	-118.5167	946.46	-999	2.1924	60	B	2	50	
694537	694537	694537	45.9417	-118.475	963.65	-999	2.2095	60	B	2	50	
694538	694538	694538	45.9417	-118.4333	1010.89	-999	2.2191	60	B	2	50	
694539	694539	694539	45.9417	-118.3917	1059.71	-999	2.2165	60	B	2	50	
694540	694540	694540	45.9417	-118.35	1084.38	-999	2.2539	60	B	2	50	
694541	694541	694541	45.9417	-118.3083	1271.13	-999	2.2875	60	B	2	50	
694542	694542	694542	45.9417	-118.2667	1746.06	-999	2.2534	60	B	2	50	
694543	694543	694543	45.9417	-118.225	2312.86	-999	1.5721	60	B	2	50	
694559	694559	694559	45.9417	-117.5583	3769.82	-999	2.04	60	B	2	50	
694560	694560	694560	45.9417	-117.5167	3077.56	-999	2.2769	60	B	2	50	
694561	694561	694561	45.9417	-117.475	2797.24	-999	2.16	60	B	2	50	
694562	694562	694562	45.9417	-117.4333	2118.37	-999	1.5139	60	B	2	50	
694563	694563	694563	45.9417	-117.3917	2937.14	-999	1.6997	60	B	2	50	
694564	694564	694564	45.9417	-117.35	3725.07	-999	2.1552	60	B	2	50	
694565	694565	694565	45.9417	-117.3083	3956.69	-999	2.16	60	B	2	50	
694566	694566	694566	45.9417	-117.2667	4074.93	-999	2.1487	60	B	2	50	
694567	694567	694567	45.9417	-117.225	4120.34	-999	2.1335	60	B	2	50	
695792	695792	695792	45.9833	-123.9333	46.81	-999	1.68	60	B	2	50	
695804	695804	695804	45.9833	-123.4333	744.64	-999	2.04	60	B	2	50	
695805	695805	695805	45.9833	-123.3917	623.36	-999	2.0532	60	B	2	50	
695806	695806	695806	45.9833	-123.35	632.0	-999	2.0669	60	B	2	50	
695807	695807	695807	45.9833	-123.3083	722.11	-999	2.0862	60	B	2	50	
695808	695808	695808	45.9833	-123.2667	695.76	-999	2.04	60	B	2	50	
695809	695809	695809	45.9833	-123.225	692.15	-999	1.9011	60	B	2	50	
695813	695813	695813	45.9833	-123.0583	1017.5	-999	2.28	60	B	2	50	
695814	695814	695814	45.9833	-123.0167	969.49	-999	2.28	60	B	2	50	
695815	695815	695815	45.9833	-122.975	711.29	-999	1.8505	60	B	2	50	
695816	695816	695816	45.9833	-122.9333	462.71	-999	1.8	60	B	2	50	
695817	695817	695817	45.9833	-122.8917	416.77	-999	1.8284	60	B	2	50	
695818	695818	695818	45.9833	-122.85	62.23	-999	2.0364	60	B	2	50	
695819	695819	695819	45.9833	-122.8083	374.89	-999	1.9323	60	B	2	50	
695820	695820	695820	45.9833	-122.7667	1213.03	-999	2.1536	60	C	3	50	
695822	695822	695822	45.9833	-122.6833	1026.14	-999	2.16	60	C	3	50	
695849	695849	695849	45.9833	-121.5583	2224.8	-999	0.7267	60	A	1	50	
695850	695850	695850	45.9833	-121.5167	1987.01	-999	0.7194	60	A	1	50	
695851	695851	695851	45.9833	-121.475	1867.72	-999	0.7739	60	A	1	50	
695878	695878	695878	45.9833	-120.35	3250.92	-999	1.9424	60	B	2	50	
695879	695879	695879	45.9833	-120.3083	3036.61	-999	1.8278	60	B	2	50	
695880	695880	695880	45.9833	-120.2667	2890.16	-999	1.8553	60	B	2	50	
695881	695881	695881	45.9833	-120.225	2783.73	-999	1.7911	60	B	2	50	
695882	695882	695882	45.9833	-120.1833	2628.48	-999	1.9289	60	B	2	50	
695883	695883	695883	45.9833	-120.1417	2367.72	-999	1.8532	60	B	2	50	
695884	695884	695884	45.9833	-120.1	2196.19	-999	1.9429	60	B	2	50	
695885	695885	695885	45.9833	-120.0583	1859.19	-999	1.8874	60	B	2	50	
695886	695886	695886	45.9833	-120.0167	1537.01	-999	1.9889	60	B	2	50	
695887	695887	695887	45.9833	-119.975	1308.66	-999	1.8137	60	B	2	50	
695888	695888	695888	45.9833	-119.9333	1090.55	-999	2.22	60	B	2	50	
695889	695889	695889	45.9833	-119.8917	922.57	-999	2.4	60	B	2	50	
695890	695890	695890	45.9833	-119.85	773.36	-999	2.3998	60	B	2	50	
695891	695891	695891	45.9833	-119.8083	666.67	-999	2.2457	60	B	2	50	
695892	695892	695892	45.9833	-119.7667	589.89	-999	1.8213	60	A	1	50	
695893	695893	695893	45.9833	-119.725	556.56	-999	1.4662	60	A	1	50	
695894	695894	695894	45.9833	-119.6833	576.25	-999	1.575	60	A	1	50	
695895	695895	695895	45.9833	-119.6417	607.09	-999	1.655	60	A	1	50	
695896	695896	695896	45.9833	-119.6	606.96	-999	1.2318	60	A	1	50	
695897	695897	695897	45.9833	-119.5583	630.71	-999	1.08	60	A	1	50	
695898	695898	695898	45.9833	-119.5167	636.48	-999	1.1075	60	A	1	50	
695899	695899	695899	45.9833	-119.475	650.79	-999	1.4905	60	A	1	50	
695900	695900	695900	45.9833	-119.4333	680.71	-999	1.5993	60	A	1	50	
695901	695901	695901	45.9833	-119.3917	749.61	-999	1.6449	60	A	1	50	
695902	695902	695902	45.9833	-119.35	738.19	-999	1.6203	60	A	1	50	
695903	695903	695903	45.9833	-119.3083	763.91	-999	1.312	60	A	1	50	
695904	695904	695904	45.9833	-119.2667	849.34	-999	1.9386	60	A	1	50	
695905	695905	695905	45.9833	-119.225	926.25	-999	2.3008	60	B	2	50	
695906	695906	695906	45.9833	-119.1833	976.25	-999	2.4	60	B	2	50	
695907	695907	695907	45.9833	-119.1417	1012.2	-999	2.4	60	B	2	50	
695908	695908	695908	45.9833	-119.1	950.52	-999	2.4	60	B	2	50	
695909	695909	695909	45.9833	-119.0583	988.71	-999	2.3285	60	B	2	50	
695910	695910	695910	45.9833	-119.0167	831.23	-999	2.2961	60	B	2	50	
695911	695911	695911	45.9833	-118.975	878.35	-999	1.68	60	B	2	50	
695912	695912	695912	45.9833	-118.9333	1411.02	-999	1.8099	60	B	2	50	
695913	695913	695913	45.9833	-118.8917	1527.03	-999	2.4	60	B	2	50	
695914	695914	695914	45.9833	-118.85	1634.12	-999	2.4	60	B	2	50	
695915	695915	695915	45.9833	-118.8083	1650.66	-999	2.3784	60	B	2	50	
695916	695916	695916	45.9833	-118.7667	1378.48	-999	2.3449	60	B	2	50	
695917	695917	695917	45.9833	-118.725	1264.83	-999	2.2846	60	B	2	50	
695918	695918	695918	45.9833	-118.6833	980.71	-999	2.181	60	B	2	50	
695919	695919	695919	45.9833	-118.6417	709.58	-999	2.16	60	B	2	50	
695920	695920	695920	45.9833	-118.6	614.44	-999	2.16	60	B	2	50	
695921	695921	695921	45.9833	-118.5583	592.65	-999	2.16	60	B	2	50	
695922	695922	695922	45.9833	-118.5167	631.63	-999	2.16	60	B	2	50	
695923	695923	695923	45.9833	-118.475	708.92	-999	2.16	60	B	2	50	
695924	695924	695924	45.9833	-118.4333	786.35	-999	2.16	60	B	2	50	
695925	695925	695925	45.9833	-118.3917	834.91	-999	2.16	60	B	2	50	
695926	695926	695926	45.9833	-118.35	883.47	-999	2.1629	60	B	2	50	
695927	695927	695927	45.9833	-118.3083	1068.24	-999	2.2723	60	B	2	50	
695928	695928	695928	45.9833	-118.2667	1337.53	-999	2.2993	60	B	2	50	
695929	695929	695929	45.9833	-118.225	1783.6	-999	1.8852	60	B	2	50	
695945	695945	695945	45.9833	-117.5583	2850.26	-999	2.1658	60	B	2	50	
695946	695946	695946	45.9833	-117.5167	3250.39	-999	2.1623	60	B	2	50	
695947	695947	695947	45.9833	-117.475	3499.08	-999	2.16	60	B	2	50	
695948	695948	695948	45.9833	-117.4333	3120.74	-999	1.9366	60	B	2	50	
695949	695949	695949	45.9833	-117.3917	2240.42	-999	1.6216	60	B	2	50	
695950	695950	695950	45.9833	-117.35	2818.11	-999	2.16	60	B	2	50	
695951	695951	695951	45.9833	-117.3083	2859.19	-999	2.16	60	B	2	50	
695952	695952	695952	45.9833	-117.2667	3221.92	-999	2.0495	60	B	2	50	
695953	695953	695953	45.9833	-117.225	3743.44	-999	2.0521	60	B	2	50	
697178	697178	697178	46.025	-123.9333	7.22	-999	1.68	60	B	2	50	
697180	697180	697180	46.025	-123.85	323.27	-999	1.68	60	B	2	50	
697192	697192	697192	46.025	-123.35	745.84	-999	2.0461	60	B	2	50	
697193	697193	697193	46.025	-123.3083	761.81	-999	2.071	60	B	2	50	
697194	697194	697194	46.025	-123.2667	926.73	-999	2.04	60	B	2	50	
697198	697198	697198	46.025	-123.1	832.57	-999	2.28	60	B	2	50	
697199	697199	697199	46.025	-123.0583	817.37	-999	2.28	60	B	2	50	
697200	697200	697200	46.025	-123.0167	935.59	-999	2.28	60	B	2	50	
697201	697201	697201	46.025	-122.975	891.4	-999	2.1356	60	B	2	50	
697202	697202	697202	46.025	-122.9333	711.29	-999	1.8	60	B	2	50	
697203	697203	697203	46.025	-122.8917	317.26	-999	1.815	60	B	2	50	
697204	697204	697204	46.025	-122.85	108.27	-999	1.8401	60	B	2	50	
697205	697205	697205	46.025	-122.8083	637.25	-999	2.126	60	B	2	50	
697206	697206	697206	46.025	-122.7667	1014.98	-999	2.16	60	C	3	50	
697207	697207	697207	46.025	-122.725	765.09	-999	2.16	60	C	3	50	
697235	697235	697235	46.025	-121.5583	2310.37	-999	0.84	60	A	1	50	
697236	697236	697236	46.025	-121.5167	2194.36	-999	1.1311	60	A	1	50	
697265	697265	697265	46.025	-120.3083	3311.16	-999	1.92	60	B	2	50	
697266	697266	697266	46.025	-120.2667	3077.56	-999	1.92	60	B	2	50	
697267	697267	697267	46.025	-120.225	2877.43	-999	1.8871	60	B	2	50	
697268	697268	697268	46.025	-120.1833	2716.54	-999	1.8042	60	B	2	50	
697269	697269	697269	46.025	-120.1417	2578.74	-999	2.004	60	B	2	50	
697270	697270	697270	46.025	-120.1	2329.79	-999	1.799	60	B	2	50	
697271	697271	697271	46.025	-120.0583	2035.96	-999	1.7902	60	B	2	50	
697272	697272	697272	46.025	-120.0167	1800.39	-999	1.954	60	B	2	50	
697273	697273	697273	46.025	-119.975	1512.2	-999	1.8737	60	B	2	50	
697274	697274	697274	46.025	-119.9333	1303.94	-999	2.0967	60	B	2	50	
697275	697275	697275	46.025	-119.8917	1083.33	-999	2.3879	60	B	2	50	
697276	697276	697276	46.025	-119.85	910.63	-999	2.4	60	B	2	50	
697277	697277	697277	46.025	-119.8083	798.29	-999	2.4	60	B	2	50	
697278	697278	697278	46.025	-119.7667	741.34	-999	2.4	60	B	2	50	
697279	697279	697279	46.025	-119.725	697.11	-999	2.4	60	B	2	50	
697280	697280	697280	46.025	-119.6833	710.11	-999	2.4	60	B	2	50	
697281	697281	697281	46.025	-119.6417	741.47	-999	2.4	60	B	2	50	
697282	697282	697282	46.025	-119.6	804.99	-999	2.2398	60	B	2	50	
697283	697283	697283	46.025	-119.5583	844.36	-999	2.0365	60	A	1	50	
697284	697284	697284	46.025	-119.5167	886.61	-999	1.9393	60	A	1	50	
697285	697285	697285	46.025	-119.475	935.56	-999	2.4	60	B	2	50	
697286	697286	697286	46.025	-119.4333	999.74	-999	2.4	60	B	2	50	
697287	697287	697287	46.025	-119.3917	1050.0	-999	2.4	60	B	2	50	
697288	697288	697288	46.025	-119.35	1063.91	-999	2.3997	60	B	2	50	
697289	697289	697289	46.025	-119.3083	1091.86	-999	2.3754	60	B	2	50	
697290	697290	697290	46.025	-119.2667	1068.37	-999	1.9766	60	A	1	50	
697291	697291	697291	46.025	-119.225	1049.61	-999	2.2133	60	B	2	50	
697292	697292	697292	46.025	-119.1833	1140.94	-999	2.3649	60	B	2	50	
697293	697293	697293	46.025	-119.1417	1356.3	-999	2.3097	60	B	2	50	
697294	697294	697294	46.025	-119.1	1433.07	-999	2.3407	60	B	2	50	
697295	697295	697295	46.025	-119.0583	1269.95	-999	2.3328	60	B	2	50	
697296	697296	697296	46.025	-119.0167	1347.11	-999	2.28	60	B	2	50	
697297	697297	697297	46.025	-118.975	841.47	-999	2.28	60	B	2	50	
697298	697298	697298	46.025	-118.9333	744.49	-999	2.0082	60	B	2	50	
697299	697299	697299	46.025	-118.8917	1360.37	-999	2.3696	60	B	2	50	
697300	697300	697300	46.025	-118.85	1450.13	-999	2.3999	60	B	2	50	
697302	697302	697302	46.025	-118.7667	730.45	-999	2.0783	60	B	2	50	
697303	697303	697303	46.025	-118.725	554.2	-999	2.16	60	B	2	50	
697304	697304	697304	46.025	-118.6833	484.25	-999	2.16	60	B	2	50	
697305	697305	697305	46.025	-118.6417	496.32	-999	2.16	60	B	2	50	
697306	697306	697306	46.025	-118.6	523.62	-999	2.16	60	B	2	50	
697307	697307	697307	46.025	-118.5583	566.27	-999	2.16	60	B	2	50	
697308	697308	697308	46.025	-118.5167	599.74	-999	2.16	60	B	2	50	
697309	697309	697309	46.025	-118.475	646.06	-999	2.1521	60	B	2	50	
697310	697310	697310	46.025	-118.4333	692.91	-999	1.9815	60	B	2	50	
697311	697311	697311	46.025	-118.3917	758.4	-999	1.8303	60	B	2	50	
697312	697312	697312	46.025	-118.35	858.66	-999	1.7958	60	B	2	50	
697313	697313	697313	46.025	-118.3083	986.09	-999	2.0557	60	B	2	50	
697314	697314	697314	46.025	-118.2667	1170.47	-999	2.1153	60	B	2	50	
697315	697315	697315	46.025	-118.225	1408.27	-999	2.0352	60	B	2	50	
697316	697316	697316	46.025	-118.1833	2003.41	-999	2.1875	60	B	2	50	
697317	697317	697317	46.025	-118.1417	2489.9	-999	2.2602	60	B	2	50	
698564	698564	698564	46.0667	-123.9333	13.67	-999	1.68	60	B	2	50	
698565	698565	698565	46.0667	-123.8917	100.72	-999	1.68	60	B	2	50	
698566	698566	698566	46.0667	-123.85	174.32	-999	1.6996	60	B	2	50	
698567	698567	698567	46.0667	-123.8083	347.22	-999	1.7836	60	B	2	50	
698568	698568	698568	46.0667	-123.7667	312.01	-999	1.6928	60	B	2	50	
698569	698569	698569	46.0667	-123.725	311.9	-999	1.6801	60	B	2	50	
698581	698581	698581	46.0667	-123.225	689.3	-999	2.28	60	B	2	50	
698582	698582	698582	46.0667	-123.1833	595.14	-999	2.2781	60	B	2	50	
698583	698583	698583	46.0667	-123.1417	479.66	-999	2.1712	60	B	2	50	
698584	698584	698584	46.0667	-123.1	749.24	-999	1.8	60	B	2	50	
698585	698585	698585	46.0667	-123.0583	758.2	-999	1.9932	60	B	2	50	
698586	698586	698586	46.0667	-123.0167	705.6	-999	1.9093	60	B	2	50	
698587	698587	698587	46.0667	-122.975	682.52	-999	1.8262	60	B	2	50	
698588	698588	698588	46.0667	-122.9333	596.68	-999	1.8	60	B	2	50	
698589	698589	698589	46.0667	-122.8917	207.24	-999	1.8152	60	B	2	50	
698590	698590	698590	46.0667	-122.85	337.05	-999	1.8681	60	B	2	50	
698591	698591	698591	46.0667	-122.8083	789.81	-999	2.16	60	C	3	50	
698592	698592	698592	46.0667	-122.7667	922.02	-999	2.16	60	C	3	50	
698593	698593	698593	46.0667	-122.725	1243.44	-999	2.16	60	C	3	50	
698651	698651	698651	46.0667	-120.3083	2781.76	-999	1.92	60	B	2	50	
698652	698652	698652	46.0667	-120.2667	2844.88	-999	1.92	60	B	2	50	
698653	698653	698653	46.0667	-120.225	2864.96	-999	1.92	60	B	2	50	
698654	698654	698654	46.0667	-120.1833	2734.65	-999	1.9222	60	B	2	50	
698655	698655	698655	46.0667	-120.1417	2648.95	-999	2.0044	60	B	2	50	
698656	698656	698656	46.0667	-120.1	2508.01	-999	1.9302	60	B	2	50	
698657	698657	698657	46.0667	-120.0583	2315.62	-999	1.9209	60	B	2	50	
698658	698658	698658	46.0667	-120.0167	2053.54	-999	1.9276	60	B	2	50	
698659	698659	698659	46.0667	-119.975	1762.34	-999	1.9313	60	B	2	50	
698660	698660	698660	46.0667	-119.9333	1445.93	-999	2.2364	60	B	2	50	
698661	698661	698661	46.0667	-119.8917	1284.78	-999	2.3058	60	B	2	50	
698662	698662	698662	46.0667	-119.85	1125.46	-999	2.3869	60	B	2	50	
698663	698663	698663	46.0667	-119.8083	992.0	-999	2.4	60	B	2	50	
698664	698664	698664	46.0667	-119.7667	886.09	-999	2.4	60	B	2	50	
698665	698665	698665	46.0667	-119.725	819.42	-999	2.4	60	B	2	50	
698666	698666	698666	46.0667	-119.6833	795.54	-999	2.4	60	B	2	50	
698667	698667	698667	46.0667	-119.6417	822.97	-999	2.4	60	B	2	50	
698668	698668	698668	46.0667	-119.6	914.04	-999	2.4	60	B	2	50	
698669	698669	698669	46.0667	-119.5583	1014.04	-999	2.4	60	B	2	50	
698670	698670	698670	46.0667	-119.5167	1092.39	-999	2.392	60	B	2	50	
698671	698671	698671	46.0667	-119.475	1180.45	-999	2.3579	60	B	2	50	
698672	698672	698672	46.0667	-119.4333	1261.15	-999	2.3127	60	B	2	50	
698673	698673	698673	46.0667	-119.3917	1371.52	-999	2.2958	60	B	2	50	
698674	698674	698674	46.0667	-119.35	1474.02	-999	2.2866	60	B	2	50	
698675	698675	698675	46.0667	-119.3083	1541.21	-999	2.28	60	B	2	50	
698676	698676	698676	46.0667	-119.2667	1518.11	-999	2.2801	60	B	2	50	
698677	698677	698677	46.0667	-119.225	1483.86	-999	2.28	60	B	2	50	
698678	698678	698678	46.0667	-119.1833	1542.39	-999	2.28	60	B	2	50	
698679	698679	698679	46.0667	-119.1417	1619.42	-999	2.28	60	B	2	50	
698680	698680	698680	46.0667	-119.1	1676.12	-999	2.2813	60	B	2	50	
698681	698681	698681	46.0667	-119.0583	1489.5	-999	2.2821	60	B	2	50	
698682	698682	698682	46.0667	-119.0167	1256.96	-999	2.28	60	B	2	50	
698683	698683	698683	46.0667	-118.975	900.52	-999	2.28	60	B	2	50	
698685	698685	698685	46.0667	-118.8917	449.61	-999	1.4009	60	A	1	50	
698686	698686	698686	46.0667	-118.85	457.61	-999	1.5575	60	A	1	50	
698687	698687	698687	46.0667	-118.8083	588.19	-999	2.0727	60	B	2	50	
698688	698688	698688	46.0667	-118.7667	585.17	-999	2.0789	60	B	2	50	
698689	698689	698689	46.0667	-118.725	725.98	-999	2.2125	60	B	2	50	
698690	698690	698690	46.0667	-118.6833	579.53	-999	2.1219	60	B	2	50	
698691	698691	698691	46.0667	-118.6417	544.36	-999	2.2806	60	B	2	50	
698692	698692	698692	46.0667	-118.6	546.33	-999	2.2322	60	B	2	50	
698693	698693	698693	46.0667	-118.5583	579.66	-999	2.2471	60	B	2	50	
698694	698694	698694	46.0667	-118.5167	612.21	-999	2.2141	60	B	2	50	
698695	698695	698695	46.0667	-118.475	676.25	-999	2.1397	60	B	2	50	
698696	698696	698696	46.0667	-118.4333	739.37	-999	1.9715	60	B	2	50	
698697	698697	698697	46.0667	-118.3917	807.09	-999	1.9643	60	B	2	50	
698698	698698	698698	46.0667	-118.35	908.92	-999	1.9971	60	B	2	50	
698699	698699	698699	46.0667	-118.3083	1028.35	-999	1.6762	60	B	2	50	
698700	698700	698700	46.0667	-118.2667	1185.3	-999	2.0314	60	B	2	50	
698701	698701	698701	46.0667	-118.225	1472.83	-999	1.9101	60	B	2	50	
698702	698702	698702	46.0667	-118.1833	1688.98	-999	2.0228	60	B	2	50	
698703	698703	698703	46.0667	-118.1417	2001.31	-999	2.2637	60	B	2	50	
698704	698704	698704	46.0667	-118.1	2505.25	-999	2.28	60	B	2	50	
698728	698728	698728	46.0667	-117.1	2608.14	-999	1.3219	60	B	2	50	
698729	698729	698729	46.0667	-117.0583	2890.81	-999	1.5157	60	B	2	50	
699950	699950	699950	46.1083	-123.9333	23.18	-999	1.68	60	B	2	50	
699951	699951	699951	46.1083	-123.8917	127.95	-999	1.7776	60	B	2	50	
699952	699952	699952	46.1083	-123.85	98.21	-999	1.7149	60	B	2	50	
699953	699953	699953	46.1083	-123.8083	98.1	-999	1.7622	60	B	2	50	
699954	699954	699954	46.1083	-123.7667	111.0	-999	1.6927	60	B	2	50	
699955	699955	699955	46.1083	-123.725	284.12	-999	1.68	60	B	2	50	
699963	699963	699963	46.1083	-123.3917	1101.49	-999	2.3444	60	B	2	50	
699964	699964	699964	46.1083	-123.35	612.97	-999	2.64	60	B	2	50	
699965	699965	699965	46.1083	-123.3083	345.91	-999	2.6394	60	B	2	50	
699966	699966	699966	46.1083	-123.2667	356.52	-999	2.6156	60	B	2	50	
699967	699967	699967	46.1083	-123.225	211.72	-999	2.5929	60	B	2	50	
699968	699968	699968	46.1083	-123.1833	174.43	-999	2.2877	60	B	2	50	
699969	699969	699969	46.1083	-123.1417	457.68	-999	1.8256	60	B	2	50	
699970	699970	699970	46.1083	-123.1	654.86	-999	1.8524	60	B	2	50	
699971	699971	699971	46.1083	-123.0583	553.26	-999	1.8253	60	B	2	50	
699972	699972	699972	46.1083	-123.0167	335.52	-999	2.4483	60	B	2	50	
699973	699973	699973	46.1083	-122.975	122.92	-999	2.5009	60	B	2	50	
699974	699974	699974	46.1083	-122.9333	21.54	-999	1.3953	60	B	2	50	
699975	699975	699975	46.1083	-122.8917	68.35	-999	1.4313	60	B	2	50	
699976	699976	699976	46.1083	-122.85	429.24	-999	2.127	60	B	2	50	
699977	699977	699977	46.1083	-122.8083	450.02	-999	2.16	60	C	3	50	
699978	699978	699978	46.1083	-122.7667	765.75	-999	2.16	60	C	3	50	
700041	700041	700041	46.1083	-120.1417	2038.85	-999	1.92	60	B	2	50	
700042	700042	700042	46.1083	-120.1	2118.64	-999	1.92	60	B	2	50	
700043	700043	700043	46.1083	-120.0583	2106.56	-999	1.92	60	B	2	50	
700044	700044	700044	46.1083	-120.0167	2012.47	-999	1.92	60	B	2	50	
700045	700045	700045	46.1083	-119.975	1818.37	-999	2.0003	60	B	2	50	
700046	700046	700046	46.1083	-119.9333	1665.35	-999	2.2796	60	B	2	50	
700047	700047	700047	46.1083	-119.8917	1634.78	-999	2.28	60	B	2	50	
700048	700048	700048	46.1083	-119.85	1467.72	-999	2.2905	60	B	2	50	
700049	700049	700049	46.1083	-119.8083	1290.68	-999	2.3355	60	B	2	50	
700050	700050	700050	46.1083	-119.7667	1142.13	-999	2.3812	60	B	2	50	
700051	700051	700051	46.1083	-119.725	1016.27	-999	2.4	60	B	2	50	
700052	700052	700052	46.1083	-119.6833	958.79	-999	2.4	60	B	2	50	
700053	700053	700053	46.1083	-119.6417	945.28	-999	2.4	60	B	2	50	
700054	700054	700054	46.1083	-119.6	1022.18	-999	2.4	60	B	2	50	
700055	700055	700055	46.1083	-119.5583	1132.68	-999	2.3618	60	B	2	50	
700056	700056	700056	46.1083	-119.5167	1225.59	-999	2.2946	60	B	2	50	
700057	700057	700057	46.1083	-119.475	1326.25	-999	2.28	60	B	2	50	
700058	700058	700058	46.1083	-119.4333	1435.17	-999	2.28	60	B	2	50	
700059	700059	700059	46.1083	-119.3917	1585.7	-999	2.28	60	B	2	50	
700060	700060	700060	46.1083	-119.35	1782.02	-999	2.28	60	B	2	50	
700061	700061	700061	46.1083	-119.3083	1831.1	-999	2.28	60	B	2	50	
700062	700062	700062	46.1083	-119.2667	1645.28	-999	2.28	60	B	2	50	
700063	700063	700063	46.1083	-119.225	1521.92	-999	2.28	60	B	2	50	
700064	700064	700064	46.1083	-119.1833	1527.03	-999	2.28	60	B	2	50	
700065	700065	700065	46.1083	-119.1417	1511.42	-999	2.28	60	B	2	50	
700066	700066	700066	46.1083	-119.1	1472.44	-999	2.28	60	B	2	50	
700067	700067	700067	46.1083	-119.0583	1152.49	-999	2.2344	60	B	2	50	
700068	700068	700068	46.1083	-119.0167	849.87	-999	1.8795	60	B	2	50	
700069	700069	700069	46.1083	-118.975	475.59	-999	1.2895	60	A	1	50	
700070	700070	700070	46.1083	-118.9333	347.38	-999	1.44	60	A	1	50	
700071	700071	700071	46.1083	-118.8917	468.11	-999	1.4388	60	A	1	50	
700072	700072	700072	46.1083	-118.85	587.01	-999	1.44	60	A	1	50	
700073	700073	700073	46.1083	-118.8083	726.64	-999	1.5549	60	A	1	50	
700074	700074	700074	46.1083	-118.7667	832.41	-999	2.0827	60	B	2	50	
700075	700075	700075	46.1083	-118.725	919.82	-999	2.3772	60	B	2	50	
700076	700076	700076	46.1083	-118.6833	853.28	-999	2.3891	60	B	2	50	
700077	700077	700077	46.1083	-118.6417	688.06	-999	2.2686	60	B	2	50	
700078	700078	700078	46.1083	-118.6	820.87	-999	2.3902	60	B	2	50	
700079	700079	700079	46.1083	-118.5583	845.14	-999	2.4	60	B	2	50	
700080	700080	700080	46.1083	-118.5167	866.14	-999	2.3799	60	B	2	50	
700081	700081	700081	46.1083	-118.475	743.96	-999	2.2615	60	B	2	50	
700082	700082	700082	46.1083	-118.4333	778.35	-999	2.2627	60	B	2	50	
700083	700083	700083	46.1083	-118.3917	857.74	-999	2.2785	60	B	2	50	
700084	700084	700084	46.1083	-118.35	974.41	-999	2.28	60	B	2	50	
700085	700085	700085	46.1083	-118.3083	1072.57	-999	2.2591	60	B	2	50	
700086	700086	700086	46.1083	-118.2667	1198.95	-999	2.1923	60	B	2	50	
700087	700087	700087	46.1083	-118.225	1331.36	-999	2.0932	60	B	2	50	
700088	700088	700088	46.1083	-118.1833	1560.63	-999	2.3212	60	B	2	50	
700089	700089	700089	46.1083	-118.1417	1943.57	-999	2.3603	60	B	2	50	
700090	700090	700090	46.1083	-118.1	2316.27	-999	2.3044	60	B	2	50	
700091	700091	700091	46.1083	-118.0583	2811.16	-999	2.145	60	B	2	50	
700112	700112	700112	46.1083	-117.1833	3960.24	-999	1.8	60	B	2	50	
700113	700113	700113	46.1083	-117.1417	3837.66	-999	1.9086	60	B	2	50	
700114	700114	700114	46.1083	-117.1	3674.93	-999	1.7824	60	B	2	50	
700115	700115	700115	46.1083	-117.0583	3510.89	-999	1.764	60	B	2	50	
700116	700116	700116	46.1083	-117.0167	3198.69	-999	1.7582	60	B	2	50	
700117	700117	700117	46.1083	-116.975	2156.3	-999	1.751	60	B	2	50	
701336	701336	701336	46.15	-123.9333	30.29	-999	1.68	60	B	2	50	
701337	701337	701337	46.15	-123.8917	37.51	-999	1.6847	60	B	2	50	
701338	701338	701338	46.15	-123.85	33.14	-999	1.6811	60	B	2	50	
701339	701339	701339	46.15	-123.8083	52.71	-999	1.6894	60	B	2	50	
701340	701340	701340	46.15	-123.7667	132.22	-999	1.818	60	B	2	50	
701341	701341	701341	46.15	-123.725	160.21	-999	1.6939	60	B	2	50	
701342	701342	701342	46.15	-123.6833	208.55	-999	1.68	60	B	2	50	
701343	701343	701343	46.15	-123.6417	236.99	-999	1.6801	60	B	2	50	
701344	701344	701344	46.15	-123.6	347.77	-999	1.7271	60	B	2	50	
701345	701345	701345	46.15	-123.5583	584.54	-999	1.68	60	B	2	50	
701348	701348	701348	46.15	-123.4333	791.45	-999	2.5813	60	B	2	50	
701349	701349	701349	46.15	-123.3917	91.32	-999	1.4725	60	B	2	50	
701350	701350	701350	46.15	-123.35	8.64	-999	1.884	60	B	2	50	
701351	701351	701351	46.15	-123.3083	262.9	-999	2.64	60	B	2	50	
701352	701352	701352	46.15	-123.2667	367.23	-999	2.64	60	B	2	50	
701353	701353	701353	46.15	-123.225	51.62	-999	2.6327	60	B	2	50	
701354	701354	701354	46.15	-123.1833	15.97	-999	2.6358	60	B	2	50	
701355	701355	701355	46.15	-123.1417	214.24	-999	2.5122	60	B	2	50	
701356	701356	701356	46.15	-123.1	380.14	-999	1.9016	60	B	2	50	
701357	701357	701357	46.15	-123.0583	175.09	-999	1.7462	60	B	2	50	
701358	701358	701358	46.15	-123.0167	40.9	-999	1.7714	60	B	2	50	
701359	701359	701359	46.15	-122.975	42.65	-999	1.8122	60	B	2	50	
701360	701360	701360	46.15	-122.9333	109.47	-999	1.7987	60	B	2	50	
701431	701431	701431	46.15	-119.975	1275.98	-999	2.0111	60	B	2	50	
701432	701432	701432	46.15	-119.9333	1458.4	-999	2.2361	60	B	2	50	
701433	701433	701433	46.15	-119.8917	1575.59	-999	2.2771	60	B	2	50	
701434	701434	701434	46.15	-119.85	1695.54	-999	2.2819	60	B	2	50	
701435	701435	701435	46.15	-119.8083	1708.66	-999	2.28	60	B	2	50	
701436	701436	701436	46.15	-119.7667	1480.84	-999	2.28	60	B	2	50	
701437	701437	701437	46.15	-119.725	1288.71	-999	2.3073	60	B	2	50	
701438	701438	701438	46.15	-119.6833	1172.57	-999	2.3855	60	B	2	50	
701439	701439	701439	46.15	-119.6417	1137.4	-999	2.391	60	B	2	50	
701440	701440	701440	46.15	-119.6	1178.74	-999	2.3364	60	B	2	50	
701441	701441	701441	46.15	-119.5583	1244.62	-999	2.2856	60	B	2	50	
701442	701442	701442	46.15	-119.5167	1331.23	-999	2.28	60	B	2	50	
701443	701443	701443	46.15	-119.475	1447.77	-999	2.28	60	B	2	50	
701444	701444	701444	46.15	-119.4333	1550.92	-999	2.28	60	B	2	50	
701445	701445	701445	46.15	-119.3917	1658.79	-999	2.28	60	B	2	50	
701446	701446	701446	46.15	-119.35	1547.24	-999	2.28	60	B	2	50	
701451	701451	701451	46.15	-119.1417	945.67	-999	2.0685	60	B	2	50	
701452	701452	701452	46.15	-119.1	706.82	-999	1.6095	60	A	1	50	
701453	701453	701453	46.15	-119.0583	476.64	-999	1.2473	60	A	1	50	
701454	701454	701454	46.15	-119.0167	370.87	-999	1.08	60	A	1	50	
701455	701455	701455	46.15	-118.975	348.82	-999	1.44	60	A	1	50	
701456	701456	701456	46.15	-118.9333	364.57	-999	1.44	60	A	1	50	
701457	701457	701457	46.15	-118.8917	522.7	-999	1.451	60	A	1	50	
701458	701458	701458	46.15	-118.85	634.51	-999	1.5881	60	A	1	50	
701459	701459	701459	46.15	-118.8083	749.48	-999	1.6687	60	A	1	50	
701460	701460	701460	46.15	-118.7667	912.86	-999	1.7357	60	A	1	50	
701461	701461	701461	46.15	-118.725	990.95	-999	2.3263	60	B	2	50	
701462	701462	701462	46.15	-118.6833	929.92	-999	2.3979	60	B	2	50	
701463	701463	701463	46.15	-118.6417	764.96	-999	2.2057	60	B	2	50	
701464	701464	701464	46.15	-118.6	936.88	-999	2.4	60	B	2	50	
701465	701465	701465	46.15	-118.5583	1000.39	-999	2.4	60	B	2	50	
701466	701466	701466	46.15	-118.5167	1007.87	-999	2.4	60	B	2	50	
701467	701467	701467	46.15	-118.475	973.62	-999	2.4	60	B	2	50	
701468	701468	701468	46.15	-118.4333	971.26	-999	2.375	60	B	2	50	
701469	701469	701469	46.15	-118.3917	919.82	-999	2.2133	60	B	2	50	
701470	701470	701470	46.15	-118.35	931.23	-999	2.2284	60	B	2	50	
701471	701471	701471	46.15	-118.3083	1026.64	-999	2.2365	60	B	2	50	
701472	701472	701472	46.15	-118.2667	1154.72	-999	2.2425	60	B	2	50	
701473	701473	701473	46.15	-118.225	1442.13	-999	2.3354	60	B	2	50	
701474	701474	701474	46.15	-118.1833	1654.86	-999	2.3351	60	B	2	50	
701475	701475	701475	46.15	-118.1417	1853.54	-999	2.3633	60	B	2	50	
701476	701476	701476	46.15	-118.1	2234.78	-999	2.3444	60	B	2	50	
701477	701477	701477	46.15	-118.0583	2586.88	-999	2.2596	60	B	2	50	
701478	701478	701478	46.15	-118.0167	3141.99	-999	2.2807	60	B	2	50	
701495	701495	701495	46.15	-117.3083	4342.39	-999	2.0124	60	B	2	50	
701497	701497	701497	46.15	-117.225	3667.06	-999	1.7517	60	B	2	50	
701498	701498	701498	46.15	-117.1833	3525.59	-999	1.7996	60	B	2	50	
701499	701499	701499	46.15	-117.1417	3543.96	-999	1.7889	60	B	2	50	
701500	701500	701500	46.15	-117.1	3406.82	-999	1.8	60	B	2	50	
701501	701501	701501	46.15	-117.0583	3120.6	-999	1.7606	60	B	2	50	
701502	701502	701502	46.15	-117.0167	2853.81	-999	1.6621	60	B	2	50	
701503	701503	701503	46.15	-116.975	2859.32	-999	1.7463	60	B	2	50	
701504	701504	701504	46.15	-116.9333	1721.13	-999	1.44	60	B	2	50	
702722	702722	702722	46.1917	-123.9333	11.48	-999	1.68	60	B	2	50	
702724	702724	702724	46.1917	-123.85	31.5	-999	2.4	60	B	2	50	
702725	702725	702725	46.1917	-123.8083	124.23	-999	2.2573	60	B	2	50	
702726	702726	702726	46.1917	-123.7667	108.7	-999	2.0525	60	B	2	50	
702727	702727	702727	46.1917	-123.725	8.31	-999	1.68	60	B	2	50	
702728	702728	702728	46.1917	-123.6833	1.2	-999	1.68	60	B	2	50	
702729	702729	702729	46.1917	-123.6417	10.28	-999	1.7216	60	B	2	50	
702730	702730	702730	46.1917	-123.6	32.48	-999	1.6865	60	B	2	50	
702731	702731	702731	46.1917	-123.5583	92.63	-999	1.6849	60	B	2	50	
702732	702732	702732	46.1917	-123.5167	126.64	-999	1.7559	60	B	2	50	
702734	702734	702734	46.1917	-123.4333	168.31	-999	1.08	60	A	1	50	
702735	702735	702735	46.1917	-123.3917	28.0	-999	1.1617	60	A	1	50	
702736	702736	702736	46.1917	-123.35	391.3	-999	1.4479	60	B	2	50	
702738	702738	702738	46.1917	-123.2667	1057.09	-999	2.04	60	B	2	50	
702739	702739	702739	46.1917	-123.225	678.26	-999	2.04	60	B	2	50	
702740	702740	702740	46.1917	-123.1833	237.53	-999	2.3593	60	B	2	50	
702741	702741	702741	46.1917	-123.1417	148.84	-999	1.139	60	B	2	50	
702742	702742	702742	46.1917	-123.1	276.25	-999	1.7574	60	B	2	50	
702743	702743	702743	46.1917	-123.0583	381.56	-999	1.9134	60	B	2	50	
702744	702744	702744	46.1917	-123.0167	340.99	-999	1.9304	60	B	2	50	
702745	702745	702745	46.1917	-122.975	493.77	-999	1.9801	60	B	2	50	
702746	702746	702746	46.1917	-122.9333	457.68	-999	1.8351	60	B	2	50	
702822	702822	702822	46.1917	-119.7667	1044.23	-999	2.3023	60	B	2	50	
702823	702823	702823	46.1917	-119.725	1300.52	-999	2.2825	60	B	2	50	
702824	702824	702824	46.1917	-119.6833	1380.58	-999	2.3022	60	B	2	50	
702825	702825	702825	46.1917	-119.6417	1351.31	-999	2.2906	60	B	2	50	
702826	702826	702826	46.1917	-119.6	1364.83	-999	2.28	60	B	2	50	
702827	702827	702827	46.1917	-119.5583	1379.53	-999	2.28	60	B	2	50	
702828	702828	702828	46.1917	-119.5167	1441.6	-999	2.28	60	B	2	50	
702829	702829	702829	46.1917	-119.475	1490.29	-999	2.28	60	B	2	50	
702837	702837	702837	46.1917	-119.1417	522.31	-999	1.68	60	B	2	50	
702838	702838	702838	46.1917	-119.1	399.48	-999	1.2035	60	A	1	50	
702839	702839	702839	46.1917	-119.0583	361.42	-999	1.08	60	A	1	50	
702840	702840	702840	46.1917	-119.0167	358.79	-999	1.3594	60	A	1	50	
702841	702841	702841	46.1917	-118.975	390.16	-999	1.4364	60	A	1	50	
702842	702842	702842	46.1917	-118.9333	434.25	-999	1.4399	60	A	1	50	
702843	702843	702843	46.1917	-118.8917	584.38	-999	1.5054	60	A	1	50	
702844	702844	702844	46.1917	-118.85	753.41	-999	1.8	60	A	1	50	
702845	702845	702845	46.1917	-118.8083	852.36	-999	1.8	60	A	1	50	
702846	702846	702846	46.1917	-118.7667	898.69	-999	1.8864	60	A	1	50	
702847	702847	702847	46.1917	-118.725	928.48	-999	2.1043	60	B	2	50	
702848	702848	702848	46.1917	-118.6833	950.92	-999	2.1082	60	B	2	50	
702849	702849	702849	46.1917	-118.6417	857.74	-999	2.21	60	B	2	50	
702850	702850	702850	46.1917	-118.6	954.99	-999	2.3213	60	B	2	50	
702851	702851	702851	46.1917	-118.5583	1109.32	-999	2.4	60	B	2	50	
702852	702852	702852	46.1917	-118.5167	1091.73	-999	2.4	60	B	2	50	
702853	702853	702853	46.1917	-118.475	1115.09	-999	2.4	60	B	2	50	
702854	702854	702854	46.1917	-118.4333	1132.02	-999	2.4	60	B	2	50	
702855	702855	702855	46.1917	-118.3917	1070.21	-999	2.3429	60	B	2	50	
702856	702856	702856	46.1917	-118.35	1061.29	-999	2.3471	60	B	2	50	
702857	702857	702857	46.1917	-118.3083	1141.08	-999	2.3014	60	B	2	50	
702858	702858	702858	46.1917	-118.2667	1178.35	-999	2.28	60	B	2	50	
702859	702859	702859	46.1917	-118.225	1319.55	-999	2.2901	60	B	2	50	
702860	702860	702860	46.1917	-118.1833	1551.31	-999	2.3379	60	B	2	50	
702861	702861	702861	46.1917	-118.1417	1792.65	-999	2.3889	60	B	2	50	
702862	702862	702862	46.1917	-118.1	1953.02	-999	2.2511	60	B	2	50	
702863	702863	702863	46.1917	-118.0583	2304.59	-999	2.2873	60	B	2	50	
702864	702864	702864	46.1917	-118.0167	2713.12	-999	2.3122	60	B	2	50	
702865	702865	702865	46.1917	-117.975	3135.7	-999	2.3974	60	B	2	50	
702866	702866	702866	46.1917	-117.9333	3093.96	-999	2.4	60	B	2	50	
702881	702881	702881	46.1917	-117.3083	3600.13	-999	1.6015	60	B	2	50	
702882	702882	702882	46.1917	-117.2667	3520.21	-999	1.7755	60	B	2	50	
702883	702883	702883	46.1917	-117.225	3412.47	-999	1.6296	60	B	2	50	
702884	702884	702884	46.1917	-117.1833	3043.04	-999	1.6704	60	B	2	50	
702885	702885	702885	46.1917	-117.1417	3143.31	-999	1.7528	60	B	2	50	
702886	702886	702886	46.1917	-117.1	3120.6	-999	1.8	60	B	2	50	
702887	702887	702887	46.1917	-117.0583	3002.89	-999	1.7954	60	B	2	50	
702888	702888	702888	46.1917	-117.0167	2631.23	-999	1.7398	60	B	2	50	
702889	702889	702889	46.1917	-116.975	2078.74	-999	1.6586	60	B	2	50	
704117	704117	704117	46.2333	-123.5583	4.27	-999	1.68	60	B	2	50	
704118	704118	704118	46.2333	-123.5167	31.28	-999	1.7025	60	B	2	50	
704120	704120	704120	46.2333	-123.4333	4.81	-999	1.68	60	C	3	50	
704121	704121	704121	46.2333	-123.3917	53.59	-999	2.0118	60	B	2	50	
704122	704122	704122	46.2333	-123.35	247.59	-999	2.2955	60	B	2	50	
704123	704123	704123	46.2333	-123.3083	431.21	-999	2.3231	60	B	2	50	
704126	704126	704126	46.2333	-123.1833	657.48	-999	2.04	60	B	2	50	
704127	704127	704127	46.2333	-123.1417	480.54	-999	2.04	60	B	2	50	
704129	704129	704129	46.2333	-123.0583	816.82	-999	2.04	60	B	2	50	
704130	704130	704130	46.2333	-123.0167	518.59	-999	2.04	60	B	2	50	
704131	704131	704131	46.2333	-122.975	447.94	-999	2.04	60	B	2	50	
704210	704210	704210	46.2333	-119.6833	761.42	-999	2.2857	60	B	2	50	
704211	704211	704211	46.2333	-119.6417	1005.91	-999	2.2832	60	B	2	50	
704212	704212	704212	46.2333	-119.6	1390.42	-999	2.2802	60	B	2	50	
704213	704213	704213	46.2333	-119.5583	1569.03	-999	2.28	60	B	2	50	
704214	704214	704214	46.2333	-119.5167	1480.45	-999	2.283	60	B	2	50	
704215	704215	704215	46.2333	-119.475	1115.09	-999	2.2965	60	B	2	50	
704227	704227	704227	46.2333	-118.975	427.03	-999	1.44	60	A	1	50	
704228	704228	704228	46.2333	-118.9333	460.89	-999	1.44	60	A	1	50	
704229	704229	704229	46.2333	-118.8917	484.78	-999	1.44	60	A	1	50	
704231	704231	704231	46.2333	-118.8083	783.33	-999	1.8	60	A	1	50	
704232	704232	704232	46.2333	-118.7667	940.16	-999	1.9509	60	A	1	50	
704233	704233	704233	46.2333	-118.725	982.94	-999	2.3579	60	B	2	50	
704234	704234	704234	46.2333	-118.6833	1000.0	-999	2.0903	60	B	2	50	
704235	704235	704235	46.2333	-118.6417	1002.1	-999	1.9994	60	B	2	50	
704236	704236	704236	46.2333	-118.6	939.11	-999	2.1115	60	B	2	50	
704237	704237	704237	46.2333	-118.5583	959.45	-999	2.331	60	B	2	50	
704238	704238	704238	46.2333	-118.5167	1155.91	-999	2.4	60	B	2	50	
704239	704239	704239	46.2333	-118.475	1216.01	-999	2.4	60	B	2	50	
704240	704240	704240	46.2333	-118.4333	1282.28	-999	2.4	60	B	2	50	
704241	704241	704241	46.2333	-118.3917	1222.83	-999	2.4	60	B	2	50	
704242	704242	704242	46.2333	-118.35	1197.24	-999	2.3336	60	B	2	50	
704243	704243	704243	46.2333	-118.3083	1280.05	-999	2.2822	60	B	2	50	
704244	704244	704244	46.2333	-118.2667	1375.98	-999	2.3261	60	B	2	50	
704245	704245	704245	46.2333	-118.225	1512.99	-999	2.3257	60	B	2	50	
704246	704246	704246	46.2333	-118.1833	1611.81	-999	2.3769	60	B	2	50	
704247	704247	704247	46.2333	-118.1417	1626.25	-999	2.2665	60	B	2	50	
704248	704248	704248	46.2333	-118.1	1749.34	-999	2.3919	60	B	2	50	
704249	704249	704249	46.2333	-118.0583	1890.29	-999	2.3901	60	B	2	50	
704250	704250	704250	46.2333	-118.0167	2128.74	-999	2.3937	60	B	2	50	
704251	704251	704251	46.2333	-117.975	2562.47	-999	2.4	60	B	2	50	
704252	704252	704252	46.2333	-117.9333	2681.1	-999	2.4	60	B	2	50	
704253	704253	704253	46.2333	-117.8917	2757.22	-999	2.3693	60	B	2	50	
704254	704254	704254	46.2333	-117.85	2789.11	-999	2.1601	60	B	2	50	
704255	704255	704255	46.2333	-117.8083	3583.6	-999	2.3209	60	B	2	50	
704265	704265	704265	46.2333	-117.3917	3676.38	-999	1.32	60	B	2	50	
704266	704266	704266	46.2333	-117.35	3346.33	-999	1.422	60	B	2	50	
704267	704267	704267	46.2333	-117.3083	3186.61	-999	1.3138	60	B	2	50	
704268	704268	704268	46.2333	-117.2667	2994.75	-999	1.792	60	B	2	50	
704269	704269	704269	46.2333	-117.225	3017.72	-999	1.7589	60	B	2	50	
704270	704270	704270	46.2333	-117.1833	2658.53	-999	1.7121	60	B	2	50	
704271	704271	704271	46.2333	-117.1417	2687.93	-999	1.7227	60	B	2	50	
704272	704272	704272	46.2333	-117.1	2702.1	-999	1.6969	60	B	2	50	
704273	704273	704273	46.2333	-117.0583	2704.86	-999	1.7781	60	B	2	50	
704274	704274	704274	46.2333	-117.0167	2365.09	-999	1.7252	60	B	2	50	
704275	704275	704275	46.2333	-116.975	2111.29	-999	1.6609	60	B	2	50	
705493	705493	705493	46.275	-123.975	0.66	-999	1.68	60	C	3	50	
705494	705494	705494	46.275	-123.9333	111.99	-999	1.68	60	C	3	50	
705505	705505	705505	46.275	-123.475	154.09	-999	1.6984	60	C	3	50	
705506	705506	705506	46.275	-123.4333	155.62	-999	1.895	60	B	2	50	
705507	705507	705507	46.275	-123.3917	341.75	-999	1.8144	60	B	2	50	
705509	705509	705509	46.275	-123.3083	722.55	-999	2.2915	60	B	2	50	
705513	705513	705513	46.275	-123.1417	1003.61	-999	2.04	60	B	2	50	
705620	705620	705620	46.275	-118.6833	997.38	-999	2.4	60	B	2	50	
705621	705621	705621	46.275	-118.6417	1045.8	-999	2.2972	60	B	2	50	
705622	705622	705622	46.275	-118.6	1033.73	-999	2.1745	60	B	2	50	
705623	705623	705623	46.275	-118.5583	977.43	-999	2.276	60	B	2	50	
705624	705624	705624	46.275	-118.5167	1063.65	-999	2.2414	60	B	2	50	
705625	705625	705625	46.275	-118.475	1069.82	-999	2.267	60	B	2	50	
705626	705626	705626	46.275	-118.4333	1177.69	-999	2.3583	60	B	2	50	
705627	705627	705627	46.275	-118.3917	1188.58	-999	2.3435	60	B	2	50	
705628	705628	705628	46.275	-118.35	1236.09	-999	2.2951	60	B	2	50	
705629	705629	705629	46.275	-118.3083	1232.68	-999	2.2682	60	B	2	50	
705630	705630	705630	46.275	-118.2667	1308.27	-999	2.2471	60	B	2	50	
705631	705631	705631	46.275	-118.225	1315.49	-999	2.2353	60	B	2	50	
705632	705632	705632	46.275	-118.1833	1356.17	-999	2.2353	60	B	2	50	
705633	705633	705633	46.275	-118.1417	1441.73	-999	2.2653	60	B	2	50	
705634	705634	705634	46.275	-118.1	1542.52	-999	2.3229	60	B	2	50	
705635	705635	705635	46.275	-118.0583	1621.13	-999	2.3482	60	B	2	50	
705636	705636	705636	46.275	-118.0167	1796.72	-999	2.3871	60	B	2	50	
705637	705637	705637	46.275	-117.975	2091.47	-999	2.3827	60	B	2	50	
705638	705638	705638	46.275	-117.9333	2154.33	-999	2.3211	60	B	2	50	
705639	705639	705639	46.275	-117.8917	2408.01	-999	2.3276	60	B	2	50	
705640	705640	705640	46.275	-117.85	2910.24	-999	2.3823	60	B	2	50	
705641	705641	705641	46.275	-117.8083	3525.59	-999	2.4	60	B	2	50	
705642	705642	705642	46.275	-117.7667	3865.75	-999	2.4	60	B	2	50	
705643	705643	705643	46.275	-117.725	4196.72	-999	2.4	60	B	2	50	
705649	705649	705649	46.275	-117.475	4311.94	-999	2.04	60	B	2	50	
705653	705653	705653	46.275	-117.3083	2624.41	-999	1.44	60	B	2	50	
705654	705654	705654	46.275	-117.2667	2483.6	-999	1.7743	60	B	2	50	
705655	705655	705655	46.275	-117.225	2612.2	-999	1.7758	60	B	2	50	
705656	705656	705656	46.275	-117.1833	2307.09	-999	1.7329	60	B	2	50	
705657	705657	705657	46.275	-117.1417	2116.67	-999	1.7439	60	B	2	50	
705658	705658	705658	46.275	-117.1	2087.93	-999	1.7488	60	B	2	50	
705659	705659	705659	46.275	-117.0583	2318.9	-999	1.7972	60	B	2	50	
705660	705660	705660	46.275	-117.0167	1902.49	-999	1.5233	60	B	2	50	
706878	706878	706878	46.3167	-124.0167	26.9	-999	1.7994	60	C	3	50	
706879	706879	706879	46.3167	-123.975	34.56	-999	1.68	60	C	3	50	
706886	706886	706886	46.3167	-123.6833	55.12	-999	2.002	60	B	2	50	
706887	706887	706887	46.3167	-123.6417	133.97	-999	1.7562	60	B	2	50	
706891	706891	706891	46.3167	-123.475	252.51	-999	2.0802	60	B	2	50	
706892	706892	706892	46.3167	-123.4333	248.47	-999	2.4219	60	B	2	50	
706893	706893	706893	46.3167	-123.3917	456.58	-999	2.3245	60	B	2	50	
706894	706894	706894	46.3167	-123.35	910.21	-999	2.64	60	C	3	50	
707007	707007	707007	46.3167	-118.6417	1040.03	-999	2.4	60	B	2	50	
707008	707008	707008	46.3167	-118.6	1070.08	-999	2.4	60	B	2	50	
707009	707009	707009	46.3167	-118.5583	1054.59	-999	2.3169	60	B	2	50	
707010	707010	707010	46.3167	-118.5167	1115.35	-999	2.2449	60	B	2	50	
707011	707011	707011	46.3167	-118.475	1168.5	-999	2.2852	60	B	2	50	
707012	707012	707012	46.3167	-118.4333	1165.75	-999	2.3236	60	B	2	50	
707013	707013	707013	46.3167	-118.3917	1211.29	-999	2.2822	60	B	2	50	
707014	707014	707014	46.3167	-118.35	1240.29	-999	2.226	60	B	2	50	
707015	707015	707015	46.3167	-118.3083	1287.4	-999	2.2164	60	B	2	50	
707016	707016	707016	46.3167	-118.2667	1279.0	-999	2.2251	60	B	2	50	
707017	707017	707017	46.3167	-118.225	1500.52	-999	2.28	60	B	2	50	
707018	707018	707018	46.3167	-118.1833	1491.6	-999	2.28	60	B	2	50	
707019	707019	707019	46.3167	-118.1417	1525.2	-999	2.28	60	B	2	50	
707020	707020	707020	46.3167	-118.1	1801.57	-999	2.315	60	B	2	50	
707021	707021	707021	46.3167	-118.0583	1975.72	-999	2.3874	60	B	2	50	
707022	707022	707022	46.3167	-118.0167	1967.06	-999	2.3346	60	B	2	50	
707023	707023	707023	46.3167	-117.975	1821.13	-999	2.3202	60	B	2	50	
707024	707024	707024	46.3167	-117.9333	2050.52	-999	2.3655	60	B	2	50	
707025	707025	707025	46.3167	-117.8917	2449.08	-999	2.4	60	B	2	50	
707026	707026	707026	46.3167	-117.85	2696.98	-999	2.4	60	B	2	50	
707027	707027	707027	46.3167	-117.8083	2947.11	-999	2.4	60	B	2	50	
707028	707028	707028	46.3167	-117.7667	3188.06	-999	2.4	60	B	2	50	
707029	707029	707029	46.3167	-117.725	3378.48	-999	2.4	60	B	2	50	
707036	707036	707036	46.3167	-117.4333	3778.61	-999	1.8535	60	B	2	50	
707037	707037	707037	46.3167	-117.3917	3461.55	-999	1.6714	60	B	2	50	
707038	707038	707038	46.3167	-117.35	3091.73	-999	1.661	60	B	2	50	
707039	707039	707039	46.3167	-117.3083	2828.61	-999	1.44	60	B	2	50	
707040	707040	707040	46.3167	-117.2667	2376.38	-999	1.7089	60	B	2	50	
707041	707041	707041	46.3167	-117.225	2077.82	-999	1.7593	60	B	2	50	
707042	707042	707042	46.3167	-117.1833	1915.09	-999	1.7634	60	B	2	50	
707043	707043	707043	46.3167	-117.1417	1808.53	-999	1.7835	60	B	2	50	
707044	707044	707044	46.3167	-117.1	1491.47	-999	1.7185	60	B	2	50	
707045	707045	707045	46.3167	-117.0583	1582.02	-999	1.7737	60	B	2	50	
707046	707046	707046	46.3167	-117.0167	1361.94	-999	1.7726	60	B	2	50	
707047	707047	707047	46.3167	-116.975	1680.84	-999	1.44	60	B	2	50	
708271	708271	708271	46.3583	-123.725	256.01	-999	2.43	60	B	2	50	
708272	708272	708272	46.3583	-123.6833	195.21	-999	2.1822	60	B	2	50	
708273	708273	708273	46.3583	-123.6417	371.5	-999	2.2882	60	B	2	50	
708274	708274	708274	46.3583	-123.6	257.55	-999	2.3223	60	B	2	50	
708275	708275	708275	46.3583	-123.5583	270.01	-999	2.2869	60	B	2	50	
708395	708395	708395	46.3583	-118.5583	1145.14	-999	2.4	60	B	2	50	
708396	708396	708396	46.3583	-118.5167	1115.22	-999	2.4	60	B	2	50	
708397	708397	708397	46.3583	-118.475	1169.69	-999	2.2508	60	B	2	50	
708398	708398	708398	46.3583	-118.4333	1233.2	-999	2.3369	60	B	2	50	
708399	708399	708399	46.3583	-118.3917	1460.76	-999	2.2803	60	B	2	50	
708400	708400	708400	46.3583	-118.35	1600.26	-999	2.28	60	B	2	50	
708401	708401	708401	46.3583	-118.3083	1776.51	-999	2.28	60	B	2	50	
708402	708402	708402	46.3583	-118.2667	1742.78	-999	2.2633	60	B	2	50	
708403	708403	708403	46.3583	-118.225	1744.49	-999	2.28	60	B	2	50	
708404	708404	708404	46.3583	-118.1833	1953.28	-999	2.2823	60	B	2	50	
708405	708405	708405	46.3583	-118.1417	1810.1	-999	2.3209	60	B	2	50	
708406	708406	708406	46.3583	-118.1	1835.43	-999	2.3509	60	B	2	50	
708407	708407	708407	46.3583	-118.0583	1873.1	-999	2.4	60	B	2	50	
708408	708408	708408	46.3583	-118.0167	2015.09	-999	2.4	60	B	2	50	
708409	708409	708409	46.3583	-117.975	1988.98	-999	2.3409	60	B	2	50	
708410	708410	708410	46.3583	-117.9333	2033.99	-999	2.3112	60	B	2	50	
708411	708411	708411	46.3583	-117.8917	2267.06	-999	2.4	60	B	2	50	
708412	708412	708412	46.3583	-117.85	2556.56	-999	2.4	60	B	2	50	
708413	708413	708413	46.3583	-117.8083	2680.97	-999	2.4	60	B	2	50	
708414	708414	708414	46.3583	-117.7667	2790.68	-999	2.4	60	B	2	50	
708415	708415	708415	46.3583	-117.725	2959.71	-999	2.4	60	B	2	50	
708427	708427	708427	46.3583	-117.225	1989.5	-999	1.7946	60	B	2	50	
708428	708428	708428	46.3583	-117.1833	1912.86	-999	1.791	60	B	2	50	
708429	708429	708429	46.3583	-117.1417	1727.56	-999	1.7009	60	B	2	50	
708430	708430	708430	46.3583	-117.1	1613.78	-999	1.7655	60	B	2	50	
708431	708431	708431	46.3583	-117.0583	1071.0	-999	1.3841	60	A	1	50	
709781	709781	709781	46.4	-118.5583	1227.03	-999	2.4	60	B	2	50	
709782	709782	709782	46.4	-118.5167	1269.29	-999	2.4	60	B	2	50	
709783	709783	709783	46.4	-118.475	1237.53	-999	2.3964	60	B	2	50	
709784	709784	709784	46.4	-118.4333	1240.29	-999	2.3875	60	B	2	50	
709785	709785	709785	46.4	-118.3917	1386.75	-999	2.3487	60	B	2	50	
709786	709786	709786	46.4	-118.35	1587.4	-999	2.2802	60	B	2	50	
709787	709787	709787	46.4	-118.3083	1641.34	-999	2.28	60	B	2	50	
709788	709788	709788	46.4	-118.2667	1766.27	-999	2.28	60	B	2	50	
709789	709789	709789	46.4	-118.225	1844.23	-999	2.28	60	B	2	50	
709790	709790	709790	46.4	-118.1833	2026.25	-999	2.2894	60	B	2	50	
709791	709791	709791	46.4	-118.1417	2014.17	-999	2.4	60	B	2	50	
709792	709792	709792	46.4	-118.1	1926.25	-999	2.3978	60	B	2	50	
709793	709793	709793	46.4	-118.0583	1882.94	-999	2.4	60	B	2	50	
709794	709794	709794	46.4	-118.0167	1953.15	-999	2.4	60	B	2	50	
709795	709795	709795	46.4	-117.975	1930.71	-999	2.4	60	B	2	50	
709796	709796	709796	46.4	-117.9333	1908.79	-999	2.4	60	B	2	50	
709797	709797	709797	46.4	-117.8917	2107.22	-999	2.4	60	B	2	50	
709798	709798	709798	46.4	-117.85	2263.65	-999	2.4	60	B	2	50	
709799	709799	709799	46.4	-117.8083	2463.25	-999	2.4	60	B	2	50	
709814	709814	709814	46.4	-117.1833	1313.78	-999	1.8	60	B	2	50	
709815	709815	709815	46.4	-117.1417	1515.49	-999	1.8	60	B	2	50	
709816	709816	709816	46.4	-117.1	1090.81	-999	1.32	60	A	1	50	
709817	709817	709817	46.4	-117.0583	951.05	-999	1.32	60	A	1	50	
711168	711168	711168	46.4417	-118.5167	1240.16	-999	2.4	60	B	2	50	
711169	711169	711169	46.4417	-118.475	1290.16	-999	2.4	60	B	2	50	
711170	711170	711170	46.4417	-118.4333	1329.92	-999	2.4	60	B	2	50	
711171	711171	711171	46.4417	-118.3917	1363.25	-999	2.3831	60	B	2	50	
711172	711172	711172	46.4417	-118.35	1570.87	-999	2.3188	60	B	2	50	
711173	711173	711173	46.4417	-118.3083	1775.33	-999	2.28	60	B	2	50	
711174	711174	711174	46.4417	-118.2667	1651.44	-999	2.28	60	B	2	50	
711175	711175	711175	46.4417	-118.225	1614.83	-999	2.28	60	B	2	50	
712556	712556	712556	46.4833	-118.4333	1432.68	-999	2.4	60	B	2	50	
712557	712557	712557	46.4833	-118.3917	1476.9	-999	2.4	60	B	2	50	
712558	712558	712558	46.4833	-118.35	1482.28	-999	2.4	60	B	2	50	
712559	712559	712559	46.4833	-118.3083	1536.61	-999	2.3921	60	B	2	50	
713944	713944	713944	46.525	-118.35	1515.75	-999	2.4	60	B	2	50	
