This file contains first (temporary) numbers of cutting cycles for dairy and beef hay, based on latitude. R.Allen 4/1/08
ET Cell ID	ET Cell Name	Lat	Number Dairy	Number Beef	null	null.1
525446	525446	40.8583	5	3		
526832	526832	40.9	5	4		
528223	528223	40.9417	5	2		
528224	528224	40.9417	5	2		
528225	528225	40.9417	5	2		
529609	529609	40.9833	5	2		
529610	529610	40.9833	5	2		
529611	529611	40.9833	5	4		
533641	533641	41.1083	5	4		
533762	533762	41.1083	5	2		
535148	535148	41.15	5	2		
535149	535149	41.15	5	2		
535160	535160	41.15	5	4		
535161	535161	41.15	5	2		
535162	535162	41.15	5	2		
536408	536408	41.1917	5	4		
536536	536536	41.1917	5	2		
536546	536546	41.1917	5	2		
536547	536547	41.1917	5	2		
536548	536548	41.1917	5	2		
537923	537923	41.2333	5	2		
537933	537933	41.2333	5	2		
537934	537934	41.2333	5	2		
537972	537972	41.2333	5	4		
537973	537973	41.2333	5	4		
537974	537974	41.2333	5	4		
537977	537977	41.2333	5	4		
537978	537978	41.2333	5	4		
539182	539182	41.275	5	4		
539183	539183	41.275	5	4		
539184	539184	41.275	5	4		
539358	539358	41.275	5	4		
539359	539359	41.275	5	4		
539360	539360	41.275	5	4		
539361	539361	41.275	5	4		
539362	539362	41.275	5	4		
540569	540569	41.3167	5	4		
540570	540570	41.3167	5	4		
540696	540696	41.3167	5	2		
540697	540697	41.3167	5	2		
540746	540746	41.3167	5	4		
540747	540747	41.3167	5	1		
540748	540748	41.3167	5	1		
540749	540749	41.3167	5	1		
541956	541956	41.3583	5	4		
541957	541957	41.3583	5	4		
542082	542082	41.3583	5	2		
542083	542083	41.3583	5	2		
542132	542132	41.3583	5	4		
542133	542133	41.3583	5	1		
542134	542134	41.3583	5	4		
542135	542135	41.3583	5	1		
543342	543342	41.4	5	4		
543473	543473	41.4	5	4		
543478	543478	41.4	5	2		
543479	543479	41.4	5	2		
543481	543481	41.4	5	1		
543518	543518	41.4	5	4		
543519	543519	41.4	5	4		
543520	543520	41.4	5	4		
543521	543521	41.4	5	4		
544859	544859	41.4417	5	2		
544864	544864	41.4417	5	2		
544865	544865	41.4417	5	2		
544904	544904	41.4417	5	4		
544905	544905	41.4417	5	4		
544906	544906	41.4417	5	4		
546250	546250	41.4833	5	2		
546251	546251	41.4833	5	2		
546281	546281	41.4833	5	4		
546288	546288	41.4833	5	4		
546292	546292	41.4833	5	1		
547487	547487	41.525	5	4		
547488	547488	41.525	5	4		
547489	547489	41.525	5	4		
547535	547535	41.525	5	4		
547634	547634	41.525	5	4		
547636	547636	41.525	5	2		
547637	547637	41.525	5	2		
547671	547671	41.525	5	4		
547678	547678	41.525	5	4		
547679	547679	41.525	5	4		
548873	548873	41.5667	5	4		
548890	548890	41.5667	5	4		
548921	548921	41.5667	5	4		
548923	548923	41.5667	5	4		
548998	548998	41.5667	5	2		
548999	548999	41.5667	5	4		
549020	549020	41.5667	5	4		
549022	549022	41.5667	5	2		
549023	549023	41.5667	5	2		
549024	549024	41.5667	5	2		
549057	549057	41.5667	5	4		
549064	549064	41.5667	5	4		
550273	550273	41.6083	5	4		
550307	550307	41.6083	5	4		
550309	550309	41.6083	5	4		
550377	550377	41.6083	5	4		
550384	550384	41.6083	5	2		
550385	550385	41.6083	5	2		
550407	550407	41.6083	5	2		
550408	550408	41.6083	5	2		
550409	550409	41.6083	5	2		
550410	550410	41.6083	5	2		
550443	550443	41.6083	5	4		
550444	550444	41.6083	5	4		
550445	550445	41.6083	5	4		
550449	550449	41.6083	5	4		
550450	550450	41.6083	5	4		
551693	551693	41.65	5	4		
551694	551694	41.65	5	4		
551695	551695	41.65	5	4		
551698	551698	41.65	5	4		
551699	551699	41.65	5	2		
551712	551712	41.65	5	4		
551763	551763	41.65	5	4		
551764	551764	41.65	5	4		
551769	551769	41.65	5	4		
551787	551787	41.65	5	2		
551793	551793	41.65	5	4		
551794	551794	41.65	5	2		
551795	551795	41.65	5	2		
551796	551796	41.65	5	4		
551797	551797	41.65	5	4		
551829	551829	41.65	5	4		
551830	551830	41.65	5	4		
551831	551831	41.65	5	4		
551833	551833	41.65	5	2		
551834	551834	41.65	5	1		
551835	551835	41.65	5	4		
551836	551836	41.65	5	4		
553035	553035	41.6917	5	4		
553046	553046	41.6917	5	4		
553048	553048	41.6917	5	4		
553081	553081	41.6917	5	4		
553082	553082	41.6917	5	2		
553084	553084	41.6917	5	4		
553085	553085	41.6917	5	2		
553097	553097	41.6917	5	4		
553098	553098	41.6917	5	4		
553119	553119	41.6917	5	2		
553120	553120	41.6917	5	2		
553154	553154	41.6917	5	4		
553155	553155	41.6917	5	2		
553156	553156	41.6917	5	2		
553170	553170	41.6917	5	2		
553171	553171	41.6917	5	2		
553172	553172	41.6917	5	2		
553173	553173	41.6917	5	2		
553179	553179	41.6917	5	4		
553180	553180	41.6917	5	2		
553181	553181	41.6917	5	2		
553182	553182	41.6917	5	2		
553215	553215	41.6917	5	4		
553217	553217	41.6917	5	4		
553218	553218	41.6917	5	4		
553219	553219	41.6917	5	4		
553220	553220	41.6917	5	4		
554414	554414	41.7333	5	4		
554415	554415	41.7333	5	4		
554434	554434	41.7333	5	4		
554465	554465	41.7333	5	2		
554466	554466	41.7333	5	4		
554470	554470	41.7333	5	2		
554471	554471	41.7333	5	2		
554472	554472	41.7333	5	2		
554483	554483	41.7333	5	2		
554484	554484	41.7333	5	2		
554494	554494	41.7333	5	4		
554495	554495	41.7333	5	4		
554502	554502	41.7333	5	4		
554503	554503	41.7333	5	4		
554504	554504	41.7333	5	2		
554505	554505	41.7333	5	2		
554506	554506	41.7333	5	2		
554540	554540	41.7333	5	4		
554541	554541	41.7333	5	4		
554542	554542	41.7333	5	4		
554544	554544	41.7333	5	2		
554556	554556	41.7333	5	4		
554557	554557	41.7333	5	2		
554558	554558	41.7333	5	2		
554559	554559	41.7333	5	2		
554566	554566	41.7333	5	2		
554567	554567	41.7333	5	2		
554568	554568	41.7333	5	2		
554569	554569	41.7333	5	4		
554570	554570	41.7333	5	4		
554597	554597	41.7333	5	4		
554600	554600	41.7333	5	4		
554601	554601	41.7333	5	4		
554602	554602	41.7333	5	4		
554603	554603	41.7333	5	4		
554604	554604	41.7333	5	4		
554605	554605	41.7333	5	4		
554606	554606	41.7333	5	1		
554607	554607	41.7333	5	4		
555799	555799	41.775	5	4		
555800	555800	41.775	5	3		
555801	555801	41.775	5	4		
555819	555819	41.775	5	3		
555850	555850	41.775	5	2		
555851	555851	41.775	5	1		
555852	555852	41.775	5	2		
555853	555853	41.775	5	2		
555854	555854	41.775	5	2		
555855	555855	41.775	5	2		
555856	555856	41.775	5	2		
555857	555857	41.775	5	2		
555858	555858	41.775	5	2		
555859	555859	41.775	5	4		
555880	555880	41.775	5	4		
555881	555881	41.775	5	4		
555890	555890	41.775	5	4		
555891	555891	41.775	5	2		
555892	555892	41.775	5	4		
555894	555894	41.775	5	4		
555921	555921	41.775	5	4		
555922	555922	41.775	5	4		
555930	555930	41.775	5	2		
555931	555931	41.775	5	2		
555942	555942	41.775	5	2		
555943	555943	41.775	5	2		
555944	555944	41.775	5	2		
555945	555945	41.775	5	4		
555953	555953	41.775	5	2		
555954	555954	41.775	5	2		
555955	555955	41.775	5	2		
555956	555956	41.775	5	4		
555983	555983	41.775	5	4		
555986	555986	41.775	5	2		
555987	555987	41.775	5	4		
555989	555989	41.775	5	4		
555990	555990	41.775	5	4		
557185	557185	41.8167	5	4		
557186	557186	41.8167	5	4		
557187	557187	41.8167	5	4		
557188	557188	41.8167	5	4		
557205	557205	41.8167	5	4		
557206	557206	41.8167	5	3		
557226	557226	41.8167	5	3		
557227	557227	41.8167	5	3		
557228	557228	41.8167	5	3		
557229	557229	41.8167	5	3		
557230	557230	41.8167	5	3		
557233	557233	41.8167	5	4		
557234	557234	41.8167	5	4		
557236	557236	41.8167	5	4		
557237	557237	41.8167	5	1		
557238	557238	41.8167	5	1		
557239	557239	41.8167	5	2		
557240	557240	41.8167	5	2		
557241	557241	41.8167	5	4		
557242	557242	41.8167	5	4		
557243	557243	41.8167	5	4		
557244	557244	41.8167	5	2		
557245	557245	41.8167	5	2		
557249	557249	41.8167	5	2		
557250	557250	41.8167	5	2		
557251	557251	41.8167	5	4		
557252	557252	41.8167	5	2		
557253	557253	41.8167	5	2		
557254	557254	41.8167	5	2		
557255	557255	41.8167	5	2		
557256	557256	41.8167	5	4		
557268	557268	41.8167	5	4		
557269	557269	41.8167	5	4		
557275	557275	41.8167	5	4		
557277	557277	41.8167	5	4		
557278	557278	41.8167	5	4		
557280	557280	41.8167	5	4		
557281	557281	41.8167	5	4		
557308	557308	41.8167	5	4		
557309	557309	41.8167	5	4		
557310	557310	41.8167	5	4		
557316	557316	41.8167	5	2		
557317	557317	41.8167	5	4		
557328	557328	41.8167	5	2		
557329	557329	41.8167	5	2		
557330	557330	41.8167	5	2		
557340	557340	41.8167	5	2		
557341	557341	41.8167	5	4		
557371	557371	41.8167	5	4		
557372	557372	41.8167	5	2		
557373	557373	41.8167	5	4		
557374	557374	41.8167	5	4		
558572	558572	41.8583	5	3		
558573	558573	41.8583	5	3		
558574	558574	41.8583	5	4		
558590	558590	41.8583	5	4		
558591	558591	41.8583	5	4		
558593	558593	41.8583	5	4		
558613	558613	41.8583	5	3		
558614	558614	41.8583	5	3		
558619	558619	41.8583	5	4		
558621	558621	41.8583	5	4		
558622	558622	41.8583	5	2		
558623	558623	41.8583	5	4		
558624	558624	41.8583	5	2		
558625	558625	41.8583	5	2		
558626	558626	41.8583	5	2		
558627	558627	41.8583	5	2		
558628	558628	41.8583	5	2		
558629	558629	41.8583	5	2		
558630	558630	41.8583	5	2		
558631	558631	41.8583	5	4		
558632	558632	41.8583	5	4		
558635	558635	41.8583	5	2		
558636	558636	41.8583	5	2		
558637	558637	41.8583	5	4		
558638	558638	41.8583	5	2		
558639	558639	41.8583	5	2		
558640	558640	41.8583	5	2		
558641	558641	41.8583	5	2		
558642	558642	41.8583	5	4		
558649	558649	41.8583	5	4		
558654	558654	41.8583	5	4		
558655	558655	41.8583	5	4		
558665	558665	41.8583	5	4		
558666	558666	41.8583	5	4		
558690	558690	41.8583	5	4		
558691	558691	41.8583	5	4		
558696	558696	41.8583	5	4		
558697	558697	41.8583	5	4		
558714	558714	41.8583	5	2		
558715	558715	41.8583	5	2		
558726	558726	41.8583	5	4		
558727	558727	41.8583	5	4		
559958	559958	41.9	5	3		
559959	559959	41.9	5	3		
559976	559976	41.9	5	4		
559997	559997	41.9	5	3		
559998	559998	41.9	5	4		
559999	559999	41.9	5	3		
560001	560001	41.9	5	3		
560002	560002	41.9	5	3		
560008	560008	41.9	5	2		
560009	560009	41.9	5	2		
560010	560010	41.9	5	4		
560011	560011	41.9	5	4		
560012	560012	41.9	5	2		
560013	560013	41.9	5	2		
560014	560014	41.9	5	4		
560015	560015	41.9	5	2		
560016	560016	41.9	5	2		
560017	560017	41.9	5	4		
560018	560018	41.9	5	4		
560019	560019	41.9	5	4		
560020	560020	41.9	5	2		
560021	560021	41.9	5	2		
560023	560023	41.9	5	2		
560024	560024	41.9	5	2		
560025	560025	41.9	5	2		
560026	560026	41.9	5	2		
560027	560027	41.9	5	2		
560028	560028	41.9	5	4		
560035	560035	41.9	5	4		
560050	560050	41.9	5	2		
560051	560051	41.9	5	2		
560057	560057	41.9	5	4		
560058	560058	41.9	5	4		
560061	560061	41.9	5	4		
560062	560062	41.9	5	4		
560071	560071	41.9	5	4		
560072	560072	41.9	5	4		
560077	560077	41.9	5	4		
560080	560080	41.9	5	4		
560081	560081	41.9	5	4		
560087	560087	41.9	5	4		
560088	560088	41.9	5	2		
560089	560089	41.9	5	4		
560099	560099	41.9	5	4		
560100	560100	41.9	5	4		
560112	560112	41.9	5	4		
560113	560113	41.9	5	4		
561343	561343	41.9417	5	4		
561344	561344	41.9417	5	3		
561345	561345	41.9417	5	3		
561380	561380	41.9417	5	2		
561382	561382	41.9417	5	3		
561387	561387	41.9417	5	3		
561388	561388	41.9417	5	3		
561389	561389	41.9417	5	4		
561391	561391	41.9417	5	4		
561394	561394	41.9417	5	2		
561395	561395	41.9417	5	2		
561396	561396	41.9417	5	2		
561397	561397	41.9417	5	2		
561398	561398	41.9417	5	2		
561399	561399	41.9417	5	2		
561400	561400	41.9417	5	2		
561401	561401	41.9417	5	2		
561402	561402	41.9417	5	4		
561403	561403	41.9417	5	4		
561404	561404	41.9417	5	4		
561405	561405	41.9417	5	4		
561406	561406	41.9417	5	2		
561407	561407	41.9417	5	2		
561408	561408	41.9417	5	2		
561409	561409	41.9417	5	2		
561410	561410	41.9417	5	2		
561411	561411	41.9417	5	2		
561412	561412	41.9417	5	2		
561413	561413	41.9417	5	2		
561414	561414	41.9417	5	2		
561415	561415	41.9417	5	2		
561420	561420	41.9417	5	4		
561424	561424	41.9417	5	4		
561425	561425	41.9417	5	4		
561436	561436	41.9417	5	2		
561437	561437	41.9417	5	2		
561443	561443	41.9417	5	4		
561444	561444	41.9417	5	4		
561447	561447	41.9417	5	4		
561448	561448	41.9417	5	4		
561450	561450	41.9417	5	4		
561455	561455	41.9417	5	4		
561456	561456	41.9417	5	4		
561457	561457	41.9417	5	4		
561458	561458	41.9417	5	4		
561475	561475	41.9417	5	2		
561477	561477	41.9417	5	4		
561478	561478	41.9417	5	2		
561480	561480	41.9417	5	4		
561495	561495	41.9417	5	4		
561496	561496	41.9417	5	4		
561497	561497	41.9417	5	2		
561498	561498	41.9417	5	2		
561499	561499	41.9417	5	1		
561500	561500	41.9417	5	4		
561501	561501	41.9417	5	4		
561527	561527	41.9417	5	4		
562729	562729	41.9833	5	4		
562730	562730	41.9833	5	3		
562741	562741	41.9833	5	4		
562767	562767	41.9833	5	3		
562775	562775	41.9833	5	3		
562776	562776	41.9833	5	2		
562777	562777	41.9833	5	2		
562778	562778	41.9833	5	4		
562782	562782	41.9833	5	2		
562783	562783	41.9833	5	2		
562784	562784	41.9833	5	2		
562785	562785	41.9833	5	2		
562786	562786	41.9833	5	2		
562787	562787	41.9833	5	4		
562788	562788	41.9833	5	4		
562789	562789	41.9833	5	4		
562790	562790	41.9833	5	2		
562791	562791	41.9833	5	2		
562792	562792	41.9833	5	2		
562793	562793	41.9833	5	2		
562794	562794	41.9833	5	2		
562795	562795	41.9833	5	2		
562796	562796	41.9833	5	2		
562797	562797	41.9833	5	2		
562798	562798	41.9833	5	2		
562799	562799	41.9833	5	2		
562800	562800	41.9833	5	4		
562801	562801	41.9833	5	4		
562802	562802	41.9833	5	4		
562806	562806	41.9833	5	4		
562807	562807	41.9833	5	4		
562810	562810	41.9833	5	4		
562811	562811	41.9833	5	4		
562815	562815	41.9833	5	4		
562818	562818	41.9833	5	4		
562819	562819	41.9833	5	4		
562822	562822	41.9833	5	4		
562823	562823	41.9833	5	2		
562824	562824	41.9833	5	4		
562835	562835	41.9833	5	4		
562836	562836	41.9833	5	4		
562842	562842	41.9833	5	4		
562863	562863	41.9833	5	2		
562864	562864	41.9833	5	2		
562870	562870	41.9833	5	4		
562875	562875	41.9833	5	4		
562876	562876	41.9833	5	4		
562877	562877	41.9833	5	4		
562883	562883	41.9833	5	2		
562884	562884	41.9833	5	1		
562885	562885	41.9833	5	1		
562886	562886	41.9833	5	4		
562887	562887	41.9833	5	4		
562888	562888	41.9833	5	4		
562892	562892	41.9833	5	4		
562912	562912	41.9833	5	4		
564114	564114	42.025	5	4		
564115	564115	42.025	5	4		
564116	564116	42.025	5	4		
564117	564117	42.025	5	4		
564127	564127	42.025	5	4		
564128	564128	42.025	5	4		
564129	564129	42.025	5	4		
564130	564130	42.025	5	4		
564144	564144	42.025	5	4		
564145	564145	42.025	5	4		
564152	564152	42.025	5	4		
564153	564153	42.025	5	4		
564154	564154	42.025	5	4		
564159	564159	42.025	5	4		
564160	564160	42.025	5	4		
564161	564161	42.025	5	4		
564162	564162	42.025	5	4		
564163	564163	42.025	5	4		
564164	564164	42.025	5	4		
564165	564165	42.025	5	4		
564166	564166	42.025	5	4		
564167	564167	42.025	5	4		
564170	564170	42.025	5	2		
564171	564171	42.025	5	2		
564172	564172	42.025	5	4		
564173	564173	42.025	5	2		
564174	564174	42.025	5	2		
564175	564175	42.025	5	2		
564176	564176	42.025	5	2		
564177	564177	42.025	5	2		
564178	564178	42.025	5	2		
564179	564179	42.025	5	2		
564180	564180	42.025	5	2		
564181	564181	42.025	5	2		
564182	564182	42.025	5	2		
564183	564183	42.025	5	2		
564184	564184	42.025	5	2		
564186	564186	42.025	5	4		
564187	564187	42.025	5	1		
564188	564188	42.025	5	2		
564192	564192	42.025	5	4		
564193	564193	42.025	5	4		
564194	564194	42.025	5	4		
564195	564195	42.025	5	4		
564203	564203	42.025	5	2		
564204	564204	42.025	5	1		
564205	564205	42.025	5	4		
564209	564209	42.025	5	2		
564220	564220	42.025	5	4		
564221	564221	42.025	5	4		
564227	564227	42.025	5	4		
564228	564228	42.025	5	4		
564229	564229	42.025	5	4		
564232	564232	42.025	5	4		
564245	564245	42.025	5	2		
564249	564249	42.025	5	4		
564250	564250	42.025	5	2		
564254	564254	42.025	5	4		
564255	564255	42.025	5	4		
564256	564256	42.025	5	4		
564261	564261	42.025	5	4		
564262	564262	42.025	5	4		
564263	564263	42.025	5	4		
564264	564264	42.025	5	4		
564269	564269	42.025	5	2		
564270	564270	42.025	5	1		
564271	564271	42.025	5	4		
564272	564272	42.025	5	4		
564273	564273	42.025	5	4		
564278	564278	42.025	5	4		
564289	564289	42.025	5	4		
564290	564290	42.025	5	4		
564300	564300	42.025	5	4		
565499	565499	42.0667	5	4		
565500	565500	42.0667	5	4		
565501	565501	42.0667	5	4		
565502	565502	42.0667	5	4		
565513	565513	42.0667	5	4		
565514	565514	42.0667	5	4		
565515	565515	42.0667	5	4		
565516	565516	42.0667	5	4		
565517	565517	42.0667	5	4		
565525	565525	42.0667	5	4		
565526	565526	42.0667	5	4		
565527	565527	42.0667	5	4		
565528	565528	42.0667	5	4		
565531	565531	42.0667	5	4		
565533	565533	42.0667	5	4		
565539	565539	42.0667	5	4		
565540	565540	42.0667	5	4		
565541	565541	42.0667	5	4		
565542	565542	42.0667	5	4		
565545	565545	42.0667	5	4		
565546	565546	42.0667	5	2		
565548	565548	42.0667	5	4		
565557	565557	42.0667	5	2		
565558	565558	42.0667	5	2		
565559	565559	42.0667	5	2		
565560	565560	42.0667	5	2		
565561	565561	42.0667	5	2		
565562	565562	42.0667	5	2		
565563	565563	42.0667	5	2		
565564	565564	42.0667	5	2		
565565	565565	42.0667	5	2		
565566	565566	42.0667	5	2		
565567	565567	42.0667	5	2		
565568	565568	42.0667	5	2		
565569	565569	42.0667	5	2		
565570	565570	42.0667	5	4		
565571	565571	42.0667	5	4		
565572	565572	42.0667	5	2		
565573	565573	42.0667	5	1		
565574	565574	42.0667	5	2		
565576	565576	42.0667	5	4		
565577	565577	42.0667	5	4		
565578	565578	42.0667	5	4		
565580	565580	42.0667	5	4		
565581	565581	42.0667	5	4		
565582	565582	42.0667	5	4		
565583	565583	42.0667	5	4		
565589	565589	42.0667	5	2		
565590	565590	42.0667	5	1		
565591	565591	42.0667	5	4		
565594	565594	42.0667	5	4		
565595	565595	42.0667	5	2		
565599	565599	42.0667	5	4		
565600	565600	42.0667	5	4		
565603	565603	42.0667	5	4		
565604	565604	42.0667	5	4		
565605	565605	42.0667	5	4		
565613	565613	42.0667	5	4		
565614	565614	42.0667	5	4		
565615	565615	42.0667	5	4		
565631	565631	42.0667	5	4		
565636	565636	42.0667	5	2		
565637	565637	42.0667	5	2		
565638	565638	42.0667	5	2		
565639	565639	42.0667	5	2		
565640	565640	42.0667	5	4		
565648	565648	42.0667	5	4		
565650	565650	42.0667	5	4		
565656	565656	42.0667	5	1		
565657	565657	42.0667	5	1		
565658	565658	42.0667	5	2		
565661	565661	42.0667	5	4		
566885	566885	42.1083	5	4		
566887	566887	42.1083	5	4		
566888	566888	42.1083	5	4		
566899	566899	42.1083	5	4		
566900	566900	42.1083	5	4		
566901	566901	42.1083	5	4		
566902	566902	42.1083	5	4		
566903	566903	42.1083	5	4		
566904	566904	42.1083	5	4		
566914	566914	42.1083	5	4		
566915	566915	42.1083	5	4		
566917	566917	42.1083	5	4		
566918	566918	42.1083	5	4		
566919	566919	42.1083	5	4		
566926	566926	42.1083	5	2		
566927	566927	42.1083	5	4		
566928	566928	42.1083	5	4		
566929	566929	42.1083	5	4		
566930	566930	42.1083	5	4		
566931	566931	42.1083	5	2		
566932	566932	42.1083	5	4		
566935	566935	42.1083	5	4		
566939	566939	42.1083	5	4		
566942	566942	42.1083	5	2		
566943	566943	42.1083	5	2		
566944	566944	42.1083	5	2		
566945	566945	42.1083	5	2		
566946	566946	42.1083	5	2		
566947	566947	42.1083	5	2		
566948	566948	42.1083	5	2		
566949	566949	42.1083	5	2		
566951	566951	42.1083	5	4		
566952	566952	42.1083	5	2		
566953	566953	42.1083	5	2		
566954	566954	42.1083	5	2		
566955	566955	42.1083	5	4		
566956	566956	42.1083	5	4		
566957	566957	42.1083	5	2		
566958	566958	42.1083	5	1		
566959	566959	42.1083	5	1		
566960	566960	42.1083	5	2		
566967	566967	42.1083	5	4		
566969	566969	42.1083	5	4		
566970	566970	42.1083	5	4		
566974	566974	42.1083	5	1		
566975	566975	42.1083	5	1		
566976	566976	42.1083	5	1		
566977	566977	42.1083	5	1		
566978	566978	42.1083	5	4		
566979	566979	42.1083	5	2		
566980	566980	42.1083	5	2		
566981	566981	42.1083	5	2		
566983	566983	42.1083	5	4		
566984	566984	42.1083	5	4		
566985	566985	42.1083	5	4		
566986	566986	42.1083	5	4		
566990	566990	42.1083	5	4		
566991	566991	42.1083	5	2		
566992	566992	42.1083	5	4		
567000	567000	42.1083	5	4		
567001	567001	42.1083	5	4		
567009	567009	42.1083	5	4		
567010	567010	42.1083	5	4		
567012	567012	42.1083	5	4		
567022	567022	42.1083	5	2		
567023	567023	42.1083	5	2		
567024	567024	42.1083	5	4		
567034	567034	42.1083	5	4		
567040	567040	42.1083	5	4		
567044	567044	42.1083	5	4		
567045	567045	42.1083	5	4		
567047	567047	42.1083	5	4		
567048	567048	42.1083	5	4		
567050	567050	42.1083	5	4		
568270	568270	42.15	5	4		
568271	568271	42.15	5	4		
568286	568286	42.15	5	4		
568287	568287	42.15	5	3		
568288	568288	42.15	5	4		
568289	568289	42.15	5	4		
568290	568290	42.15	5	4		
568291	568291	42.15	5	4		
568296	568296	42.15	5	4		
568297	568297	42.15	5	4		
568301	568301	42.15	5	3		
568302	568302	42.15	5	4		
568303	568303	42.15	5	4		
568304	568304	42.15	5	4		
568305	568305	42.15	5	4		
568306	568306	42.15	5	4		
568310	568310	42.15	5	4		
568311	568311	42.15	5	4		
568312	568312	42.15	5	3		
568313	568313	42.15	5	4		
568314	568314	42.15	5	4		
568315	568315	42.15	5	2		
568316	568316	42.15	5	4		
568317	568317	42.15	5	4		
568318	568318	42.15	5	4		
568319	568319	42.15	5	4		
568321	568321	42.15	5	4		
568325	568325	42.15	5	4		
568326	568326	42.15	5	2		
568328	568328	42.15	5	2		
568329	568329	42.15	5	2		
568330	568330	42.15	5	2		
568331	568331	42.15	5	2		
568332	568332	42.15	5	2		
568333	568333	42.15	5	2		
568334	568334	42.15	5	2		
568335	568335	42.15	5	2		
568336	568336	42.15	5	4		
568337	568337	42.15	5	2		
568338	568338	42.15	5	2		
568339	568339	42.15	5	2		
568340	568340	42.15	5	2		
568341	568341	42.15	5	2		
568342	568342	42.15	5	2		
568343	568343	42.15	5	2		
568344	568344	42.15	5	2		
568345	568345	42.15	5	2		
568346	568346	42.15	5	2		
568352	568352	42.15	5	4		
568353	568353	42.15	5	4		
568354	568354	42.15	5	4		
568360	568360	42.15	5	4		
568361	568361	42.15	5	1		
568362	568362	42.15	5	1		
568363	568363	42.15	5	1		
568364	568364	42.15	5	2		
568365	568365	42.15	5	2		
568366	568366	42.15	5	2		
568367	568367	42.15	5	4		
568368	568368	42.15	5	4		
568369	568369	42.15	5	4		
568370	568370	42.15	5	4		
568371	568371	42.15	5	4		
568376	568376	42.15	5	4		
568377	568377	42.15	5	2		
568378	568378	42.15	5	2		
568379	568379	42.15	5	4		
568386	568386	42.15	5	4		
568387	568387	42.15	5	4		
568408	568408	42.15	5	2		
568409	568409	42.15	5	2		
568410	568410	42.15	5	2		
568411	568411	42.15	5	2		
568412	568412	42.15	5	2		
568414	568414	42.15	5	4		
568425	568425	42.15	5	4		
568426	568426	42.15	5	4		
568432	568432	42.15	5	4		
568433	568433	42.15	5	4		
568434	568434	42.15	5	4		
568449	568449	42.15	5	4		
569656	569656	42.1917	5	4		
569661	569661	42.1917	5	4		
569672	569672	42.1917	5	4		
569673	569673	42.1917	5	4		
569674	569674	42.1917	5	4		
569676	569676	42.1917	5	4		
569680	569680	42.1917	5	4		
569681	569681	42.1917	5	4		
569682	569682	42.1917	5	4		
569683	569683	42.1917	5	4		
569684	569684	42.1917	5	4		
569687	569687	42.1917	5	4		
569688	569688	42.1917	5	4		
569689	569689	42.1917	5	4		
569690	569690	42.1917	5	4		
569692	569692	42.1917	5	4		
569693	569693	42.1917	5	4		
569694	569694	42.1917	5	4		
569695	569695	42.1917	5	3		
569696	569696	42.1917	5	4		
569697	569697	42.1917	5	4		
569698	569698	42.1917	5	4		
569700	569700	42.1917	5	4		
569701	569701	42.1917	5	4		
569702	569702	42.1917	5	4		
569703	569703	42.1917	5	4		
569705	569705	42.1917	5	4		
569706	569706	42.1917	5	4		
569707	569707	42.1917	5	4		
569713	569713	42.1917	5	4		
569714	569714	42.1917	5	1		
569715	569715	42.1917	5	4		
569716	569716	42.1917	5	2		
569717	569717	42.1917	5	2		
569718	569718	42.1917	5	2		
569719	569719	42.1917	5	2		
569720	569720	42.1917	5	2		
569721	569721	42.1917	5	2		
569722	569722	42.1917	5	2		
569723	569723	42.1917	5	2		
569724	569724	42.1917	5	2		
569725	569725	42.1917	5	2		
569726	569726	42.1917	5	2		
569727	569727	42.1917	5	2		
569728	569728	42.1917	5	2		
569729	569729	42.1917	5	2		
569730	569730	42.1917	5	4		
569732	569732	42.1917	5	4		
569735	569735	42.1917	5	4		
569736	569736	42.1917	5	4		
569737	569737	42.1917	5	4		
569738	569738	42.1917	5	4		
569739	569739	42.1917	5	4		
569744	569744	42.1917	5	4		
569745	569745	42.1917	5	4		
569746	569746	42.1917	5	4		
569747	569747	42.1917	5	1		
569748	569748	42.1917	5	1		
569749	569749	42.1917	5	1		
569750	569750	42.1917	5	2		
569751	569751	42.1917	5	2		
569752	569752	42.1917	5	2		
569754	569754	42.1917	5	4		
569755	569755	42.1917	5	4		
569756	569756	42.1917	5	4		
569757	569757	42.1917	5	4		
569758	569758	42.1917	5	4		
569759	569759	42.1917	5	4		
569760	569760	42.1917	5	4		
569761	569761	42.1917	5	4		
569763	569763	42.1917	5	2		
569764	569764	42.1917	5	2		
569765	569765	42.1917	5	4		
569772	569772	42.1917	5	4		
569773	569773	42.1917	5	4		
569774	569774	42.1917	5	4		
569775	569775	42.1917	5	4		
569793	569793	42.1917	5	4		
569794	569794	42.1917	5	2		
569795	569795	42.1917	5	2		
569796	569796	42.1917	5	4		
569798	569798	42.1917	5	2		
569799	569799	42.1917	5	2		
569800	569800	42.1917	5	2		
569811	569811	42.1917	5	4		
569812	569812	42.1917	5	4		
569823	569823	42.1917	5	4		
569824	569824	42.1917	5	4		
569835	569835	42.1917	5	4		
571043	571043	42.2333	5	4		
571058	571058	42.2333	5	4		
571059	571059	42.2333	5	3		
571060	571060	42.2333	5	4		
571061	571061	42.2333	5	4		
571062	571062	42.2333	5	4		
571063	571063	42.2333	5	4		
571067	571067	42.2333	5	4		
571068	571068	42.2333	5	3		
571069	571069	42.2333	5	4		
571070	571070	42.2333	5	3		
571071	571071	42.2333	5	3		
571072	571072	42.2333	5	3		
571073	571073	42.2333	5	3		
571074	571074	42.2333	5	4		
571075	571075	42.2333	5	4		
571076	571076	42.2333	5	4		
571077	571077	42.2333	5	4		
571078	571078	42.2333	5	4		
571079	571079	42.2333	5	3		
571080	571080	42.2333	5	4		
571081	571081	42.2333	5	3		
571082	571082	42.2333	5	4		
571083	571083	42.2333	5	4		
571084	571084	42.2333	5	4		
571085	571085	42.2333	5	4		
571086	571086	42.2333	5	4		
571087	571087	42.2333	5	4		
571088	571088	42.2333	5	4		
571089	571089	42.2333	5	4		
571090	571090	42.2333	5	4		
571093	571093	42.2333	5	4		
571094	571094	42.2333	5	4		
571099	571099	42.2333	5	4		
571100	571100	42.2333	5	4		
571101	571101	42.2333	5	2		
571102	571102	42.2333	5	2		
571103	571103	42.2333	5	2		
571104	571104	42.2333	5	4		
571105	571105	42.2333	5	2		
571106	571106	42.2333	5	4		
571108	571108	42.2333	5	2		
571109	571109	42.2333	5	2		
571110	571110	42.2333	5	2		
571111	571111	42.2333	5	2		
571112	571112	42.2333	5	2		
571113	571113	42.2333	5	2		
571114	571114	42.2333	5	4		
571120	571120	42.2333	5	4		
571122	571122	42.2333	5	4		
571124	571124	42.2333	5	4		
571125	571125	42.2333	5	4		
571126	571126	42.2333	5	4		
571128	571128	42.2333	5	4		
571129	571129	42.2333	5	4		
571130	571130	42.2333	5	4		
571132	571132	42.2333	5	4		
571133	571133	42.2333	5	4		
571135	571135	42.2333	5	1		
571136	571136	42.2333	5	2		
571137	571137	42.2333	5	2		
571138	571138	42.2333	5	2		
571140	571140	42.2333	5	4		
571141	571141	42.2333	5	4		
571142	571142	42.2333	5	4		
571143	571143	42.2333	5	4		
571144	571144	42.2333	5	4		
571145	571145	42.2333	5	4		
571149	571149	42.2333	5	4		
571150	571150	42.2333	5	4		
571158	571158	42.2333	5	4		
571159	571159	42.2333	5	4		
571160	571160	42.2333	5	4		
571161	571161	42.2333	5	4		
571177	571177	42.2333	5	2		
571179	571179	42.2333	5	4		
571180	571180	42.2333	5	2		
571186	571186	42.2333	5	2		
571195	571195	42.2333	5	4		
571196	571196	42.2333	5	4		
571197	571197	42.2333	5	4		
571198	571198	42.2333	5	4		
571201	571201	42.2333	5	4		
572427	572427	42.275	5	4		
572429	572429	42.275	5	4		
572430	572430	42.275	5	4		
572443	572443	42.275	5	4		
572444	572444	42.275	5	4		
572445	572445	42.275	5	4		
572446	572446	42.275	5	3		
572447	572447	42.275	5	4		
572448	572448	42.275	5	4		
572449	572449	42.275	5	4		
572450	572450	42.275	5	4		
572453	572453	42.275	5	4		
572454	572454	42.275	5	3		
572455	572455	42.275	5	3		
572456	572456	42.275	5	4		
572457	572457	42.275	5	4		
572459	572459	42.275	5	4		
572460	572460	42.275	5	4		
572461	572461	42.275	5	4		
572462	572462	42.275	5	3		
572463	572463	42.275	5	3		
572464	572464	42.275	5	3		
572465	572465	42.275	5	3		
572466	572466	42.275	5	3		
572467	572467	42.275	5	4		
572469	572469	42.275	5	4		
572470	572470	42.275	5	4		
572471	572471	42.275	5	4		
572472	572472	42.275	5	4		
572473	572473	42.275	5	4		
572474	572474	42.275	5	4		
572475	572475	42.275	5	4		
572477	572477	42.275	5	4		
572479	572479	42.275	5	4		
572480	572480	42.275	5	4		
572486	572486	42.275	5	4		
572487	572487	42.275	5	2		
572488	572488	42.275	5	2		
572489	572489	42.275	5	2		
572491	572491	42.275	5	4		
572492	572492	42.275	5	2		
572493	572493	42.275	5	2		
572494	572494	42.275	5	2		
572495	572495	42.275	5	2		
572496	572496	42.275	5	2		
572497	572497	42.275	5	2		
572498	572498	42.275	5	2		
572499	572499	42.275	5	2		
572502	572502	42.275	5	4		
572506	572506	42.275	5	4		
572509	572509	42.275	5	4		
572510	572510	42.275	5	4		
572511	572511	42.275	5	4		
572512	572512	42.275	5	4		
572515	572515	42.275	5	4		
572519	572519	42.275	5	4		
572520	572520	42.275	5	4		
572521	572521	42.275	5	2		
572522	572522	42.275	5	2		
572523	572523	42.275	5	2		
572524	572524	42.275	5	2		
572527	572527	42.275	5	4		
572528	572528	42.275	5	4		
572530	572530	42.275	5	4		
572531	572531	42.275	5	4		
572535	572535	42.275	5	4		
572536	572536	42.275	5	4		
572544	572544	42.275	5	4		
572564	572564	42.275	5	4		
572575	572575	42.275	5	4		
572576	572576	42.275	5	4		
572597	572597	42.275	5	2		
573812	573812	42.3167	5	4		
573813	573813	42.3167	5	4		
573828	573828	42.3167	5	4		
573831	573831	42.3167	5	4		
573832	573832	42.3167	5	4		
573833	573833	42.3167	5	4		
573834	573834	42.3167	5	4		
573835	573835	42.3167	5	4		
573837	573837	42.3167	5	4		
573838	573838	42.3167	5	4		
573839	573839	42.3167	5	4		
573840	573840	42.3167	5	3		
573841	573841	42.3167	5	3		
573842	573842	42.3167	5	4		
573843	573843	42.3167	5	4		
573844	573844	42.3167	5	4		
573845	573845	42.3167	5	4		
573846	573846	42.3167	5	4		
573847	573847	42.3167	5	3		
573848	573848	42.3167	5	3		
573849	573849	42.3167	5	3		
573850	573850	42.3167	5	4		
573851	573851	42.3167	5	3		
573852	573852	42.3167	5	4		
573853	573853	42.3167	5	4		
573854	573854	42.3167	5	4		
573855	573855	42.3167	5	4		
573856	573856	42.3167	5	4		
573858	573858	42.3167	5	4		
573861	573861	42.3167	5	4		
573863	573863	42.3167	5	4		
573872	573872	42.3167	5	4		
573873	573873	42.3167	5	2		
573874	573874	42.3167	5	4		
573875	573875	42.3167	5	2		
573876	573876	42.3167	5	1		
573877	573877	42.3167	5	4		
573878	573878	42.3167	5	2		
573879	573879	42.3167	5	2		
573880	573880	42.3167	5	2		
573881	573881	42.3167	5	2		
573882	573882	42.3167	5	2		
573883	573883	42.3167	5	2		
573884	573884	42.3167	5	2		
573890	573890	42.3167	5	4		
573891	573891	42.3167	5	4		
573896	573896	42.3167	5	4		
573897	573897	42.3167	5	1		
573904	573904	42.3167	5	4		
573905	573905	42.3167	5	4		
573906	573906	42.3167	5	4		
573907	573907	42.3167	5	4		
573908	573908	42.3167	5	2		
573909	573909	42.3167	5	2		
573910	573910	42.3167	5	2		
573911	573911	42.3167	5	2		
573912	573912	42.3167	5	1		
573913	573913	42.3167	5	4		
573917	573917	42.3167	5	4		
573918	573918	42.3167	5	4		
573921	573921	42.3167	5	2		
573922	573922	42.3167	5	4		
573934	573934	42.3167	5	4		
573935	573935	42.3167	5	4		
573936	573936	42.3167	5	4		
573960	573960	42.3167	5	2		
573961	573961	42.3167	5	2		
573982	573982	42.3167	5	4		
575198	575198	42.3583	5	4		
575199	575199	42.3583	5	4		
575200	575200	42.3583	5	4		
575213	575213	42.3583	5	4		
575214	575214	42.3583	5	4		
575218	575218	42.3583	5	4		
575219	575219	42.3583	5	4		
575220	575220	42.3583	5	4		
575221	575221	42.3583	5	4		
575222	575222	42.3583	5	4		
575223	575223	42.3583	5	3		
575224	575224	42.3583	5	4		
575225	575225	42.3583	5	4		
575226	575226	42.3583	5	4		
575227	575227	42.3583	5	4		
575229	575229	42.3583	5	4		
575230	575230	42.3583	5	4		
575232	575232	42.3583	5	4		
575233	575233	42.3583	5	4		
575234	575234	42.3583	5	3		
575235	575235	42.3583	5	3		
575236	575236	42.3583	5	3		
575237	575237	42.3583	5	3		
575238	575238	42.3583	5	4		
575239	575239	42.3583	5	4		
575240	575240	42.3583	5	4		
575241	575241	42.3583	5	4		
575242	575242	42.3583	5	4		
575243	575243	42.3583	5	4		
575244	575244	42.3583	5	4		
575245	575245	42.3583	5	4		
575256	575256	42.3583	5	4		
575261	575261	42.3583	5	1		
575262	575262	42.3583	5	4		
575263	575263	42.3583	5	4		
575264	575264	42.3583	5	2		
575265	575265	42.3583	5	2		
575266	575266	42.3583	5	4		
575267	575267	42.3583	5	4		
575268	575268	42.3583	5	1		
575269	575269	42.3583	5	2		
575279	575279	42.3583	5	4		
575280	575280	42.3583	5	4		
575282	575282	42.3583	5	4		
575283	575283	42.3583	5	4		
575290	575290	42.3583	5	4		
575291	575291	42.3583	5	4		
575292	575292	42.3583	5	4		
575295	575295	42.3583	5	4		
575296	575296	42.3583	5	2		
575297	575297	42.3583	5	2		
575298	575298	42.3583	5	4		
575302	575302	42.3583	5	4		
575303	575303	42.3583	5	4		
575304	575304	42.3583	5	4		
575307	575307	42.3583	5	2		
575310	575310	42.3583	5	4		
575311	575311	42.3583	5	4		
575334	575334	42.3583	5	4		
575335	575335	42.3583	5	4		
575337	575337	42.3583	5	4		
575345	575345	42.3583	5	4		
575346	575346	42.3583	5	2		
575347	575347	42.3583	5	2		
575349	575349	42.3583	5	4		
575361	575361	42.3583	5	4		
575363	575363	42.3583	5	4		
576584	576584	42.4	5	4		
576585	576585	42.4	5	4		
576605	576605	42.4	5	4		
576606	576606	42.4	5	4		
576607	576607	42.4	5	4		
576608	576608	42.4	5	4		
576609	576609	42.4	5	4		
576610	576610	42.4	5	3		
576611	576611	42.4	5	3		
576612	576612	42.4	5	4		
576613	576613	42.4	5	4		
576614	576614	42.4	5	4		
576615	576615	42.4	5	3		
576616	576616	42.4	5	4		
576617	576617	42.4	5	3		
576618	576618	42.4	5	3		
576619	576619	42.4	5	3		
576620	576620	42.4	5	3		
576621	576621	42.4	5	3		
576622	576622	42.4	5	3		
576623	576623	42.4	5	4		
576624	576624	42.4	5	4		
576625	576625	42.4	5	4		
576627	576627	42.4	5	4		
576628	576628	42.4	5	4		
576629	576629	42.4	5	4		
576630	576630	42.4	5	4		
576631	576631	42.4	5	4		
576632	576632	42.4	5	4		
576641	576641	42.4	5	4		
576642	576642	42.4	5	1		
576643	576643	42.4	5	1		
576647	576647	42.4	5	4		
576653	576653	42.4	5	4		
576657	576657	42.4	5	4		
576658	576658	42.4	5	1		
576659	576659	42.4	5	1		
576660	576660	42.4	5	4		
576661	576661	42.4	5	4		
576664	576664	42.4	5	4		
576665	576665	42.4	5	1		
576666	576666	42.4	5	1		
576667	576667	42.4	5	4		
576668	576668	42.4	5	4		
576675	576675	42.4	5	4		
576676	576676	42.4	5	4		
576677	576677	42.4	5	4		
576678	576678	42.4	5	4		
576679	576679	42.4	5	4		
576682	576682	42.4	5	4		
576683	576683	42.4	5	4		
576687	576687	42.4	5	4		
576689	576689	42.4	5	4		
576690	576690	42.4	5	4		
576692	576692	42.4	5	2		
576693	576693	42.4	5	2		
576694	576694	42.4	5	4		
576696	576696	42.4	5	4		
576697	576697	42.4	5	4		
576705	576705	42.4	5	4		
576717	576717	42.4	5	4		
576718	576718	42.4	5	4		
576719	576719	42.4	5	4		
576720	576720	42.4	5	4		
576723	576723	42.4	5	4		
576724	576724	42.4	5	4		
576725	576725	42.4	5	4		
576731	576731	42.4	5	4		
576737	576737	42.4	5	2		
576746	576746	42.4	5	4		
576747	576747	42.4	5	4		
576762	576762	42.4	5	4		
577970	577970	42.4417	5	4		
577971	577971	42.4417	5	4		
577972	577972	42.4417	5	4		
577988	577988	42.4417	5	4		
577992	577992	42.4417	5	3		
577993	577993	42.4417	5	4		
577994	577994	42.4417	5	3		
577995	577995	42.4417	5	3		
577996	577996	42.4417	5	3		
577997	577997	42.4417	5	3		
577998	577998	42.4417	5	4		
577999	577999	42.4417	5	4		
578000	578000	42.4417	5	3		
578001	578001	42.4417	5	4		
578002	578002	42.4417	5	3		
578003	578003	42.4417	5	3		
578004	578004	42.4417	5	4		
578005	578005	42.4417	5	3		
578006	578006	42.4417	5	3		
578007	578007	42.4417	5	3		
578008	578008	42.4417	5	3		
578009	578009	42.4417	5	3		
578010	578010	42.4417	5	3		
578011	578011	42.4417	5	4		
578012	578012	42.4417	5	4		
578013	578013	42.4417	5	4		
578014	578014	42.4417	5	4		
578015	578015	42.4417	5	4		
578025	578025	42.4417	5	4		
578026	578026	42.4417	5	4		
578027	578027	42.4417	5	4		
578030	578030	42.4417	5	4		
578031	578031	42.4417	5	1		
578032	578032	42.4417	5	4		
578037	578037	42.4417	5	4		
578039	578039	42.4417	5	4		
578040	578040	42.4417	5	1		
578041	578041	42.4417	5	1		
578042	578042	42.4417	5	1		
578043	578043	42.4417	5	1		
578044	578044	42.4417	5	1		
578045	578045	42.4417	5	1		
578046	578046	42.4417	5	1		
578047	578047	42.4417	5	1		
578048	578048	42.4417	5	4		
578049	578049	42.4417	5	1		
578050	578050	42.4417	5	1		
578051	578051	42.4417	5	1		
578052	578052	42.4417	5	1		
578053	578053	42.4417	5	4		
578054	578054	42.4417	5	4		
578060	578060	42.4417	5	4		
578061	578061	42.4417	5	4		
578062	578062	42.4417	5	4		
578063	578063	42.4417	5	4		
578065	578065	42.4417	5	4		
578066	578066	42.4417	5	4		
578067	578067	42.4417	5	4		
578068	578068	42.4417	5	4		
578069	578069	42.4417	5	4		
578070	578070	42.4417	5	2		
578071	578071	42.4417	5	4		
578074	578074	42.4417	5	4		
578075	578075	42.4417	5	4		
578078	578078	42.4417	5	4		
578079	578079	42.4417	5	2		
578080	578080	42.4417	5	4		
578081	578081	42.4417	5	4		
578083	578083	42.4417	5	4		
578084	578084	42.4417	5	4		
578085	578085	42.4417	5	4		
578092	578092	42.4417	5	2		
578103	578103	42.4417	5	4		
578104	578104	42.4417	5	4		
578106	578106	42.4417	5	4		
578109	578109	42.4417	5	2		
578110	578110	42.4417	5	4		
578111	578111	42.4417	5	4		
578132	578132	42.4417	5	4		
578150	578150	42.4417	5	4		
579357	579357	42.4833	5	4		
579358	579358	42.4833	5	4		
579359	579359	42.4833	5	4		
579361	579361	42.4833	5	4		
579378	579378	42.4833	5	4		
579379	579379	42.4833	5	4		
579380	579380	42.4833	5	4		
579381	579381	42.4833	5	4		
579382	579382	42.4833	5	4		
579383	579383	42.4833	5	4		
579385	579385	42.4833	5	4		
579386	579386	42.4833	5	4		
579387	579387	42.4833	5	4		
579389	579389	42.4833	5	4		
579390	579390	42.4833	5	3		
579391	579391	42.4833	5	3		
579392	579392	42.4833	5	3		
579393	579393	42.4833	5	3		
579394	579394	42.4833	5	3		
579395	579395	42.4833	5	3		
579396	579396	42.4833	5	4		
579397	579397	42.4833	5	4		
579398	579398	42.4833	5	4		
579399	579399	42.4833	5	4		
579400	579400	42.4833	5	4		
579402	579402	42.4833	5	4		
579403	579403	42.4833	5	4		
579404	579404	42.4833	5	4		
579412	579412	42.4833	5	4		
579414	579414	42.4833	5	4		
579415	579415	42.4833	5	4		
579416	579416	42.4833	5	1		
579417	579417	42.4833	5	1		
579418	579418	42.4833	5	4		
579424	579424	42.4833	5	1		
579425	579425	42.4833	5	1		
579426	579426	42.4833	5	1		
579427	579427	42.4833	5	1		
579428	579428	42.4833	5	4		
579429	579429	42.4833	5	4		
579430	579430	42.4833	5	1		
579431	579431	42.4833	5	1		
579432	579432	42.4833	5	1		
579433	579433	42.4833	5	1		
579434	579434	42.4833	5	1		
579435	579435	42.4833	5	4		
579436	579436	42.4833	5	1		
579437	579437	42.4833	5	1		
579438	579438	42.4833	5	4		
579439	579439	42.4833	5	4		
579445	579445	42.4833	5	4		
579446	579446	42.4833	5	4		
579447	579447	42.4833	5	4		
579448	579448	42.4833	5	4		
579449	579449	42.4833	5	4		
579451	579451	42.4833	5	4		
579452	579452	42.4833	5	4		
579453	579453	42.4833	5	4		
579454	579454	42.4833	5	4		
579455	579455	42.4833	5	4		
579456	579456	42.4833	5	2		
579460	579460	42.4833	5	4		
579461	579461	42.4833	5	4		
579465	579465	42.4833	5	2		
579466	579466	42.4833	5	2		
579467	579467	42.4833	5	2		
579470	579470	42.4833	5	4		
579476	579476	42.4833	5	4		
579487	579487	42.4833	5	4		
579488	579488	42.4833	5	2		
579489	579489	42.4833	5	4		
579490	579490	42.4833	5	4		
579493	579493	42.4833	5	4		
579496	579496	42.4833	5	2		
579519	579519	42.4833	5	4		
579520	579520	42.4833	5	4		
580743	580743	42.525	5	4		
580744	580744	42.525	5	4		
580745	580745	42.525	5	4		
580751	580751	42.525	5	4		
580752	580752	42.525	5	4		
580765	580765	42.525	5	4		
580766	580766	42.525	5	4		
580767	580767	42.525	5	4		
580768	580768	42.525	5	4		
580770	580770	42.525	5	4		
580771	580771	42.525	5	4		
580772	580772	42.525	5	3		
580773	580773	42.525	5	3		
580774	580774	42.525	5	4		
580775	580775	42.525	5	4		
580776	580776	42.525	5	3		
580777	580777	42.525	5	3		
580778	580778	42.525	5	3		
580779	580779	42.525	5	3		
580780	580780	42.525	5	4		
580781	580781	42.525	5	4		
580782	580782	42.525	5	4		
580783	580783	42.525	5	4		
580784	580784	42.525	5	4		
580785	580785	42.525	5	4		
580786	580786	42.525	5	4		
580787	580787	42.525	5	4		
580788	580788	42.525	5	4		
580789	580789	42.525	5	2		
580790	580790	42.525	5	4		
580799	580799	42.525	5	4		
580800	580800	42.525	5	4		
580801	580801	42.525	5	4		
580802	580802	42.525	5	1		
580803	580803	42.525	5	1		
580807	580807	42.525	5	4		
580808	580808	42.525	5	4		
580810	580810	42.525	5	1		
580811	580811	42.525	5	1		
580812	580812	42.525	5	4		
580813	580813	42.525	5	1		
580814	580814	42.525	5	4		
580816	580816	42.525	5	4		
580817	580817	42.525	5	1		
580818	580818	42.525	5	1		
580819	580819	42.525	5	4		
580820	580820	42.525	5	4		
580822	580822	42.525	5	4		
580823	580823	42.525	5	4		
580824	580824	42.525	5	4		
580831	580831	42.525	5	4		
580832	580832	42.525	5	4		
580833	580833	42.525	5	4		
580834	580834	42.525	5	4		
580835	580835	42.525	5	4		
580837	580837	42.525	5	4		
580838	580838	42.525	5	4		
580839	580839	42.525	5	4		
580840	580840	42.525	5	2		
580841	580841	42.525	5	2		
580842	580842	42.525	5	2		
580843	580843	42.525	5	4		
580852	580852	42.525	5	4		
580853	580853	42.525	5	4		
580856	580856	42.525	5	4		
580857	580857	42.525	5	4		
580865	580865	42.525	5	4		
580872	580872	42.525	5	4		
580873	580873	42.525	5	4		
580874	580874	42.525	5	2		
580875	580875	42.525	5	4		
580882	580882	42.525	5	2		
580884	580884	42.525	5	4		
580904	580904	42.525	5	4		
580905	580905	42.525	5	4		
580916	580916	42.525	5	4		
580917	580917	42.525	5	4		
580919	580919	42.525	5	4		
580920	580920	42.525	5	4		
580921	580921	42.525	5	1		
580924	580924	42.525	5	4		
582129	582129	42.5667	5	4		
582130	582130	42.5667	5	4		
582137	582137	42.5667	5	4		
582147	582147	42.5667	5	4		
582152	582152	42.5667	5	4		
582153	582153	42.5667	5	4		
582154	582154	42.5667	5	4		
582155	582155	42.5667	5	4		
582157	582157	42.5667	5	4		
582158	582158	42.5667	5	3		
582159	582159	42.5667	5	4		
582160	582160	42.5667	5	3		
582161	582161	42.5667	5	3		
582162	582162	42.5667	5	4		
582163	582163	42.5667	5	3		
582164	582164	42.5667	5	3		
582165	582165	42.5667	5	4		
582166	582166	42.5667	5	4		
582167	582167	42.5667	5	4		
582168	582168	42.5667	5	4		
582169	582169	42.5667	5	4		
582170	582170	42.5667	5	4		
582171	582171	42.5667	5	4		
582172	582172	42.5667	5	4		
582173	582173	42.5667	5	4		
582174	582174	42.5667	5	4		
582184	582184	42.5667	5	4		
582185	582185	42.5667	5	4		
582186	582186	42.5667	5	4		
582187	582187	42.5667	5	4		
582188	582188	42.5667	5	1		
582189	582189	42.5667	5	4		
582190	582190	42.5667	5	4		
582192	582192	42.5667	5	1		
582193	582193	42.5667	5	1		
582194	582194	42.5667	5	1		
582195	582195	42.5667	5	4		
582196	582196	42.5667	5	1		
582202	582202	42.5667	5	4		
582203	582203	42.5667	5	4		
582216	582216	42.5667	5	4		
582219	582219	42.5667	5	4		
582220	582220	42.5667	5	4		
582222	582222	42.5667	5	4		
582223	582223	42.5667	5	4		
582224	582224	42.5667	5	4		
582225	582225	42.5667	5	4		
582226	582226	42.5667	5	4		
582227	582227	42.5667	5	4		
582242	582242	42.5667	5	4		
582243	582243	42.5667	5	4		
582250	582250	42.5667	5	4		
582251	582251	42.5667	5	4		
582252	582252	42.5667	5	4		
582257	582257	42.5667	5	4		
582258	582258	42.5667	5	4		
582259	582259	42.5667	5	4		
582260	582260	42.5667	5	4		
582270	582270	42.5667	5	2		
582271	582271	42.5667	5	4		
582290	582290	42.5667	5	4		
582291	582291	42.5667	5	4		
582302	582302	42.5667	5	4		
582307	582307	42.5667	5	4		
582310	582310	42.5667	5	4		
583538	583538	42.6083	5	3		
583539	583539	42.6083	5	4		
583540	583540	42.6083	5	4		
583541	583541	42.6083	5	4		
583544	583544	42.6083	5	4		
583545	583545	42.6083	5	4		
583548	583548	42.6083	5	3		
583549	583549	42.6083	5	4		
583550	583550	42.6083	5	4		
583551	583551	42.6083	5	4		
583552	583552	42.6083	5	4		
583553	583553	42.6083	5	4		
583554	583554	42.6083	5	4		
583555	583555	42.6083	5	4		
583556	583556	42.6083	5	4		
583557	583557	42.6083	5	4		
583558	583558	42.6083	5	4		
583561	583561	42.6083	5	4		
583562	583562	42.6083	5	4		
583570	583570	42.6083	5	4		
583571	583571	42.6083	5	1		
583572	583572	42.6083	5	4		
583573	583573	42.6083	5	1		
583574	583574	42.6083	5	1		
583575	583575	42.6083	5	4		
583576	583576	42.6083	5	1		
583577	583577	42.6083	5	4		
583578	583578	42.6083	5	1		
583579	583579	42.6083	5	1		
583580	583580	42.6083	5	1		
583581	583581	42.6083	5	4		
583582	583582	42.6083	5	4		
583588	583588	42.6083	5	4		
583589	583589	42.6083	5	4		
583602	583602	42.6083	5	4		
583603	583603	42.6083	5	4		
583605	583605	42.6083	5	4		
583606	583606	42.6083	5	4		
583608	583608	42.6083	5	2		
583609	583609	42.6083	5	2		
583610	583610	42.6083	5	2		
583611	583611	42.6083	5	4		
583630	583630	42.6083	5	4		
583631	583631	42.6083	5	4		
583632	583632	42.6083	5	4		
583642	583642	42.6083	5	4		
583643	583643	42.6083	5	4		
583644	583644	42.6083	5	2		
583645	583645	42.6083	5	2		
583646	583646	42.6083	5	4		
583656	583656	42.6083	5	2		
583657	583657	42.6083	5	2		
583658	583658	42.6083	5	4		
583690	583690	42.6083	5	4		
583691	583691	42.6083	5	4		
583692	583692	42.6083	5	4		
583693	583693	42.6083	5	4		
584909	584909	42.65	5	4		
584922	584922	42.65	5	4		
584923	584923	42.65	5	4		
584924	584924	42.65	5	4		
584925	584925	42.65	5	4		
584926	584926	42.65	5	4		
584927	584927	42.65	5	4		
584929	584929	42.65	5	4		
584935	584935	42.65	5	4		
584936	584936	42.65	5	4		
584937	584937	42.65	5	4		
584938	584938	42.65	5	4		
584939	584939	42.65	5	4		
584940	584940	42.65	5	3		
584941	584941	42.65	5	4		
584942	584942	42.65	5	4		
584948	584948	42.65	5	4		
584956	584956	42.65	5	4		
584957	584957	42.65	5	1		
584958	584958	42.65	5	4		
584959	584959	42.65	5	1		
584960	584960	42.65	5	1		
584961	584961	42.65	5	4		
584962	584962	42.65	5	1		
584964	584964	42.65	5	4		
584965	584965	42.65	5	4		
584967	584967	42.65	5	4		
584968	584968	42.65	5	4		
584974	584974	42.65	5	4		
584975	584975	42.65	5	4		
584991	584991	42.65	5	4		
584994	584994	42.65	5	2		
584995	584995	42.65	5	2		
584996	584996	42.65	5	4		
585026	585026	42.65	5	4		
585027	585027	42.65	5	4		
585028	585028	42.65	5	2		
585029	585029	42.65	5	2		
585030	585030	42.65	5	4		
585031	585031	42.65	5	4		
585043	585043	42.65	5	2		
585044	585044	42.65	5	4		
585056	585056	42.65	5	4		
585057	585057	42.65	5	4		
585060	585060	42.65	5	4		
585077	585077	42.65	5	4		
585078	585078	42.65	5	4		
585079	585079	42.65	5	1		
585080	585080	42.65	5	4		
586298	586298	42.6917	5	4		
586309	586309	42.6917	5	4		
586310	586310	42.6917	5	4		
586311	586311	42.6917	5	4		
586312	586312	42.6917	5	4		
586313	586313	42.6917	5	4		
586323	586323	42.6917	5	4		
586324	586324	42.6917	5	4		
586325	586325	42.6917	5	4		
586326	586326	42.6917	5	4		
586327	586327	42.6917	5	4		
586329	586329	42.6917	5	4		
586330	586330	42.6917	5	4		
586331	586331	42.6917	5	4		
586334	586334	42.6917	5	2		
586342	586342	42.6917	5	4		
586343	586343	42.6917	5	1		
586344	586344	42.6917	5	1		
586345	586345	42.6917	5	1		
586353	586353	42.6917	5	4		
586376	586376	42.6917	5	4		
586377	586377	42.6917	5	4		
586379	586379	42.6917	5	2		
586380	586380	42.6917	5	2		
586381	586381	42.6917	5	2		
586382	586382	42.6917	5	2		
586386	586386	42.6917	5	4		
586408	586408	42.6917	5	4		
586409	586409	42.6917	5	4		
586410	586410	42.6917	5	1		
586411	586411	42.6917	5	4		
586412	586412	42.6917	5	4		
586414	586414	42.6917	5	4		
586415	586415	42.6917	5	4		
586416	586416	42.6917	5	4		
586417	586417	42.6917	5	4		
586422	586422	42.6917	5	4		
586429	586429	42.6917	5	4		
586430	586430	42.6917	5	4		
586442	586442	42.6917	5	4		
586443	586443	42.6917	5	2		
586444	586444	42.6917	5	4		
586445	586445	42.6917	5	4		
586450	586450	42.6917	5	4		
586451	586451	42.6917	5	4		
586465	586465	42.6917	5	4		
586473	586473	42.6917	5	4		
586474	586474	42.6917	5	4		
587672	587672	42.7333	5	4		
587687	587687	42.7333	5	4		
587694	587694	42.7333	5	4		
587695	587695	42.7333	5	4		
587696	587696	42.7333	5	4		
587697	587697	42.7333	5	4		
587698	587698	42.7333	5	4		
587699	587699	42.7333	5	4		
587700	587700	42.7333	5	4		
587701	587701	42.7333	5	4		
587710	587710	42.7333	5	4		
587711	587711	42.7333	5	4		
587713	587713	42.7333	5	4		
587714	587714	42.7333	5	4		
587715	587715	42.7333	5	4		
587716	587716	42.7333	5	4		
587717	587717	42.7333	5	4		
587718	587718	42.7333	5	4		
587719	587719	42.7333	5	2		
587720	587720	42.7333	5	4		
587728	587728	42.7333	5	4		
587729	587729	42.7333	5	1		
587730	587730	42.7333	5	1		
587731	587731	42.7333	5	4		
587737	587737	42.7333	5	4		
587738	587738	42.7333	5	4		
587743	587743	42.7333	5	4		
587744	587744	42.7333	5	4		
587750	587750	42.7333	5	4		
587751	587751	42.7333	5	4		
587760	587760	42.7333	5	4		
587761	587761	42.7333	5	2		
587762	587762	42.7333	5	2		
587763	587763	42.7333	5	4		
587764	587764	42.7333	5	4		
587765	587765	42.7333	5	2		
587766	587766	42.7333	5	2		
587767	587767	42.7333	5	4		
587768	587768	42.7333	5	4		
587772	587772	42.7333	5	4		
587773	587773	42.7333	5	4		
587774	587774	42.7333	5	4		
587775	587775	42.7333	5	4		
587776	587776	42.7333	5	4		
587796	587796	42.7333	5	4		
587799	587799	42.7333	5	1		
587800	587800	42.7333	5	1		
587801	587801	42.7333	5	1		
587805	587805	42.7333	5	4		
587815	587815	42.7333	5	2		
587816	587816	42.7333	5	4		
587831	587831	42.7333	5	2		
587836	587836	42.7333	5	2		
587837	587837	42.7333	5	2		
587845	587845	42.7333	5	4		
587846	587846	42.7333	5	4		
587847	587847	42.7333	5	4		
587848	587848	42.7333	5	2		
587849	587849	42.7333	5	2		
587850	587850	42.7333	5	4		
587858	587858	42.7333	5	4		
587859	587859	42.7333	5	4		
589056	589056	42.775	5	4		
589057	589057	42.775	5	4		
589058	589058	42.775	5	4		
589082	589082	42.775	5	4		
589083	589083	42.775	5	4		
589084	589084	42.775	5	4		
589085	589085	42.775	5	4		
589086	589086	42.775	5	3		
589087	589087	42.775	5	4		
589088	589088	42.775	5	4		
589095	589095	42.775	5	4		
589096	589096	42.775	5	4		
589100	589100	42.775	5	4		
589101	589101	42.775	5	4		
589102	589102	42.775	5	4		
589103	589103	42.775	5	4		
589105	589105	42.775	5	4		
589106	589106	42.775	5	4		
589120	589120	42.775	5	4		
589121	589121	42.775	5	4		
589122	589122	42.775	5	4		
589123	589123	42.775	5	4		
589124	589124	42.775	5	4		
589125	589125	42.775	5	4		
589129	589129	42.775	5	4		
589130	589130	42.775	5	4		
589136	589136	42.775	5	4		
589137	589137	42.775	5	4		
589138	589138	42.775	5	4		
589139	589139	42.775	5	4		
589145	589145	42.775	5	4		
589146	589146	42.775	5	2		
589158	589158	42.775	5	4		
589159	589159	42.775	5	4		
589160	589160	42.775	5	4		
589186	589186	42.775	5	4		
589187	589187	42.775	5	4		
589188	589188	42.775	5	2		
589189	589189	42.775	5	4		
589191	589191	42.775	5	4		
589201	589201	42.775	5	4		
589202	589202	42.775	5	4		
589218	589218	42.775	5	2		
589219	589219	42.775	5	2		
589223	589223	42.775	5	4		
589229	589229	42.775	5	4		
589232	589232	42.775	5	2		
589233	589233	42.775	5	4		
589235	589235	42.775	5	4		
589236	589236	42.775	5	4		
589237	589237	42.775	5	4		
589239	589239	42.775	5	4		
589240	589240	42.775	5	4		
589242	589242	42.775	5	4		
589243	589243	42.775	5	4		
589244	589244	42.775	5	4		
589245	589245	42.775	5	4		
589246	589246	42.775	5	4		
589256	589256	42.775	5	4		
590442	590442	42.8167	5	4		
590443	590443	42.8167	5	4		
590444	590444	42.8167	5	4		
590445	590445	42.8167	5	4		
590450	590450	42.8167	5	4		
590453	590453	42.8167	5	4		
590472	590472	42.8167	5	4		
590473	590473	42.8167	5	4		
590474	590474	42.8167	5	4		
590475	590475	42.8167	5	4		
590476	590476	42.8167	5	4		
590477	590477	42.8167	5	4		
590478	590478	42.8167	5	4		
590479	590479	42.8167	5	4		
590480	590480	42.8167	5	4		
590482	590482	42.8167	5	4		
590483	590483	42.8167	5	4		
590487	590487	42.8167	5	4		
590491	590491	42.8167	5	4		
590507	590507	42.8167	5	4		
590508	590508	42.8167	5	4		
590509	590509	42.8167	5	4		
590516	590516	42.8167	5	4		
590522	590522	42.8167	5	4		
590523	590523	42.8167	5	4		
590524	590524	42.8167	5	4		
590525	590525	42.8167	5	4		
590531	590531	42.8167	5	4		
590532	590532	42.8167	5	4		
590569	590569	42.8167	5	4		
590570	590570	42.8167	5	4		
590572	590572	42.8167	5	4		
590573	590573	42.8167	5	4		
590576	590576	42.8167	5	4		
590577	590577	42.8167	5	4		
590578	590578	42.8167	5	4		
590584	590584	42.8167	5	4		
590604	590604	42.8167	5	4		
590605	590605	42.8167	5	2		
590607	590607	42.8167	5	2		
590608	590608	42.8167	5	4		
590622	590622	42.8167	5	2		
590624	590624	42.8167	5	4		
590625	590625	42.8167	5	4		
590626	590626	42.8167	5	4		
590627	590627	42.8167	5	4		
590630	590630	42.8167	5	4		
590631	590631	42.8167	5	4		
590632	590632	42.8167	5	4		
590642	590642	42.8167	5	2		
590643	590643	42.8167	5	2		
591828	591828	42.8583	5	4		
591829	591829	42.8583	5	3		
591836	591836	42.8583	5	4		
591838	591838	42.8583	5	4		
591839	591839	42.8583	5	4		
591860	591860	42.8583	5	4		
591862	591862	42.8583	5	4		
591863	591863	42.8583	5	4		
591864	591864	42.8583	5	4		
591866	591866	42.8583	5	4		
591867	591867	42.8583	5	4		
591868	591868	42.8583	5	4		
591893	591893	42.8583	5	4		
591894	591894	42.8583	5	4		
591895	591895	42.8583	5	4		
591896	591896	42.8583	5	4		
591897	591897	42.8583	5	4		
591901	591901	42.8583	5	4		
591902	591902	42.8583	5	4		
591908	591908	42.8583	5	4		
591909	591909	42.8583	5	4		
591910	591910	42.8583	5	4		
591911	591911	42.8583	5	4		
591917	591917	42.8583	5	2		
591958	591958	42.8583	5	4		
591959	591959	42.8583	5	4		
591960	591960	42.8583	5	4		
591962	591962	42.8583	5	4		
591963	591963	42.8583	5	4		
591964	591964	42.8583	5	4		
591975	591975	42.8583	5	4		
591976	591976	42.8583	5	4		
591991	591991	42.8583	5	2		
591992	591992	42.8583	5	2		
591993	591993	42.8583	5	2		
591995	591995	42.8583	5	2		
591996	591996	42.8583	5	2		
591997	591997	42.8583	5	2		
592008	592008	42.8583	5	2		
592009	592009	42.8583	5	1		
592010	592010	42.8583	5	1		
592011	592011	42.8583	5	4		
592012	592012	42.8583	5	4		
592013	592013	42.8583	5	4		
592015	592015	42.8583	5	4		
592017	592017	42.8583	5	4		
592018	592018	42.8583	5	4		
592030	592030	42.8583	5	2		
592031	592031	42.8583	5	2		
593214	593214	42.9	5	4		
593215	593215	42.9	5	4		
593216	593216	42.9	5	4		
593224	593224	42.9	5	4		
593225	593225	42.9	5	4		
593237	593237	42.9	5	4		
593238	593238	42.9	5	4		
593240	593240	42.9	5	4		
593241	593241	42.9	5	4		
593242	593242	42.9	5	4		
593243	593243	42.9	5	4		
593252	593252	42.9	5	4		
593253	593253	42.9	5	4		
593279	593279	42.9	5	1		
593280	593280	42.9	5	4		
593281	593281	42.9	5	4		
593282	593282	42.9	5	4		
593283	593283	42.9	5	4		
593286	593286	42.9	5	4		
593287	593287	42.9	5	4		
593288	593288	42.9	5	4		
593303	593303	42.9	5	2		
593339	593339	42.9	5	4		
593340	593340	42.9	5	4		
593344	593344	42.9	5	4		
593345	593345	42.9	5	4		
593349	593349	42.9	5	4		
593350	593350	42.9	5	2		
593351	593351	42.9	5	4		
593352	593352	42.9	5	4		
593356	593356	42.9	5	4		
593380	593380	42.9	5	4		
593381	593381	42.9	5	2		
593382	593382	42.9	5	2		
593383	593383	42.9	5	2		
593384	593384	42.9	5	2		
593387	593387	42.9	5	4		
593388	593388	42.9	5	1		
593389	593389	42.9	5	4		
593393	593393	42.9	5	4		
593394	593394	42.9	5	2		
593395	593395	42.9	5	2		
593397	593397	42.9	5	4		
593398	593398	42.9	5	1		
593399	593399	42.9	5	1		
593400	593400	42.9	5	4		
593408	593408	42.9	5	4		
593409	593409	42.9	5	4		
593414	593414	42.9	5	4		
593415	593415	42.9	5	4		
593416	593416	42.9	5	2		
593417	593417	42.9	5	2		
593418	593418	42.9	5	2		
593419	593419	42.9	5	2		
594601	594601	42.9417	5	4		
594602	594602	42.9417	5	4		
594603	594603	42.9417	5	4		
594604	594604	42.9417	5	4		
594605	594605	42.9417	5	4		
594607	594607	42.9417	5	4		
594608	594608	42.9417	5	4		
594609	594609	42.9417	5	4		
594610	594610	42.9417	5	4		
594611	594611	42.9417	5	4		
594612	594612	42.9417	5	4		
594613	594613	42.9417	5	4		
594614	594614	42.9417	5	4		
594626	594626	42.9417	5	4		
594627	594627	42.9417	5	3		
594628	594628	42.9417	5	3		
594629	594629	42.9417	5	3		
594630	594630	42.9417	5	3		
594631	594631	42.9417	5	3		
594632	594632	42.9417	5	4		
594633	594633	42.9417	5	3		
594634	594634	42.9417	5	4		
594635	594635	42.9417	5	4		
594636	594636	42.9417	5	4		
594637	594637	42.9417	5	4		
594638	594638	42.9417	5	4		
594639	594639	42.9417	5	4		
594665	594665	42.9417	5	4		
594666	594666	42.9417	5	4		
594667	594667	42.9417	5	4		
594668	594668	42.9417	5	4		
594669	594669	42.9417	5	4		
594670	594670	42.9417	5	4		
594671	594671	42.9417	5	4		
594672	594672	42.9417	5	4		
594673	594673	42.9417	5	4		
594689	594689	42.9417	5	4		
594690	594690	42.9417	5	4		
594693	594693	42.9417	5	2		
594724	594724	42.9417	5	4		
594735	594735	42.9417	5	4		
594736	594736	42.9417	5	2		
594737	594737	42.9417	5	2		
594738	594738	42.9417	5	4		
594741	594741	42.9417	5	4		
594742	594742	42.9417	5	4		
594743	594743	42.9417	5	4		
594748	594748	42.9417	5	4		
594749	594749	42.9417	5	4		
594766	594766	42.9417	5	2		
594767	594767	42.9417	5	2		
594768	594768	42.9417	5	2		
594769	594769	42.9417	5	2		
594772	594772	42.9417	5	1		
594773	594773	42.9417	5	1		
594774	594774	42.9417	5	1		
594777	594777	42.9417	5	4		
594778	594778	42.9417	5	2		
594779	594779	42.9417	5	2		
594780	594780	42.9417	5	2		
594781	594781	42.9417	5	4		
594783	594783	42.9417	5	4		
594784	594784	42.9417	5	4		
594796	594796	42.9417	5	2		
594800	594800	42.9417	5	4		
594801	594801	42.9417	5	2		
594802	594802	42.9417	5	2		
594803	594803	42.9417	5	2		
594804	594804	42.9417	5	2		
594805	594805	42.9417	5	3		
595987	595987	42.9833	5	4		
595988	595988	42.9833	5	4		
595989	595989	42.9833	5	4		
595990	595990	42.9833	5	4		
595993	595993	42.9833	5	4		
595994	595994	42.9833	5	4		
595995	595995	42.9833	5	4		
595996	595996	42.9833	5	4		
595998	595998	42.9833	5	4		
595999	595999	42.9833	5	4		
596000	596000	42.9833	5	4		
596001	596001	42.9833	5	4		
596002	596002	42.9833	5	4		
596013	596013	42.9833	5	4		
596014	596014	42.9833	5	3		
596015	596015	42.9833	5	3		
596017	596017	42.9833	5	3		
596018	596018	42.9833	5	3		
596019	596019	42.9833	5	4		
596020	596020	42.9833	5	4		
596021	596021	42.9833	5	4		
596023	596023	42.9833	5	4		
596025	596025	42.9833	5	4		
596026	596026	42.9833	5	4		
596052	596052	42.9833	5	4		
596053	596053	42.9833	5	4		
596054	596054	42.9833	5	4		
596055	596055	42.9833	5	4		
596056	596056	42.9833	5	4		
596057	596057	42.9833	5	4		
596058	596058	42.9833	5	4		
596059	596059	42.9833	5	4		
596076	596076	42.9833	5	2		
596077	596077	42.9833	5	2		
596078	596078	42.9833	5	4		
596079	596079	42.9833	5	4		
596121	596121	42.9833	5	4		
596122	596122	42.9833	5	4		
596125	596125	42.9833	5	4		
596126	596126	42.9833	5	4		
596127	596127	42.9833	5	2		
596128	596128	42.9833	5	4		
596158	596158	42.9833	5	1		
596159	596159	42.9833	5	4		
596161	596161	42.9833	5	1		
596162	596162	42.9833	5	2		
596163	596163	42.9833	5	2		
596164	596164	42.9833	5	2		
596165	596165	42.9833	5	2		
596166	596166	42.9833	5	4		
596167	596167	42.9833	5	2		
596170	596170	42.9833	5	4		
596182	596182	42.9833	5	2		
596183	596183	42.9833	5	4		
596184	596184	42.9833	5	2		
596186	596186	42.9833	5	2		
596187	596187	42.9833	5	3		
596188	596188	42.9833	5	3		
596189	596189	42.9833	5	3		
596190	596190	42.9833	5	3		
596191	596191	42.9833	5	3		
597374	597374	43.025	5	4		
597375	597375	43.025	5	4		
597376	597376	43.025	5	4		
597379	597379	43.025	5	4		
597380	597380	43.025	5	4		
597381	597381	43.025	5	3		
597382	597382	43.025	5	4		
597383	597383	43.025	5	4		
597384	597384	43.025	5	4		
597385	597385	43.025	5	3		
597386	597386	43.025	5	4		
597387	597387	43.025	5	4		
597391	597391	43.025	5	4		
597392	597392	43.025	5	4		
597393	597393	43.025	5	4		
597395	597395	43.025	5	4		
597397	597397	43.025	5	4		
597398	597398	43.025	5	4		
597399	597399	43.025	5	4		
597400	597400	43.025	5	4		
597401	597401	43.025	5	4		
597402	597402	43.025	5	4		
597403	597403	43.025	5	3		
597404	597404	43.025	5	4		
597405	597405	43.025	5	3		
597406	597406	43.025	5	4		
597407	597407	43.025	5	4		
597412	597412	43.025	5	4		
597413	597413	43.025	5	4		
597416	597416	43.025	5	4		
597440	597440	43.025	5	4		
597441	597441	43.025	5	4		
597442	597442	43.025	5	4		
597462	597462	43.025	5	4		
597463	597463	43.025	5	4		
597464	597464	43.025	5	2		
597465	597465	43.025	5	2		
597508	597508	43.025	5	4		
597509	597509	43.025	5	4		
597510	597510	43.025	5	4		
597511	597511	43.025	5	4		
597512	597512	43.025	5	4		
597513	597513	43.025	5	4		
597544	597544	43.025	5	4		
597545	597545	43.025	5	1		
597549	597549	43.025	5	4		
597550	597550	43.025	5	2		
597551	597551	43.025	5	4		
597552	597552	43.025	5	4		
597554	597554	43.025	5	4		
597565	597565	43.025	5	4		
597566	597566	43.025	5	2		
597567	597567	43.025	5	2		
597568	597568	43.025	5	2		
597569	597569	43.025	5	2		
597570	597570	43.025	5	4		
597571	597571	43.025	5	3		
597572	597572	43.025	5	3		
597573	597573	43.025	5	3		
597574	597574	43.025	5	3		
597575	597575	43.025	5	3		
597576	597576	43.025	5	3		
597577	597577	43.025	5	4		
598760	598760	43.0667	5	4		
598761	598761	43.0667	5	4		
598762	598762	43.0667	5	4		
598763	598763	43.0667	5	4		
598764	598764	43.0667	5	4		
598765	598765	43.0667	5	4		
598766	598766	43.0667	5	4		
598767	598767	43.0667	5	4		
598768	598768	43.0667	5	4		
598769	598769	43.0667	5	4		
598771	598771	43.0667	5	4		
598777	598777	43.0667	5	4		
598778	598778	43.0667	5	4		
598779	598779	43.0667	5	4		
598780	598780	43.0667	5	4		
598781	598781	43.0667	5	4		
598782	598782	43.0667	5	4		
598783	598783	43.0667	5	4		
598784	598784	43.0667	5	4		
598785	598785	43.0667	5	4		
598786	598786	43.0667	5	3		
598787	598787	43.0667	5	4		
598788	598788	43.0667	5	4		
598789	598789	43.0667	5	4		
598790	598790	43.0667	5	4		
598791	598791	43.0667	5	4		
598793	598793	43.0667	5	4		
598794	598794	43.0667	5	4		
598801	598801	43.0667	5	4		
598827	598827	43.0667	5	4		
598828	598828	43.0667	5	4		
598844	598844	43.0667	5	4		
598845	598845	43.0667	5	4		
598846	598846	43.0667	5	1		
598847	598847	43.0667	5	1		
598851	598851	43.0667	5	4		
598893	598893	43.0667	5	1		
598894	598894	43.0667	5	4		
598895	598895	43.0667	5	4		
598896	598896	43.0667	5	4		
598900	598900	43.0667	5	2		
598901	598901	43.0667	5	2		
598922	598922	43.0667	5	4		
598923	598923	43.0667	5	4		
598930	598930	43.0667	5	4		
598931	598931	43.0667	5	1		
598932	598932	43.0667	5	4		
598934	598934	43.0667	5	4		
598937	598937	43.0667	5	2		
598938	598938	43.0667	5	1		
598939	598939	43.0667	5	4		
598940	598940	43.0667	5	4		
598949	598949	43.0667	5	4		
598951	598951	43.0667	5	4		
598952	598952	43.0667	5	2		
598953	598953	43.0667	5	2		
598954	598954	43.0667	5	4		
598955	598955	43.0667	5	3		
598956	598956	43.0667	5	3		
598957	598957	43.0667	5	3		
598958	598958	43.0667	5	3		
598959	598959	43.0667	5	4		
598960	598960	43.0667	5	3		
598962	598962	43.0667	5	2		
600146	600146	43.1083	5	4		
600147	600147	43.1083	5	4		
600148	600148	43.1083	5	4		
600149	600149	43.1083	5	4		
600150	600150	43.1083	5	4		
600151	600151	43.1083	5	4		
600152	600152	43.1083	5	3		
600153	600153	43.1083	5	4		
600154	600154	43.1083	5	4		
600155	600155	43.1083	5	3		
600156	600156	43.1083	5	4		
600157	600157	43.1083	5	4		
600158	600158	43.1083	5	4		
600164	600164	43.1083	5	4		
600165	600165	43.1083	5	4		
600166	600166	43.1083	5	4		
600167	600167	43.1083	5	4		
600168	600168	43.1083	5	4		
600169	600169	43.1083	5	4		
600170	600170	43.1083	5	3		
600171	600171	43.1083	5	3		
600172	600172	43.1083	5	4		
600173	600173	43.1083	5	4		
600174	600174	43.1083	5	4		
600175	600175	43.1083	5	4		
600176	600176	43.1083	5	4		
600177	600177	43.1083	5	4		
600178	600178	43.1083	5	4		
600224	600224	43.1083	5	1		
600225	600225	43.1083	5	4		
600227	600227	43.1083	5	1		
600228	600228	43.1083	5	1		
600229	600229	43.1083	5	1		
600230	600230	43.1083	5	4		
600231	600231	43.1083	5	4		
600232	600232	43.1083	5	4		
600233	600233	43.1083	5	4		
600278	600278	43.1083	5	4		
600279	600279	43.1083	5	4		
600280	600280	43.1083	5	4		
600281	600281	43.1083	5	4		
600283	600283	43.1083	5	4		
600284	600284	43.1083	5	2		
600285	600285	43.1083	5	4		
600286	600286	43.1083	5	4		
600290	600290	43.1083	5	2		
600291	600291	43.1083	5	4		
600297	600297	43.1083	5	4		
600298	600298	43.1083	5	4		
600317	600317	43.1083	5	2		
600318	600318	43.1083	5	2		
600319	600319	43.1083	5	4		
600320	600320	43.1083	5	4		
600321	600321	43.1083	5	2		
600322	600322	43.1083	5	2		
600323	600323	43.1083	5	2		
600324	600324	43.1083	5	4		
600325	600325	43.1083	5	1		
600326	600326	43.1083	5	1		
600335	600335	43.1083	5	4		
600336	600336	43.1083	5	2		
600339	600339	43.1083	5	2		
600341	600341	43.1083	5	3		
600342	600342	43.1083	5	3		
600343	600343	43.1083	5	3		
601533	601533	43.15	5	4		
601534	601534	43.15	5	4		
601535	601535	43.15	5	4		
601536	601536	43.15	5	4		
601537	601537	43.15	5	4		
601538	601538	43.15	5	4		
601539	601539	43.15	5	4		
601540	601540	43.15	5	4		
601541	601541	43.15	5	4		
601542	601542	43.15	5	4		
601543	601543	43.15	5	4		
601544	601544	43.15	5	4		
601545	601545	43.15	5	4		
601546	601546	43.15	5	4		
601547	601547	43.15	5	4		
601551	601551	43.15	5	4		
601552	601552	43.15	5	4		
601553	601553	43.15	5	4		
601554	601554	43.15	5	4		
601555	601555	43.15	5	3		
601556	601556	43.15	5	4		
601557	601557	43.15	5	3		
601558	601558	43.15	5	4		
601559	601559	43.15	5	4		
601560	601560	43.15	5	4		
601561	601561	43.15	5	3		
601562	601562	43.15	5	4		
601563	601563	43.15	5	4		
601564	601564	43.15	5	4		
601611	601611	43.15	5	4		
601612	601612	43.15	5	4		
601613	601613	43.15	5	1		
601614	601614	43.15	5	1		
601615	601615	43.15	5	1		
601616	601616	43.15	5	4		
601617	601617	43.15	5	1		
601618	601618	43.15	5	1		
601619	601619	43.15	5	1		
601620	601620	43.15	5	1		
601659	601659	43.15	5	4		
601660	601660	43.15	5	4		
601664	601664	43.15	5	4		
601665	601665	43.15	5	4		
601666	601666	43.15	5	4		
601670	601670	43.15	5	4		
601671	601671	43.15	5	4		
601676	601676	43.15	5	4		
601677	601677	43.15	5	4		
601678	601678	43.15	5	4		
601684	601684	43.15	5	4		
601685	601685	43.15	5	4		
601686	601686	43.15	5	4		
601691	601691	43.15	5	4		
601702	601702	43.15	5	4		
601705	601705	43.15	5	4		
601706	601706	43.15	5	4		
601709	601709	43.15	5	4		
601710	601710	43.15	5	2		
601712	601712	43.15	5	2		
601716	601716	43.15	5	4		
601722	601722	43.15	5	2		
601723	601723	43.15	5	2		
601724	601724	43.15	5	2		
601725	601725	43.15	5	3		
601726	601726	43.15	5	3		
602919	602919	43.1917	5	4		
602920	602920	43.1917	5	3		
602921	602921	43.1917	5	4		
602922	602922	43.1917	5	4		
602923	602923	43.1917	5	4		
602924	602924	43.1917	5	4		
602925	602925	43.1917	5	4		
602926	602926	43.1917	5	4		
602927	602927	43.1917	5	4		
602928	602928	43.1917	5	4		
602929	602929	43.1917	5	4		
602938	602938	43.1917	5	4		
602939	602939	43.1917	5	4		
602940	602940	43.1917	5	4		
602941	602941	43.1917	5	4		
602942	602942	43.1917	5	4		
602943	602943	43.1917	5	4		
602944	602944	43.1917	5	4		
602945	602945	43.1917	5	4		
602946	602946	43.1917	5	4		
602947	602947	43.1917	5	4		
602948	602948	43.1917	5	4		
602949	602949	43.1917	5	4		
602952	602952	43.1917	5	4		
602973	602973	43.1917	5	4		
602996	602996	43.1917	5	4		
602997	602997	43.1917	5	1		
602998	602998	43.1917	5	4		
602999	602999	43.1917	5	4		
603000	603000	43.1917	5	4		
603001	603001	43.1917	5	4		
603003	603003	43.1917	5	1		
603004	603004	43.1917	5	1		
603005	603005	43.1917	5	1		
603006	603006	43.1917	5	1		
603007	603007	43.1917	5	1		
603008	603008	43.1917	5	1		
603009	603009	43.1917	5	4		
603010	603010	43.1917	5	1		
603012	603012	43.1917	5	1		
603013	603013	43.1917	5	1		
603024	603024	43.1917	5	1		
603025	603025	43.1917	5	4		
603045	603045	43.1917	5	4		
603046	603046	43.1917	5	4		
603049	603049	43.1917	5	1		
603050	603050	43.1917	5	4		
603051	603051	43.1917	5	4		
603052	603052	43.1917	5	2		
603053	603053	43.1917	5	2		
603059	603059	43.1917	5	4		
603060	603060	43.1917	5	4		
603061	603061	43.1917	5	2		
603065	603065	43.1917	5	2		
603071	603071	43.1917	5	2		
603072	603072	43.1917	5	4		
603073	603073	43.1917	5	4		
603074	603074	43.1917	5	4		
603081	603081	43.1917	5	4		
603082	603082	43.1917	5	4		
603088	603088	43.1917	5	4		
603091	603091	43.1917	5	4		
603092	603092	43.1917	5	4		
603095	603095	43.1917	5	2		
603096	603096	43.1917	5	4		
603102	603102	43.1917	5	2		
603103	603103	43.1917	5	2		
603107	603107	43.1917	5	2		
603108	603108	43.1917	5	2		
603109	603109	43.1917	5	2		
603110	603110	43.1917	5	2		
603111	603111	43.1917	5	3		
604305	604305	43.2333	5	4		
604306	604306	43.2333	5	4		
604308	604308	43.2333	5	4		
604309	604309	43.2333	5	4		
604310	604310	43.2333	5	4		
604311	604311	43.2333	5	4		
604312	604312	43.2333	5	4		
604313	604313	43.2333	5	4		
604314	604314	43.2333	5	4		
604325	604325	43.2333	5	4		
604326	604326	43.2333	5	4		
604327	604327	43.2333	5	4		
604328	604328	43.2333	5	3		
604329	604329	43.2333	5	4		
604330	604330	43.2333	5	4		
604331	604331	43.2333	5	4		
604332	604332	43.2333	5	4		
604333	604333	43.2333	5	4		
604334	604334	43.2333	5	4		
604335	604335	43.2333	5	4		
604336	604336	43.2333	5	4		
604337	604337	43.2333	5	4		
604338	604338	43.2333	5	4		
604339	604339	43.2333	5	4		
604340	604340	43.2333	5	4		
604382	604382	43.2333	5	4		
604383	604383	43.2333	5	1		
604385	604385	43.2333	5	4		
604386	604386	43.2333	5	4		
604387	604387	43.2333	5	4		
604388	604388	43.2333	5	1		
604389	604389	43.2333	5	1		
604390	604390	43.2333	5	1		
604391	604391	43.2333	5	1		
604392	604392	43.2333	5	1		
604393	604393	43.2333	5	1		
604394	604394	43.2333	5	1		
604395	604395	43.2333	5	1		
604396	604396	43.2333	5	1		
604397	604397	43.2333	5	1		
604398	604398	43.2333	5	1		
604399	604399	43.2333	5	1		
604410	604410	43.2333	5	1		
604411	604411	43.2333	5	1		
604428	604428	43.2333	5	1		
604429	604429	43.2333	5	4		
604434	604434	43.2333	5	4		
604436	604436	43.2333	5	1		
604437	604437	43.2333	5	4		
604438	604438	43.2333	5	4		
604439	604439	43.2333	5	2		
604440	604440	43.2333	5	4		
604441	604441	43.2333	5	4		
604442	604442	43.2333	5	4		
604443	604443	43.2333	5	2		
604444	604444	43.2333	5	2		
604445	604445	43.2333	5	2		
604446	604446	43.2333	5	2		
604447	604447	43.2333	5	2		
604448	604448	43.2333	5	2		
604450	604450	43.2333	5	4		
604451	604451	43.2333	5	2		
604458	604458	43.2333	5	4		
604459	604459	43.2333	5	4		
604460	604460	43.2333	5	4		
604461	604461	43.2333	5	4		
604462	604462	43.2333	5	4		
604463	604463	43.2333	5	4		
604470	604470	43.2333	5	4		
604471	604471	43.2333	5	4		
604481	604481	43.2333	5	1		
604487	604487	43.2333	5	4		
604488	604488	43.2333	5	2		
604489	604489	43.2333	5	2		
604493	604493	43.2333	5	2		
604494	604494	43.2333	5	2		
604495	604495	43.2333	5	2		
604496	604496	43.2333	5	2		
604498	604498	43.2333	5	4		
605691	605691	43.275	5	4		
605692	605692	43.275	5	4		
605693	605693	43.275	5	4		
605695	605695	43.275	5	4		
605696	605696	43.275	5	4		
605697	605697	43.275	5	4		
605699	605699	43.275	5	4		
605700	605700	43.275	5	4		
605712	605712	43.275	5	4		
605713	605713	43.275	5	4		
605714	605714	43.275	5	3		
605715	605715	43.275	5	4		
605716	605716	43.275	5	4		
605717	605717	43.275	5	4		
605718	605718	43.275	5	4		
605719	605719	43.275	5	4		
605720	605720	43.275	5	4		
605721	605721	43.275	5	4		
605722	605722	43.275	5	4		
605723	605723	43.275	5	4		
605724	605724	43.275	5	4		
605734	605734	43.275	5	4		
605735	605735	43.275	5	4		
605770	605770	43.275	5	1		
605771	605771	43.275	5	1		
605772	605772	43.275	5	4		
605773	605773	43.275	5	1		
605774	605774	43.275	5	1		
605775	605775	43.275	5	1		
605776	605776	43.275	5	1		
605777	605777	43.275	5	1		
605778	605778	43.275	5	1		
605779	605779	43.275	5	1		
605780	605780	43.275	5	1		
605781	605781	43.275	5	1		
605782	605782	43.275	5	1		
605783	605783	43.275	5	1		
605784	605784	43.275	5	1		
605785	605785	43.275	5	1		
605813	605813	43.275	5	4		
605814	605814	43.275	5	4		
605815	605815	43.275	5	1		
605816	605816	43.275	5	4		
605820	605820	43.275	5	4		
605821	605821	43.275	5	4		
605822	605822	43.275	5	4		
605823	605823	43.275	5	4		
605824	605824	43.275	5	2		
605825	605825	43.275	5	4		
605826	605826	43.275	5	4		
605828	605828	43.275	5	2		
605829	605829	43.275	5	1		
605830	605830	43.275	5	1		
605831	605831	43.275	5	2		
605836	605836	43.275	5	4		
605837	605837	43.275	5	2		
605838	605838	43.275	5	4		
605841	605841	43.275	5	4		
605846	605846	43.275	5	4		
605847	605847	43.275	5	4		
605856	605856	43.275	5	4		
605857	605857	43.275	5	4		
605860	605860	43.275	5	4		
605861	605861	43.275	5	4		
605864	605864	43.275	5	4		
605865	605865	43.275	5	1		
605866	605866	43.275	5	4		
605867	605867	43.275	5	1		
605869	605869	43.275	5	1		
605873	605873	43.275	5	4		
605874	605874	43.275	5	4		
605879	605879	43.275	5	3		
605880	605880	43.275	5	3		
605881	605881	43.275	5	3		
605882	605882	43.275	5	4		
605883	605883	43.275	5	4		
605884	605884	43.275	5	4		
607078	607078	43.3167	5	4		
607080	607080	43.3167	5	4		
607081	607081	43.3167	5	4		
607082	607082	43.3167	5	4		
607083	607083	43.3167	5	4		
607084	607084	43.3167	5	4		
607085	607085	43.3167	5	4		
607086	607086	43.3167	5	4		
607096	607096	43.3167	5	4		
607098	607098	43.3167	5	4		
607099	607099	43.3167	5	4		
607100	607100	43.3167	5	4		
607101	607101	43.3167	5	4		
607102	607102	43.3167	5	4		
607103	607103	43.3167	5	4		
607104	607104	43.3167	5	4		
607105	607105	43.3167	5	4		
607106	607106	43.3167	5	4		
607107	607107	43.3167	5	4		
607108	607108	43.3167	5	4		
607109	607109	43.3167	5	4		
607110	607110	43.3167	5	4		
607113	607113	43.3167	5	4		
607157	607157	43.3167	5	4		
607158	607158	43.3167	5	1		
607159	607159	43.3167	5	1		
607160	607160	43.3167	5	1		
607161	607161	43.3167	5	1		
607162	607162	43.3167	5	1		
607163	607163	43.3167	5	1		
607164	607164	43.3167	5	4		
607167	607167	43.3167	5	1		
607168	607168	43.3167	5	1		
607169	607169	43.3167	5	1		
607170	607170	43.3167	5	1		
607171	607171	43.3167	5	4		
607198	607198	43.3167	5	4		
607199	607199	43.3167	5	4		
607200	607200	43.3167	5	4		
607201	607201	43.3167	5	1		
607202	607202	43.3167	5	4		
607203	607203	43.3167	5	2		
607204	607204	43.3167	5	2		
607205	607205	43.3167	5	1		
607206	607206	43.3167	5	1		
607214	607214	43.3167	5	1		
607216	607216	43.3167	5	1		
607217	607217	43.3167	5	1		
607221	607221	43.3167	5	4		
607222	607222	43.3167	5	4		
607223	607223	43.3167	5	4		
607227	607227	43.3167	5	4		
607232	607232	43.3167	5	4		
607233	607233	43.3167	5	4		
607239	607239	43.3167	5	4		
607240	607240	43.3167	5	4		
607243	607243	43.3167	5	4		
607251	607251	43.3167	5	2		
607252	607252	43.3167	5	1		
607253	607253	43.3167	5	1		
607255	607255	43.3167	5	1		
607262	607262	43.3167	5	2		
607263	607263	43.3167	5	2		
607264	607264	43.3167	5	2		
607265	607265	43.3167	5	3		
607266	607266	43.3167	5	3		
607267	607267	43.3167	5	2		
607268	607268	43.3167	5	4		
607269	607269	43.3167	5	4		
608464	608464	43.3583	5	4		
608465	608465	43.3583	5	4		
608467	608467	43.3583	5	4		
608468	608468	43.3583	5	4		
608469	608469	43.3583	5	4		
608470	608470	43.3583	5	4		
608471	608471	43.3583	5	3		
608472	608472	43.3583	5	4		
608482	608482	43.3583	5	4		
608483	608483	43.3583	5	4		
608484	608484	43.3583	5	4		
608485	608485	43.3583	5	3		
608486	608486	43.3583	5	3		
608487	608487	43.3583	5	4		
608488	608488	43.3583	5	4		
608489	608489	43.3583	5	4		
608491	608491	43.3583	5	4		
608492	608492	43.3583	5	4		
608494	608494	43.3583	5	4		
608497	608497	43.3583	5	4		
608541	608541	43.3583	5	1		
608543	608543	43.3583	5	1		
608544	608544	43.3583	5	1		
608545	608545	43.3583	5	1		
608546	608546	43.3583	5	1		
608547	608547	43.3583	5	1		
608548	608548	43.3583	5	1		
608549	608549	43.3583	5	1		
608554	608554	43.3583	5	1		
608555	608555	43.3583	5	4		
608556	608556	43.3583	5	1		
608557	608557	43.3583	5	1		
608558	608558	43.3583	5	4		
608570	608570	43.3583	5	4		
608572	608572	43.3583	5	4		
608583	608583	43.3583	5	4		
608584	608584	43.3583	5	4		
608585	608585	43.3583	5	4		
608586	608586	43.3583	5	1		
608587	608587	43.3583	5	4		
608588	608588	43.3583	5	2		
608589	608589	43.3583	5	1		
608590	608590	43.3583	5	1		
608591	608591	43.3583	5	1		
608592	608592	43.3583	5	1		
608593	608593	43.3583	5	1		
608596	608596	43.3583	5	4		
608597	608597	43.3583	5	4		
608598	608598	43.3583	5	4		
608602	608602	43.3583	5	1		
608603	608603	43.3583	5	1		
608605	608605	43.3583	5	2		
608606	608606	43.3583	5	2		
608607	608607	43.3583	5	2		
608608	608608	43.3583	5	4		
608609	608609	43.3583	5	4		
608612	608612	43.3583	5	2		
608622	608622	43.3583	5	4		
608623	608623	43.3583	5	4		
608625	608625	43.3583	5	4		
608626	608626	43.3583	5	4		
608627	608627	43.3583	5	4		
608638	608638	43.3583	5	1		
608642	608642	43.3583	5	4		
608643	608643	43.3583	5	2		
608644	608644	43.3583	5	4		
608647	608647	43.3583	5	4		
608648	608648	43.3583	5	2		
608649	608649	43.3583	5	2		
608650	608650	43.3583	5	2		
608651	608651	43.3583	5	2		
608652	608652	43.3583	5	2		
608653	608653	43.3583	5	2		
608654	608654	43.3583	5	4		
609852	609852	43.4	5	4		
609853	609853	43.4	5	4		
609854	609854	43.4	5	4		
609855	609855	43.4	5	4		
609856	609856	43.4	5	4		
609857	609857	43.4	5	4		
609858	609858	43.4	5	4		
609868	609868	43.4	5	4		
609869	609869	43.4	5	4		
609870	609870	43.4	5	4		
609871	609871	43.4	5	4		
609872	609872	43.4	5	4		
609873	609873	43.4	5	4		
609874	609874	43.4	5	4		
609875	609875	43.4	5	4		
609876	609876	43.4	5	3		
609877	609877	43.4	5	4		
609878	609878	43.4	5	4		
609879	609879	43.4	5	4		
609880	609880	43.4	5	4		
609927	609927	43.4	5	1		
609929	609929	43.4	5	1		
609930	609930	43.4	5	1		
609931	609931	43.4	5	1		
609932	609932	43.4	5	4		
609933	609933	43.4	5	1		
609940	609940	43.4	5	1		
609941	609941	43.4	5	1		
609942	609942	43.4	5	4		
609943	609943	43.4	5	1		
609956	609956	43.4	5	4		
609957	609957	43.4	5	4		
609958	609958	43.4	5	1		
609969	609969	43.4	5	1		
609970	609970	43.4	5	1		
609971	609971	43.4	5	4		
609972	609972	43.4	5	4		
609975	609975	43.4	5	1		
609976	609976	43.4	5	1		
609977	609977	43.4	5	1		
609978	609978	43.4	5	1		
609979	609979	43.4	5	1		
609980	609980	43.4	5	4		
609981	609981	43.4	5	4		
609982	609982	43.4	5	4		
609983	609983	43.4	5	4		
609984	609984	43.4	5	4		
609985	609985	43.4	5	4		
609987	609987	43.4	5	1		
609988	609988	43.4	5	1		
609989	609989	43.4	5	1		
609990	609990	43.4	5	2		
609991	609991	43.4	5	4		
609993	609993	43.4	5	2		
609996	609996	43.4	5	4		
610003	610003	43.4	5	4		
610004	610004	43.4	5	4		
610008	610008	43.4	5	4		
610009	610009	43.4	5	4		
610024	610024	43.4	5	2		
610029	610029	43.4	5	4		
610030	610030	43.4	5	2		
610032	610032	43.4	5	4		
610033	610033	43.4	5	2		
610034	610034	43.4	5	2		
610035	610035	43.4	5	2		
610036	610036	43.4	5	2		
610037	610037	43.4	5	2		
610038	610038	43.4	5	2		
610039	610039	43.4	5	2		
610040	610040	43.4	5	2		
611238	611238	43.4417	5	4		
611239	611239	43.4417	5	4		
611240	611240	43.4417	5	4		
611241	611241	43.4417	5	4		
611243	611243	43.4417	5	4		
611244	611244	43.4417	5	4		
611245	611245	43.4417	5	4		
611254	611254	43.4417	5	4		
611255	611255	43.4417	5	4		
611256	611256	43.4417	5	4		
611258	611258	43.4417	5	4		
611259	611259	43.4417	5	4		
611260	611260	43.4417	5	4		
611261	611261	43.4417	5	4		
611262	611262	43.4417	5	4		
611263	611263	43.4417	5	4		
611264	611264	43.4417	5	4		
611265	611265	43.4417	5	4		
611266	611266	43.4417	5	4		
611267	611267	43.4417	5	4		
611297	611297	43.4417	5	4		
611299	611299	43.4417	5	4		
611300	611300	43.4417	5	4		
611325	611325	43.4417	5	1		
611326	611326	43.4417	5	1		
611327	611327	43.4417	5	1		
611328	611328	43.4417	5	1		
611339	611339	43.4417	5	4		
611341	611341	43.4417	5	4		
611354	611354	43.4417	5	4		
611362	611362	43.4417	5	4		
611363	611363	43.4417	5	1		
611364	611364	43.4417	5	1		
611365	611365	43.4417	5	1		
611366	611366	43.4417	5	1		
611367	611367	43.4417	5	4		
611368	611368	43.4417	5	4		
611369	611369	43.4417	5	1		
611370	611370	43.4417	5	4		
611371	611371	43.4417	5	4		
611372	611372	43.4417	5	1		
611373	611373	43.4417	5	1		
611374	611374	43.4417	5	1		
611375	611375	43.4417	5	1		
611376	611376	43.4417	5	4		
611378	611378	43.4417	5	2		
611379	611379	43.4417	5	4		
611382	611382	43.4417	5	2		
611383	611383	43.4417	5	2		
611384	611384	43.4417	5	2		
611389	611389	43.4417	5	4		
611390	611390	43.4417	5	4		
611391	611391	43.4417	5	4		
611395	611395	43.4417	5	4		
611410	611410	43.4417	5	2		
611417	611417	43.4417	5	2		
611418	611418	43.4417	5	2		
611419	611419	43.4417	5	2		
611420	611420	43.4417	5	2		
611421	611421	43.4417	5	2		
611422	611422	43.4417	5	2		
611423	611423	43.4417	5	2		
611424	611424	43.4417	5	2		
611425	611425	43.4417	5	2		
611426	611426	43.4417	5	2		
612625	612625	43.4833	5	4		
612626	612626	43.4833	5	4		
612627	612627	43.4833	5	4		
612628	612628	43.4833	5	4		
612629	612629	43.4833	5	4		
612641	612641	43.4833	5	4		
612642	612642	43.4833	5	4		
612643	612643	43.4833	5	4		
612644	612644	43.4833	5	4		
612645	612645	43.4833	5	4		
612646	612646	43.4833	5	4		
612647	612647	43.4833	5	4		
612648	612648	43.4833	5	4		
612649	612649	43.4833	5	4		
612650	612650	43.4833	5	4		
612651	612651	43.4833	5	4		
612652	612652	43.4833	5	4		
612653	612653	43.4833	5	4		
612680	612680	43.4833	5	4		
612681	612681	43.4833	5	4		
612686	612686	43.4833	5	4		
612710	612710	43.4833	5	4		
612711	612711	43.4833	5	4		
612724	612724	43.4833	5	4		
612725	612725	43.4833	5	4		
612739	612739	43.4833	5	1		
612740	612740	43.4833	5	1		
612741	612741	43.4833	5	1		
612746	612746	43.4833	5	1		
612747	612747	43.4833	5	1		
612748	612748	43.4833	5	1		
612749	612749	43.4833	5	1		
612750	612750	43.4833	5	1		
612751	612751	43.4833	5	4		
612752	612752	43.4833	5	4		
612753	612753	43.4833	5	1		
612754	612754	43.4833	5	1		
612755	612755	43.4833	5	1		
612756	612756	43.4833	5	1		
612757	612757	43.4833	5	1		
612758	612758	43.4833	5	1		
612759	612759	43.4833	5	1		
612760	612760	43.4833	5	1		
612769	612769	43.4833	5	2		
612770	612770	43.4833	5	2		
612773	612773	43.4833	5	2		
612774	612774	43.4833	5	1		
612775	612775	43.4833	5	4		
612800	612800	43.4833	5	2		
612801	612801	43.4833	5	2		
612802	612802	43.4833	5	2		
612803	612803	43.4833	5	2		
612804	612804	43.4833	5	2		
612805	612805	43.4833	5	2		
612806	612806	43.4833	5	2		
612807	612807	43.4833	5	2		
614011	614011	43.525	5	4		
614012	614012	43.525	5	4		
614013	614013	43.525	5	4		
614014	614014	43.525	5	4		
614015	614015	43.525	5	4		
614020	614020	43.525	5	4		
614021	614021	43.525	5	4		
614026	614026	43.525	5	4		
614027	614027	43.525	5	4		
614028	614028	43.525	5	4		
614029	614029	43.525	5	4		
614032	614032	43.525	5	4		
614033	614033	43.525	5	4		
614034	614034	43.525	5	4		
614035	614035	43.525	5	4		
614036	614036	43.525	5	4		
614037	614037	43.525	5	4		
614071	614071	43.525	5	4		
614072	614072	43.525	5	4		
614073	614073	43.525	5	4		
614123	614123	43.525	5	1		
614124	614124	43.525	5	1		
614125	614125	43.525	5	1		
614126	614126	43.525	5	1		
614131	614131	43.525	5	1		
614132	614132	43.525	5	1		
614133	614133	43.525	5	1		
614134	614134	43.525	5	1		
614135	614135	43.525	5	4		
614136	614136	43.525	5	1		
614137	614137	43.525	5	1		
614138	614138	43.525	5	4		
614139	614139	43.525	5	1		
614140	614140	43.525	5	1		
614141	614141	43.525	5	1		
614142	614142	43.525	5	4		
614143	614143	43.525	5	1		
614144	614144	43.525	5	1		
614145	614145	43.525	5	1		
614146	614146	43.525	5	1		
614147	614147	43.525	5	1		
614156	614156	43.525	5	4		
614157	614157	43.525	5	4		
614158	614158	43.525	5	2		
614159	614159	43.525	5	4		
614160	614160	43.525	5	1		
614161	614161	43.525	5	1		
614182	614182	43.525	5	4		
614185	614185	43.525	5	2		
614186	614186	43.525	5	2		
614187	614187	43.525	5	2		
614188	614188	43.525	5	2		
614189	614189	43.525	5	2		
614190	614190	43.525	5	2		
614191	614191	43.525	5	2		
615398	615398	43.5667	5	4		
615399	615399	43.5667	5	4		
615400	615400	43.5667	5	4		
615401	615401	43.5667	5	4		
615406	615406	43.5667	5	4		
615407	615407	43.5667	5	4		
615408	615408	43.5667	5	4		
615412	615412	43.5667	5	4		
615413	615413	43.5667	5	4		
615414	615414	43.5667	5	4		
615418	615418	43.5667	5	4		
615419	615419	43.5667	5	4		
615420	615420	43.5667	5	4		
615422	615422	43.5667	5	4		
615423	615423	43.5667	5	4		
615459	615459	43.5667	5	4		
615460	615460	43.5667	5	4		
615507	615507	43.5667	5	1		
615508	615508	43.5667	5	1		
615509	615509	43.5667	5	1		
615510	615510	43.5667	5	1		
615511	615511	43.5667	5	1		
615520	615520	43.5667	5	1		
615521	615521	43.5667	5	1		
615522	615522	43.5667	5	1		
615523	615523	43.5667	5	1		
615524	615524	43.5667	5	1		
615525	615525	43.5667	5	1		
615526	615526	43.5667	5	1		
615527	615527	43.5667	5	1		
615528	615528	43.5667	5	1		
615529	615529	43.5667	5	1		
615530	615530	43.5667	5	1		
615531	615531	43.5667	5	1		
615532	615532	43.5667	5	1		
615533	615533	43.5667	5	1		
615536	615536	43.5667	5	4		
615542	615542	43.5667	5	2		
615547	615547	43.5667	5	1		
615548	615548	43.5667	5	4		
615568	615568	43.5667	5	2		
615569	615569	43.5667	5	2		
615570	615570	43.5667	5	2		
615571	615571	43.5667	5	2		
615572	615572	43.5667	5	2		
615573	615573	43.5667	5	2		
615574	615574	43.5667	5	2		
615575	615575	43.5667	5	3		
615576	615576	43.5667	5	2		
616785	616785	43.6083	5	4		
616786	616786	43.6083	5	4		
616787	616787	43.6083	5	4		
616796	616796	43.6083	5	4		
616797	616797	43.6083	5	4		
616798	616798	43.6083	5	4		
616799	616799	43.6083	5	4		
616800	616800	43.6083	5	4		
616803	616803	43.6083	5	4		
616804	616804	43.6083	5	4		
616805	616805	43.6083	5	4		
616806	616806	43.6083	5	4		
616807	616807	43.6083	5	3		
616808	616808	43.6083	5	4		
616809	616809	43.6083	5	4		
616810	616810	43.6083	5	4		
616811	616811	43.6083	5	4		
616846	616846	43.6083	5	1		
616847	616847	43.6083	5	4		
616848	616848	43.6083	5	4		
616891	616891	43.6083	5	1		
616892	616892	43.6083	5	1		
616893	616893	43.6083	5	1		
616894	616894	43.6083	5	1		
616895	616895	43.6083	5	1		
616896	616896	43.6083	5	1		
616906	616906	43.6083	5	1		
616907	616907	43.6083	5	1		
616908	616908	43.6083	5	1		
616909	616909	43.6083	5	1		
616910	616910	43.6083	5	1		
616911	616911	43.6083	5	1		
616912	616912	43.6083	5	1		
616913	616913	43.6083	5	1		
616914	616914	43.6083	5	1		
616915	616915	43.6083	5	1		
616916	616916	43.6083	5	1		
616917	616917	43.6083	5	1		
616918	616918	43.6083	5	1		
616922	616922	43.6083	5	4		
616946	616946	43.6083	5	4		
616954	616954	43.6083	5	4		
616955	616955	43.6083	5	2		
616956	616956	43.6083	5	2		
616957	616957	43.6083	5	2		
616958	616958	43.6083	5	2		
616959	616959	43.6083	5	2		
616960	616960	43.6083	5	2		
616961	616961	43.6083	5	2		
616962	616962	43.6083	5	2		
618171	618171	43.65	5	4		
618172	618172	43.65	5	4		
618173	618173	43.65	5	4		
618174	618174	43.65	5	4		
618175	618175	43.65	5	4		
618176	618176	43.65	5	4		
618178	618178	43.65	5	4		
618179	618179	43.65	5	4		
618180	618180	43.65	5	4		
618181	618181	43.65	5	4		
618182	618182	43.65	5	4		
618183	618183	43.65	5	4		
618184	618184	43.65	5	4		
618185	618185	43.65	5	4		
618186	618186	43.65	5	4		
618187	618187	43.65	5	4		
618188	618188	43.65	5	4		
618189	618189	43.65	5	4		
618190	618190	43.65	5	4		
618191	618191	43.65	5	4		
618192	618192	43.65	5	4		
618193	618193	43.65	5	4		
618194	618194	43.65	5	4		
618195	618195	43.65	5	4		
618196	618196	43.65	5	4		
618197	618197	43.65	5	4		
618203	618203	43.65	5	4		
618233	618233	43.65	5	4		
618234	618234	43.65	5	4		
618264	618264	43.65	5	4		
618265	618265	43.65	5	4		
618266	618266	43.65	5	1		
618274	618274	43.65	5	4		
618278	618278	43.65	5	4		
618279	618279	43.65	5	4		
618289	618289	43.65	5	4		
618290	618290	43.65	5	4		
618291	618291	43.65	5	4		
618292	618292	43.65	5	1		
618293	618293	43.65	5	1		
618294	618294	43.65	5	1		
618295	618295	43.65	5	1		
618296	618296	43.65	5	4		
618297	618297	43.65	5	1		
618298	618298	43.65	5	1		
618299	618299	43.65	5	1		
618300	618300	43.65	5	4		
618301	618301	43.65	5	1		
618302	618302	43.65	5	1		
618303	618303	43.65	5	1		
618308	618308	43.65	5	2		
618309	618309	43.65	5	4		
618310	618310	43.65	5	4		
618316	618316	43.65	5	4		
618317	618317	43.65	5	4		
618336	618336	43.65	5	2		
618340	618340	43.65	5	2		
618341	618341	43.65	5	2		
618342	618342	43.65	5	2		
618343	618343	43.65	5	2		
618344	618344	43.65	5	2		
618345	618345	43.65	5	2		
618346	618346	43.65	5	2		
619557	619557	43.6917	5	4		
619558	619558	43.6917	5	4		
619559	619559	43.6917	5	4		
619560	619560	43.6917	5	4		
619561	619561	43.6917	5	4		
619562	619562	43.6917	5	4		
619565	619565	43.6917	5	4		
619568	619568	43.6917	5	4		
619569	619569	43.6917	5	4		
619570	619570	43.6917	5	4		
619574	619574	43.6917	5	4		
619575	619575	43.6917	5	4		
619576	619576	43.6917	5	4		
619577	619577	43.6917	5	4		
619578	619578	43.6917	5	4		
619579	619579	43.6917	5	4		
619580	619580	43.6917	5	4		
619582	619582	43.6917	5	4		
619583	619583	43.6917	5	4		
619584	619584	43.6917	5	4		
619585	619585	43.6917	5	4		
619588	619588	43.6917	5	4		
619589	619589	43.6917	5	4		
619590	619590	43.6917	5	4		
619591	619591	43.6917	5	4		
619620	619620	43.6917	5	4		
619621	619621	43.6917	5	4		
619648	619648	43.6917	5	4		
619649	619649	43.6917	5	1		
619650	619650	43.6917	5	1		
619651	619651	43.6917	5	1		
619652	619652	43.6917	5	1		
619660	619660	43.6917	5	4		
619665	619665	43.6917	5	4		
619666	619666	43.6917	5	4		
619676	619676	43.6917	5	4		
619677	619677	43.6917	5	1		
619678	619678	43.6917	5	4		
619680	619680	43.6917	5	4		
619684	619684	43.6917	5	4		
619685	619685	43.6917	5	4		
619686	619686	43.6917	5	4		
619687	619687	43.6917	5	4		
619694	619694	43.6917	5	2		
619695	619695	43.6917	5	2		
619696	619696	43.6917	5	4		
619702	619702	43.6917	5	4		
619703	619703	43.6917	5	4		
619723	619723	43.6917	5	4		
619724	619724	43.6917	5	2		
619726	619726	43.6917	5	2		
619727	619727	43.6917	5	3		
619728	619728	43.6917	5	3		
619729	619729	43.6917	5	3		
619730	619730	43.6917	5	2		
620943	620943	43.7333	5	4		
620944	620944	43.7333	5	4		
620945	620945	43.7333	5	4		
620946	620946	43.7333	5	4		
620962	620962	43.7333	5	4		
620963	620963	43.7333	5	4		
620964	620964	43.7333	5	4		
620965	620965	43.7333	5	4		
620966	620966	43.7333	5	4		
620967	620967	43.7333	5	4		
620968	620968	43.7333	5	4		
620969	620969	43.7333	5	4		
620970	620970	43.7333	5	4		
620971	620971	43.7333	5	4		
620972	620972	43.7333	5	4		
620973	620973	43.7333	5	4		
620974	620974	43.7333	5	4		
620984	620984	43.7333	5	4		
621006	621006	43.7333	5	4		
621007	621007	43.7333	5	4		
621008	621008	43.7333	5	4		
621034	621034	43.7333	5	1		
621035	621035	43.7333	5	1		
621036	621036	43.7333	5	4		
621042	621042	43.7333	5	4		
621043	621043	43.7333	5	4		
621044	621044	43.7333	5	4		
621045	621045	43.7333	5	4		
621051	621051	43.7333	5	4		
621052	621052	43.7333	5	4		
621054	621054	43.7333	5	4		
621059	621059	43.7333	5	4		
621061	621061	43.7333	5	4		
621062	621062	43.7333	5	4		
621079	621079	43.7333	5	2		
621088	621088	43.7333	5	2		
621089	621089	43.7333	5	2		
621106	621106	43.7333	5	4		
621110	621110	43.7333	5	2		
621111	621111	43.7333	5	2		
621112	621112	43.7333	5	2		
621113	621113	43.7333	5	3		
621114	621114	43.7333	5	3		
621115	621115	43.7333	5	2		
621116	621116	43.7333	5	2		
622331	622331	43.775	5	4		
622332	622332	43.775	5	4		
622333	622333	43.775	5	4		
622334	622334	43.775	5	4		
622335	622335	43.775	5	4		
622336	622336	43.775	5	4		
622337	622337	43.775	5	4		
622346	622346	43.775	5	4		
622347	622347	43.775	5	4		
622351	622351	43.775	5	4		
622352	622352	43.775	5	4		
622353	622353	43.775	5	4		
622354	622354	43.775	5	4		
622355	622355	43.775	5	4		
622356	622356	43.775	5	4		
622357	622357	43.775	5	4		
622358	622358	43.775	5	4		
622359	622359	43.775	5	4		
622369	622369	43.775	5	4		
622370	622370	43.775	5	4		
622371	622371	43.775	5	4		
622392	622392	43.775	5	4		
622393	622393	43.775	5	4		
622420	622420	43.775	5	1		
622422	622422	43.775	5	4		
622426	622426	43.775	5	1		
622427	622427	43.775	5	1		
622428	622428	43.775	5	1		
622429	622429	43.775	5	4		
622431	622431	43.775	5	4		
622432	622432	43.775	5	4		
622444	622444	43.775	5	4		
622445	622445	43.775	5	4		
622447	622447	43.775	5	4		
622448	622448	43.775	5	4		
622450	622450	43.775	5	4		
622451	622451	43.775	5	4		
622462	622462	43.775	5	4		
622463	622463	43.775	5	4		
622466	622466	43.775	5	4		
622467	622467	43.775	5	4		
622468	622468	43.775	5	4		
622469	622469	43.775	5	2		
622473	622473	43.775	5	2		
622474	622474	43.775	5	2		
622475	622475	43.775	5	4		
622476	622476	43.775	5	4		
622477	622477	43.775	5	4		
622478	622478	43.775	5	2		
622479	622479	43.775	5	4		
622480	622480	43.775	5	2		
622482	622482	43.775	5	2		
622484	622484	43.775	5	2		
622485	622485	43.775	5	4		
622486	622486	43.775	5	4		
622496	622496	43.775	5	2		
622497	622497	43.775	5	3		
622498	622498	43.775	5	3		
622499	622499	43.775	5	3		
622500	622500	43.775	5	3		
622501	622501	43.775	5	3		
623717	623717	43.8167	5	4		
623718	623718	43.8167	5	4		
623719	623719	43.8167	5	4		
623720	623720	43.8167	5	4		
623723	623723	43.8167	5	4		
623735	623735	43.8167	5	4		
623736	623736	43.8167	5	4		
623737	623737	43.8167	5	4		
623739	623739	43.8167	5	4		
623740	623740	43.8167	5	4		
623741	623741	43.8167	5	4		
623742	623742	43.8167	5	4		
623743	623743	43.8167	5	4		
623744	623744	43.8167	5	4		
623756	623756	43.8167	5	4		
623757	623757	43.8167	5	4		
623779	623779	43.8167	5	4		
623780	623780	43.8167	5	4		
623809	623809	43.8167	5	4		
623810	623810	43.8167	5	4		
623813	623813	43.8167	5	1		
623814	623814	43.8167	5	1		
623818	623818	43.8167	5	4		
623819	623819	43.8167	5	4		
623829	623829	43.8167	5	4		
623830	623830	43.8167	5	4		
623831	623831	43.8167	5	4		
623833	623833	43.8167	5	4		
623834	623834	43.8167	5	4		
623837	623837	43.8167	5	4		
623840	623840	43.8167	5	4		
623843	623843	43.8167	5	4		
623844	623844	43.8167	5	4		
623847	623847	43.8167	5	4		
623848	623848	43.8167	5	4		
623849	623849	43.8167	5	4		
623851	623851	43.8167	5	2		
623852	623852	43.8167	5	4		
623853	623853	43.8167	5	2		
623854	623854	43.8167	5	2		
623855	623855	43.8167	5	4		
623858	623858	43.8167	5	2		
623859	623859	43.8167	5	4		
623864	623864	43.8167	5	2		
623865	623865	43.8167	5	4		
623870	623870	43.8167	5	2		
623871	623871	43.8167	5	2		
623872	623872	43.8167	5	2		
623873	623873	43.8167	5	2		
623881	623881	43.8167	5	4		
623882	623882	43.8167	5	2		
623883	623883	43.8167	5	3		
623884	623884	43.8167	5	3		
623885	623885	43.8167	5	3		
623886	623886	43.8167	5	3		
623887	623887	43.8167	5	3		
623888	623888	43.8167	5	2		
625103	625103	43.8583	5	4		
625104	625104	43.8583	5	4		
625105	625105	43.8583	5	4		
625106	625106	43.8583	5	4		
625107	625107	43.8583	5	4		
625121	625121	43.8583	5	4		
625122	625122	43.8583	5	4		
625123	625123	43.8583	5	4		
625124	625124	43.8583	5	4		
625125	625125	43.8583	5	4		
625126	625126	43.8583	5	4		
625127	625127	43.8583	5	4		
625128	625128	43.8583	5	4		
625129	625129	43.8583	5	4		
625133	625133	43.8583	5	4		
625165	625165	43.8583	5	4		
625166	625166	43.8583	5	4		
625190	625190	43.8583	5	4		
625191	625191	43.8583	5	4		
625193	625193	43.8583	5	4		
625194	625194	43.8583	5	1		
625195	625195	43.8583	5	4		
625199	625199	43.8583	5	4		
625200	625200	43.8583	5	4		
625203	625203	43.8583	5	4		
625204	625204	43.8583	5	4		
625205	625205	43.8583	5	4		
625219	625219	43.8583	5	4		
625220	625220	43.8583	5	4		
625221	625221	43.8583	5	4		
625226	625226	43.8583	5	4		
625227	625227	43.8583	5	4		
625233	625233	43.8583	5	4		
625234	625234	43.8583	5	4		
625235	625235	43.8583	5	4		
625236	625236	43.8583	5	4		
625237	625237	43.8583	5	2		
625238	625238	43.8583	5	4		
625239	625239	43.8583	5	4		
625240	625240	43.8583	5	2		
625241	625241	43.8583	5	2		
625242	625242	43.8583	5	4		
625244	625244	43.8583	5	2		
625245	625245	43.8583	5	2		
625257	625257	43.8583	5	2		
625258	625258	43.8583	5	2		
625259	625259	43.8583	5	2		
625260	625260	43.8583	5	2		
625261	625261	43.8583	5	2		
625264	625264	43.8583	5	4		
625265	625265	43.8583	5	2		
625267	625267	43.8583	5	2		
625268	625268	43.8583	5	2		
625269	625269	43.8583	5	2		
625270	625270	43.8583	5	3		
625271	625271	43.8583	5	3		
625272	625272	43.8583	5	3		
625273	625273	43.8583	5	3		
625274	625274	43.8583	5	2		
625275	625275	43.8583	5	2		
625276	625276	43.8583	5	2		
626488	626488	43.9	5	4		
626489	626489	43.9	5	4		
626490	626490	43.9	5	4		
626491	626491	43.9	5	4		
626493	626493	43.9	5	4		
626494	626494	43.9	5	4		
626508	626508	43.9	5	4		
626509	626509	43.9	5	4		
626510	626510	43.9	5	4		
626511	626511	43.9	5	4		
626512	626512	43.9	5	4		
626513	626513	43.9	5	4		
626514	626514	43.9	5	4		
626515	626515	43.9	5	4		
626516	626516	43.9	5	4		
626517	626517	43.9	5	4		
626518	626518	43.9	5	3		
626519	626519	43.9	5	4		
626522	626522	43.9	5	4		
626551	626551	43.9	5	4		
626552	626552	43.9	5	1		
626576	626576	43.9	5	4		
626584	626584	43.9	5	1		
626585	626585	43.9	5	1		
626586	626586	43.9	5	4		
626588	626588	43.9	5	4		
626589	626589	43.9	5	4		
626590	626590	43.9	5	4		
626591	626591	43.9	5	4		
626592	626592	43.9	5	4		
626593	626593	43.9	5	4		
626596	626596	43.9	5	4		
626602	626602	43.9	5	4		
626604	626604	43.9	5	4		
626612	626612	43.9	5	4		
626619	626619	43.9	5	4		
626620	626620	43.9	5	1		
626621	626621	43.9	5	4		
626622	626622	43.9	5	4		
626625	626625	43.9	5	1		
626626	626626	43.9	5	4		
626627	626627	43.9	5	4		
626631	626631	43.9	5	2		
626643	626643	43.9	5	2		
626644	626644	43.9	5	2		
626645	626645	43.9	5	2		
626646	626646	43.9	5	2		
626647	626647	43.9	5	2		
626649	626649	43.9	5	2		
626650	626650	43.9	5	2		
626651	626651	43.9	5	2		
626652	626652	43.9	5	2		
626656	626656	43.9	5	2		
626657	626657	43.9	5	3		
626658	626658	43.9	5	3		
626659	626659	43.9	5	3		
626660	626660	43.9	5	3		
626661	626661	43.9	5	2		
626662	626662	43.9	5	2		
627875	627875	43.9417	5	4		
627876	627876	43.9417	5	4		
627877	627877	43.9417	5	4		
627879	627879	43.9417	5	4		
627890	627890	43.9417	5	4		
627891	627891	43.9417	5	4		
627892	627892	43.9417	5	4		
627893	627893	43.9417	5	4		
627894	627894	43.9417	5	4		
627895	627895	43.9417	5	4		
627896	627896	43.9417	5	4		
627897	627897	43.9417	5	4		
627898	627898	43.9417	5	4		
627899	627899	43.9417	5	4		
627900	627900	43.9417	5	4		
627901	627901	43.9417	5	4		
627902	627902	43.9417	5	4		
627903	627903	43.9417	5	4		
627904	627904	43.9417	5	3		
627905	627905	43.9417	5	4		
627906	627906	43.9417	5	4		
627908	627908	43.9417	5	4		
627957	627957	43.9417	5	1		
627958	627958	43.9417	5	1		
627959	627959	43.9417	5	1		
627960	627960	43.9417	5	4		
627962	627962	43.9417	5	4		
627963	627963	43.9417	5	4		
627964	627964	43.9417	5	4		
627965	627965	43.9417	5	1		
627967	627967	43.9417	5	4		
627968	627968	43.9417	5	4		
627971	627971	43.9417	5	4		
627972	627972	43.9417	5	4		
627975	627975	43.9417	5	1		
627976	627976	43.9417	5	4		
627977	627977	43.9417	5	4		
627978	627978	43.9417	5	4		
627979	627979	43.9417	5	4		
627980	627980	43.9417	5	4		
627982	627982	43.9417	5	4		
627983	627983	43.9417	5	4		
627994	627994	43.9417	5	4		
627995	627995	43.9417	5	4		
627997	627997	43.9417	5	4		
627998	627998	43.9417	5	4		
627999	627999	43.9417	5	4		
628004	628004	43.9417	5	4		
628005	628005	43.9417	5	1		
628006	628006	43.9417	5	4		
628007	628007	43.9417	5	4		
628013	628013	43.9417	5	4		
628016	628016	43.9417	5	2		
628017	628017	43.9417	5	2		
628018	628018	43.9417	5	2		
628025	628025	43.9417	5	2		
628029	628029	43.9417	5	4		
628032	628032	43.9417	5	2		
628034	628034	43.9417	5	2		
628035	628035	43.9417	5	2		
628036	628036	43.9417	5	2		
628037	628037	43.9417	5	2		
628038	628038	43.9417	5	3		
628039	628039	43.9417	5	2		
628041	628041	43.9417	5	2		
628042	628042	43.9417	5	2		
628043	628043	43.9417	5	2		
628044	628044	43.9417	5	3		
628045	628045	43.9417	5	3		
628046	628046	43.9417	5	3		
628047	628047	43.9417	5	3		
629260	629260	43.9833	5	4		
629261	629261	43.9833	5	4		
629262	629262	43.9833	5	4		
629263	629263	43.9833	5	4		
629265	629265	43.9833	5	4		
629270	629270	43.9833	5	4		
629277	629277	43.9833	5	4		
629278	629278	43.9833	5	4		
629279	629279	43.9833	5	4		
629280	629280	43.9833	5	4		
629281	629281	43.9833	5	4		
629282	629282	43.9833	5	4		
629283	629283	43.9833	5	4		
629284	629284	43.9833	5	4		
629285	629285	43.9833	5	4		
629286	629286	43.9833	5	4		
629287	629287	43.9833	5	4		
629288	629288	43.9833	5	4		
629289	629289	43.9833	5	4		
629290	629290	43.9833	5	3		
629291	629291	43.9833	5	4		
629292	629292	43.9833	5	4		
629295	629295	43.9833	5	4		
629325	629325	43.9833	5	4		
629326	629326	43.9833	5	1		
629327	629327	43.9833	5	4		
629328	629328	43.9833	5	2		
629329	629329	43.9833	5	1		
629330	629330	43.9833	5	2		
629341	629341	43.9833	5	4		
629342	629342	43.9833	5	4		
629343	629343	43.9833	5	4		
629344	629344	43.9833	5	4		
629346	629346	43.9833	5	4		
629347	629347	43.9833	5	1		
629348	629348	43.9833	5	4		
629349	629349	43.9833	5	4		
629350	629350	43.9833	5	4		
629351	629351	43.9833	5	4		
629352	629352	43.9833	5	4		
629354	629354	43.9833	5	4		
629355	629355	43.9833	5	4		
629364	629364	43.9833	5	4		
629365	629365	43.9833	5	4		
629366	629366	43.9833	5	4		
629367	629367	43.9833	5	4		
629368	629368	43.9833	5	4		
629369	629369	43.9833	5	4		
629373	629373	43.9833	5	4		
629374	629374	43.9833	5	4		
629375	629375	43.9833	5	4		
629381	629381	43.9833	5	4		
629382	629382	43.9833	5	4		
629383	629383	43.9833	5	4		
629384	629384	43.9833	5	4		
629385	629385	43.9833	5	4		
629388	629388	43.9833	5	4		
629389	629389	43.9833	5	1		
629390	629390	43.9833	5	1		
629391	629391	43.9833	5	1		
629401	629401	43.9833	5	2		
629402	629402	43.9833	5	4		
629403	629403	43.9833	5	2		
629404	629404	43.9833	5	2		
629409	629409	43.9833	5	4		
629411	629411	43.9833	5	4		
629412	629412	43.9833	5	2		
629413	629413	43.9833	5	2		
629414	629414	43.9833	5	2		
629415	629415	43.9833	5	2		
629416	629416	43.9833	5	2		
629417	629417	43.9833	5	4		
629418	629418	43.9833	5	2		
629419	629419	43.9833	5	2		
629420	629420	43.9833	5	2		
629421	629421	43.9833	5	2		
629422	629422	43.9833	5	2		
629423	629423	43.9833	5	2		
629424	629424	43.9833	5	2		
629425	629425	43.9833	5	2		
629426	629426	43.9833	5	3		
629427	629427	43.9833	5	3		
629428	629428	43.9833	5	3		
629429	629429	43.9833	5	3		
629430	629430	43.9833	5	3		
629431	629431	43.9833	5	3		
629432	629432	43.9833	5	3		
629433	629433	43.9833	5	3		
630646	630646	44.025	5	4		
630647	630647	44.025	5	4		
630648	630648	44.025	5	4		
630649	630649	44.025	5	4		
630650	630650	44.025	5	4		
630651	630651	44.025	5	4		
630652	630652	44.025	5	4		
630658	630658	44.025	5	4		
630659	630659	44.025	5	4		
630660	630660	44.025	5	4		
630661	630661	44.025	5	4		
630662	630662	44.025	5	4		
630663	630663	44.025	5	4		
630664	630664	44.025	5	4		
630665	630665	44.025	5	4		
630666	630666	44.025	5	4		
630667	630667	44.025	5	4		
630668	630668	44.025	5	4		
630669	630669	44.025	5	4		
630670	630670	44.025	5	4		
630671	630671	44.025	5	4		
630672	630672	44.025	5	4		
630673	630673	44.025	5	3		
630674	630674	44.025	5	4		
630675	630675	44.025	5	4		
630676	630676	44.025	5	4		
630677	630677	44.025	5	4		
630702	630702	44.025	5	4		
630703	630703	44.025	5	4		
630704	630704	44.025	5	4		
630711	630711	44.025	5	4		
630712	630712	44.025	5	1		
630713	630713	44.025	5	2		
630714	630714	44.025	5	2		
630715	630715	44.025	5	2		
630716	630716	44.025	5	2		
630717	630717	44.025	5	2		
630718	630718	44.025	5	2		
630719	630719	44.025	5	2		
630726	630726	44.025	5	4		
630727	630727	44.025	5	2		
630728	630728	44.025	5	4		
630730	630730	44.025	5	4		
630731	630731	44.025	5	4		
630736	630736	44.025	5	4		
630738	630738	44.025	5	4		
630741	630741	44.025	5	4		
630744	630744	44.025	5	4		
630751	630751	44.025	5	4		
630752	630752	44.025	5	1		
630753	630753	44.025	5	4		
630754	630754	44.025	5	4		
630755	630755	44.025	5	4		
630756	630756	44.025	5	4		
630757	630757	44.025	5	4		
630758	630758	44.025	5	4		
630759	630759	44.025	5	4		
630760	630760	44.025	5	4		
630761	630761	44.025	5	1		
630762	630762	44.025	5	4		
630767	630767	44.025	5	4		
630768	630768	44.025	5	4		
630769	630769	44.025	5	4		
630770	630770	44.025	5	4		
630771	630771	44.025	5	4		
630772	630772	44.025	5	4		
630787	630787	44.025	5	4		
630790	630790	44.025	5	2		
630794	630794	44.025	5	2		
630795	630795	44.025	5	4		
630796	630796	44.025	5	2		
630797	630797	44.025	5	2		
630798	630798	44.025	5	2		
630799	630799	44.025	5	2		
630800	630800	44.025	5	2		
630801	630801	44.025	5	2		
630802	630802	44.025	5	2		
630803	630803	44.025	5	4		
630804	630804	44.025	5	2		
630805	630805	44.025	5	2		
630806	630806	44.025	5	4		
630807	630807	44.025	5	2		
630808	630808	44.025	5	2		
630809	630809	44.025	5	2		
630810	630810	44.025	5	2		
630811	630811	44.025	5	2		
630812	630812	44.025	5	2		
630813	630813	44.025	5	3		
630814	630814	44.025	5	3		
630815	630815	44.025	5	3		
630816	630816	44.025	5	3		
630817	630817	44.025	5	3		
630818	630818	44.025	5	3		
630819	630819	44.025	5	3		
632032	632032	44.0667	5	4		
632033	632033	44.0667	5	4		
632034	632034	44.0667	5	4		
632035	632035	44.0667	5	4		
632045	632045	44.0667	5	4		
632046	632046	44.0667	5	4		
632047	632047	44.0667	5	4		
632048	632048	44.0667	5	4		
632049	632049	44.0667	5	4		
632050	632050	44.0667	5	4		
632051	632051	44.0667	5	4		
632052	632052	44.0667	5	4		
632053	632053	44.0667	5	4		
632054	632054	44.0667	5	4		
632055	632055	44.0667	5	4		
632056	632056	44.0667	5	4		
632057	632057	44.0667	5	4		
632058	632058	44.0667	5	4		
632059	632059	44.0667	5	4		
632060	632060	44.0667	5	4		
632061	632061	44.0667	5	4		
632062	632062	44.0667	5	4		
632063	632063	44.0667	5	4		
632064	632064	44.0667	5	3		
632065	632065	44.0667	5	4		
632097	632097	44.0667	5	4		
632098	632098	44.0667	5	2		
632099	632099	44.0667	5	2		
632100	632100	44.0667	5	2		
632101	632101	44.0667	5	2		
632102	632102	44.0667	5	2		
632103	632103	44.0667	5	2		
632105	632105	44.0667	5	2		
632106	632106	44.0667	5	2		
632107	632107	44.0667	5	2		
632112	632112	44.0667	5	4		
632113	632113	44.0667	5	2		
632114	632114	44.0667	5	4		
632116	632116	44.0667	5	4		
632117	632117	44.0667	5	4		
632118	632118	44.0667	5	4		
632127	632127	44.0667	5	2		
632129	632129	44.0667	5	2		
632130	632130	44.0667	5	4		
632134	632134	44.0667	5	4		
632135	632135	44.0667	5	4		
632137	632137	44.0667	5	4		
632138	632138	44.0667	5	1		
632139	632139	44.0667	5	4		
632140	632140	44.0667	5	4		
632141	632141	44.0667	5	4		
632142	632142	44.0667	5	4		
632143	632143	44.0667	5	4		
632144	632144	44.0667	5	4		
632145	632145	44.0667	5	4		
632146	632146	44.0667	5	1		
632147	632147	44.0667	5	4		
632155	632155	44.0667	5	4		
632156	632156	44.0667	5	4		
632173	632173	44.0667	5	4		
632178	632178	44.0667	5	4		
632179	632179	44.0667	5	4		
632180	632180	44.0667	5	4		
632181	632181	44.0667	5	2		
632184	632184	44.0667	5	2		
632187	632187	44.0667	5	4		
632193	632193	44.0667	5	2		
632194	632194	44.0667	5	2		
632195	632195	44.0667	5	2		
632196	632196	44.0667	5	2		
632200	632200	44.0667	5	2		
632201	632201	44.0667	5	3		
632202	632202	44.0667	5	3		
632203	632203	44.0667	5	3		
632204	632204	44.0667	5	3		
632205	632205	44.0667	5	3		
633421	633421	44.1083	5	4		
633422	633422	44.1083	5	4		
633424	633424	44.1083	5	4		
633426	633426	44.1083	5	4		
633427	633427	44.1083	5	4		
633428	633428	44.1083	5	4		
633429	633429	44.1083	5	4		
633430	633430	44.1083	5	4		
633432	633432	44.1083	5	4		
633433	633433	44.1083	5	4		
633434	633434	44.1083	5	4		
633435	633435	44.1083	5	4		
633436	633436	44.1083	5	4		
633437	633437	44.1083	5	4		
633438	633438	44.1083	5	4		
633439	633439	44.1083	5	4		
633440	633440	44.1083	5	4		
633441	633441	44.1083	5	4		
633442	633442	44.1083	5	4		
633443	633443	44.1083	5	4		
633444	633444	44.1083	5	4		
633445	633445	44.1083	5	4		
633446	633446	44.1083	5	4		
633447	633447	44.1083	5	4		
633448	633448	44.1083	5	4		
633449	633449	44.1083	5	4		
633451	633451	44.1083	5	4		
633452	633452	44.1083	5	4		
633453	633453	44.1083	5	4		
633454	633454	44.1083	5	4		
633455	633455	44.1083	5	4		
633456	633456	44.1083	5	4		
633457	633457	44.1083	5	4		
633458	633458	44.1083	5	4		
633459	633459	44.1083	5	4		
633483	633483	44.1083	5	4		
633484	633484	44.1083	5	2		
633485	633485	44.1083	5	2		
633486	633486	44.1083	5	2		
633487	633487	44.1083	5	2		
633488	633488	44.1083	5	2		
633489	633489	44.1083	5	2		
633492	633492	44.1083	5	2		
633493	633493	44.1083	5	1		
633503	633503	44.1083	5	4		
633504	633504	44.1083	5	4		
633505	633505	44.1083	5	2		
633506	633506	44.1083	5	2		
633507	633507	44.1083	5	2		
633508	633508	44.1083	5	2		
633509	633509	44.1083	5	2		
633510	633510	44.1083	5	4		
633511	633511	44.1083	5	2		
633512	633512	44.1083	5	2		
633513	633513	44.1083	5	2		
633514	633514	44.1083	5	1		
633515	633515	44.1083	5	1		
633516	633516	44.1083	5	1		
633517	633517	44.1083	5	1		
633518	633518	44.1083	5	1		
633519	633519	44.1083	5	1		
633520	633520	44.1083	5	1		
633521	633521	44.1083	5	1		
633522	633522	44.1083	5	4		
633523	633523	44.1083	5	4		
633524	633524	44.1083	5	1		
633526	633526	44.1083	5	4		
633527	633527	44.1083	5	4		
633528	633528	44.1083	5	4		
633529	633529	44.1083	5	4		
633530	633530	44.1083	5	1		
633531	633531	44.1083	5	4		
633532	633532	44.1083	5	4		
633533	633533	44.1083	5	4		
633534	633534	44.1083	5	4		
633540	633540	44.1083	5	4		
633559	633559	44.1083	5	4		
633567	633567	44.1083	5	4		
633569	633569	44.1083	5	4		
633578	633578	44.1083	5	2		
633579	633579	44.1083	5	2		
633580	633580	44.1083	5	3		
633581	633581	44.1083	5	3		
633582	633582	44.1083	5	3		
633585	633585	44.1083	5	4		
633586	633586	44.1083	5	2		
633587	633587	44.1083	5	2		
633588	633588	44.1083	5	3		
633589	633589	44.1083	5	3		
633590	633590	44.1083	5	3		
633591	633591	44.1083	5	3		
633592	633592	44.1083	5	4		
633593	633593	44.1083	5	4		
634810	634810	44.15	5	4		
634812	634812	44.15	5	4		
634813	634813	44.15	5	4		
634814	634814	44.15	5	4		
634816	634816	44.15	5	4		
634820	634820	44.15	5	4		
634821	634821	44.15	5	4		
634822	634822	44.15	5	4		
634823	634823	44.15	5	4		
634824	634824	44.15	5	4		
634825	634825	44.15	5	4		
634826	634826	44.15	5	4		
634827	634827	44.15	5	4		
634828	634828	44.15	5	4		
634829	634829	44.15	5	3		
634830	634830	44.15	5	4		
634832	634832	44.15	5	4		
634833	634833	44.15	5	4		
634834	634834	44.15	5	4		
634840	634840	44.15	5	4		
634841	634841	44.15	5	4		
634842	634842	44.15	5	4		
634843	634843	44.15	5	4		
634846	634846	44.15	5	4		
634847	634847	44.15	5	4		
634848	634848	44.15	5	4		
634849	634849	44.15	5	4		
634850	634850	44.15	5	4		
634851	634851	44.15	5	4		
634852	634852	44.15	5	4		
634868	634868	44.15	5	4		
634869	634869	44.15	5	2		
634870	634870	44.15	5	2		
634871	634871	44.15	5	2		
634872	634872	44.15	5	2		
634873	634873	44.15	5	4		
634876	634876	44.15	5	4		
634877	634877	44.15	5	2		
634878	634878	44.15	5	2		
634882	634882	44.15	5	2		
634883	634883	44.15	5	4		
634884	634884	44.15	5	4		
634889	634889	44.15	5	4		
634890	634890	44.15	5	2		
634891	634891	44.15	5	1		
634892	634892	44.15	5	2		
634893	634893	44.15	5	4		
634894	634894	44.15	5	4		
634895	634895	44.15	5	4		
634896	634896	44.15	5	4		
634897	634897	44.15	5	4		
634898	634898	44.15	5	4		
634899	634899	44.15	5	1		
634900	634900	44.15	5	1		
634901	634901	44.15	5	1		
634902	634902	44.15	5	1		
634903	634903	44.15	5	1		
634904	634904	44.15	5	1		
634905	634905	44.15	5	1		
634906	634906	44.15	5	4		
634907	634907	44.15	5	4		
634908	634908	44.15	5	1		
634909	634909	44.15	5	4		
634912	634912	44.15	5	4		
634915	634915	44.15	5	4		
634922	634922	44.15	5	4		
634923	634923	44.15	5	4		
634924	634924	44.15	5	4		
634925	634925	44.15	5	4		
634926	634926	44.15	5	4		
634927	634927	44.15	5	4		
634928	634928	44.15	5	4		
634929	634929	44.15	5	4		
634930	634930	44.15	5	4		
634942	634942	44.15	5	4		
634943	634943	44.15	5	4		
634945	634945	44.15	5	4		
634953	634953	44.15	5	2		
634954	634954	44.15	5	2		
634962	634962	44.15	5	2		
634963	634963	44.15	5	2		
634964	634964	44.15	5	2		
634965	634965	44.15	5	2		
634966	634966	44.15	5	2		
634973	634973	44.15	5	2		
634974	634974	44.15	5	2		
634975	634975	44.15	5	3		
634976	634976	44.15	5	3		
634977	634977	44.15	5	3		
634978	634978	44.15	5	4		
634979	634979	44.15	5	4		
634981	634981	44.15	5	4		
634982	634982	44.15	5	4		
636199	636199	44.1917	5	4		
636200	636200	44.1917	5	4		
636202	636202	44.1917	5	4		
636203	636203	44.1917	5	4		
636204	636204	44.1917	5	4		
636205	636205	44.1917	5	4		
636206	636206	44.1917	5	4		
636207	636207	44.1917	5	4		
636208	636208	44.1917	5	4		
636209	636209	44.1917	5	4		
636210	636210	44.1917	5	4		
636211	636211	44.1917	5	4		
636212	636212	44.1917	5	3		
636213	636213	44.1917	5	4		
636214	636214	44.1917	5	4		
636215	636215	44.1917	5	4		
636218	636218	44.1917	5	4		
636219	636219	44.1917	5	4		
636220	636220	44.1917	5	4		
636221	636221	44.1917	5	4		
636234	636234	44.1917	5	4		
636235	636235	44.1917	5	4		
636236	636236	44.1917	5	4		
636237	636237	44.1917	5	4		
636238	636238	44.1917	5	4		
636239	636239	44.1917	5	4		
636251	636251	44.1917	5	4		
636253	636253	44.1917	5	4		
636254	636254	44.1917	5	4		
636255	636255	44.1917	5	2		
636256	636256	44.1917	5	2		
636257	636257	44.1917	5	2		
636258	636258	44.1917	5	2		
636259	636259	44.1917	5	2		
636260	636260	44.1917	5	2		
636262	636262	44.1917	5	2		
636263	636263	44.1917	5	2		
636264	636264	44.1917	5	4		
636267	636267	44.1917	5	2		
636268	636268	44.1917	5	2		
636269	636269	44.1917	5	4		
636270	636270	44.1917	5	2		
636271	636271	44.1917	5	4		
636273	636273	44.1917	5	4		
636274	636274	44.1917	5	2		
636275	636275	44.1917	5	4		
636276	636276	44.1917	5	2		
636277	636277	44.1917	5	2		
636284	636284	44.1917	5	4		
636286	636286	44.1917	5	4		
636287	636287	44.1917	5	1		
636288	636288	44.1917	5	1		
636289	636289	44.1917	5	1		
636290	636290	44.1917	5	4		
636291	636291	44.1917	5	1		
636292	636292	44.1917	5	4		
636293	636293	44.1917	5	1		
636294	636294	44.1917	5	1		
636295	636295	44.1917	5	4		
636296	636296	44.1917	5	4		
636298	636298	44.1917	5	4		
636299	636299	44.1917	5	4		
636304	636304	44.1917	5	4		
636305	636305	44.1917	5	4		
636309	636309	44.1917	5	1		
636310	636310	44.1917	5	4		
636311	636311	44.1917	5	4		
636312	636312	44.1917	5	4		
636313	636313	44.1917	5	4		
636314	636314	44.1917	5	4		
636315	636315	44.1917	5	4		
636316	636316	44.1917	5	4		
636331	636331	44.1917	5	4		
636332	636332	44.1917	5	4		
636339	636339	44.1917	5	4		
636348	636348	44.1917	5	2		
636349	636349	44.1917	5	2		
636350	636350	44.1917	5	2		
636351	636351	44.1917	5	2		
636357	636357	44.1917	5	4		
636358	636358	44.1917	5	2		
636359	636359	44.1917	5	2		
636360	636360	44.1917	5	2		
636361	636361	44.1917	5	3		
636362	636362	44.1917	5	3		
636363	636363	44.1917	5	3		
636367	636367	44.1917	5	4		
636368	636368	44.1917	5	4		
637584	637584	44.2333	5	4		
637590	637590	44.2333	5	4		
637591	637591	44.2333	5	4		
637593	637593	44.2333	5	4		
637594	637594	44.2333	5	4		
637595	637595	44.2333	5	4		
637596	637596	44.2333	5	4		
637597	637597	44.2333	5	4		
637598	637598	44.2333	5	4		
637599	637599	44.2333	5	3		
637600	637600	44.2333	5	4		
637601	637601	44.2333	5	3		
637602	637602	44.2333	5	4		
637603	637603	44.2333	5	4		
637606	637606	44.2333	5	4		
637607	637607	44.2333	5	4		
637608	637608	44.2333	5	4		
637634	637634	44.2333	5	4		
637637	637637	44.2333	5	4		
637638	637638	44.2333	5	1		
637639	637639	44.2333	5	4		
637640	637640	44.2333	5	4		
637641	637641	44.2333	5	2		
637642	637642	44.2333	5	4		
637644	637644	44.2333	5	2		
637645	637645	44.2333	5	2		
637646	637646	44.2333	5	2		
637649	637649	44.2333	5	2		
637650	637650	44.2333	5	2		
637651	637651	44.2333	5	2		
637652	637652	44.2333	5	2		
637653	637653	44.2333	5	2		
637654	637654	44.2333	5	2		
637662	637662	44.2333	5	4		
637673	637673	44.2333	5	4		
637674	637674	44.2333	5	1		
637675	637675	44.2333	5	4		
637678	637678	44.2333	5	4		
637679	637679	44.2333	5	4		
637680	637680	44.2333	5	4		
637681	637681	44.2333	5	4		
637688	637688	44.2333	5	4		
637690	637690	44.2333	5	4		
637691	637691	44.2333	5	4		
637694	637694	44.2333	5	4		
637695	637695	44.2333	5	1		
637696	637696	44.2333	5	1		
637697	637697	44.2333	5	4		
637698	637698	44.2333	5	4		
637699	637699	44.2333	5	4		
637700	637700	44.2333	5	4		
637701	637701	44.2333	5	4		
637702	637702	44.2333	5	4		
637717	637717	44.2333	5	4		
637733	637733	44.2333	5	2		
637734	637734	44.2333	5	2		
637735	637735	44.2333	5	2		
637736	637736	44.2333	5	2		
637740	637740	44.2333	5	4		
637741	637741	44.2333	5	2		
637744	637744	44.2333	5	2		
637745	637745	44.2333	5	3		
637746	637746	44.2333	5	3		
637747	637747	44.2333	5	3		
637748	637748	44.2333	5	3		
638963	638963	44.275	5	4		
638964	638964	44.275	5	4		
638965	638965	44.275	5	4		
638966	638966	44.275	5	4		
638967	638967	44.275	5	4		
638968	638968	44.275	5	4		
638969	638969	44.275	5	4		
638970	638970	44.275	5	4		
638971	638971	44.275	5	4		
638972	638972	44.275	5	4		
638973	638973	44.275	5	4		
638979	638979	44.275	5	4		
638980	638980	44.275	5	4		
638981	638981	44.275	5	3		
638982	638982	44.275	5	4		
638983	638983	44.275	5	4		
638984	638984	44.275	5	4		
638985	638985	44.275	5	4		
638986	638986	44.275	5	4		
638987	638987	44.275	5	4		
638988	638988	44.275	5	4		
638989	638989	44.275	5	4		
638993	638993	44.275	5	4		
638994	638994	44.275	5	4		
638995	638995	44.275	5	4		
639023	639023	44.275	5	1		
639024	639024	44.275	5	1		
639025	639025	44.275	5	1		
639026	639026	44.275	5	2		
639030	639030	44.275	5	2		
639031	639031	44.275	5	2		
639032	639032	44.275	5	2		
639033	639033	44.275	5	2		
639035	639035	44.275	5	2		
639036	639036	44.275	5	2		
639037	639037	44.275	5	2		
639038	639038	44.275	5	2		
639039	639039	44.275	5	2		
639040	639040	44.275	5	2		
639041	639041	44.275	5	2		
639042	639042	44.275	5	2		
639045	639045	44.275	5	2		
639046	639046	44.275	5	4		
639053	639053	44.275	5	4		
639054	639054	44.275	5	4		
639055	639055	44.275	5	4		
639071	639071	44.275	5	4		
639073	639073	44.275	5	4		
639074	639074	44.275	5	4		
639076	639076	44.275	5	4		
639078	639078	44.275	5	4		
639081	639081	44.275	5	1		
639082	639082	44.275	5	4		
639083	639083	44.275	5	4		
639085	639085	44.275	5	4		
639086	639086	44.275	5	1		
639087	639087	44.275	5	4		
639108	639108	44.275	5	4		
639109	639109	44.275	5	2		
639113	639113	44.275	5	2		
639114	639114	44.275	5	2		
639115	639115	44.275	5	2		
639118	639118	44.275	5	4		
639119	639119	44.275	5	2		
639120	639120	44.275	5	2		
639125	639125	44.275	5	2		
639126	639126	44.275	5	2		
639127	639127	44.275	5	3		
639129	639129	44.275	5	3		
639130	639130	44.275	5	3		
639131	639131	44.275	5	3		
639132	639132	44.275	5	3		
639133	639133	44.275	5	2		
640349	640349	44.3167	5	4		
640350	640350	44.3167	5	4		
640351	640351	44.3167	5	4		
640353	640353	44.3167	5	4		
640354	640354	44.3167	5	4		
640355	640355	44.3167	5	4		
640356	640356	44.3167	5	4		
640357	640357	44.3167	5	4		
640358	640358	44.3167	5	4		
640359	640359	44.3167	5	4		
640360	640360	44.3167	5	4		
640364	640364	44.3167	5	4		
640365	640365	44.3167	5	4		
640366	640366	44.3167	5	4		
640367	640367	44.3167	5	4		
640368	640368	44.3167	5	4		
640369	640369	44.3167	5	4		
640370	640370	44.3167	5	4		
640371	640371	44.3167	5	4		
640372	640372	44.3167	5	4		
640373	640373	44.3167	5	4		
640374	640374	44.3167	5	4		
640376	640376	44.3167	5	4		
640377	640377	44.3167	5	4		
640378	640378	44.3167	5	4		
640379	640379	44.3167	5	4		
640380	640380	44.3167	5	4		
640381	640381	44.3167	5	4		
640408	640408	44.3167	5	1		
640409	640409	44.3167	5	4		
640410	640410	44.3167	5	1		
640411	640411	44.3167	5	1		
640412	640412	44.3167	5	2		
640413	640413	44.3167	5	2		
640414	640414	44.3167	5	2		
640415	640415	44.3167	5	2		
640416	640416	44.3167	5	2		
640417	640417	44.3167	5	2		
640418	640418	44.3167	5	2		
640419	640419	44.3167	5	2		
640420	640420	44.3167	5	2		
640421	640421	44.3167	5	2		
640422	640422	44.3167	5	2		
640423	640423	44.3167	5	2		
640424	640424	44.3167	5	2		
640425	640425	44.3167	5	2		
640426	640426	44.3167	5	2		
640427	640427	44.3167	5	2		
640428	640428	44.3167	5	2		
640429	640429	44.3167	5	2		
640430	640430	44.3167	5	2		
640431	640431	44.3167	5	2		
640432	640432	44.3167	5	2		
640433	640433	44.3167	5	4		
640441	640441	44.3167	5	4		
640442	640442	44.3167	5	4		
640443	640443	44.3167	5	4		
640458	640458	44.3167	5	4		
640459	640459	44.3167	5	4		
640460	640460	44.3167	5	4		
640469	640469	44.3167	5	4		
640471	640471	44.3167	5	4		
640472	640472	44.3167	5	4		
640492	640492	44.3167	5	4		
640493	640493	44.3167	5	1		
640494	640494	44.3167	5	2		
640495	640495	44.3167	5	2		
640496	640496	44.3167	5	2		
640497	640497	44.3167	5	2		
640498	640498	44.3167	5	4		
640500	640500	44.3167	5	4		
640506	640506	44.3167	5	4		
640508	640508	44.3167	5	4		
640509	640509	44.3167	5	4		
640512	640512	44.3167	5	4		
640513	640513	44.3167	5	2		
640517	640517	44.3167	5	2		
640518	640518	44.3167	5	2		
640519	640519	44.3167	5	2		
641740	641740	44.3583	5	4		
641741	641741	44.3583	5	4		
641742	641742	44.3583	5	4		
641743	641743	44.3583	5	4		
641744	641744	44.3583	5	4		
641745	641745	44.3583	5	4		
641746	641746	44.3583	5	4		
641751	641751	44.3583	5	4		
641752	641752	44.3583	5	4		
641753	641753	44.3583	5	4		
641754	641754	44.3583	5	4		
641755	641755	44.3583	5	4		
641756	641756	44.3583	5	4		
641757	641757	44.3583	5	4		
641758	641758	44.3583	5	4		
641759	641759	44.3583	5	4		
641760	641760	44.3583	5	4		
641761	641761	44.3583	5	4		
641762	641762	44.3583	5	4		
641763	641763	44.3583	5	4		
641764	641764	44.3583	5	4		
641765	641765	44.3583	5	4		
641766	641766	44.3583	5	4		
641767	641767	44.3583	5	4		
641768	641768	44.3583	5	4		
641769	641769	44.3583	5	4		
641770	641770	44.3583	5	4		
641771	641771	44.3583	5	4		
641772	641772	44.3583	5	4		
641792	641792	44.3583	5	4		
641793	641793	44.3583	5	1		
641794	641794	44.3583	5	4		
641795	641795	44.3583	5	1		
641799	641799	44.3583	5	2		
641800	641800	44.3583	5	2		
641801	641801	44.3583	5	2		
641802	641802	44.3583	5	2		
641803	641803	44.3583	5	2		
641804	641804	44.3583	5	2		
641805	641805	44.3583	5	2		
641806	641806	44.3583	5	2		
641807	641807	44.3583	5	2		
641808	641808	44.3583	5	2		
641809	641809	44.3583	5	2		
641810	641810	44.3583	5	2		
641811	641811	44.3583	5	2		
641812	641812	44.3583	5	2		
641813	641813	44.3583	5	2		
641814	641814	44.3583	5	2		
641816	641816	44.3583	5	2		
641817	641817	44.3583	5	2		
641819	641819	44.3583	5	4		
641820	641820	44.3583	5	4		
641821	641821	44.3583	5	4		
641826	641826	44.3583	5	4		
641827	641827	44.3583	5	4		
641828	641828	44.3583	5	4		
641829	641829	44.3583	5	4		
641842	641842	44.3583	5	4		
641843	641843	44.3583	5	2		
641853	641853	44.3583	5	4		
641854	641854	44.3583	5	4		
641855	641855	44.3583	5	4		
641856	641856	44.3583	5	4		
641857	641857	44.3583	5	4		
641858	641858	44.3583	5	4		
641862	641862	44.3583	5	4		
641863	641863	44.3583	5	4		
641864	641864	44.3583	5	4		
641865	641865	44.3583	5	4		
641866	641866	44.3583	5	4		
641867	641867	44.3583	5	4		
641876	641876	44.3583	5	4		
641877	641877	44.3583	5	4		
641878	641878	44.3583	5	4		
641879	641879	44.3583	5	4		
641881	641881	44.3583	5	4		
641882	641882	44.3583	5	2		
641883	641883	44.3583	5	2		
641884	641884	44.3583	5	2		
641885	641885	44.3583	5	2		
641886	641886	44.3583	5	2		
641888	641888	44.3583	5	4		
641889	641889	44.3583	5	2		
641890	641890	44.3583	5	2		
641891	641891	44.3583	5	4		
641892	641892	44.3583	5	4		
641893	641893	44.3583	5	4		
641894	641894	44.3583	5	4		
641895	641895	44.3583	5	2		
641896	641896	44.3583	5	4		
641897	641897	44.3583	5	2		
641898	641898	44.3583	5	3		
641899	641899	44.3583	5	3		
641903	641903	44.3583	5	2		
643121	643121	44.4	5	4		
643122	643122	44.4	5	4		
643123	643123	44.4	5	4		
643124	643124	44.4	5	4		
643125	643125	44.4	5	4		
643126	643126	44.4	5	4		
643127	643127	44.4	5	4		
643129	643129	44.4	5	3		
643131	643131	44.4	5	4		
643132	643132	44.4	5	2		
643133	643133	44.4	5	4		
643134	643134	44.4	5	4		
643137	643137	44.4	5	4		
643138	643138	44.4	5	4		
643139	643139	44.4	5	4		
643140	643140	44.4	5	4		
643141	643141	44.4	5	4		
643142	643142	44.4	5	4		
643143	643143	44.4	5	4		
643144	643144	44.4	5	4		
643145	643145	44.4	5	4		
643146	643146	44.4	5	3		
643147	643147	44.4	5	4		
643148	643148	44.4	5	4		
643149	643149	44.4	5	4		
643151	643151	44.4	5	4		
643152	643152	44.4	5	4		
643153	643153	44.4	5	4		
643154	643154	44.4	5	4		
643155	643155	44.4	5	4		
643156	643156	44.4	5	4		
643157	643157	44.4	5	4		
643158	643158	44.4	5	2		
643159	643159	44.4	5	4		
643160	643160	44.4	5	4		
643185	643185	44.4	5	2		
643186	643186	44.4	5	2		
643187	643187	44.4	5	2		
643189	643189	44.4	5	2		
643190	643190	44.4	5	2		
643191	643191	44.4	5	2		
643192	643192	44.4	5	2		
643193	643193	44.4	5	2		
643194	643194	44.4	5	4		
643195	643195	44.4	5	2		
643196	643196	44.4	5	2		
643197	643197	44.4	5	2		
643198	643198	44.4	5	2		
643199	643199	44.4	5	2		
643202	643202	44.4	5	4		
643203	643203	44.4	5	2		
643204	643204	44.4	5	4		
643207	643207	44.4	5	4		
643208	643208	44.4	5	4		
643212	643212	44.4	5	4		
643213	643213	44.4	5	4		
643214	643214	44.4	5	4		
643222	643222	44.4	5	4		
643223	643223	44.4	5	4		
643229	643229	44.4	5	2		
643230	643230	44.4	5	4		
643235	643235	44.4	5	4		
643236	643236	44.4	5	2		
643237	643237	44.4	5	2		
643238	643238	44.4	5	2		
643239	643239	44.4	5	2		
643240	643240	44.4	5	2		
643241	643241	44.4	5	2		
643242	643242	44.4	5	2		
643243	643243	44.4	5	4		
643244	643244	44.4	5	2		
643245	643245	44.4	5	4		
643246	643246	44.4	5	2		
643247	643247	44.4	5	2		
643248	643248	44.4	5	4		
643249	643249	44.4	5	4		
643250	643250	44.4	5	4		
643251	643251	44.4	5	4		
643252	643252	44.4	5	4		
643253	643253	44.4	5	4		
643260	643260	44.4	5	1		
643261	643261	44.4	5	4		
643262	643262	44.4	5	4		
643263	643263	44.4	5	4		
643264	643264	44.4	5	4		
643270	643270	44.4	5	4		
643271	643271	44.4	5	2		
643272	643272	44.4	5	2		
643273	643273	44.4	5	2		
643274	643274	44.4	5	4		
643275	643275	44.4	5	4		
643279	643279	44.4	5	4		
643281	643281	44.4	5	4		
643283	643283	44.4	5	4		
644507	644507	44.4417	5	4		
644508	644508	44.4417	5	4		
644509	644509	44.4417	5	4		
644510	644510	44.4417	5	4		
644514	644514	44.4417	5	4		
644515	644515	44.4417	5	4		
644518	644518	44.4417	5	4		
644519	644519	44.4417	5	4		
644520	644520	44.4417	5	4		
644522	644522	44.4417	5	4		
644523	644523	44.4417	5	4		
644524	644524	44.4417	5	4		
644525	644525	44.4417	5	3		
644526	644526	44.4417	5	4		
644527	644527	44.4417	5	3		
644528	644528	44.4417	5	4		
644529	644529	44.4417	5	4		
644530	644530	44.4417	5	4		
644531	644531	44.4417	5	4		
644532	644532	44.4417	5	4		
644533	644533	44.4417	5	4		
644535	644535	44.4417	5	4		
644536	644536	44.4417	5	4		
644537	644537	44.4417	5	4		
644538	644538	44.4417	5	4		
644539	644539	44.4417	5	4		
644540	644540	44.4417	5	4		
644542	644542	44.4417	5	4		
644543	644543	44.4417	5	4		
644544	644544	44.4417	5	4		
644564	644564	44.4417	5	4		
644565	644565	44.4417	5	4		
644571	644571	44.4417	5	2		
644572	644572	44.4417	5	2		
644573	644573	44.4417	5	2		
644574	644574	44.4417	5	2		
644575	644575	44.4417	5	2		
644576	644576	44.4417	5	2		
644577	644577	44.4417	5	4		
644578	644578	44.4417	5	4		
644580	644580	44.4417	5	2		
644585	644585	44.4417	5	2		
644586	644586	44.4417	5	1		
644608	644608	44.4417	5	4		
644609	644609	44.4417	5	2		
644610	644610	44.4417	5	4		
644611	644611	44.4417	5	4		
644615	644615	44.4417	5	4		
644616	644616	44.4417	5	2		
644617	644617	44.4417	5	2		
644618	644618	44.4417	5	2		
644619	644619	44.4417	5	2		
644620	644620	44.4417	5	2		
644621	644621	44.4417	5	2		
644622	644622	44.4417	5	2		
644623	644623	44.4417	5	2		
644624	644624	44.4417	5	2		
644625	644625	44.4417	5	2		
644626	644626	44.4417	5	2		
644627	644627	44.4417	5	2		
644628	644628	44.4417	5	2		
644629	644629	44.4417	5	2		
644630	644630	44.4417	5	2		
644631	644631	44.4417	5	2		
644632	644632	44.4417	5	4		
644633	644633	44.4417	5	2		
644634	644634	44.4417	5	2		
644635	644635	44.4417	5	4		
644636	644636	44.4417	5	1		
644637	644637	44.4417	5	4		
644638	644638	44.4417	5	1		
644646	644646	44.4417	5	1		
644647	644647	44.4417	5	1		
644648	644648	44.4417	5	1		
644649	644649	44.4417	5	4		
644650	644650	44.4417	5	4		
644657	644657	44.4417	5	4		
644665	644665	44.4417	5	2		
644666	644666	44.4417	5	4		
644667	644667	44.4417	5	2		
644668	644668	44.4417	5	2		
644669	644669	44.4417	5	2		
645893	645893	44.4833	5	4		
645894	645894	44.4833	5	4		
645895	645895	44.4833	5	4		
645907	645907	44.4833	5	4		
645908	645908	44.4833	5	4		
645909	645909	44.4833	5	4		
645910	645910	44.4833	5	4		
645911	645911	44.4833	5	4		
645912	645912	44.4833	5	3		
645913	645913	44.4833	5	3		
645914	645914	44.4833	5	4		
645915	645915	44.4833	5	3		
645916	645916	44.4833	5	4		
645917	645917	44.4833	5	4		
645918	645918	44.4833	5	4		
645919	645919	44.4833	5	4		
645920	645920	44.4833	5	4		
645921	645921	44.4833	5	4		
645922	645922	44.4833	5	4		
645923	645923	44.4833	5	4		
645924	645924	44.4833	5	4		
645925	645925	44.4833	5	4		
645951	645951	44.4833	5	4		
645959	645959	44.4833	5	2		
645960	645960	44.4833	5	2		
645961	645961	44.4833	5	2		
645962	645962	44.4833	5	2		
645963	645963	44.4833	5	2		
645965	645965	44.4833	5	4		
645967	645967	44.4833	5	4		
645968	645968	44.4833	5	1		
645969	645969	44.4833	5	4		
645970	645970	44.4833	5	4		
645983	645983	44.4833	5	4		
645984	645984	44.4833	5	4		
645988	645988	44.4833	5	4		
645990	645990	44.4833	5	4		
645991	645991	44.4833	5	4		
645994	645994	44.4833	5	2		
645995	645995	44.4833	5	2		
645996	645996	44.4833	5	2		
645997	645997	44.4833	5	2		
645998	645998	44.4833	5	4		
646000	646000	44.4833	5	2		
646001	646001	44.4833	5	2		
646002	646002	44.4833	5	2		
646003	646003	44.4833	5	2		
646004	646004	44.4833	5	4		
646020	646020	44.4833	5	4		
646021	646021	44.4833	5	4		
646022	646022	44.4833	5	1		
646023	646023	44.4833	5	4		
646024	646024	44.4833	5	4		
646032	646032	44.4833	5	4		
646033	646033	44.4833	5	1		
646034	646034	44.4833	5	1		
646035	646035	44.4833	5	1		
646036	646036	44.4833	5	1		
646037	646037	44.4833	5	1		
646038	646038	44.4833	5	1		
646039	646039	44.4833	5	1		
646040	646040	44.4833	5	2		
646041	646041	44.4833	5	4		
646042	646042	44.4833	5	2		
646043	646043	44.4833	5	2		
646044	646044	44.4833	5	2		
646045	646045	44.4833	5	2		
646046	646046	44.4833	5	2		
646047	646047	44.4833	5	2		
646051	646051	44.4833	5	4		
646052	646052	44.4833	5	4		
646053	646053	44.4833	5	2		
646054	646054	44.4833	5	2		
646057	646057	44.4833	5	2		
647279	647279	44.525	5	4		
647280	647280	44.525	5	4		
647281	647281	44.525	5	4		
647284	647284	44.525	5	4		
647286	647286	44.525	5	4		
647287	647287	44.525	5	4		
647288	647288	44.525	5	4		
647289	647289	44.525	5	4		
647290	647290	44.525	5	4		
647291	647291	44.525	5	4		
647294	647294	44.525	5	4		
647295	647295	44.525	5	4		
647296	647296	44.525	5	4		
647297	647297	44.525	5	4		
647298	647298	44.525	5	4		
647299	647299	44.525	5	3		
647300	647300	44.525	5	4		
647301	647301	44.525	5	4		
647302	647302	44.525	5	4		
647303	647303	44.525	5	4		
647304	647304	44.525	5	4		
647305	647305	44.525	5	4		
647306	647306	44.525	5	4		
647307	647307	44.525	5	4		
647308	647308	44.525	5	4		
647309	647309	44.525	5	4		
647310	647310	44.525	5	4		
647311	647311	44.525	5	4		
647346	647346	44.525	5	2		
647347	647347	44.525	5	2		
647348	647348	44.525	5	2		
647349	647349	44.525	5	2		
647353	647353	44.525	5	4		
647354	647354	44.525	5	1		
647355	647355	44.525	5	4		
647356	647356	44.525	5	4		
647367	647367	44.525	5	4		
647368	647368	44.525	5	4		
647369	647369	44.525	5	2		
647370	647370	44.525	5	4		
647371	647371	44.525	5	4		
647372	647372	44.525	5	2		
647373	647373	44.525	5	2		
647374	647374	44.525	5	4		
647375	647375	44.525	5	4		
647376	647376	44.525	5	2		
647377	647377	44.525	5	1		
647378	647378	44.525	5	4		
647379	647379	44.525	5	1		
647383	647383	44.525	5	2		
647384	647384	44.525	5	2		
647385	647385	44.525	5	3		
647386	647386	44.525	5	4		
647407	647407	44.525	5	1		
647408	647408	44.525	5	1		
647409	647409	44.525	5	4		
647412	647412	44.525	5	4		
647414	647414	44.525	5	4		
647415	647415	44.525	5	4		
647418	647418	44.525	5	4		
647419	647419	44.525	5	1		
647420	647420	44.525	5	1		
647421	647421	44.525	5	1		
647422	647422	44.525	5	2		
647423	647423	44.525	5	1		
647425	647425	44.525	5	4		
647426	647426	44.525	5	4		
647430	647430	44.525	5	4		
647438	647438	44.525	5	4		
647439	647439	44.525	5	2		
647440	647440	44.525	5	2		
647441	647441	44.525	5	4		
647442	647442	44.525	5	4		
647443	647443	44.525	5	2		
647444	647444	44.525	5	4		
648665	648665	44.5667	5	4		
648667	648667	44.5667	5	4		
648668	648668	44.5667	5	4		
648669	648669	44.5667	5	4		
648670	648670	44.5667	5	4		
648671	648671	44.5667	5	4		
648672	648672	44.5667	5	4		
648673	648673	44.5667	5	4		
648674	648674	44.5667	5	4		
648675	648675	44.5667	5	4		
648676	648676	44.5667	5	4		
648677	648677	44.5667	5	4		
648678	648678	44.5667	5	4		
648679	648679	44.5667	5	4		
648680	648680	44.5667	5	4		
648681	648681	44.5667	5	4		
648682	648682	44.5667	5	4		
648683	648683	44.5667	5	4		
648684	648684	44.5667	5	4		
648685	648685	44.5667	5	4		
648686	648686	44.5667	5	4		
648687	648687	44.5667	5	4		
648688	648688	44.5667	5	4		
648689	648689	44.5667	5	4		
648690	648690	44.5667	5	4		
648691	648691	44.5667	5	4		
648692	648692	44.5667	5	4		
648693	648693	44.5667	5	4		
648694	648694	44.5667	5	4		
648695	648695	44.5667	5	4		
648696	648696	44.5667	5	4		
648697	648697	44.5667	5	4		
648698	648698	44.5667	5	4		
648732	648732	44.5667	5	2		
648733	648733	44.5667	5	2		
648734	648734	44.5667	5	2		
648735	648735	44.5667	5	2		
648736	648736	44.5667	5	2		
648737	648737	44.5667	5	2		
648740	648740	44.5667	5	4		
648741	648741	44.5667	5	2		
648751	648751	44.5667	5	4		
648752	648752	44.5667	5	4		
648753	648753	44.5667	5	4		
648754	648754	44.5667	5	4		
648755	648755	44.5667	5	2		
648756	648756	44.5667	5	2		
648757	648757	44.5667	5	2		
648758	648758	44.5667	5	2		
648759	648759	44.5667	5	2		
648760	648760	44.5667	5	2		
648761	648761	44.5667	5	4		
648762	648762	44.5667	5	2		
648763	648763	44.5667	5	4		
648764	648764	44.5667	5	1		
648765	648765	44.5667	5	4		
648767	648767	44.5667	5	4		
648771	648771	44.5667	5	3		
648780	648780	44.5667	5	4		
648781	648781	44.5667	5	4		
648782	648782	44.5667	5	4		
648783	648783	44.5667	5	4		
648798	648798	44.5667	5	4		
648800	648800	44.5667	5	4		
648801	648801	44.5667	5	4		
648803	648803	44.5667	5	4		
648805	648805	44.5667	5	4		
648806	648806	44.5667	5	4		
648810	648810	44.5667	5	4		
648820	648820	44.5667	5	4		
648822	648822	44.5667	5	2		
648823	648823	44.5667	5	2		
648824	648824	44.5667	5	2		
648825	648825	44.5667	5	2		
648826	648826	44.5667	5	2		
648827	648827	44.5667	5	4		
650051	650051	44.6083	5	4		
650053	650053	44.6083	5	4		
650054	650054	44.6083	5	4		
650055	650055	44.6083	5	4		
650056	650056	44.6083	5	4		
650057	650057	44.6083	5	4		
650058	650058	44.6083	5	4		
650059	650059	44.6083	5	4		
650060	650060	44.6083	5	4		
650061	650061	44.6083	5	4		
650062	650062	44.6083	5	4		
650063	650063	44.6083	5	4		
650064	650064	44.6083	5	4		
650065	650065	44.6083	5	4		
650066	650066	44.6083	5	4		
650067	650067	44.6083	5	4		
650068	650068	44.6083	5	4		
650069	650069	44.6083	5	4		
650070	650070	44.6083	5	4		
650071	650071	44.6083	5	4		
650072	650072	44.6083	5	4		
650073	650073	44.6083	5	4		
650074	650074	44.6083	5	4		
650075	650075	44.6083	5	4		
650076	650076	44.6083	5	4		
650077	650077	44.6083	5	4		
650078	650078	44.6083	5	3		
650079	650079	44.6083	5	4		
650080	650080	44.6083	5	3		
650081	650081	44.6083	5	4		
650082	650082	44.6083	5	4		
650083	650083	44.6083	5	4		
650084	650084	44.6083	5	4		
650119	650119	44.6083	5	2		
650120	650120	44.6083	5	2		
650121	650121	44.6083	5	2		
650122	650122	44.6083	5	2		
650123	650123	44.6083	5	4		
650126	650126	44.6083	5	2		
650127	650127	44.6083	5	2		
650128	650128	44.6083	5	4		
650139	650139	44.6083	5	4		
650140	650140	44.6083	5	2		
650141	650141	44.6083	5	4		
650142	650142	44.6083	5	4		
650143	650143	44.6083	5	4		
650144	650144	44.6083	5	4		
650145	650145	44.6083	5	4		
650146	650146	44.6083	5	2		
650147	650147	44.6083	5	4		
650148	650148	44.6083	5	4		
650150	650150	44.6083	5	1		
650151	650151	44.6083	5	2		
650152	650152	44.6083	5	2		
650153	650153	44.6083	5	1		
650154	650154	44.6083	5	4		
650157	650157	44.6083	5	3		
650163	650163	44.6083	5	4		
650164	650164	44.6083	5	4		
650166	650166	44.6083	5	4		
650167	650167	44.6083	5	4		
650168	650168	44.6083	5	4		
650169	650169	44.6083	5	4		
650170	650170	44.6083	5	4		
650183	650183	44.6083	5	4		
650184	650184	44.6083	5	4		
650185	650185	44.6083	5	4		
650205	650205	44.6083	5	4		
650208	650208	44.6083	5	4		
650209	650209	44.6083	5	2		
650210	650210	44.6083	5	4		
650211	650211	44.6083	5	4		
650212	650212	44.6083	5	4		
651437	651437	44.65	5	4		
651438	651438	44.65	5	4		
651439	651439	44.65	5	4		
651440	651440	44.65	5	4		
651441	651441	44.65	5	4		
651442	651442	44.65	5	4		
651443	651443	44.65	5	4		
651444	651444	44.65	5	4		
651445	651445	44.65	5	4		
651446	651446	44.65	5	4		
651447	651447	44.65	5	3		
651448	651448	44.65	5	4		
651449	651449	44.65	5	4		
651450	651450	44.65	5	4		
651451	651451	44.65	5	4		
651452	651452	44.65	5	4		
651455	651455	44.65	5	4		
651456	651456	44.65	5	4		
651457	651457	44.65	5	4		
651458	651458	44.65	5	4		
651459	651459	44.65	5	4		
651460	651460	44.65	5	4		
651461	651461	44.65	5	4		
651462	651462	44.65	5	4		
651463	651463	44.65	5	4		
651464	651464	44.65	5	4		
651465	651465	44.65	5	4		
651466	651466	44.65	5	4		
651467	651467	44.65	5	3		
651468	651468	44.65	5	3		
651469	651469	44.65	5	4		
651505	651505	44.65	5	4		
651506	651506	44.65	5	2		
651507	651507	44.65	5	2		
651508	651508	44.65	5	2		
651509	651509	44.65	5	2		
651510	651510	44.65	5	2		
651511	651511	44.65	5	2		
651512	651512	44.65	5	2		
651513	651513	44.65	5	4		
651517	651517	44.65	5	4		
651518	651518	44.65	5	4		
651522	651522	44.65	5	4		
651523	651523	44.65	5	4		
651526	651526	44.65	5	4		
651527	651527	44.65	5	3		
651528	651528	44.65	5	3		
651529	651529	44.65	5	2		
651531	651531	44.65	5	4		
651532	651532	44.65	5	2		
651533	651533	44.65	5	2		
651534	651534	44.65	5	4		
651536	651536	44.65	5	4		
651537	651537	44.65	5	4		
651538	651538	44.65	5	4		
651539	651539	44.65	5	4		
651543	651543	44.65	5	3		
651548	651548	44.65	5	2		
651549	651549	44.65	5	4		
651550	651550	44.65	5	4		
651552	651552	44.65	5	1		
651553	651553	44.65	5	4		
651554	651554	44.65	5	4		
651555	651555	44.65	5	1		
651556	651556	44.65	5	1		
651558	651558	44.65	5	4		
651565	651565	44.65	5	4		
651566	651566	44.65	5	4		
651567	651567	44.65	5	4		
651572	651572	44.65	5	4		
651573	651573	44.65	5	4		
651574	651574	44.65	5	4		
651575	651575	44.65	5	4		
651576	651576	44.65	5	4		
651583	651583	44.65	5	4		
651584	651584	44.65	5	4		
651585	651585	44.65	5	2		
651586	651586	44.65	5	2		
651587	651587	44.65	5	2		
651588	651588	44.65	5	2		
651589	651589	44.65	5	2		
651590	651590	44.65	5	4		
651591	651591	44.65	5	4		
651592	651592	44.65	5	2		
651593	651593	44.65	5	2		
651594	651594	44.65	5	2		
651595	651595	44.65	5	2		
651596	651596	44.65	5	4		
652825	652825	44.6917	5	4		
652826	652826	44.6917	5	4		
652827	652827	44.6917	5	4		
652828	652828	44.6917	5	4		
652829	652829	44.6917	5	4		
652832	652832	44.6917	5	4		
652834	652834	44.6917	5	4		
652835	652835	44.6917	5	4		
652836	652836	44.6917	5	4		
652837	652837	44.6917	5	4		
652838	652838	44.6917	5	4		
652839	652839	44.6917	5	4		
652840	652840	44.6917	5	4		
652841	652841	44.6917	5	4		
652842	652842	44.6917	5	4		
652843	652843	44.6917	5	4		
652844	652844	44.6917	5	4		
652845	652845	44.6917	5	3		
652846	652846	44.6917	5	4		
652847	652847	44.6917	5	4		
652848	652848	44.6917	5	3		
652849	652849	44.6917	5	3		
652850	652850	44.6917	5	4		
652851	652851	44.6917	5	3		
652852	652852	44.6917	5	4		
652853	652853	44.6917	5	4		
652854	652854	44.6917	5	4		
652855	652855	44.6917	5	4		
652856	652856	44.6917	5	4		
652857	652857	44.6917	5	4		
652858	652858	44.6917	5	4		
652891	652891	44.6917	5	2		
652892	652892	44.6917	5	2		
652893	652893	44.6917	5	2		
652894	652894	44.6917	5	2		
652895	652895	44.6917	5	2		
652897	652897	44.6917	5	4		
652902	652902	44.6917	5	4		
652903	652903	44.6917	5	2		
652904	652904	44.6917	5	4		
652909	652909	44.6917	5	4		
652913	652913	44.6917	5	4		
652914	652914	44.6917	5	3		
652918	652918	44.6917	5	4		
652919	652919	44.6917	5	4		
652920	652920	44.6917	5	4		
652921	652921	44.6917	5	4		
652922	652922	44.6917	5	4		
652923	652923	44.6917	5	4		
652928	652928	44.6917	5	4		
652929	652929	44.6917	5	3		
652934	652934	44.6917	5	2		
652935	652935	44.6917	5	4		
652938	652938	44.6917	5	4		
652939	652939	44.6917	5	4		
652940	652940	44.6917	5	4		
652941	652941	44.6917	5	4		
652942	652942	44.6917	5	1		
652943	652943	44.6917	5	1		
652944	652944	44.6917	5	4		
652945	652945	44.6917	5	4		
652949	652949	44.6917	5	4		
652950	652950	44.6917	5	4		
652951	652951	44.6917	5	4		
652960	652960	44.6917	5	4		
652961	652961	44.6917	5	4		
652965	652965	44.6917	5	4		
652966	652966	44.6917	5	4		
652967	652967	44.6917	5	4		
652970	652970	44.6917	5	4		
652971	652971	44.6917	5	2		
652972	652972	44.6917	5	2		
652973	652973	44.6917	5	2		
652974	652974	44.6917	5	2		
652975	652975	44.6917	5	2		
652976	652976	44.6917	5	2		
652977	652977	44.6917	5	2		
652978	652978	44.6917	5	4		
652989	652989	44.6917	5	4		
654212	654212	44.7333	5	4		
654213	654213	44.7333	5	4		
654214	654214	44.7333	5	4		
654215	654215	44.7333	5	3		
654216	654216	44.7333	5	4		
654217	654217	44.7333	5	4		
654218	654218	44.7333	5	4		
654219	654219	44.7333	5	4		
654222	654222	44.7333	5	4		
654223	654223	44.7333	5	4		
654224	654224	44.7333	5	3		
654225	654225	44.7333	5	4		
654226	654226	44.7333	5	4		
654227	654227	44.7333	5	4		
654228	654228	44.7333	5	3		
654229	654229	44.7333	5	3		
654230	654230	44.7333	5	4		
654231	654231	44.7333	5	3		
654232	654232	44.7333	5	3		
654233	654233	44.7333	5	3		
654234	654234	44.7333	5	4		
654235	654235	44.7333	5	4		
654236	654236	44.7333	5	4		
654237	654237	44.7333	5	4		
654238	654238	44.7333	5	4		
654239	654239	44.7333	5	4		
654240	654240	44.7333	5	4		
654241	654241	44.7333	5	4		
654242	654242	44.7333	5	4		
654243	654243	44.7333	5	4		
654244	654244	44.7333	5	4		
654245	654245	44.7333	5	4		
654246	654246	44.7333	5	4		
654247	654247	44.7333	5	4		
654248	654248	44.7333	5	4		
654249	654249	44.7333	5	4		
654250	654250	44.7333	5	4		
654274	654274	44.7333	5	4		
654275	654275	44.7333	5	2		
654276	654276	44.7333	5	3		
654277	654277	44.7333	5	3		
654278	654278	44.7333	5	2		
654279	654279	44.7333	5	2		
654280	654280	44.7333	5	2		
654281	654281	44.7333	5	2		
654282	654282	44.7333	5	4		
654283	654283	44.7333	5	2		
654284	654284	44.7333	5	4		
654287	654287	44.7333	5	4		
654288	654288	44.7333	5	2		
654289	654289	44.7333	5	2		
654291	654291	44.7333	5	4		
654292	654292	44.7333	5	4		
654293	654293	44.7333	5	4		
654294	654294	44.7333	5	2		
654295	654295	44.7333	5	4		
654296	654296	44.7333	5	2		
654297	654297	44.7333	5	2		
654298	654298	44.7333	5	3		
654299	654299	44.7333	5	3		
654300	654300	44.7333	5	4		
654301	654301	44.7333	5	2		
654302	654302	44.7333	5	3		
654303	654303	44.7333	5	3		
654304	654304	44.7333	5	4		
654305	654305	44.7333	5	2		
654306	654306	44.7333	5	2		
654307	654307	44.7333	5	4		
654308	654308	44.7333	5	4		
654309	654309	44.7333	5	4		
654311	654311	44.7333	5	4		
654315	654315	44.7333	5	3		
654317	654317	44.7333	5	2		
654318	654318	44.7333	5	4		
654320	654320	44.7333	5	4		
654321	654321	44.7333	5	4		
654322	654322	44.7333	5	4		
654323	654323	44.7333	5	2		
654324	654324	44.7333	5	2		
654325	654325	44.7333	5	4		
654326	654326	44.7333	5	2		
654327	654327	44.7333	5	2		
654328	654328	44.7333	5	2		
654329	654329	44.7333	5	2		
654330	654330	44.7333	5	4		
654332	654332	44.7333	5	4		
654334	654334	44.7333	5	4		
654335	654335	44.7333	5	4		
654339	654339	44.7333	5	4		
654340	654340	44.7333	5	4		
654351	654351	44.7333	5	4		
654352	654352	44.7333	5	4		
654353	654353	44.7333	5	4		
654357	654357	44.7333	5	4		
654358	654358	44.7333	5	2		
654359	654359	44.7333	5	2		
654360	654360	44.7333	5	2		
654366	654366	44.7333	5	2		
654367	654367	44.7333	5	4		
654368	654368	44.7333	5	4		
654372	654372	44.7333	5	2		
654373	654373	44.7333	5	2		
654374	654374	44.7333	5	2		
654375	654375	44.7333	5	2		
655598	655598	44.775	5	4		
655599	655599	44.775	5	4		
655600	655600	44.775	5	4		
655601	655601	44.775	5	4		
655602	655602	44.775	5	4		
655609	655609	44.775	5	4		
655610	655610	44.775	5	3		
655611	655611	44.775	5	4		
655612	655612	44.775	5	4		
655613	655613	44.775	5	4		
655614	655614	44.775	5	4		
655615	655615	44.775	5	4		
655616	655616	44.775	5	4		
655617	655617	44.775	5	4		
655618	655618	44.775	5	4		
655619	655619	44.775	5	4		
655620	655620	44.775	5	3		
655621	655621	44.775	5	4		
655622	655622	44.775	5	3		
655623	655623	44.775	5	3		
655624	655624	44.775	5	3		
655625	655625	44.775	5	3		
655626	655626	44.775	5	4		
655627	655627	44.775	5	4		
655628	655628	44.775	5	4		
655629	655629	44.775	5	4		
655630	655630	44.775	5	4		
655631	655631	44.775	5	4		
655632	655632	44.775	5	4		
655633	655633	44.775	5	4		
655635	655635	44.775	5	4		
655636	655636	44.775	5	4		
655662	655662	44.775	5	4		
655663	655663	44.775	5	4		
655664	655664	44.775	5	2		
655665	655665	44.775	5	2		
655666	655666	44.775	5	2		
655667	655667	44.775	5	2		
655668	655668	44.775	5	4		
655669	655669	44.775	5	2		
655670	655670	44.775	5	2		
655672	655672	44.775	5	4		
655673	655673	44.775	5	4		
655674	655674	44.775	5	2		
655677	655677	44.775	5	4		
655678	655678	44.775	5	4		
655680	655680	44.775	5	4		
655681	655681	44.775	5	4		
655682	655682	44.775	5	4		
655683	655683	44.775	5	3		
655687	655687	44.775	5	3		
655688	655688	44.775	5	3		
655690	655690	44.775	5	4		
655692	655692	44.775	5	4		
655693	655693	44.775	5	4		
655694	655694	44.775	5	4		
655695	655695	44.775	5	4		
655697	655697	44.775	5	4		
655699	655699	44.775	5	4		
655700	655700	44.775	5	3		
655701	655701	44.775	5	3		
655702	655702	44.775	5	2		
655703	655703	44.775	5	2		
655704	655704	44.775	5	4		
655705	655705	44.775	5	4		
655706	655706	44.775	5	4		
655707	655707	44.775	5	2		
655711	655711	44.775	5	4		
655712	655712	44.775	5	4		
655713	655713	44.775	5	2		
655714	655714	44.775	5	2		
655715	655715	44.775	5	2		
655716	655716	44.775	5	4		
655717	655717	44.775	5	4		
655718	655718	44.775	5	4		
655719	655719	44.775	5	4		
655720	655720	44.775	5	4		
655725	655725	44.775	5	4		
655726	655726	44.775	5	4		
655727	655727	44.775	5	4		
655731	655731	44.775	5	4		
655742	655742	44.775	5	2		
655743	655743	44.775	5	2		
655744	655744	44.775	5	2		
655745	655745	44.775	5	2		
655746	655746	44.775	5	2		
655748	655748	44.775	5	4		
655749	655749	44.775	5	4		
655750	655750	44.775	5	4		
655752	655752	44.775	5	2		
655753	655753	44.775	5	4		
655754	655754	44.775	5	4		
655758	655758	44.775	5	2		
655759	655759	44.775	5	2		
655760	655760	44.775	5	2		
655761	655761	44.775	5	2		
656983	656983	44.8167	5	4		
656984	656984	44.8167	5	4		
656985	656985	44.8167	5	4		
656996	656996	44.8167	5	4		
656997	656997	44.8167	5	4		
656998	656998	44.8167	5	4		
656999	656999	44.8167	5	3		
657000	657000	44.8167	5	4		
657001	657001	44.8167	5	4		
657002	657002	44.8167	5	4		
657003	657003	44.8167	5	3		
657004	657004	44.8167	5	4		
657005	657005	44.8167	5	4		
657006	657006	44.8167	5	4		
657007	657007	44.8167	5	3		
657008	657008	44.8167	5	3		
657009	657009	44.8167	5	3		
657010	657010	44.8167	5	4		
657011	657011	44.8167	5	3		
657012	657012	44.8167	5	4		
657013	657013	44.8167	5	4		
657014	657014	44.8167	5	4		
657015	657015	44.8167	5	4		
657016	657016	44.8167	5	4		
657017	657017	44.8167	5	4		
657052	657052	44.8167	5	3		
657053	657053	44.8167	5	3		
657054	657054	44.8167	5	4		
657055	657055	44.8167	5	4		
657056	657056	44.8167	5	2		
657057	657057	44.8167	5	2		
657058	657058	44.8167	5	2		
657059	657059	44.8167	5	2		
657060	657060	44.8167	5	2		
657061	657061	44.8167	5	2		
657062	657062	44.8167	5	2		
657065	657065	44.8167	5	4		
657066	657066	44.8167	5	4		
657067	657067	44.8167	5	3		
657069	657069	44.8167	5	3		
657070	657070	44.8167	5	4		
657074	657074	44.8167	5	4		
657076	657076	44.8167	5	4		
657078	657078	44.8167	5	4		
657079	657079	44.8167	5	4		
657080	657080	44.8167	5	4		
657081	657081	44.8167	5	4		
657082	657082	44.8167	5	4		
657083	657083	44.8167	5	3		
657084	657084	44.8167	5	3		
657085	657085	44.8167	5	3		
657086	657086	44.8167	5	2		
657087	657087	44.8167	5	4		
657088	657088	44.8167	5	4		
657089	657089	44.8167	5	2		
657090	657090	44.8167	5	2		
657091	657091	44.8167	5	2		
657092	657092	44.8167	5	2		
657093	657093	44.8167	5	2		
657094	657094	44.8167	5	2		
657098	657098	44.8167	5	4		
657099	657099	44.8167	5	4		
657100	657100	44.8167	5	2		
657101	657101	44.8167	5	2		
657102	657102	44.8167	5	2		
657103	657103	44.8167	5	2		
657104	657104	44.8167	5	2		
657110	657110	44.8167	5	4		
657111	657111	44.8167	5	4		
657112	657112	44.8167	5	4		
657115	657115	44.8167	5	4		
657117	657117	44.8167	5	4		
657126	657126	44.8167	5	1		
657127	657127	44.8167	5	2		
657128	657128	44.8167	5	2		
657129	657129	44.8167	5	2		
657130	657130	44.8167	5	2		
657131	657131	44.8167	5	2		
657132	657132	44.8167	5	2		
657133	657133	44.8167	5	2		
657136	657136	44.8167	5	2		
657137	657137	44.8167	5	2		
657138	657138	44.8167	5	2		
657139	657139	44.8167	5	2		
657140	657140	44.8167	5	2		
657141	657141	44.8167	5	4		
657143	657143	44.8167	5	4		
657145	657145	44.8167	5	2		
657146	657146	44.8167	5	2		
657147	657147	44.8167	5	2		
657148	657148	44.8167	5	2		
658369	658369	44.8583	5	4		
658370	658370	44.8583	5	4		
658380	658380	44.8583	5	4		
658381	658381	44.8583	5	4		
658382	658382	44.8583	5	3		
658383	658383	44.8583	5	4		
658384	658384	44.8583	5	4		
658385	658385	44.8583	5	4		
658386	658386	44.8583	5	4		
658387	658387	44.8583	5	4		
658388	658388	44.8583	5	4		
658389	658389	44.8583	5	4		
658390	658390	44.8583	5	4		
658391	658391	44.8583	5	4		
658392	658392	44.8583	5	4		
658393	658393	44.8583	5	4		
658394	658394	44.8583	5	4		
658395	658395	44.8583	5	4		
658396	658396	44.8583	5	4		
658397	658397	44.8583	5	4		
658398	658398	44.8583	5	4		
658399	658399	44.8583	5	4		
658400	658400	44.8583	5	4		
658401	658401	44.8583	5	4		
658437	658437	44.8583	5	3		
658438	658438	44.8583	5	3		
658439	658439	44.8583	5	3		
658442	658442	44.8583	5	2		
658443	658443	44.8583	5	4		
658444	658444	44.8583	5	2		
658445	658445	44.8583	5	2		
658446	658446	44.8583	5	2		
658447	658447	44.8583	5	4		
658448	658448	44.8583	5	4		
658449	658449	44.8583	5	4		
658453	658453	44.8583	5	4		
658454	658454	44.8583	5	3		
658455	658455	44.8583	5	3		
658460	658460	44.8583	5	4		
658461	658461	44.8583	5	4		
658462	658462	44.8583	5	4		
658463	658463	44.8583	5	4		
658464	658464	44.8583	5	4		
658465	658465	44.8583	5	4		
658466	658466	44.8583	5	4		
658467	658467	44.8583	5	4		
658468	658468	44.8583	5	4		
658469	658469	44.8583	5	3		
658470	658470	44.8583	5	4		
658471	658471	44.8583	5	2		
658472	658472	44.8583	5	4		
658473	658473	44.8583	5	4		
658476	658476	44.8583	5	2		
658477	658477	44.8583	5	4		
658478	658478	44.8583	5	2		
658479	658479	44.8583	5	4		
658480	658480	44.8583	5	4		
658485	658485	44.8583	5	4		
658486	658486	44.8583	5	4		
658487	658487	44.8583	5	2		
658488	658488	44.8583	5	2		
658489	658489	44.8583	5	2		
658501	658501	44.8583	5	4		
658503	658503	44.8583	5	4		
658512	658512	44.8583	5	1		
658513	658513	44.8583	5	1		
658514	658514	44.8583	5	1		
658515	658515	44.8583	5	2		
658516	658516	44.8583	5	1		
658517	658517	44.8583	5	2		
658518	658518	44.8583	5	2		
658521	658521	44.8583	5	2		
658522	658522	44.8583	5	2		
658523	658523	44.8583	5	2		
658524	658524	44.8583	5	2		
658525	658525	44.8583	5	2		
658526	658526	44.8583	5	2		
658527	658527	44.8583	5	2		
658529	658529	44.8583	5	4		
658531	658531	44.8583	5	4		
658533	658533	44.8583	5	2		
658534	658534	44.8583	5	2		
658535	658535	44.8583	5	2		
658536	658536	44.8583	5	2		
659754	659754	44.9	5	4		
659755	659755	44.9	5	4		
659756	659756	44.9	5	4		
659768	659768	44.9	5	4		
659769	659769	44.9	5	4		
659770	659770	44.9	5	4		
659771	659771	44.9	5	4		
659772	659772	44.9	5	3		
659773	659773	44.9	5	4		
659774	659774	44.9	5	3		
659775	659775	44.9	5	3		
659776	659776	44.9	5	4		
659777	659777	44.9	5	4		
659778	659778	44.9	5	4		
659779	659779	44.9	5	4		
659780	659780	44.9	5	4		
659781	659781	44.9	5	4		
659782	659782	44.9	5	4		
659783	659783	44.9	5	4		
659784	659784	44.9	5	4		
659785	659785	44.9	5	2		
659786	659786	44.9	5	4		
659787	659787	44.9	5	4		
659824	659824	44.9	5	3		
659825	659825	44.9	5	3		
659826	659826	44.9	5	4		
659828	659828	44.9	5	4		
659829	659829	44.9	5	4		
659831	659831	44.9	5	2		
659832	659832	44.9	5	2		
659833	659833	44.9	5	2		
659834	659834	44.9	5	4		
659835	659835	44.9	5	4		
659836	659836	44.9	5	4		
659837	659837	44.9	5	2		
659839	659839	44.9	5	3		
659840	659840	44.9	5	3		
659841	659841	44.9	5	2		
659842	659842	44.9	5	4		
659843	659843	44.9	5	4		
659844	659844	44.9	5	2		
659845	659845	44.9	5	4		
659846	659846	44.9	5	4		
659847	659847	44.9	5	4		
659849	659849	44.9	5	2		
659850	659850	44.9	5	2		
659851	659851	44.9	5	4		
659852	659852	44.9	5	2		
659853	659853	44.9	5	2		
659854	659854	44.9	5	4		
659855	659855	44.9	5	4		
659856	659856	44.9	5	4		
659857	659857	44.9	5	2		
659858	659858	44.9	5	4		
659863	659863	44.9	5	4		
659864	659864	44.9	5	4		
659865	659865	44.9	5	4		
659869	659869	44.9	5	4		
659870	659870	44.9	5	4		
659871	659871	44.9	5	2		
659872	659872	44.9	5	2		
659873	659873	44.9	5	4		
659874	659874	44.9	5	4		
659875	659875	44.9	5	4		
659880	659880	44.9	5	4		
659881	659881	44.9	5	4		
659886	659886	44.9	5	4		
659888	659888	44.9	5	4		
659889	659889	44.9	5	4		
659897	659897	44.9	5	1		
659898	659898	44.9	5	2		
659899	659899	44.9	5	1		
659900	659900	44.9	5	2		
659901	659901	44.9	5	2		
659902	659902	44.9	5	2		
659903	659903	44.9	5	2		
659904	659904	44.9	5	2		
659906	659906	44.9	5	2		
659907	659907	44.9	5	2		
659908	659908	44.9	5	2		
659910	659910	44.9	5	2		
659911	659911	44.9	5	4		
659913	659913	44.9	5	4		
659918	659918	44.9	5	2		
659919	659919	44.9	5	2		
659920	659920	44.9	5	2		
659921	659921	44.9	5	2		
659922	659922	44.9	5	2		
659923	659923	44.9	5	4		
659924	659924	44.9	5	4		
661140	661140	44.9417	5	4		
661141	661141	44.9417	5	4		
661155	661155	44.9417	5	4		
661156	661156	44.9417	5	4		
661157	661157	44.9417	5	4		
661158	661158	44.9417	5	4		
661159	661159	44.9417	5	4		
661160	661160	44.9417	5	3		
661161	661161	44.9417	5	4		
661162	661162	44.9417	5	4		
661163	661163	44.9417	5	4		
661164	661164	44.9417	5	4		
661165	661165	44.9417	5	4		
661166	661166	44.9417	5	4		
661167	661167	44.9417	5	3		
661168	661168	44.9417	5	3		
661169	661169	44.9417	5	4		
661170	661170	44.9417	5	4		
661171	661171	44.9417	5	4		
661172	661172	44.9417	5	4		
661173	661173	44.9417	5	4		
661175	661175	44.9417	5	4		
661210	661210	44.9417	5	3		
661211	661211	44.9417	5	3		
661213	661213	44.9417	5	2		
661214	661214	44.9417	5	4		
661216	661216	44.9417	5	2		
661217	661217	44.9417	5	2		
661219	661219	44.9417	5	2		
661220	661220	44.9417	5	2		
661221	661221	44.9417	5	4		
661223	661223	44.9417	5	2		
661225	661225	44.9417	5	3		
661226	661226	44.9417	5	4		
661230	661230	44.9417	5	4		
661231	661231	44.9417	5	2		
661232	661232	44.9417	5	4		
661233	661233	44.9417	5	2		
661234	661234	44.9417	5	4		
661236	661236	44.9417	5	4		
661237	661237	44.9417	5	4		
661238	661238	44.9417	5	4		
661240	661240	44.9417	5	4		
661241	661241	44.9417	5	4		
661242	661242	44.9417	5	4		
661243	661243	44.9417	5	4		
661248	661248	44.9417	5	4		
661249	661249	44.9417	5	4		
661250	661250	44.9417	5	4		
661251	661251	44.9417	5	4		
661254	661254	44.9417	5	4		
661255	661255	44.9417	5	4		
661257	661257	44.9417	5	4		
661260	661260	44.9417	5	4		
661261	661261	44.9417	5	4		
661262	661262	44.9417	5	4		
661263	661263	44.9417	5	4		
661264	661264	44.9417	5	4		
661266	661266	44.9417	5	4		
661267	661267	44.9417	5	4		
661271	661271	44.9417	5	4		
661272	661272	44.9417	5	4		
661273	661273	44.9417	5	4		
661274	661274	44.9417	5	4		
661275	661275	44.9417	5	4		
661282	661282	44.9417	5	4		
661283	661283	44.9417	5	2		
661284	661284	44.9417	5	2		
661285	661285	44.9417	5	2		
661286	661286	44.9417	5	2		
661287	661287	44.9417	5	2		
661288	661288	44.9417	5	2		
661289	661289	44.9417	5	4		
661292	661292	44.9417	5	2		
661293	661293	44.9417	5	2		
661294	661294	44.9417	5	2		
661304	661304	44.9417	5	2		
661305	661305	44.9417	5	2		
661306	661306	44.9417	5	2		
661307	661307	44.9417	5	2		
661308	661308	44.9417	5	2		
661312	661312	44.9417	5	3		
662526	662526	44.9833	5	4		
662527	662527	44.9833	5	4		
662538	662538	44.9833	5	4		
662539	662539	44.9833	5	4		
662540	662540	44.9833	5	4		
662541	662541	44.9833	5	4		
662542	662542	44.9833	5	4		
662543	662543	44.9833	5	3		
662544	662544	44.9833	5	4		
662545	662545	44.9833	5	4		
662546	662546	44.9833	5	4		
662547	662547	44.9833	5	2		
662548	662548	44.9833	5	4		
662549	662549	44.9833	5	3		
662550	662550	44.9833	5	4		
662551	662551	44.9833	5	4		
662552	662552	44.9833	5	3		
662553	662553	44.9833	5	3		
662554	662554	44.9833	5	3		
662555	662555	44.9833	5	3		
662556	662556	44.9833	5	4		
662557	662557	44.9833	5	4		
662558	662558	44.9833	5	4		
662559	662559	44.9833	5	4		
662560	662560	44.9833	5	4		
662561	662561	44.9833	5	4		
662600	662600	44.9833	5	2		
662605	662605	44.9833	5	4		
662611	662611	44.9833	5	4		
662614	662614	44.9833	5	4		
662615	662615	44.9833	5	4		
662616	662616	44.9833	5	2		
662617	662617	44.9833	5	2		
662618	662618	44.9833	5	4		
662619	662619	44.9833	5	2		
662620	662620	44.9833	5	4		
662623	662623	44.9833	5	4		
662624	662624	44.9833	5	4		
662625	662625	44.9833	5	4		
662640	662640	44.9833	5	2		
662641	662641	44.9833	5	4		
662647	662647	44.9833	5	4		
662648	662648	44.9833	5	2		
662649	662649	44.9833	5	4		
662656	662656	44.9833	5	4		
662657	662657	44.9833	5	4		
662659	662659	44.9833	5	4		
662660	662660	44.9833	5	4		
662668	662668	44.9833	5	4		
662669	662669	44.9833	5	1		
662670	662670	44.9833	5	2		
662671	662671	44.9833	5	2		
662672	662672	44.9833	5	2		
662673	662673	44.9833	5	2		
662674	662674	44.9833	5	2		
662678	662678	44.9833	5	2		
662679	662679	44.9833	5	2		
662680	662680	44.9833	5	2		
662687	662687	44.9833	5	4		
662688	662688	44.9833	5	4		
662698	662698	44.9833	5	3		
663912	663912	45.025	5	4		
663913	663913	45.025	5	4		
663914	663914	45.025	5	4		
663915	663915	45.025	5	4		
663916	663916	45.025	5	4		
663921	663921	45.025	5	4		
663923	663923	45.025	5	4		
663924	663924	45.025	5	4		
663925	663925	45.025	5	4		
663926	663926	45.025	5	4		
663927	663927	45.025	5	4		
663928	663928	45.025	5	4		
663929	663929	45.025	5	4		
663930	663930	45.025	5	3		
663931	663931	45.025	5	4		
663932	663932	45.025	5	4		
663933	663933	45.025	5	3		
663934	663934	45.025	5	3		
663935	663935	45.025	5	3		
663936	663936	45.025	5	3		
663937	663937	45.025	5	4		
663938	663938	45.025	5	3		
663939	663939	45.025	5	3		
663940	663940	45.025	5	4		
663941	663941	45.025	5	3		
663942	663942	45.025	5	4		
663943	663943	45.025	5	4		
663944	663944	45.025	5	4		
663945	663945	45.025	5	4		
663946	663946	45.025	5	4		
663947	663947	45.025	5	4		
663948	663948	45.025	5	4		
663949	663949	45.025	5	4		
663985	663985	45.025	5	4		
663991	663991	45.025	5	2		
663992	663992	45.025	5	2		
663997	663997	45.025	5	3		
664000	664000	45.025	5	4		
664001	664001	45.025	5	4		
664002	664002	45.025	5	2		
664003	664003	45.025	5	2		
664004	664004	45.025	5	2		
664005	664005	45.025	5	4		
664006	664006	45.025	5	2		
664007	664007	45.025	5	4		
664008	664008	45.025	5	4		
664009	664009	45.025	5	4		
664010	664010	45.025	5	4		
664011	664011	45.025	5	4		
664014	664014	45.025	5	4		
664015	664015	45.025	5	4		
664016	664016	45.025	5	4		
664032	664032	45.025	5	4		
664033	664033	45.025	5	4		
664036	664036	45.025	5	4		
664037	664037	45.025	5	4		
664039	664039	45.025	5	4		
664040	664040	45.025	5	4		
664041	664041	45.025	5	4		
664054	664054	45.025	5	4		
664055	664055	45.025	5	2		
664056	664056	45.025	5	2		
664057	664057	45.025	5	2		
664058	664058	45.025	5	2		
664059	664059	45.025	5	2		
664060	664060	45.025	5	4		
664064	664064	45.025	5	2		
664065	664065	45.025	5	2		
665300	665300	45.0667	5	4		
665301	665301	45.0667	5	4		
665306	665306	45.0667	5	4		
665307	665307	45.0667	5	4		
665308	665308	45.0667	5	4		
665309	665309	45.0667	5	4		
665310	665310	45.0667	5	4		
665311	665311	45.0667	5	4		
665312	665312	45.0667	5	4		
665313	665313	45.0667	5	4		
665314	665314	45.0667	5	4		
665315	665315	45.0667	5	3		
665316	665316	45.0667	5	3		
665317	665317	45.0667	5	4		
665318	665318	45.0667	5	4		
665319	665319	45.0667	5	4		
665320	665320	45.0667	5	3		
665321	665321	45.0667	5	3		
665322	665322	45.0667	5	3		
665323	665323	45.0667	5	3		
665324	665324	45.0667	5	4		
665325	665325	45.0667	5	3		
665326	665326	45.0667	5	3		
665327	665327	45.0667	5	3		
665328	665328	45.0667	5	3		
665329	665329	45.0667	5	4		
665330	665330	45.0667	5	4		
665331	665331	45.0667	5	4		
665332	665332	45.0667	5	4		
665333	665333	45.0667	5	4		
665334	665334	45.0667	5	4		
665335	665335	45.0667	5	4		
665363	665363	45.0667	5	2		
665364	665364	45.0667	5	2		
665373	665373	45.0667	5	4		
665374	665374	45.0667	5	4		
665375	665375	45.0667	5	2		
665377	665377	45.0667	5	4		
665378	665378	45.0667	5	4		
665379	665379	45.0667	5	4		
665382	665382	45.0667	5	4		
665383	665383	45.0667	5	3		
665384	665384	45.0667	5	4		
665385	665385	45.0667	5	2		
665386	665386	45.0667	5	2		
665387	665387	45.0667	5	4		
665388	665388	45.0667	5	4		
665389	665389	45.0667	5	4		
665390	665390	45.0667	5	2		
665391	665391	45.0667	5	4		
665392	665392	45.0667	5	4		
665393	665393	45.0667	5	4		
665394	665394	45.0667	5	2		
665395	665395	45.0667	5	2		
665397	665397	45.0667	5	2		
665398	665398	45.0667	5	2		
665400	665400	45.0667	5	4		
665401	665401	45.0667	5	4		
665402	665402	45.0667	5	4		
665404	665404	45.0667	5	4		
665405	665405	45.0667	5	4		
665423	665423	45.0667	5	4		
665424	665424	45.0667	5	4		
665442	665442	45.0667	5	2		
665443	665443	45.0667	5	2		
665444	665444	45.0667	5	2		
665445	665445	45.0667	5	2		
665446	665446	45.0667	5	2		
665447	665447	45.0667	5	2		
665450	665450	45.0667	5	2		
665451	665451	45.0667	5	2		
666685	666685	45.1083	5	4		
666688	666688	45.1083	5	4		
666691	666691	45.1083	5	4		
666692	666692	45.1083	5	4		
666693	666693	45.1083	5	4		
666694	666694	45.1083	5	4		
666696	666696	45.1083	5	4		
666697	666697	45.1083	5	4		
666698	666698	45.1083	5	4		
666699	666699	45.1083	5	4		
666700	666700	45.1083	5	3		
666701	666701	45.1083	5	3		
666702	666702	45.1083	5	3		
666703	666703	45.1083	5	4		
666704	666704	45.1083	5	3		
666705	666705	45.1083	5	4		
666706	666706	45.1083	5	3		
666707	666707	45.1083	5	3		
666708	666708	45.1083	5	3		
666709	666709	45.1083	5	3		
666710	666710	45.1083	5	4		
666711	666711	45.1083	5	3		
666712	666712	45.1083	5	3		
666713	666713	45.1083	5	3		
666714	666714	45.1083	5	3		
666715	666715	45.1083	5	3		
666716	666716	45.1083	5	4		
666717	666717	45.1083	5	4		
666718	666718	45.1083	5	4		
666719	666719	45.1083	5	4		
666720	666720	45.1083	5	4		
666721	666721	45.1083	5	4		
666722	666722	45.1083	5	4		
666747	666747	45.1083	5	2		
666748	666748	45.1083	5	2		
666749	666749	45.1083	5	2		
666750	666750	45.1083	5	2		
666751	666751	45.1083	5	3		
666752	666752	45.1083	5	3		
666753	666753	45.1083	5	4		
666758	666758	45.1083	5	4		
666759	666759	45.1083	5	2		
666760	666760	45.1083	5	2		
666761	666761	45.1083	5	2		
666762	666762	45.1083	5	2		
666763	666763	45.1083	5	4		
666764	666764	45.1083	5	4		
666765	666765	45.1083	5	4		
666766	666766	45.1083	5	4		
666768	666768	45.1083	5	4		
666770	666770	45.1083	5	4		
666771	666771	45.1083	5	4		
666772	666772	45.1083	5	4		
666773	666773	45.1083	5	4		
666774	666774	45.1083	5	4		
666775	666775	45.1083	5	4		
666776	666776	45.1083	5	4		
666777	666777	45.1083	5	4		
666778	666778	45.1083	5	2		
666779	666779	45.1083	5	4		
666780	666780	45.1083	5	4		
666781	666781	45.1083	5	4		
666782	666782	45.1083	5	2		
666783	666783	45.1083	5	2		
666784	666784	45.1083	5	4		
666785	666785	45.1083	5	4		
666786	666786	45.1083	5	4		
666787	666787	45.1083	5	4		
666788	666788	45.1083	5	4		
666789	666789	45.1083	5	4		
666790	666790	45.1083	5	4		
666791	666791	45.1083	5	4		
666795	666795	45.1083	5	4		
666796	666796	45.1083	5	4		
666797	666797	45.1083	5	4		
666805	666805	45.1083	5	4		
666806	666806	45.1083	5	4		
666807	666807	45.1083	5	4		
666808	666808	45.1083	5	4		
666809	666809	45.1083	5	4		
666810	666810	45.1083	5	4		
666811	666811	45.1083	5	4		
666829	666829	45.1083	5	2		
666830	666830	45.1083	5	2		
666831	666831	45.1083	5	2		
666832	666832	45.1083	5	2		
666833	666833	45.1083	5	2		
666835	666835	45.1083	5	4		
666836	666836	45.1083	5	4		
668071	668071	45.15	5	4		
668072	668072	45.15	5	4		
668073	668073	45.15	5	4		
668082	668082	45.15	5	4		
668083	668083	45.15	5	4		
668084	668084	45.15	5	4		
668085	668085	45.15	5	4		
668086	668086	45.15	5	4		
668087	668087	45.15	5	4		
668088	668088	45.15	5	3		
668089	668089	45.15	5	4		
668090	668090	45.15	5	3		
668091	668091	45.15	5	3		
668092	668092	45.15	5	4		
668093	668093	45.15	5	4		
668094	668094	45.15	5	3		
668095	668095	45.15	5	3		
668096	668096	45.15	5	3		
668097	668097	45.15	5	3		
668098	668098	45.15	5	4		
668099	668099	45.15	5	4		
668100	668100	45.15	5	3		
668101	668101	45.15	5	3		
668102	668102	45.15	5	4		
668103	668103	45.15	5	4		
668104	668104	45.15	5	4		
668105	668105	45.15	5	4		
668106	668106	45.15	5	3		
668107	668107	45.15	5	4		
668108	668108	45.15	5	4		
668109	668109	45.15	5	4		
668133	668133	45.15	5	2		
668134	668134	45.15	5	2		
668135	668135	45.15	5	2		
668136	668136	45.15	5	3		
668137	668137	45.15	5	3		
668138	668138	45.15	5	3		
668139	668139	45.15	5	3		
668140	668140	45.15	5	4		
668142	668142	45.15	5	4		
668144	668144	45.15	5	4		
668145	668145	45.15	5	4		
668146	668146	45.15	5	2		
668147	668147	45.15	5	4		
668148	668148	45.15	5	4		
668149	668149	45.15	5	4		
668150	668150	45.15	5	4		
668151	668151	45.15	5	4		
668152	668152	45.15	5	4		
668155	668155	45.15	5	4		
668156	668156	45.15	5	4		
668157	668157	45.15	5	4		
668158	668158	45.15	5	4		
668159	668159	45.15	5	4		
668160	668160	45.15	5	4		
668161	668161	45.15	5	4		
668162	668162	45.15	5	4		
668163	668163	45.15	5	4		
668164	668164	45.15	5	4		
668165	668165	45.15	5	4		
668166	668166	45.15	5	4		
668167	668167	45.15	5	4		
668168	668168	45.15	5	2		
668169	668169	45.15	5	4		
668170	668170	45.15	5	4		
668171	668171	45.15	5	4		
668172	668172	45.15	5	4		
668173	668173	45.15	5	4		
668174	668174	45.15	5	4		
668175	668175	45.15	5	4		
668176	668176	45.15	5	4		
668181	668181	45.15	5	4		
668182	668182	45.15	5	4		
668183	668183	45.15	5	4		
668184	668184	45.15	5	4		
668185	668185	45.15	5	4		
668186	668186	45.15	5	4		
668187	668187	45.15	5	4		
668191	668191	45.15	5	4		
668192	668192	45.15	5	4		
668193	668193	45.15	5	4		
668194	668194	45.15	5	4		
668195	668195	45.15	5	4		
668197	668197	45.15	5	4		
668198	668198	45.15	5	4		
668199	668199	45.15	5	4		
668200	668200	45.15	5	4		
668212	668212	45.15	5	4		
668215	668215	45.15	5	4		
668216	668216	45.15	5	2		
668217	668217	45.15	5	2		
668218	668218	45.15	5	2		
668219	668219	45.15	5	2		
668220	668220	45.15	5	2		
668221	668221	45.15	5	4		
668222	668222	45.15	5	4		
669457	669457	45.1917	5	4		
669458	669458	45.1917	5	4		
669459	669459	45.1917	5	4		
669460	669460	45.1917	5	4		
669468	669468	45.1917	5	4		
669470	669470	45.1917	5	4		
669471	669471	45.1917	5	4		
669472	669472	45.1917	5	4		
669473	669473	45.1917	5	4		
669474	669474	45.1917	5	3		
669475	669475	45.1917	5	3		
669476	669476	45.1917	5	3		
669477	669477	45.1917	5	4		
669478	669478	45.1917	5	3		
669479	669479	45.1917	5	3		
669480	669480	45.1917	5	3		
669481	669481	45.1917	5	3		
669482	669482	45.1917	5	3		
669483	669483	45.1917	5	3		
669484	669484	45.1917	5	3		
669485	669485	45.1917	5	4		
669486	669486	45.1917	5	3		
669487	669487	45.1917	5	3		
669488	669488	45.1917	5	4		
669489	669489	45.1917	5	3		
669490	669490	45.1917	5	4		
669491	669491	45.1917	5	4		
669492	669492	45.1917	5	4		
669493	669493	45.1917	5	4		
669494	669494	45.1917	5	4		
669495	669495	45.1917	5	4		
669496	669496	45.1917	5	4		
669497	669497	45.1917	5	4		
669520	669520	45.1917	5	2		
669521	669521	45.1917	5	2		
669522	669522	45.1917	5	3		
669523	669523	45.1917	5	3		
669524	669524	45.1917	5	3		
669525	669525	45.1917	5	3		
669526	669526	45.1917	5	3		
669527	669527	45.1917	5	4		
669528	669528	45.1917	5	4		
669529	669529	45.1917	5	3		
669530	669530	45.1917	5	3		
669531	669531	45.1917	5	4		
669532	669532	45.1917	5	4		
669533	669533	45.1917	5	4		
669534	669534	45.1917	5	2		
669535	669535	45.1917	5	4		
669536	669536	45.1917	5	4		
669537	669537	45.1917	5	4		
669538	669538	45.1917	5	4		
669539	669539	45.1917	5	4		
669542	669542	45.1917	5	4		
669543	669543	45.1917	5	4		
669544	669544	45.1917	5	4		
669545	669545	45.1917	5	4		
669546	669546	45.1917	5	4		
669547	669547	45.1917	5	4		
669548	669548	45.1917	5	4		
669549	669549	45.1917	5	4		
669550	669550	45.1917	5	4		
669551	669551	45.1917	5	4		
669552	669552	45.1917	5	4		
669553	669553	45.1917	5	4		
669554	669554	45.1917	5	4		
669555	669555	45.1917	5	2		
669556	669556	45.1917	5	2		
669557	669557	45.1917	5	4		
669558	669558	45.1917	5	4		
669559	669559	45.1917	5	4		
669560	669560	45.1917	5	2		
669561	669561	45.1917	5	4		
669562	669562	45.1917	5	4		
669563	669563	45.1917	5	4		
669564	669564	45.1917	5	4		
669565	669565	45.1917	5	4		
669571	669571	45.1917	5	4		
669572	669572	45.1917	5	4		
669573	669573	45.1917	5	4		
669577	669577	45.1917	5	4		
669578	669578	45.1917	5	4		
669579	669579	45.1917	5	4		
669580	669580	45.1917	5	4		
669583	669583	45.1917	5	4		
669584	669584	45.1917	5	4		
669586	669586	45.1917	5	4		
669597	669597	45.1917	5	4		
669598	669598	45.1917	5	4		
669600	669600	45.1917	5	2		
669601	669601	45.1917	5	4		
669602	669602	45.1917	5	2		
669603	669603	45.1917	5	2		
669604	669604	45.1917	5	2		
669605	669605	45.1917	5	2		
669606	669606	45.1917	5	2		
669607	669607	45.1917	5	4		
669610	669610	45.1917	5	4		
669628	669628	45.1917	5	4		
670843	670843	45.2333	5	4		
670844	670844	45.2333	5	4		
670845	670845	45.2333	5	4		
670846	670846	45.2333	5	3		
670850	670850	45.2333	5	4		
670851	670851	45.2333	5	4		
670858	670858	45.2333	5	4		
670859	670859	45.2333	5	4		
670860	670860	45.2333	5	4		
670861	670861	45.2333	5	4		
670862	670862	45.2333	5	3		
670863	670863	45.2333	5	3		
670864	670864	45.2333	5	3		
670865	670865	45.2333	5	4		
670866	670866	45.2333	5	3		
670867	670867	45.2333	5	3		
670868	670868	45.2333	5	3		
670869	670869	45.2333	5	3		
670870	670870	45.2333	5	3		
670871	670871	45.2333	5	3		
670872	670872	45.2333	5	4		
670873	670873	45.2333	5	4		
670874	670874	45.2333	5	3		
670875	670875	45.2333	5	3		
670876	670876	45.2333	5	3		
670877	670877	45.2333	5	4		
670878	670878	45.2333	5	4		
670879	670879	45.2333	5	4		
670880	670880	45.2333	5	4		
670881	670881	45.2333	5	4		
670882	670882	45.2333	5	4		
670883	670883	45.2333	5	4		
670886	670886	45.2333	5	4		
670905	670905	45.2333	5	4		
670906	670906	45.2333	5	2		
670907	670907	45.2333	5	2		
670908	670908	45.2333	5	3		
670909	670909	45.2333	5	3		
670910	670910	45.2333	5	3		
670911	670911	45.2333	5	3		
670912	670912	45.2333	5	3		
670913	670913	45.2333	5	3		
670914	670914	45.2333	5	4		
670915	670915	45.2333	5	4		
670916	670916	45.2333	5	4		
670917	670917	45.2333	5	4		
670918	670918	45.2333	5	4		
670919	670919	45.2333	5	4		
670920	670920	45.2333	5	4		
670921	670921	45.2333	5	4		
670922	670922	45.2333	5	4		
670923	670923	45.2333	5	4		
670924	670924	45.2333	5	4		
670925	670925	45.2333	5	4		
670926	670926	45.2333	5	4		
670927	670927	45.2333	5	4		
670928	670928	45.2333	5	4		
670929	670929	45.2333	5	4		
670930	670930	45.2333	5	4		
670931	670931	45.2333	5	4		
670932	670932	45.2333	5	4		
670933	670933	45.2333	5	4		
670934	670934	45.2333	5	2		
670935	670935	45.2333	5	4		
670936	670936	45.2333	5	4		
670937	670937	45.2333	5	4		
670938	670938	45.2333	5	4		
670939	670939	45.2333	5	4		
670940	670940	45.2333	5	4		
670941	670941	45.2333	5	4		
670942	670942	45.2333	5	4		
670943	670943	45.2333	5	4		
670944	670944	45.2333	5	4		
670945	670945	45.2333	5	2		
670946	670946	45.2333	5	2		
670947	670947	45.2333	5	2		
670948	670948	45.2333	5	2		
670949	670949	45.2333	5	2		
670950	670950	45.2333	5	2		
670951	670951	45.2333	5	4		
670963	670963	45.2333	5	4		
670964	670964	45.2333	5	4		
670965	670965	45.2333	5	4		
670975	670975	45.2333	5	4		
670976	670976	45.2333	5	4		
670977	670977	45.2333	5	4		
670978	670978	45.2333	5	4		
670980	670980	45.2333	5	4		
670981	670981	45.2333	5	4		
670982	670982	45.2333	5	4		
670983	670983	45.2333	5	4		
670984	670984	45.2333	5	4		
670985	670985	45.2333	5	4		
670986	670986	45.2333	5	2		
670987	670987	45.2333	5	2		
670988	670988	45.2333	5	2		
670989	670989	45.2333	5	2		
670990	670990	45.2333	5	2		
670991	670991	45.2333	5	2		
670992	670992	45.2333	5	2		
670993	670993	45.2333	5	4		
670995	670995	45.2333	5	4		
670996	670996	45.2333	5	4		
671014	671014	45.2333	5	4		
671015	671015	45.2333	5	4		
672229	672229	45.275	5	4		
672230	672230	45.275	5	4		
672232	672232	45.275	5	4		
672233	672233	45.275	5	4		
672234	672234	45.275	5	4		
672235	672235	45.275	5	4		
672236	672236	45.275	5	4		
672237	672237	45.275	5	4		
672245	672245	45.275	5	4		
672246	672246	45.275	5	4		
672247	672247	45.275	5	3		
672248	672248	45.275	5	3		
672249	672249	45.275	5	3		
672250	672250	45.275	5	4		
672251	672251	45.275	5	4		
672252	672252	45.275	5	3		
672253	672253	45.275	5	3		
672254	672254	45.275	5	3		
672255	672255	45.275	5	4		
672256	672256	45.275	5	3		
672257	672257	45.275	5	4		
672258	672258	45.275	5	4		
672259	672259	45.275	5	4		
672260	672260	45.275	5	3		
672261	672261	45.275	5	3		
672262	672262	45.275	5	4		
672263	672263	45.275	5	4		
672264	672264	45.275	5	4		
672265	672265	45.275	5	4		
672266	672266	45.275	5	4		
672267	672267	45.275	5	4		
672268	672268	45.275	5	4		
672269	672269	45.275	5	4		
672270	672270	45.275	5	4		
672271	672271	45.275	5	4		
672272	672272	45.275	5	4		
672293	672293	45.275	5	2		
672294	672294	45.275	5	3		
672295	672295	45.275	5	3		
672296	672296	45.275	5	3		
672297	672297	45.275	5	3		
672298	672298	45.275	5	4		
672299	672299	45.275	5	4		
672300	672300	45.275	5	4		
672301	672301	45.275	5	4		
672302	672302	45.275	5	4		
672303	672303	45.275	5	4		
672304	672304	45.275	5	4		
672305	672305	45.275	5	4		
672306	672306	45.275	5	2		
672307	672307	45.275	5	4		
672308	672308	45.275	5	4		
672309	672309	45.275	5	4		
672310	672310	45.275	5	4		
672311	672311	45.275	5	4		
672312	672312	45.275	5	4		
672313	672313	45.275	5	4		
672314	672314	45.275	5	4		
672315	672315	45.275	5	4		
672316	672316	45.275	5	4		
672317	672317	45.275	5	4		
672318	672318	45.275	5	4		
672319	672319	45.275	5	4		
672320	672320	45.275	5	4		
672321	672321	45.275	5	4		
672322	672322	45.275	5	4		
672323	672323	45.275	5	2		
672324	672324	45.275	5	2		
672325	672325	45.275	5	4		
672326	672326	45.275	5	4		
672327	672327	45.275	5	4		
672328	672328	45.275	5	4		
672329	672329	45.275	5	4		
672330	672330	45.275	5	4		
672331	672331	45.275	5	2		
672332	672332	45.275	5	2		
672333	672333	45.275	5	2		
672334	672334	45.275	5	2		
672335	672335	45.275	5	2		
672336	672336	45.275	5	2		
672337	672337	45.275	5	2		
672338	672338	45.275	5	4		
672339	672339	45.275	5	4		
672340	672340	45.275	5	2		
672341	672341	45.275	5	4		
672344	672344	45.275	5	4		
672345	672345	45.275	5	4		
672346	672346	45.275	5	4		
672349	672349	45.275	5	4		
672362	672362	45.275	5	4		
672363	672363	45.275	5	4		
672364	672364	45.275	5	4		
672365	672365	45.275	5	4		
672366	672366	45.275	5	2		
672367	672367	45.275	5	4		
672370	672370	45.275	5	1		
672371	672371	45.275	5	2		
672372	672372	45.275	5	2		
672373	672373	45.275	5	2		
672374	672374	45.275	5	2		
672375	672375	45.275	5	2		
672376	672376	45.275	5	2		
672377	672377	45.275	5	2		
672378	672378	45.275	5	2		
672392	672392	45.275	5	4		
672393	672393	45.275	5	4		
672394	672394	45.275	5	4		
672397	672397	45.275	5	4		
672401	672401	45.275	5	2		
673616	673616	45.3167	5	4		
673617	673617	45.3167	5	4		
673618	673618	45.3167	5	4		
673619	673619	45.3167	5	4		
673620	673620	45.3167	5	4		
673621	673621	45.3167	5	4		
673622	673622	45.3167	5	4		
673631	673631	45.3167	5	4		
673632	673632	45.3167	5	4		
673633	673633	45.3167	5	4		
673634	673634	45.3167	5	3		
673635	673635	45.3167	5	4		
673636	673636	45.3167	5	3		
673637	673637	45.3167	5	4		
673638	673638	45.3167	5	3		
673639	673639	45.3167	5	4		
673640	673640	45.3167	5	4		
673641	673641	45.3167	5	4		
673642	673642	45.3167	5	4		
673643	673643	45.3167	5	4		
673644	673644	45.3167	5	3		
673645	673645	45.3167	5	4		
673646	673646	45.3167	5	3		
673647	673647	45.3167	5	4		
673648	673648	45.3167	5	4		
673649	673649	45.3167	5	4		
673650	673650	45.3167	5	4		
673651	673651	45.3167	5	4		
673652	673652	45.3167	5	4		
673653	673653	45.3167	5	4		
673654	673654	45.3167	5	4		
673655	673655	45.3167	5	4		
673656	673656	45.3167	5	4		
673657	673657	45.3167	5	4		
673658	673658	45.3167	5	4		
673663	673663	45.3167	5	4		
673664	673664	45.3167	5	4		
673679	673679	45.3167	5	4		
673680	673680	45.3167	5	4		
673681	673681	45.3167	5	4		
673682	673682	45.3167	5	2		
673683	673683	45.3167	5	4		
673684	673684	45.3167	5	4		
673685	673685	45.3167	5	3		
673686	673686	45.3167	5	4		
673688	673688	45.3167	5	4		
673689	673689	45.3167	5	4		
673690	673690	45.3167	5	4		
673691	673691	45.3167	5	3		
673692	673692	45.3167	5	4		
673693	673693	45.3167	5	4		
673694	673694	45.3167	5	4		
673695	673695	45.3167	5	4		
673696	673696	45.3167	5	4		
673697	673697	45.3167	5	4		
673698	673698	45.3167	5	4		
673699	673699	45.3167	5	4		
673700	673700	45.3167	5	4		
673701	673701	45.3167	5	4		
673702	673702	45.3167	5	4		
673703	673703	45.3167	5	4		
673704	673704	45.3167	5	4		
673705	673705	45.3167	5	4		
673706	673706	45.3167	5	4		
673707	673707	45.3167	5	4		
673708	673708	45.3167	5	4		
673709	673709	45.3167	5	2		
673710	673710	45.3167	5	4		
673711	673711	45.3167	5	2		
673712	673712	45.3167	5	4		
673713	673713	45.3167	5	4		
673714	673714	45.3167	5	4		
673715	673715	45.3167	5	4		
673716	673716	45.3167	5	2		
673717	673717	45.3167	5	2		
673718	673718	45.3167	5	4		
673719	673719	45.3167	5	4		
673720	673720	45.3167	5	4		
673721	673721	45.3167	5	2		
673722	673722	45.3167	5	2		
673723	673723	45.3167	5	4		
673724	673724	45.3167	5	2		
673725	673725	45.3167	5	2		
673726	673726	45.3167	5	2		
673727	673727	45.3167	5	4		
673728	673728	45.3167	5	2		
673729	673729	45.3167	5	2		
673730	673730	45.3167	5	2		
673733	673733	45.3167	5	4		
673734	673734	45.3167	5	4		
673738	673738	45.3167	5	1		
673751	673751	45.3167	5	2		
673752	673752	45.3167	5	2		
673753	673753	45.3167	5	4		
673754	673754	45.3167	5	4		
673755	673755	45.3167	5	4		
673756	673756	45.3167	5	2		
673757	673757	45.3167	5	2		
673758	673758	45.3167	5	2		
673759	673759	45.3167	5	2		
673760	673760	45.3167	5	2		
673761	673761	45.3167	5	2		
673762	673762	45.3167	5	2		
673763	673763	45.3167	5	2		
673764	673764	45.3167	5	1		
673776	673776	45.3167	5	1		
673777	673777	45.3167	5	1		
673778	673778	45.3167	5	1		
673779	673779	45.3167	5	1		
673780	673780	45.3167	5	1		
673783	673783	45.3167	5	4		
673787	673787	45.3167	5	2		
675004	675004	45.3583	5	4		
675005	675005	45.3583	5	4		
675015	675015	45.3583	5	4		
675016	675016	45.3583	5	4		
675017	675017	45.3583	5	4		
675018	675018	45.3583	5	3		
675019	675019	45.3583	5	3		
675020	675020	45.3583	5	4		
675021	675021	45.3583	5	4		
675022	675022	45.3583	5	3		
675023	675023	45.3583	5	4		
675024	675024	45.3583	5	4		
675025	675025	45.3583	5	4		
675026	675026	45.3583	5	4		
675027	675027	45.3583	5	4		
675028	675028	45.3583	5	4		
675029	675029	45.3583	5	4		
675030	675030	45.3583	5	4		
675031	675031	45.3583	5	4		
675032	675032	45.3583	5	4		
675033	675033	45.3583	5	4		
675034	675034	45.3583	5	4		
675035	675035	45.3583	5	4		
675036	675036	45.3583	5	4		
675037	675037	45.3583	5	4		
675038	675038	45.3583	5	4		
675039	675039	45.3583	5	4		
675040	675040	45.3583	5	4		
675041	675041	45.3583	5	4		
675042	675042	45.3583	5	4		
675043	675043	45.3583	5	4		
675044	675044	45.3583	5	4		
675045	675045	45.3583	5	4		
675046	675046	45.3583	5	4		
675047	675047	45.3583	5	4		
675048	675048	45.3583	5	4		
675049	675049	45.3583	5	4		
675050	675050	45.3583	5	4		
675064	675064	45.3583	5	4		
675065	675065	45.3583	5	4		
675066	675066	45.3583	5	4		
675067	675067	45.3583	5	4		
675068	675068	45.3583	5	4		
675069	675069	45.3583	5	2		
675070	675070	45.3583	5	4		
675071	675071	45.3583	5	3		
675072	675072	45.3583	5	4		
675073	675073	45.3583	5	4		
675075	675075	45.3583	5	4		
675076	675076	45.3583	5	4		
675077	675077	45.3583	5	3		
675078	675078	45.3583	5	2		
675079	675079	45.3583	5	4		
675080	675080	45.3583	5	4		
675081	675081	45.3583	5	2		
675082	675082	45.3583	5	4		
675083	675083	45.3583	5	4		
675085	675085	45.3583	5	4		
675086	675086	45.3583	5	4		
675087	675087	45.3583	5	4		
675088	675088	45.3583	5	4		
675089	675089	45.3583	5	4		
675090	675090	45.3583	5	4		
675091	675091	45.3583	5	4		
675092	675092	45.3583	5	4		
675093	675093	45.3583	5	4		
675094	675094	45.3583	5	4		
675095	675095	45.3583	5	2		
675096	675096	45.3583	5	4		
675097	675097	45.3583	5	4		
675098	675098	45.3583	5	4		
675099	675099	45.3583	5	4		
675100	675100	45.3583	5	4		
675101	675101	45.3583	5	4		
675102	675102	45.3583	5	2		
675103	675103	45.3583	5	4		
675104	675104	45.3583	5	2		
675105	675105	45.3583	5	4		
675106	675106	45.3583	5	4		
675107	675107	45.3583	5	2		
675108	675108	45.3583	5	2		
675109	675109	45.3583	5	2		
675110	675110	45.3583	5	2		
675111	675111	45.3583	5	2		
675112	675112	45.3583	5	2		
675113	675113	45.3583	5	2		
675114	675114	45.3583	5	2		
675115	675115	45.3583	5	2		
675116	675116	45.3583	5	2		
675117	675117	45.3583	5	2		
675118	675118	45.3583	5	2		
675119	675119	45.3583	5	4		
675120	675120	45.3583	5	4		
675121	675121	45.3583	5	2		
675122	675122	45.3583	5	4		
675123	675123	45.3583	5	4		
675124	675124	45.3583	5	4		
675139	675139	45.3583	5	4		
675140	675140	45.3583	5	4		
675141	675141	45.3583	5	2		
675142	675142	45.3583	5	2		
675143	675143	45.3583	5	2		
675144	675144	45.3583	5	2		
675145	675145	45.3583	5	2		
675146	675146	45.3583	5	2		
675147	675147	45.3583	5	2		
675148	675148	45.3583	5	2		
675149	675149	45.3583	5	2		
675161	675161	45.3583	5	1		
675162	675162	45.3583	5	1		
675163	675163	45.3583	5	1		
675164	675164	45.3583	5	1		
675165	675165	45.3583	5	1		
675166	675166	45.3583	5	1		
675169	675169	45.3583	5	1		
675173	675173	45.3583	5	2		
676388	676388	45.4	5	4		
676389	676389	45.4	5	4		
676390	676390	45.4	5	4		
676391	676391	45.4	5	4		
676392	676392	45.4	5	4		
676403	676403	45.4	5	4		
676404	676404	45.4	5	4		
676405	676405	45.4	5	4		
676406	676406	45.4	5	4		
676407	676407	45.4	5	4		
676408	676408	45.4	5	4		
676409	676409	45.4	5	4		
676410	676410	45.4	5	4		
676411	676411	45.4	5	4		
676412	676412	45.4	5	4		
676413	676413	45.4	5	4		
676414	676414	45.4	5	4		
676415	676415	45.4	5	4		
676416	676416	45.4	5	4		
676417	676417	45.4	5	4		
676418	676418	45.4	5	4		
676419	676419	45.4	5	4		
676420	676420	45.4	5	4		
676421	676421	45.4	5	4		
676422	676422	45.4	5	4		
676423	676423	45.4	5	4		
676424	676424	45.4	5	4		
676425	676425	45.4	5	4		
676426	676426	45.4	5	4		
676427	676427	45.4	5	3		
676428	676428	45.4	5	4		
676429	676429	45.4	5	4		
676430	676430	45.4	5	3		
676431	676431	45.4	5	4		
676432	676432	45.4	5	4		
676433	676433	45.4	5	2		
676434	676434	45.4	5	4		
676437	676437	45.4	5	4		
676450	676450	45.4	5	4		
676451	676451	45.4	5	4		
676452	676452	45.4	5	2		
676453	676453	45.4	5	2		
676454	676454	45.4	5	2		
676455	676455	45.4	5	2		
676456	676456	45.4	5	2		
676457	676457	45.4	5	4		
676458	676458	45.4	5	4		
676459	676459	45.4	5	2		
676460	676460	45.4	5	4		
676462	676462	45.4	5	4		
676463	676463	45.4	5	4		
676464	676464	45.4	5	2		
676465	676465	45.4	5	2		
676466	676466	45.4	5	4		
676467	676467	45.4	5	4		
676468	676468	45.4	5	4		
676469	676469	45.4	5	4		
676470	676470	45.4	5	4		
676471	676471	45.4	5	4		
676472	676472	45.4	5	4		
676473	676473	45.4	5	4		
676474	676474	45.4	5	4		
676475	676475	45.4	5	4		
676476	676476	45.4	5	4		
676477	676477	45.4	5	4		
676478	676478	45.4	5	4		
676479	676479	45.4	5	4		
676480	676480	45.4	5	2		
676481	676481	45.4	5	2		
676482	676482	45.4	5	4		
676483	676483	45.4	5	4		
676484	676484	45.4	5	4		
676485	676485	45.4	5	4		
676486	676486	45.4	5	4		
676487	676487	45.4	5	2		
676488	676488	45.4	5	2		
676489	676489	45.4	5	4		
676490	676490	45.4	5	4		
676491	676491	45.4	5	2		
676492	676492	45.4	5	2		
676493	676493	45.4	5	4		
676494	676494	45.4	5	4		
676495	676495	45.4	5	4		
676496	676496	45.4	5	4		
676497	676497	45.4	5	4		
676498	676498	45.4	5	4		
676499	676499	45.4	5	2		
676500	676500	45.4	5	2		
676501	676501	45.4	5	4		
676502	676502	45.4	5	4		
676503	676503	45.4	5	2		
676504	676504	45.4	5	2		
676506	676506	45.4	5	4		
676507	676507	45.4	5	4		
676508	676508	45.4	5	4		
676509	676509	45.4	5	2		
676510	676510	45.4	5	2		
676511	676511	45.4	5	2		
676512	676512	45.4	5	2		
676513	676513	45.4	5	2		
676514	676514	45.4	5	4		
676526	676526	45.4	5	4		
676527	676527	45.4	5	4		
676528	676528	45.4	5	1		
676529	676529	45.4	5	2		
676530	676530	45.4	5	2		
676531	676531	45.4	5	2		
676532	676532	45.4	5	2		
676533	676533	45.4	5	2		
676534	676534	45.4	5	2		
676544	676544	45.4	5	1		
676546	676546	45.4	5	1		
676547	676547	45.4	5	1		
676548	676548	45.4	5	1		
676549	676549	45.4	5	1		
676550	676550	45.4	5	1		
676551	676551	45.4	5	1		
676554	676554	45.4	5	1		
676559	676559	45.4	5	2		
676560	676560	45.4	5	2		
677774	677774	45.4417	5	4		
677775	677775	45.4417	5	4		
677776	677776	45.4417	5	4		
677777	677777	45.4417	5	4		
677778	677778	45.4417	5	4		
677779	677779	45.4417	5	4		
677781	677781	45.4417	5	4		
677782	677782	45.4417	5	4		
677790	677790	45.4417	5	4		
677791	677791	45.4417	5	4		
677792	677792	45.4417	5	3		
677793	677793	45.4417	5	3		
677794	677794	45.4417	5	3		
677795	677795	45.4417	5	4		
677796	677796	45.4417	5	4		
677797	677797	45.4417	5	3		
677798	677798	45.4417	5	3		
677799	677799	45.4417	5	3		
677800	677800	45.4417	5	4		
677801	677801	45.4417	5	4		
677802	677802	45.4417	5	4		
677803	677803	45.4417	5	4		
677804	677804	45.4417	5	4		
677805	677805	45.4417	5	4		
677806	677806	45.4417	5	4		
677807	677807	45.4417	5	4		
677808	677808	45.4417	5	4		
677809	677809	45.4417	5	4		
677810	677810	45.4417	5	4		
677811	677811	45.4417	5	4		
677812	677812	45.4417	5	4		
677813	677813	45.4417	5	4		
677814	677814	45.4417	5	4		
677815	677815	45.4417	5	4		
677816	677816	45.4417	5	4		
677830	677830	45.4417	5	4		
677836	677836	45.4417	5	4		
677837	677837	45.4417	5	2		
677838	677838	45.4417	5	2		
677839	677839	45.4417	5	3		
677840	677840	45.4417	5	3		
677841	677841	45.4417	5	3		
677842	677842	45.4417	5	3		
677843	677843	45.4417	5	4		
677844	677844	45.4417	5	4		
677845	677845	45.4417	5	4		
677846	677846	45.4417	5	4		
677847	677847	45.4417	5	4		
677848	677848	45.4417	5	4		
677849	677849	45.4417	5	4		
677850	677850	45.4417	5	2		
677851	677851	45.4417	5	2		
677852	677852	45.4417	5	4		
677853	677853	45.4417	5	4		
677854	677854	45.4417	5	2		
677855	677855	45.4417	5	4		
677856	677856	45.4417	5	4		
677857	677857	45.4417	5	4		
677858	677858	45.4417	5	4		
677859	677859	45.4417	5	4		
677860	677860	45.4417	5	4		
677861	677861	45.4417	5	4		
677862	677862	45.4417	5	4		
677863	677863	45.4417	5	4		
677864	677864	45.4417	5	4		
677865	677865	45.4417	5	2		
677866	677866	45.4417	5	3		
677867	677867	45.4417	5	4		
677868	677868	45.4417	5	2		
677869	677869	45.4417	5	4		
677870	677870	45.4417	5	4		
677871	677871	45.4417	5	4		
677872	677872	45.4417	5	4		
677873	677873	45.4417	5	3		
677874	677874	45.4417	5	3		
677875	677875	45.4417	5	3		
677876	677876	45.4417	5	3		
677877	677877	45.4417	5	2		
677878	677878	45.4417	5	4		
677879	677879	45.4417	5	4		
677880	677880	45.4417	5	2		
677881	677881	45.4417	5	2		
677882	677882	45.4417	5	4		
677884	677884	45.4417	5	2		
677885	677885	45.4417	5	2		
677886	677886	45.4417	5	4		
677887	677887	45.4417	5	4		
677890	677890	45.4417	5	2		
677891	677891	45.4417	5	4		
677892	677892	45.4417	5	4		
677893	677893	45.4417	5	4		
677894	677894	45.4417	5	4		
677895	677895	45.4417	5	2		
677896	677896	45.4417	5	2		
677897	677897	45.4417	5	2		
677898	677898	45.4417	5	4		
677899	677899	45.4417	5	4		
677902	677902	45.4417	5	4		
677903	677903	45.4417	5	4		
677915	677915	45.4417	5	2		
677916	677916	45.4417	5	2		
677917	677917	45.4417	5	2		
677918	677918	45.4417	5	2		
677919	677919	45.4417	5	1		
677930	677930	45.4417	5	1		
677931	677931	45.4417	5	1		
677932	677932	45.4417	5	1		
677933	677933	45.4417	5	1		
677934	677934	45.4417	5	1		
677935	677935	45.4417	5	1		
677936	677936	45.4417	5	1		
677937	677937	45.4417	5	1		
677938	677938	45.4417	5	1		
677939	677939	45.4417	5	4		
677940	677940	45.4417	5	4		
677945	677945	45.4417	5	2		
677946	677946	45.4417	5	2		
679161	679161	45.4833	5	4		
679162	679162	45.4833	5	4		
679163	679163	45.4833	5	4		
679164	679164	45.4833	5	4		
679165	679165	45.4833	5	4		
679166	679166	45.4833	5	4		
679167	679167	45.4833	5	4		
679176	679176	45.4833	5	4		
679177	679177	45.4833	5	4		
679178	679178	45.4833	5	4		
679179	679179	45.4833	5	4		
679180	679180	45.4833	5	3		
679181	679181	45.4833	5	3		
679182	679182	45.4833	5	3		
679183	679183	45.4833	5	3		
679184	679184	45.4833	5	3		
679185	679185	45.4833	5	4		
679186	679186	45.4833	5	4		
679187	679187	45.4833	5	4		
679188	679188	45.4833	5	4		
679189	679189	45.4833	5	4		
679190	679190	45.4833	5	4		
679191	679191	45.4833	5	4		
679192	679192	45.4833	5	4		
679193	679193	45.4833	5	4		
679194	679194	45.4833	5	4		
679195	679195	45.4833	5	4		
679196	679196	45.4833	5	4		
679197	679197	45.4833	5	4		
679198	679198	45.4833	5	4		
679199	679199	45.4833	5	4		
679200	679200	45.4833	5	4		
679201	679201	45.4833	5	4		
679216	679216	45.4833	5	2		
679217	679217	45.4833	5	2		
679222	679222	45.4833	5	4		
679223	679223	45.4833	5	4		
679224	679224	45.4833	5	4		
679225	679225	45.4833	5	3		
679226	679226	45.4833	5	3		
679227	679227	45.4833	5	3		
679228	679228	45.4833	5	3		
679229	679229	45.4833	5	3		
679230	679230	45.4833	5	4		
679231	679231	45.4833	5	4		
679232	679232	45.4833	5	4		
679233	679233	45.4833	5	3		
679234	679234	45.4833	5	3		
679235	679235	45.4833	5	4		
679236	679236	45.4833	5	2		
679237	679237	45.4833	5	2		
679238	679238	45.4833	5	2		
679239	679239	45.4833	5	4		
679240	679240	45.4833	5	2		
679241	679241	45.4833	5	4		
679242	679242	45.4833	5	4		
679243	679243	45.4833	5	3		
679244	679244	45.4833	5	4		
679245	679245	45.4833	5	3		
679246	679246	45.4833	5	4		
679247	679247	45.4833	5	4		
679248	679248	45.4833	5	4		
679249	679249	45.4833	5	4		
679250	679250	45.4833	5	3		
679251	679251	45.4833	5	3		
679252	679252	45.4833	5	4		
679253	679253	45.4833	5	3		
679254	679254	45.4833	5	3		
679255	679255	45.4833	5	4		
679256	679256	45.4833	5	4		
679257	679257	45.4833	5	3		
679258	679258	45.4833	5	3		
679259	679259	45.4833	5	3		
679260	679260	45.4833	5	3		
679261	679261	45.4833	5	3		
679262	679262	45.4833	5	4		
679263	679263	45.4833	5	4		
679264	679264	45.4833	5	4		
679265	679265	45.4833	5	4		
679266	679266	45.4833	5	2		
679267	679267	45.4833	5	2		
679268	679268	45.4833	5	4		
679269	679269	45.4833	5	2		
679270	679270	45.4833	5	2		
679275	679275	45.4833	5	2		
679276	679276	45.4833	5	2		
679277	679277	45.4833	5	4		
679278	679278	45.4833	5	4		
679279	679279	45.4833	5	4		
679280	679280	45.4833	5	4		
679281	679281	45.4833	5	4		
679282	679282	45.4833	5	3		
679283	679283	45.4833	5	3		
679284	679284	45.4833	5	3		
679285	679285	45.4833	5	2		
679286	679286	45.4833	5	2		
679287	679287	45.4833	5	4		
679288	679288	45.4833	5	2		
679301	679301	45.4833	5	2		
679302	679302	45.4833	5	2		
679303	679303	45.4833	5	2		
679304	679304	45.4833	5	2		
679305	679305	45.4833	5	1		
679306	679306	45.4833	5	1		
679315	679315	45.4833	5	1		
679316	679316	45.4833	5	2		
679317	679317	45.4833	5	1		
679318	679318	45.4833	5	4		
679319	679319	45.4833	5	1		
679320	679320	45.4833	5	1		
679321	679321	45.4833	5	1		
679322	679322	45.4833	5	1		
679323	679323	45.4833	5	1		
679324	679324	45.4833	5	4		
679325	679325	45.4833	5	4		
679326	679326	45.4833	5	1		
679328	679328	45.4833	5	4		
679329	679329	45.4833	5	4		
679330	679330	45.4833	5	2		
679331	679331	45.4833	5	2		
679332	679332	45.4833	5	2		
680547	680547	45.525	5	4		
680548	680548	45.525	5	2		
680549	680549	45.525	5	4		
680563	680563	45.525	5	4		
680564	680564	45.525	5	4		
680565	680565	45.525	5	4		
680566	680566	45.525	5	3		
680567	680567	45.525	5	3		
680568	680568	45.525	5	3		
680569	680569	45.525	5	4		
680570	680570	45.525	5	4		
680571	680571	45.525	5	4		
680572	680572	45.525	5	4		
680573	680573	45.525	5	4		
680574	680574	45.525	5	4		
680575	680575	45.525	5	4		
680576	680576	45.525	5	4		
680577	680577	45.525	5	4		
680578	680578	45.525	5	4		
680579	680579	45.525	5	4		
680580	680580	45.525	5	4		
680581	680581	45.525	5	4		
680582	680582	45.525	5	4		
680583	680583	45.525	5	4		
680584	680584	45.525	5	4		
680585	680585	45.525	5	4		
680586	680586	45.525	5	4		
680587	680587	45.525	5	4		
680588	680588	45.525	5	4		
680601	680601	45.525	5	4		
680602	680602	45.525	5	2		
680603	680603	45.525	5	2		
680607	680607	45.525	5	4		
680608	680608	45.525	5	4		
680609	680609	45.525	5	2		
680610	680610	45.525	5	4		
680611	680611	45.525	5	3		
680612	680612	45.525	5	3		
680613	680613	45.525	5	3		
680614	680614	45.525	5	3		
680615	680615	45.525	5	4		
680616	680616	45.525	5	3		
680617	680617	45.525	5	4		
680618	680618	45.525	5	4		
680619	680619	45.525	5	4		
680620	680620	45.525	5	4		
680621	680621	45.525	5	4		
680622	680622	45.525	5	4		
680623	680623	45.525	5	4		
680624	680624	45.525	5	2		
680625	680625	45.525	5	4		
680626	680626	45.525	5	2		
680627	680627	45.525	5	4		
680628	680628	45.525	5	4		
680629	680629	45.525	5	4		
680630	680630	45.525	5	4		
680631	680631	45.525	5	3		
680632	680632	45.525	5	4		
680633	680633	45.525	5	4		
680634	680634	45.525	5	3		
680635	680635	45.525	5	3		
680636	680636	45.525	5	3		
680637	680637	45.525	5	4		
680638	680638	45.525	5	4		
680639	680639	45.525	5	3		
680640	680640	45.525	5	4		
680641	680641	45.525	5	4		
680642	680642	45.525	5	3		
680643	680643	45.525	5	3		
680644	680644	45.525	5	4		
680645	680645	45.525	5	4		
680646	680646	45.525	5	4		
680647	680647	45.525	5	4		
680648	680648	45.525	5	4		
680649	680649	45.525	5	3		
680650	680650	45.525	5	4		
680651	680651	45.525	5	4		
680652	680652	45.525	5	3		
680653	680653	45.525	5	4		
680654	680654	45.525	5	2		
680655	680655	45.525	5	2		
680656	680656	45.525	5	2		
680657	680657	45.525	5	2		
680658	680658	45.525	5	2		
680659	680659	45.525	5	4		
680660	680660	45.525	5	2		
680661	680661	45.525	5	2		
680662	680662	45.525	5	4		
680663	680663	45.525	5	4		
680664	680664	45.525	5	4		
680665	680665	45.525	5	4		
680666	680666	45.525	5	4		
680667	680667	45.525	5	4		
680668	680668	45.525	5	3		
680669	680669	45.525	5	3		
680670	680670	45.525	5	3		
680671	680671	45.525	5	4		
680672	680672	45.525	5	2		
680686	680686	45.525	5	1		
680687	680687	45.525	5	2		
680688	680688	45.525	5	2		
680689	680689	45.525	5	2		
680690	680690	45.525	5	2		
680691	680691	45.525	5	2		
680692	680692	45.525	5	2		
680693	680693	45.525	5	1		
680694	680694	45.525	5	4		
680699	680699	45.525	5	4		
680700	680700	45.525	5	1		
680701	680701	45.525	5	2		
680702	680702	45.525	5	2		
680703	680703	45.525	5	1		
680704	680704	45.525	5	1		
680705	680705	45.525	5	1		
680706	680706	45.525	5	1		
680707	680707	45.525	5	1		
680708	680708	45.525	5	1		
680709	680709	45.525	5	4		
680710	680710	45.525	5	4		
680715	680715	45.525	5	4		
680716	680716	45.525	5	2		
680717	680717	45.525	5	4		
680723	680723	45.525	5	4		
680724	680724	45.525	5	4		
681933	681933	45.5667	5	4		
681934	681934	45.5667	5	4		
681940	681940	45.5667	5	4		
681949	681949	45.5667	5	4		
681950	681950	45.5667	5	3		
681951	681951	45.5667	5	3		
681952	681952	45.5667	5	3		
681953	681953	45.5667	5	3		
681954	681954	45.5667	5	4		
681955	681955	45.5667	5	4		
681956	681956	45.5667	5	3		
681957	681957	45.5667	5	4		
681958	681958	45.5667	5	4		
681959	681959	45.5667	5	4		
681960	681960	45.5667	5	4		
681961	681961	45.5667	5	4		
681962	681962	45.5667	5	4		
681963	681963	45.5667	5	4		
681964	681964	45.5667	5	4		
681965	681965	45.5667	5	4		
681966	681966	45.5667	5	4		
681967	681967	45.5667	5	4		
681968	681968	45.5667	5	4		
681969	681969	45.5667	5	4		
681970	681970	45.5667	5	4		
681971	681971	45.5667	5	3		
681972	681972	45.5667	5	3		
681973	681973	45.5667	5	3		
681974	681974	45.5667	5	3		
681975	681975	45.5667	5	4		
681976	681976	45.5667	5	4		
681987	681987	45.5667	5	2		
681988	681988	45.5667	5	2		
681989	681989	45.5667	5	2		
681990	681990	45.5667	5	2		
681995	681995	45.5667	5	3		
681996	681996	45.5667	5	3		
681997	681997	45.5667	5	3		
681998	681998	45.5667	5	3		
681999	681999	45.5667	5	3		
682000	682000	45.5667	5	3		
682001	682001	45.5667	5	4		
682002	682002	45.5667	5	4		
682003	682003	45.5667	5	3		
682004	682004	45.5667	5	4		
682005	682005	45.5667	5	4		
682006	682006	45.5667	5	4		
682007	682007	45.5667	5	3		
682008	682008	45.5667	5	4		
682009	682009	45.5667	5	4		
682010	682010	45.5667	5	2		
682011	682011	45.5667	5	4		
682012	682012	45.5667	5	3		
682013	682013	45.5667	5	4		
682014	682014	45.5667	5	4		
682015	682015	45.5667	5	4		
682016	682016	45.5667	5	4		
682017	682017	45.5667	5	3		
682018	682018	45.5667	5	3		
682019	682019	45.5667	5	3		
682020	682020	45.5667	5	3		
682021	682021	45.5667	5	3		
682022	682022	45.5667	5	4		
682023	682023	45.5667	5	4		
682024	682024	45.5667	5	3		
682025	682025	45.5667	5	4		
682026	682026	45.5667	5	4		
682027	682027	45.5667	5	4		
682028	682028	45.5667	5	4		
682029	682029	45.5667	5	4		
682030	682030	45.5667	5	4		
682031	682031	45.5667	5	4		
682032	682032	45.5667	5	4		
682033	682033	45.5667	5	4		
682034	682034	45.5667	5	4		
682035	682035	45.5667	5	4		
682036	682036	45.5667	5	4		
682037	682037	45.5667	5	4		
682038	682038	45.5667	5	4		
682039	682039	45.5667	5	4		
682040	682040	45.5667	5	3		
682041	682041	45.5667	5	3		
682042	682042	45.5667	5	4		
682043	682043	45.5667	5	2		
682044	682044	45.5667	5	4		
682045	682045	45.5667	5	4		
682046	682046	45.5667	5	4		
682047	682047	45.5667	5	4		
682048	682048	45.5667	5	4		
682049	682049	45.5667	5	2		
682050	682050	45.5667	5	4		
682051	682051	45.5667	5	4		
682052	682052	45.5667	5	4		
682053	682053	45.5667	5	4		
682054	682054	45.5667	5	3		
682055	682055	45.5667	5	3		
682056	682056	45.5667	5	3		
682057	682057	45.5667	5	4		
682058	682058	45.5667	5	2		
682059	682059	45.5667	5	2		
682073	682073	45.5667	5	4		
682074	682074	45.5667	5	2		
682075	682075	45.5667	5	2		
682076	682076	45.5667	5	2		
682077	682077	45.5667	5	2		
682078	682078	45.5667	5	2		
682079	682079	45.5667	5	1		
682080	682080	45.5667	5	1		
682084	682084	45.5667	5	4		
682085	682085	45.5667	5	1		
682086	682086	45.5667	5	1		
682087	682087	45.5667	5	1		
682088	682088	45.5667	5	1		
682089	682089	45.5667	5	1		
682090	682090	45.5667	5	1		
682091	682091	45.5667	5	1		
682092	682092	45.5667	5	1		
682093	682093	45.5667	5	1		
682095	682095	45.5667	5	1		
682096	682096	45.5667	5	4		
682101	682101	45.5667	5	4		
682102	682102	45.5667	5	2		
683318	683318	45.6083	5	4		
683319	683319	45.6083	5	4		
683320	683320	45.6083	5	4		
683329	683329	45.6083	5	4		
683334	683334	45.6083	5	4		
683335	683335	45.6083	5	3		
683336	683336	45.6083	5	3		
683337	683337	45.6083	5	3		
683338	683338	45.6083	5	3		
683339	683339	45.6083	5	3		
683340	683340	45.6083	5	3		
683341	683341	45.6083	5	4		
683342	683342	45.6083	5	3		
683343	683343	45.6083	5	4		
683344	683344	45.6083	5	4		
683345	683345	45.6083	5	4		
683346	683346	45.6083	5	4		
683347	683347	45.6083	5	4		
683348	683348	45.6083	5	4		
683349	683349	45.6083	5	4		
683350	683350	45.6083	5	4		
683351	683351	45.6083	5	4		
683352	683352	45.6083	5	4		
683353	683353	45.6083	5	4		
683354	683354	45.6083	5	3		
683355	683355	45.6083	5	3		
683356	683356	45.6083	5	4		
683357	683357	45.6083	5	4		
683358	683358	45.6083	5	4		
683359	683359	45.6083	5	4		
683360	683360	45.6083	5	3		
683361	683361	45.6083	5	3		
683363	683363	45.6083	5	4		
683364	683364	45.6083	5	4		
683373	683373	45.6083	5	4		
683374	683374	45.6083	5	2		
683375	683375	45.6083	5	2		
683376	683376	45.6083	5	2		
683377	683377	45.6083	5	4		
683379	683379	45.6083	5	4		
683381	683381	45.6083	5	3		
683382	683382	45.6083	5	3		
683383	683383	45.6083	5	3		
683384	683384	45.6083	5	3		
683385	683385	45.6083	5	3		
683386	683386	45.6083	5	4		
683387	683387	45.6083	5	3		
683388	683388	45.6083	5	3		
683389	683389	45.6083	5	3		
683390	683390	45.6083	5	3		
683391	683391	45.6083	5	4		
683392	683392	45.6083	5	4		
683393	683393	45.6083	5	3		
683394	683394	45.6083	5	3		
683395	683395	45.6083	5	3		
683396	683396	45.6083	5	4		
683397	683397	45.6083	5	4		
683398	683398	45.6083	5	4		
683399	683399	45.6083	5	4		
683400	683400	45.6083	5	4		
683401	683401	45.6083	5	4		
683402	683402	45.6083	5	3		
683403	683403	45.6083	5	3		
683404	683404	45.6083	5	4		
683405	683405	45.6083	5	4		
683406	683406	45.6083	5	4		
683407	683407	45.6083	5	4		
683408	683408	45.6083	5	4		
683409	683409	45.6083	5	3		
683410	683410	45.6083	5	3		
683411	683411	45.6083	5	4		
683412	683412	45.6083	5	4		
683413	683413	45.6083	5	3		
683414	683414	45.6083	5	3		
683415	683415	45.6083	5	4		
683416	683416	45.6083	5	3		
683417	683417	45.6083	5	4		
683418	683418	45.6083	5	3		
683419	683419	45.6083	5	4		
683420	683420	45.6083	5	4		
683421	683421	45.6083	5	4		
683422	683422	45.6083	5	4		
683423	683423	45.6083	5	4		
683424	683424	45.6083	5	4		
683425	683425	45.6083	5	3		
683426	683426	45.6083	5	3		
683427	683427	45.6083	5	3		
683428	683428	45.6083	5	4		
683429	683429	45.6083	5	4		
683430	683430	45.6083	5	4		
683431	683431	45.6083	5	4		
683432	683432	45.6083	5	4		
683433	683433	45.6083	5	4		
683434	683434	45.6083	5	4		
683435	683435	45.6083	5	4		
683436	683436	45.6083	5	4		
683437	683437	45.6083	5	4		
683438	683438	45.6083	5	4		
683439	683439	45.6083	5	4		
683440	683440	45.6083	5	3		
683441	683441	45.6083	5	3		
683442	683442	45.6083	5	3		
683443	683443	45.6083	5	3		
683444	683444	45.6083	5	3		
683445	683445	45.6083	5	4		
683446	683446	45.6083	5	4		
683461	683461	45.6083	5	1		
683462	683462	45.6083	5	2		
683463	683463	45.6083	5	2		
683464	683464	45.6083	5	2		
683465	683465	45.6083	5	1		
683466	683466	45.6083	5	1		
683467	683467	45.6083	5	4		
683470	683470	45.6083	5	1		
683471	683471	45.6083	5	2		
683472	683472	45.6083	5	1		
683473	683473	45.6083	5	1		
683474	683474	45.6083	5	4		
683475	683475	45.6083	5	1		
683476	683476	45.6083	5	1		
683477	683477	45.6083	5	4		
683478	683478	45.6083	5	4		
683480	683480	45.6083	5	4		
683481	683481	45.6083	5	1		
683482	683482	45.6083	5	4		
683483	683483	45.6083	5	4		
683488	683488	45.6083	5	2		
684706	684706	45.65	5	4		
684719	684719	45.65	5	4		
684720	684720	45.65	5	4		
684721	684721	45.65	5	4		
684722	684722	45.65	5	4		
684723	684723	45.65	5	4		
684724	684724	45.65	5	3		
684725	684725	45.65	5	3		
684726	684726	45.65	5	2		
684727	684727	45.65	5	3		
684728	684728	45.65	5	4		
684729	684729	45.65	5	4		
684730	684730	45.65	5	3		
684731	684731	45.65	5	3		
684732	684732	45.65	5	3		
684733	684733	45.65	5	4		
684734	684734	45.65	5	4		
684735	684735	45.65	5	4		
684736	684736	45.65	5	4		
684737	684737	45.65	5	4		
684738	684738	45.65	5	4		
684739	684739	45.65	5	4		
684740	684740	45.65	5	4		
684741	684741	45.65	5	4		
684744	684744	45.65	5	4		
684745	684745	45.65	5	4		
684751	684751	45.65	5	4		
684753	684753	45.65	5	4		
684759	684759	45.65	5	4		
684760	684760	45.65	5	2		
684761	684761	45.65	5	2		
684762	684762	45.65	5	2		
684763	684763	45.65	5	2		
684764	684764	45.65	5	2		
684765	684765	45.65	5	2		
684766	684766	45.65	5	4		
684767	684767	45.65	5	2		
684768	684768	45.65	5	3		
684769	684769	45.65	5	3		
684770	684770	45.65	5	3		
684771	684771	45.65	5	4		
684772	684772	45.65	5	4		
684773	684773	45.65	5	3		
684774	684774	45.65	5	3		
684775	684775	45.65	5	3		
684776	684776	45.65	5	4		
684777	684777	45.65	5	4		
684778	684778	45.65	5	4		
684779	684779	45.65	5	4		
684780	684780	45.65	5	3		
684781	684781	45.65	5	4		
684782	684782	45.65	5	4		
684783	684783	45.65	5	4		
684784	684784	45.65	5	3		
684785	684785	45.65	5	4		
684786	684786	45.65	5	4		
684787	684787	45.65	5	4		
684788	684788	45.65	5	4		
684789	684789	45.65	5	4		
684790	684790	45.65	5	4		
684791	684791	45.65	5	4		
684792	684792	45.65	5	4		
684793	684793	45.65	5	4		
684794	684794	45.65	5	4		
684795	684795	45.65	5	4		
684796	684796	45.65	5	4		
684797	684797	45.65	5	3		
684798	684798	45.65	5	3		
684799	684799	45.65	5	3		
684800	684800	45.65	5	3		
684801	684801	45.65	5	4		
684802	684802	45.65	5	4		
684803	684803	45.65	5	4		
684804	684804	45.65	5	4		
684805	684805	45.65	5	4		
684806	684806	45.65	5	4		
684807	684807	45.65	5	4		
684808	684808	45.65	5	3		
684809	684809	45.65	5	3		
684810	684810	45.65	5	3		
684811	684811	45.65	5	4		
684812	684812	45.65	5	3		
684813	684813	45.65	5	3		
684814	684814	45.65	5	4		
684815	684815	45.65	5	4		
684816	684816	45.65	5	4		
684817	684817	45.65	5	4		
684818	684818	45.65	5	4		
684819	684819	45.65	5	4		
684820	684820	45.65	5	4		
684821	684821	45.65	5	3		
684822	684822	45.65	5	3		
684823	684823	45.65	5	3		
684824	684824	45.65	5	3		
684825	684825	45.65	5	3		
684826	684826	45.65	5	3		
684827	684827	45.65	5	3		
684828	684828	45.65	5	3		
684829	684829	45.65	5	3		
684830	684830	45.65	5	3		
684831	684831	45.65	5	3		
684832	684832	45.65	5	2		
684833	684833	45.65	5	4		
684834	684834	45.65	5	4		
684847	684847	45.65	5	4		
684849	684849	45.65	5	2		
684850	684850	45.65	5	2		
684851	684851	45.65	5	1		
684852	684852	45.65	5	1		
684857	684857	45.65	5	4		
684858	684858	45.65	5	4		
684859	684859	45.65	5	1		
684862	684862	45.65	5	4		
684863	684863	45.65	5	4		
684864	684864	45.65	5	4		
684866	684866	45.65	5	4		
684867	684867	45.65	5	4		
684868	684868	45.65	5	4		
684870	684870	45.65	5	4		
684872	684872	45.65	5	4		
684874	684874	45.65	5	2		
684877	684877	45.65	5	2		
686090	686090	45.6917	5	4		
686091	686091	45.6917	5	4		
686092	686092	45.6917	5	4		
686093	686093	45.6917	5	4		
686094	686094	45.6917	5	4		
686105	686105	45.6917	5	4		
686106	686106	45.6917	5	4		
686107	686107	45.6917	5	4		
686108	686108	45.6917	5	4		
686109	686109	45.6917	5	4		
686110	686110	45.6917	5	4		
686111	686111	45.6917	5	4		
686112	686112	45.6917	5	4		
686113	686113	45.6917	5	4		
686114	686114	45.6917	5	4		
686115	686115	45.6917	5	4		
686116	686116	45.6917	5	3		
686117	686117	45.6917	5	3		
686118	686118	45.6917	5	3		
686119	686119	45.6917	5	3		
686120	686120	45.6917	5	3		
686121	686121	45.6917	5	4		
686122	686122	45.6917	5	4		
686123	686123	45.6917	5	3		
686124	686124	45.6917	5	3		
686125	686125	45.6917	5	4		
686126	686126	45.6917	5	4		
686138	686138	45.6917	5	4		
686139	686139	45.6917	5	4		
686140	686140	45.6917	5	4		
686142	686142	45.6917	5	4		
686146	686146	45.6917	5	4		
686147	686147	45.6917	5	3		
686148	686148	45.6917	5	4		
686149	686149	45.6917	5	4		
686150	686150	45.6917	5	3		
686151	686151	45.6917	5	3		
686152	686152	45.6917	5	4		
686153	686153	45.6917	5	3		
686154	686154	45.6917	5	4		
686157	686157	45.6917	5	4		
686158	686158	45.6917	5	4		
686163	686163	45.6917	5	2		
686164	686164	45.6917	5	4		
686165	686165	45.6917	5	3		
686166	686166	45.6917	5	3		
686167	686167	45.6917	5	3		
686168	686168	45.6917	5	4		
686169	686169	45.6917	5	4		
686170	686170	45.6917	5	4		
686171	686171	45.6917	5	4		
686172	686172	45.6917	5	4		
686173	686173	45.6917	5	4		
686174	686174	45.6917	5	4		
686175	686175	45.6917	5	4		
686176	686176	45.6917	5	4		
686177	686177	45.6917	5	4		
686179	686179	45.6917	5	4		
686180	686180	45.6917	5	3		
686183	686183	45.6917	5	4		
686184	686184	45.6917	5	3		
686185	686185	45.6917	5	3		
686186	686186	45.6917	5	3		
686187	686187	45.6917	5	3		
686188	686188	45.6917	5	3		
686189	686189	45.6917	5	3		
686193	686193	45.6917	5	4		
686194	686194	45.6917	5	3		
686195	686195	45.6917	5	3		
686196	686196	45.6917	5	3		
686197	686197	45.6917	5	3		
686198	686198	45.6917	5	3		
686199	686199	45.6917	5	3		
686200	686200	45.6917	5	3		
686201	686201	45.6917	5	3		
686202	686202	45.6917	5	4		
686203	686203	45.6917	5	4		
686204	686204	45.6917	5	3		
686205	686205	45.6917	5	3		
686206	686206	45.6917	5	3		
686207	686207	45.6917	5	3		
686208	686208	45.6917	5	3		
686209	686209	45.6917	5	4		
686210	686210	45.6917	5	4		
686211	686211	45.6917	5	4		
686212	686212	45.6917	5	3		
686213	686213	45.6917	5	3		
686214	686214	45.6917	5	3		
686215	686215	45.6917	5	3		
686216	686216	45.6917	5	3		
686217	686217	45.6917	5	3		
686218	686218	45.6917	5	3		
686219	686219	45.6917	5	2		
686220	686220	45.6917	5	4		
686221	686221	45.6917	5	2		
686222	686222	45.6917	5	2		
686223	686223	45.6917	5	2		
686224	686224	45.6917	5	4		
686234	686234	45.6917	5	4		
686235	686235	45.6917	5	2		
686236	686236	45.6917	5	2		
686237	686237	45.6917	5	1		
686238	686238	45.6917	5	4		
686248	686248	45.6917	5	2		
686249	686249	45.6917	5	4		
686253	686253	45.6917	5	1		
686254	686254	45.6917	5	1		
686255	686255	45.6917	5	4		
686257	686257	45.6917	5	4		
686258	686258	45.6917	5	4		
686261	686261	45.6917	5	4		
686262	686262	45.6917	5	4		
686263	686263	45.6917	5	4		
686264	686264	45.6917	5	4		
687476	687476	45.7333	5	4		
687477	687477	45.7333	5	4		
687478	687478	45.7333	5	4		
687491	687491	45.7333	5	4		
687493	687493	45.7333	5	4		
687494	687494	45.7333	5	4		
687495	687495	45.7333	5	4		
687496	687496	45.7333	5	4		
687497	687497	45.7333	5	4		
687498	687498	45.7333	5	4		
687499	687499	45.7333	5	4		
687500	687500	45.7333	5	4		
687501	687501	45.7333	5	4		
687502	687502	45.7333	5	3		
687503	687503	45.7333	5	3		
687504	687504	45.7333	5	3		
687505	687505	45.7333	5	3		
687506	687506	45.7333	5	4		
687507	687507	45.7333	5	4		
687508	687508	45.7333	5	4		
687509	687509	45.7333	5	3		
687510	687510	45.7333	5	3		
687511	687511	45.7333	5	4		
687512	687512	45.7333	5	4		
687526	687526	45.7333	5	4		
687527	687527	45.7333	5	3		
687528	687528	45.7333	5	3		
687531	687531	45.7333	5	4		
687532	687532	45.7333	5	2		
687533	687533	45.7333	5	3		
687534	687534	45.7333	5	3		
687535	687535	45.7333	5	4		
687536	687536	45.7333	5	4		
687537	687537	45.7333	5	2		
687538	687538	45.7333	5	3		
687539	687539	45.7333	5	3		
687550	687550	45.7333	5	2		
687551	687551	45.7333	5	2		
687552	687552	45.7333	5	2		
687554	687554	45.7333	5	4		
687555	687555	45.7333	5	4		
687556	687556	45.7333	5	3		
687557	687557	45.7333	5	3		
687558	687558	45.7333	5	3		
687559	687559	45.7333	5	3		
687560	687560	45.7333	5	4		
687561	687561	45.7333	5	4		
687562	687562	45.7333	5	3		
687563	687563	45.7333	5	3		
687564	687564	45.7333	5	3		
687565	687565	45.7333	5	3		
687566	687566	45.7333	5	4		
687569	687569	45.7333	5	4		
687570	687570	45.7333	5	3		
687571	687571	45.7333	5	3		
687572	687572	45.7333	5	3		
687573	687573	45.7333	5	3		
687574	687574	45.7333	5	3		
687575	687575	45.7333	5	3		
687576	687576	45.7333	5	3		
687579	687579	45.7333	5	4		
687580	687580	45.7333	5	3		
687581	687581	45.7333	5	3		
687582	687582	45.7333	5	3		
687583	687583	45.7333	5	3		
687584	687584	45.7333	5	3		
687585	687585	45.7333	5	3		
687586	687586	45.7333	5	3		
687587	687587	45.7333	5	3		
687588	687588	45.7333	5	3		
687589	687589	45.7333	5	3		
687590	687590	45.7333	5	3		
687591	687591	45.7333	5	3		
687592	687592	45.7333	5	3		
687593	687593	45.7333	5	3		
687594	687594	45.7333	5	4		
687595	687595	45.7333	5	4		
687596	687596	45.7333	5	4		
687597	687597	45.7333	5	4		
687598	687598	45.7333	5	4		
687599	687599	45.7333	5	4		
687600	687600	45.7333	5	3		
687601	687601	45.7333	5	3		
687602	687602	45.7333	5	3		
687603	687603	45.7333	5	2		
687604	687604	45.7333	5	2		
687605	687605	45.7333	5	2		
687606	687606	45.7333	5	2		
687607	687607	45.7333	5	4		
687608	687608	45.7333	5	4		
687609	687609	45.7333	5	4		
687610	687610	45.7333	5	4		
687611	687611	45.7333	5	4		
687612	687612	45.7333	5	4		
687613	687613	45.7333	5	4		
687621	687621	45.7333	5	2		
687622	687622	45.7333	5	4		
687638	687638	45.7333	5	4		
687639	687639	45.7333	5	2		
687640	687640	45.7333	5	2		
687641	687641	45.7333	5	4		
687643	687643	45.7333	5	4		
687644	687644	45.7333	5	4		
687648	687648	45.7333	5	4		
688864	688864	45.775	5	4		
688865	688865	45.775	5	4		
688877	688877	45.775	5	4		
688878	688878	45.775	5	4		
688883	688883	45.775	5	4		
688885	688885	45.775	5	4		
688886	688886	45.775	5	4		
688887	688887	45.775	5	4		
688888	688888	45.775	5	3		
688889	688889	45.775	5	3		
688890	688890	45.775	5	3		
688891	688891	45.775	5	4		
688892	688892	45.775	5	4		
688893	688893	45.775	5	4		
688894	688894	45.775	5	4		
688895	688895	45.775	5	3		
688896	688896	45.775	5	2		
688897	688897	45.775	5	4		
688898	688898	45.775	5	4		
688899	688899	45.775	5	4		
688910	688910	45.775	5	4		
688912	688912	45.775	5	4		
688917	688917	45.775	5	4		
688919	688919	45.775	5	2		
688920	688920	45.775	5	2		
688921	688921	45.775	5	2		
688922	688922	45.775	5	2		
688923	688923	45.775	5	2		
688924	688924	45.775	5	2		
688925	688925	45.775	5	4		
688940	688940	45.775	5	2		
688941	688941	45.775	5	2		
688942	688942	45.775	5	2		
688943	688943	45.775	5	2		
688944	688944	45.775	5	2		
688945	688945	45.775	5	4		
688946	688946	45.775	5	4		
688947	688947	45.775	5	3		
688948	688948	45.775	5	3		
688949	688949	45.775	5	4		
688950	688950	45.775	5	4		
688952	688952	45.775	5	4		
688953	688953	45.775	5	4		
688956	688956	45.775	5	3		
688957	688957	45.775	5	3		
688958	688958	45.775	5	3		
688959	688959	45.775	5	3		
688960	688960	45.775	5	3		
688961	688961	45.775	5	3		
688962	688962	45.775	5	3		
688965	688965	45.775	5	4		
688966	688966	45.775	5	3		
688967	688967	45.775	5	3		
688968	688968	45.775	5	3		
688969	688969	45.775	5	3		
688970	688970	45.775	5	3		
688971	688971	45.775	5	3		
688972	688972	45.775	5	3		
688973	688973	45.775	5	3		
688974	688974	45.775	5	3		
688975	688975	45.775	5	3		
688976	688976	45.775	5	3		
688977	688977	45.775	5	3		
688978	688978	45.775	5	3		
688979	688979	45.775	5	3		
688980	688980	45.775	5	3		
688981	688981	45.775	5	4		
688982	688982	45.775	5	4		
688983	688983	45.775	5	4		
688984	688984	45.775	5	4		
688985	688985	45.775	5	4		
688986	688986	45.775	5	3		
688987	688987	45.775	5	4		
688988	688988	45.775	5	4		
688989	688989	45.775	5	4		
688990	688990	45.775	5	2		
688991	688991	45.775	5	2		
688992	688992	45.775	5	2		
688993	688993	45.775	5	2		
688994	688994	45.775	5	3		
688995	688995	45.775	5	2		
688996	688996	45.775	5	2		
688997	688997	45.775	5	2		
688998	688998	45.775	5	4		
688999	688999	45.775	5	4		
689008	689008	45.775	5	4		
689009	689009	45.775	5	4		
689010	689010	45.775	5	4		
689015	689015	45.775	5	4		
689024	689024	45.775	5	4		
689035	689035	45.775	5	4		
690263	690263	45.8167	5	4		
690264	690264	45.8167	5	4		
690265	690265	45.8167	5	4		
690270	690270	45.8167	5	4		
690271	690271	45.8167	5	4		
690272	690272	45.8167	5	4		
690273	690273	45.8167	5	4		
690274	690274	45.8167	5	3		
690275	690275	45.8167	5	4		
690276	690276	45.8167	5	4		
690277	690277	45.8167	5	4		
690278	690278	45.8167	5	4		
690279	690279	45.8167	5	3		
690282	690282	45.8167	5	4		
690283	690283	45.8167	5	4		
690284	690284	45.8167	5	4		
690285	690285	45.8167	5	4		
690295	690295	45.8167	5	4		
690296	690296	45.8167	5	4		
690306	690306	45.8167	5	2		
690307	690307	45.8167	5	3		
690309	690309	45.8167	5	2		
690310	690310	45.8167	5	4		
690325	690325	45.8167	5	4		
690326	690326	45.8167	5	2		
690327	690327	45.8167	5	2		
690328	690328	45.8167	5	2		
690329	690329	45.8167	5	2		
690330	690330	45.8167	5	4		
690331	690331	45.8167	5	3		
690332	690332	45.8167	5	2		
690333	690333	45.8167	5	2		
690334	690334	45.8167	5	2		
690335	690335	45.8167	5	4		
690336	690336	45.8167	5	4		
690337	690337	45.8167	5	4		
690338	690338	45.8167	5	4		
690339	690339	45.8167	5	4		
690340	690340	45.8167	5	4		
690341	690341	45.8167	5	4		
690343	690343	45.8167	5	4		
690344	690344	45.8167	5	4		
690345	690345	45.8167	5	4		
690346	690346	45.8167	5	3		
690347	690347	45.8167	5	3		
690348	690348	45.8167	5	3		
690349	690349	45.8167	5	3		
690350	690350	45.8167	5	3		
690351	690351	45.8167	5	3		
690352	690352	45.8167	5	3		
690353	690353	45.8167	5	3		
690354	690354	45.8167	5	3		
690355	690355	45.8167	5	3		
690356	690356	45.8167	5	3		
690357	690357	45.8167	5	3		
690358	690358	45.8167	5	3		
690359	690359	45.8167	5	3		
690360	690360	45.8167	5	3		
690361	690361	45.8167	5	3		
690362	690362	45.8167	5	3		
690363	690363	45.8167	5	3		
690364	690364	45.8167	5	3		
690365	690365	45.8167	5	3		
690366	690366	45.8167	5	3		
690367	690367	45.8167	5	3		
690368	690368	45.8167	5	4		
690369	690369	45.8167	5	4		
690370	690370	45.8167	5	4		
690371	690371	45.8167	5	4		
690372	690372	45.8167	5	3		
690373	690373	45.8167	5	4		
690374	690374	45.8167	5	3		
690375	690375	45.8167	5	2		
690376	690376	45.8167	5	2		
690377	690377	45.8167	5	2		
690378	690378	45.8167	5	2		
690379	690379	45.8167	5	3		
690380	690380	45.8167	5	3		
690381	690381	45.8167	5	4		
690382	690382	45.8167	5	2		
690383	690383	45.8167	5	4		
690384	690384	45.8167	5	4		
690385	690385	45.8167	5	4		
690386	690386	45.8167	5	4		
690395	690395	45.8167	5	4		
690396	690396	45.8167	5	4		
690401	690401	45.8167	5	2		
690402	690402	45.8167	5	4		
690403	690403	45.8167	5	2		
690404	690404	45.8167	5	4		
690405	690405	45.8167	5	4		
690406	690406	45.8167	5	4		
690410	690410	45.8167	5	4		
690422	690422	45.8167	5	4		
690427	690427	45.8167	5	4		
691642	691642	45.8583	5	4		
691643	691643	45.8583	5	4		
691649	691649	45.8583	5	4		
691650	691650	45.8583	5	4		
691651	691651	45.8583	5	4		
691652	691652	45.8583	5	4		
691653	691653	45.8583	5	4		
691657	691657	45.8583	5	4		
691658	691658	45.8583	5	4		
691659	691659	45.8583	5	4		
691660	691660	45.8583	5	4		
691661	691661	45.8583	5	4		
691662	691662	45.8583	5	4		
691663	691663	45.8583	5	4		
691692	691692	45.8583	5	2		
691693	691693	45.8583	5	2		
691694	691694	45.8583	5	2		
691695	691695	45.8583	5	4		
691697	691697	45.8583	5	2		
691712	691712	45.8583	5	2		
691713	691713	45.8583	5	2		
691714	691714	45.8583	5	2		
691715	691715	45.8583	5	2		
691716	691716	45.8583	5	4		
691717	691717	45.8583	5	2		
691718	691718	45.8583	5	2		
691720	691720	45.8583	5	2		
691721	691721	45.8583	5	4		
691722	691722	45.8583	5	4		
691723	691723	45.8583	5	4		
691724	691724	45.8583	5	4		
691725	691725	45.8583	5	3		
691726	691726	45.8583	5	3		
691727	691727	45.8583	5	3		
691728	691728	45.8583	5	4		
691729	691729	45.8583	5	4		
691730	691730	45.8583	5	4		
691731	691731	45.8583	5	3		
691732	691732	45.8583	5	3		
691733	691733	45.8583	5	3		
691734	691734	45.8583	5	3		
691735	691735	45.8583	5	3		
691736	691736	45.8583	5	3		
691737	691737	45.8583	5	3		
691738	691738	45.8583	5	3		
691739	691739	45.8583	5	3		
691740	691740	45.8583	5	3		
691741	691741	45.8583	5	3		
691742	691742	45.8583	5	3		
691743	691743	45.8583	5	3		
691744	691744	45.8583	5	3		
691745	691745	45.8583	5	3		
691746	691746	45.8583	5	3		
691747	691747	45.8583	5	3		
691748	691748	45.8583	5	3		
691749	691749	45.8583	5	3		
691750	691750	45.8583	5	3		
691751	691751	45.8583	5	3		
691752	691752	45.8583	5	3		
691753	691753	45.8583	5	4		
691754	691754	45.8583	5	4		
691755	691755	45.8583	5	4		
691756	691756	45.8583	5	4		
691757	691757	45.8583	5	4		
691758	691758	45.8583	5	3		
691759	691759	45.8583	5	4		
691760	691760	45.8583	5	4		
691761	691761	45.8583	5	4		
691762	691762	45.8583	5	2		
691763	691763	45.8583	5	2		
691764	691764	45.8583	5	2		
691765	691765	45.8583	5	3		
691766	691766	45.8583	5	3		
691767	691767	45.8583	5	3		
691768	691768	45.8583	5	3		
691769	691769	45.8583	5	4		
691770	691770	45.8583	5	2		
691771	691771	45.8583	5	2		
691772	691772	45.8583	5	4		
691787	691787	45.8583	5	2		
691788	691788	45.8583	5	2		
691789	691789	45.8583	5	2		
691790	691790	45.8583	5	2		
691791	691791	45.8583	5	2		
691792	691792	45.8583	5	2		
691793	691793	45.8583	5	2		
691794	691794	45.8583	5	4		
693028	693028	45.9	5	4		
693029	693029	45.9	5	4		
693030	693030	45.9	5	4		
693031	693031	45.9	5	4		
693035	693035	45.9	5	4		
693036	693036	45.9	5	4		
693038	693038	45.9	5	4		
693039	693039	45.9	5	4		
693043	693043	45.9	5	4		
693044	693044	45.9	5	4		
693045	693045	45.9	5	4		
693046	693046	45.9	5	4		
693047	693047	45.9	5	4		
693048	693048	45.9	5	3		
693049	693049	45.9	5	4		
693079	693079	45.9	5	2		
693080	693080	45.9	5	2		
693082	693082	45.9	5	4		
693083	693083	45.9	5	2		
693100	693100	45.9	5	2		
693105	693105	45.9	5	4		
693106	693106	45.9	5	2		
693107	693107	45.9	5	4		
693108	693108	45.9	5	2		
693109	693109	45.9	5	4		
693110	693110	45.9	5	2		
693111	693111	45.9	5	2		
693112	693112	45.9	5	2		
693113	693113	45.9	5	3		
693114	693114	45.9	5	3		
693115	693115	45.9	5	3		
693116	693116	45.9	5	3		
693117	693117	45.9	5	3		
693118	693118	45.9	5	3		
693119	693119	45.9	5	3		
693120	693120	45.9	5	3		
693121	693121	45.9	5	3		
693122	693122	45.9	5	3		
693123	693123	45.9	5	4		
693124	693124	45.9	5	4		
693125	693125	45.9	5	3		
693126	693126	45.9	5	3		
693127	693127	45.9	5	3		
693128	693128	45.9	5	3		
693129	693129	45.9	5	3		
693130	693130	45.9	5	3		
693131	693131	45.9	5	3		
693132	693132	45.9	5	3		
693133	693133	45.9	5	3		
693134	693134	45.9	5	3		
693135	693135	45.9	5	3		
693136	693136	45.9	5	3		
693137	693137	45.9	5	3		
693138	693138	45.9	5	3		
693139	693139	45.9	5	4		
693140	693140	45.9	5	4		
693141	693141	45.9	5	3		
693142	693142	45.9	5	4		
693143	693143	45.9	5	3		
693144	693144	45.9	5	4		
693145	693145	45.9	5	4		
693146	693146	45.9	5	4		
693147	693147	45.9	5	4		
693148	693148	45.9	5	4		
693149	693149	45.9	5	4		
693150	693150	45.9	5	4		
693151	693151	45.9	5	4		
693152	693152	45.9	5	4		
693153	693153	45.9	5	3		
693154	693154	45.9	5	3		
693155	693155	45.9	5	3		
693156	693156	45.9	5	2		
693157	693157	45.9	5	2		
693158	693158	45.9	5	4		
693172	693172	45.9	5	4		
693173	693173	45.9	5	2		
693174	693174	45.9	5	2		
693175	693175	45.9	5	2		
693176	693176	45.9	5	2		
693177	693177	45.9	5	2		
693178	693178	45.9	5	2		
693179	693179	45.9	5	2		
693180	693180	45.9	5	2		
693181	693181	45.9	5	4		
694406	694406	45.9417	5	4		
694407	694407	45.9417	5	4		
694415	694415	45.9417	5	4		
694416	694416	45.9417	5	4		
694417	694417	45.9417	5	4		
694418	694418	45.9417	5	4		
694428	694428	45.9417	5	4		
694429	694429	45.9417	5	4		
694430	694430	45.9417	5	4		
694431	694431	45.9417	5	4		
694432	694432	45.9417	5	4		
694433	694433	45.9417	5	3		
694434	694434	45.9417	5	3		
694435	694435	45.9417	5	4		
694464	694464	45.9417	5	2		
694465	694465	45.9417	5	2		
694491	694491	45.9417	5	2		
694492	694492	45.9417	5	2		
694493	694493	45.9417	5	4		
694494	694494	45.9417	5	2		
694495	694495	45.9417	5	2		
694496	694496	45.9417	5	4		
694497	694497	45.9417	5	4		
694498	694498	45.9417	5	4		
694499	694499	45.9417	5	4		
694500	694500	45.9417	5	4		
694501	694501	45.9417	5	4		
694502	694502	45.9417	5	3		
694503	694503	45.9417	5	3		
694504	694504	45.9417	5	3		
694505	694505	45.9417	5	3		
694506	694506	45.9417	5	3		
694507	694507	45.9417	5	3		
694508	694508	45.9417	5	3		
694509	694509	45.9417	5	3		
694510	694510	45.9417	5	3		
694511	694511	45.9417	5	3		
694512	694512	45.9417	5	3		
694513	694513	45.9417	5	3		
694514	694514	45.9417	5	3		
694515	694515	45.9417	5	3		
694516	694516	45.9417	5	3		
694517	694517	45.9417	5	3		
694518	694518	45.9417	5	4		
694519	694519	45.9417	5	4		
694520	694520	45.9417	5	4		
694521	694521	45.9417	5	4		
694522	694522	45.9417	5	4		
694523	694523	45.9417	5	3		
694524	694524	45.9417	5	4		
694525	694525	45.9417	5	4		
694526	694526	45.9417	5	4		
694527	694527	45.9417	5	4		
694528	694528	45.9417	5	4		
694529	694529	45.9417	5	4		
694530	694530	45.9417	5	4		
694531	694531	45.9417	5	4		
694532	694532	45.9417	5	4		
694533	694533	45.9417	5	4		
694534	694534	45.9417	5	4		
694535	694535	45.9417	5	4		
694536	694536	45.9417	5	3		
694537	694537	45.9417	5	3		
694538	694538	45.9417	5	3		
694539	694539	45.9417	5	3		
694540	694540	45.9417	5	3		
694541	694541	45.9417	5	4		
694542	694542	45.9417	5	4		
694543	694543	45.9417	5	4		
694559	694559	45.9417	5	4		
694560	694560	45.9417	5	2		
694561	694561	45.9417	5	2		
694562	694562	45.9417	5	2		
694563	694563	45.9417	5	2		
694564	694564	45.9417	5	2		
694565	694565	45.9417	5	2		
694566	694566	45.9417	5	2		
694567	694567	45.9417	5	2		
694568	694568	45.9417	5	4		
695792	695792	45.9833	5	4		
695804	695804	45.9833	5	4		
695805	695805	45.9833	5	4		
695806	695806	45.9833	5	4		
695807	695807	45.9833	5	4		
695808	695808	45.9833	5	4		
695809	695809	45.9833	5	4		
695813	695813	45.9833	5	4		
695814	695814	45.9833	5	4		
695815	695815	45.9833	5	4		
695816	695816	45.9833	5	4		
695817	695817	45.9833	5	4		
695818	695818	45.9833	5	3		
695819	695819	45.9833	5	4		
695820	695820	45.9833	5	4		
695822	695822	45.9833	5	4		
695823	695823	45.9833	5	4		
695849	695849	45.9833	5	4		
695850	695850	45.9833	5	2		
695851	695851	45.9833	5	2		
695878	695878	45.9833	5	2		
695879	695879	45.9833	5	2		
695880	695880	45.9833	5	2		
695881	695881	45.9833	5	4		
695882	695882	45.9833	5	4		
695883	695883	45.9833	5	4		
695884	695884	45.9833	5	4		
695885	695885	45.9833	5	4		
695886	695886	45.9833	5	4		
695887	695887	45.9833	5	4		
695888	695888	45.9833	5	4		
695889	695889	45.9833	5	3		
695890	695890	45.9833	5	3		
695891	695891	45.9833	5	3		
695892	695892	45.9833	5	3		
695893	695893	45.9833	5	3		
695894	695894	45.9833	5	3		
695895	695895	45.9833	5	3		
695896	695896	45.9833	5	3		
695897	695897	45.9833	5	3		
695898	695898	45.9833	5	4		
695899	695899	45.9833	5	3		
695900	695900	45.9833	5	3		
695901	695901	45.9833	5	3		
695902	695902	45.9833	5	4		
695903	695903	45.9833	5	3		
695904	695904	45.9833	5	3		
695905	695905	45.9833	5	4		
695906	695906	45.9833	5	4		
695907	695907	45.9833	5	4		
695908	695908	45.9833	5	3		
695909	695909	45.9833	5	4		
695910	695910	45.9833	5	3		
695911	695911	45.9833	5	4		
695912	695912	45.9833	5	4		
695913	695913	45.9833	5	4		
695914	695914	45.9833	5	3		
695915	695915	45.9833	5	4		
695916	695916	45.9833	5	4		
695917	695917	45.9833	5	4		
695918	695918	45.9833	5	3		
695919	695919	45.9833	5	3		
695920	695920	45.9833	5	3		
695921	695921	45.9833	5	3		
695922	695922	45.9833	5	3		
695923	695923	45.9833	5	3		
695924	695924	45.9833	5	3		
695925	695925	45.9833	5	3		
695926	695926	45.9833	5	3		
695927	695927	45.9833	5	3		
695928	695928	45.9833	5	3		
695929	695929	45.9833	5	2		
695930	695930	45.9833	5	4		
695945	695945	45.9833	5	4		
695946	695946	45.9833	5	2		
695947	695947	45.9833	5	2		
695948	695948	45.9833	5	2		
695949	695949	45.9833	5	2		
695950	695950	45.9833	5	2		
695951	695951	45.9833	5	4		
695952	695952	45.9833	5	2		
695953	695953	45.9833	5	2		
697178	697178	46.025	5	4		
697180	697180	46.025	5	4		
697192	697192	46.025	5	4		
697193	697193	46.025	5	4		
697194	697194	46.025	5	4		
697198	697198	46.025	5	4		
697199	697199	46.025	5	4		
697200	697200	46.025	5	4		
697201	697201	46.025	5	4		
697202	697202	46.025	5	4		
697203	697203	46.025	5	4		
697204	697204	46.025	5	4		
697205	697205	46.025	5	4		
697206	697206	46.025	5	4		
697207	697207	46.025	5	4		
697235	697235	46.025	5	2		
697236	697236	46.025	5	2		
697265	697265	46.025	5	2		
697266	697266	46.025	5	2		
697267	697267	46.025	5	4		
697268	697268	46.025	5	4		
697269	697269	46.025	5	4		
697270	697270	46.025	5	4		
697271	697271	46.025	5	4		
697272	697272	46.025	5	4		
697273	697273	46.025	5	4		
697274	697274	46.025	5	3		
697275	697275	46.025	5	4		
697276	697276	46.025	5	4		
697277	697277	46.025	5	4		
697278	697278	46.025	5	4		
697279	697279	46.025	5	4		
697280	697280	46.025	5	4		
697281	697281	46.025	5	3		
697282	697282	46.025	5	3		
697283	697283	46.025	5	3		
697284	697284	46.025	5	3		
697285	697285	46.025	5	3		
697286	697286	46.025	5	3		
697287	697287	46.025	5	3		
697288	697288	46.025	5	3		
697289	697289	46.025	5	3		
697290	697290	46.025	5	3		
697291	697291	46.025	5	4		
697292	697292	46.025	5	4		
697293	697293	46.025	5	4		
697294	697294	46.025	5	4		
697295	697295	46.025	5	4		
697296	697296	46.025	5	4		
697297	697297	46.025	5	4		
697298	697298	46.025	5	4		
697299	697299	46.025	5	4		
697300	697300	46.025	5	4		
697302	697302	46.025	5	3		
697303	697303	46.025	5	3		
697304	697304	46.025	5	3		
697305	697305	46.025	5	3		
697306	697306	46.025	5	3		
697307	697307	46.025	5	3		
697308	697308	46.025	5	3		
697309	697309	46.025	5	3		
697310	697310	46.025	5	3		
697311	697311	46.025	5	3		
697312	697312	46.025	5	3		
697313	697313	46.025	5	3		
697314	697314	46.025	5	3		
697315	697315	46.025	5	3		
697316	697316	46.025	5	4		
697317	697317	46.025	5	4		
697332	697332	46.025	5	4		
697333	697333	46.025	5	4		
698564	698564	46.0667	5	4		
698565	698565	46.0667	5	4		
698566	698566	46.0667	5	4		
698567	698567	46.0667	5	4		
698568	698568	46.0667	5	4		
698569	698569	46.0667	5	4		
698581	698581	46.0667	5	4		
698582	698582	46.0667	5	4		
698583	698583	46.0667	5	4		
698584	698584	46.0667	5	4		
698585	698585	46.0667	5	4		
698586	698586	46.0667	5	4		
698587	698587	46.0667	5	4		
698588	698588	46.0667	5	4		
698589	698589	46.0667	5	4		
698590	698590	46.0667	5	4		
698591	698591	46.0667	5	4		
698592	698592	46.0667	5	4		
698593	698593	46.0667	5	4		
698651	698651	46.0667	5	4		
698652	698652	46.0667	5	4		
698653	698653	46.0667	5	2		
698654	698654	46.0667	5	2		
698655	698655	46.0667	5	4		
698656	698656	46.0667	5	4		
698657	698657	46.0667	5	4		
698658	698658	46.0667	5	4		
698659	698659	46.0667	5	4		
698660	698660	46.0667	5	4		
698661	698661	46.0667	5	3		
698662	698662	46.0667	5	4		
698663	698663	46.0667	5	4		
698664	698664	46.0667	5	4		
698665	698665	46.0667	5	4		
698666	698666	46.0667	5	3		
698667	698667	46.0667	5	3		
698668	698668	46.0667	5	3		
698669	698669	46.0667	5	3		
698670	698670	46.0667	5	3		
698671	698671	46.0667	5	3		
698672	698672	46.0667	5	3		
698673	698673	46.0667	5	4		
698674	698674	46.0667	5	3		
698675	698675	46.0667	5	4		
698676	698676	46.0667	5	4		
698677	698677	46.0667	5	4		
698678	698678	46.0667	5	4		
698679	698679	46.0667	5	4		
698680	698680	46.0667	5	4		
698681	698681	46.0667	5	4		
698682	698682	46.0667	5	4		
698683	698683	46.0667	5	4		
698685	698685	46.0667	5	3		
698686	698686	46.0667	5	3		
698687	698687	46.0667	5	3		
698688	698688	46.0667	5	3		
698689	698689	46.0667	5	3		
698690	698690	46.0667	5	3		
698691	698691	46.0667	5	3		
698692	698692	46.0667	5	3		
698693	698693	46.0667	5	3		
698694	698694	46.0667	5	2		
698695	698695	46.0667	5	2		
698696	698696	46.0667	5	3		
698697	698697	46.0667	5	3		
698698	698698	46.0667	5	3		
698699	698699	46.0667	5	3		
698700	698700	46.0667	5	3		
698701	698701	46.0667	5	3		
698702	698702	46.0667	5	3		
698703	698703	46.0667	5	2		
698704	698704	46.0667	5	4		
698705	698705	46.0667	5	4		
698728	698728	46.0667	5	2		
698729	698729	46.0667	5	2		
699950	699950	46.1083	5	4		
699951	699951	46.1083	5	4		
699952	699952	46.1083	5	4		
699953	699953	46.1083	5	4		
699954	699954	46.1083	5	4		
699955	699955	46.1083	5	4		
699963	699963	46.1083	5	4		
699964	699964	46.1083	5	4		
699965	699965	46.1083	5	4		
699966	699966	46.1083	5	2		
699967	699967	46.1083	5	4		
699968	699968	46.1083	5	4		
699969	699969	46.1083	5	4		
699970	699970	46.1083	5	4		
699971	699971	46.1083	5	4		
699972	699972	46.1083	5	4		
699973	699973	46.1083	5	3		
699974	699974	46.1083	5	4		
699975	699975	46.1083	5	4		
699976	699976	46.1083	5	4		
699977	699977	46.1083	5	4		
699978	699978	46.1083	5	4		
700041	700041	46.1083	5	4		
700042	700042	46.1083	5	4		
700043	700043	46.1083	5	4		
700044	700044	46.1083	5	4		
700045	700045	46.1083	5	4		
700046	700046	46.1083	5	4		
700047	700047	46.1083	5	4		
700048	700048	46.1083	5	4		
700049	700049	46.1083	5	4		
700050	700050	46.1083	5	4		
700051	700051	46.1083	5	4		
700052	700052	46.1083	5	4		
700053	700053	46.1083	5	4		
700054	700054	46.1083	5	3		
700055	700055	46.1083	5	4		
700056	700056	46.1083	5	4		
700057	700057	46.1083	5	3		
700058	700058	46.1083	5	4		
700059	700059	46.1083	5	4		
700060	700060	46.1083	5	4		
700061	700061	46.1083	5	4		
700062	700062	46.1083	5	4		
700063	700063	46.1083	5	4		
700064	700064	46.1083	5	4		
700065	700065	46.1083	5	4		
700066	700066	46.1083	5	4		
700067	700067	46.1083	5	3		
700068	700068	46.1083	5	3		
700069	700069	46.1083	5	3		
700070	700070	46.1083	5	4		
700071	700071	46.1083	5	3		
700072	700072	46.1083	5	3		
700073	700073	46.1083	5	3		
700074	700074	46.1083	5	3		
700075	700075	46.1083	5	4		
700076	700076	46.1083	5	3		
700077	700077	46.1083	5	3		
700078	700078	46.1083	5	3		
700079	700079	46.1083	5	4		
700080	700080	46.1083	5	3		
700081	700081	46.1083	5	3		
700082	700082	46.1083	5	3		
700083	700083	46.1083	5	3		
700084	700084	46.1083	5	3		
700085	700085	46.1083	5	3		
700086	700086	46.1083	5	3		
700087	700087	46.1083	5	3		
700088	700088	46.1083	5	3		
700089	700089	46.1083	5	2		
700090	700090	46.1083	5	4		
700091	700091	46.1083	5	2		
700112	700112	46.1083	5	4		
700113	700113	46.1083	5	1		
700114	700114	46.1083	5	1		
700115	700115	46.1083	5	2		
700116	700116	46.1083	5	2		
700117	700117	46.1083	5	4		
701336	701336	46.15	5	4		
701337	701337	46.15	5	4		
701338	701338	46.15	5	4		
701339	701339	46.15	5	4		
701340	701340	46.15	5	4		
701341	701341	46.15	5	4		
701342	701342	46.15	5	4		
701343	701343	46.15	5	4		
701344	701344	46.15	5	4		
701345	701345	46.15	5	4		
701348	701348	46.15	5	4		
701349	701349	46.15	5	4		
701350	701350	46.15	5	4		
701351	701351	46.15	5	4		
701352	701352	46.15	5	4		
701353	701353	46.15	5	2		
701354	701354	46.15	5	3		
701355	701355	46.15	5	4		
701356	701356	46.15	5	4		
701357	701357	46.15	5	4		
701358	701358	46.15	5	4		
701359	701359	46.15	5	4		
701360	701360	46.15	5	4		
701431	701431	46.15	5	4		
701432	701432	46.15	5	4		
701433	701433	46.15	5	4		
701434	701434	46.15	5	4		
701435	701435	46.15	5	4		
701436	701436	46.15	5	4		
701437	701437	46.15	5	4		
701438	701438	46.15	5	4		
701439	701439	46.15	5	4		
701440	701440	46.15	5	4		
701441	701441	46.15	5	4		
701442	701442	46.15	5	4		
701443	701443	46.15	5	4		
701444	701444	46.15	5	4		
701445	701445	46.15	5	4		
701446	701446	46.15	5	4		
701451	701451	46.15	5	3		
701452	701452	46.15	5	3		
701453	701453	46.15	5	3		
701454	701454	46.15	5	3		
701455	701455	46.15	5	3		
701456	701456	46.15	5	3		
701457	701457	46.15	5	3		
701458	701458	46.15	5	3		
701459	701459	46.15	5	3		
701460	701460	46.15	5	3		
701461	701461	46.15	5	4		
701462	701462	46.15	5	4		
701463	701463	46.15	5	3		
701464	701464	46.15	5	4		
701465	701465	46.15	5	4		
701466	701466	46.15	5	4		
701467	701467	46.15	5	4		
701468	701468	46.15	5	4		
701469	701469	46.15	5	3		
701470	701470	46.15	5	3		
701471	701471	46.15	5	3		
701472	701472	46.15	5	4		
701473	701473	46.15	5	4		
701474	701474	46.15	5	4		
701475	701475	46.15	5	2		
701476	701476	46.15	5	4		
701477	701477	46.15	5	4		
701478	701478	46.15	5	2		
701495	701495	46.15	5	4		
701496	701496	46.15	5	4		
701497	701497	46.15	5	2		
701498	701498	46.15	5	2		
701499	701499	46.15	5	2		
701500	701500	46.15	5	2		
701501	701501	46.15	5	4		
701502	701502	46.15	5	2		
701503	701503	46.15	5	2		
701504	701504	46.15	5	4		
702722	702722	46.1917	5	4		
702724	702724	46.1917	5	4		
702725	702725	46.1917	5	4		
702726	702726	46.1917	5	4		
702727	702727	46.1917	5	4		
702728	702728	46.1917	5	4		
702729	702729	46.1917	5	4		
702730	702730	46.1917	5	4		
702731	702731	46.1917	5	4		
702732	702732	46.1917	5	4		
702734	702734	46.1917	5	4		
702735	702735	46.1917	5	4		
702736	702736	46.1917	5	4		
702738	702738	46.1917	5	4		
702739	702739	46.1917	5	4		
702740	702740	46.1917	5	4		
702741	702741	46.1917	5	4		
702742	702742	46.1917	5	4		
702743	702743	46.1917	5	4		
702744	702744	46.1917	5	4		
702745	702745	46.1917	5	4		
702746	702746	46.1917	5	4		
702821	702821	46.1917	5	4		
702822	702822	46.1917	5	4		
702823	702823	46.1917	5	4		
702824	702824	46.1917	5	4		
702825	702825	46.1917	5	4		
702826	702826	46.1917	5	4		
702827	702827	46.1917	5	4		
702828	702828	46.1917	5	4		
702829	702829	46.1917	5	4		
702837	702837	46.1917	5	3		
702838	702838	46.1917	5	3		
702839	702839	46.1917	5	3		
702840	702840	46.1917	5	3		
702841	702841	46.1917	5	3		
702842	702842	46.1917	5	3		
702843	702843	46.1917	5	3		
702844	702844	46.1917	5	3		
702845	702845	46.1917	5	3		
702846	702846	46.1917	5	4		
702847	702847	46.1917	5	3		
702848	702848	46.1917	5	4		
702849	702849	46.1917	5	3		
702850	702850	46.1917	5	3		
702851	702851	46.1917	5	4		
702852	702852	46.1917	5	4		
702853	702853	46.1917	5	4		
702854	702854	46.1917	5	4		
702855	702855	46.1917	5	4		
702856	702856	46.1917	5	4		
702857	702857	46.1917	5	4		
702858	702858	46.1917	5	4		
702859	702859	46.1917	5	3		
702860	702860	46.1917	5	3		
702861	702861	46.1917	5	2		
702862	702862	46.1917	5	2		
702863	702863	46.1917	5	4		
702864	702864	46.1917	5	4		
702865	702865	46.1917	5	2		
702866	702866	46.1917	5	2		
702867	702867	46.1917	5	4		
702880	702880	46.1917	5	4		
702881	702881	46.1917	5	2		
702882	702882	46.1917	5	2		
702883	702883	46.1917	5	2		
702884	702884	46.1917	5	2		
702885	702885	46.1917	5	2		
702886	702886	46.1917	5	2		
702887	702887	46.1917	5	4		
702888	702888	46.1917	5	4		
702889	702889	46.1917	5	4		
702890	702890	46.1917	5	4		
704117	704117	46.2333	5	4		
704118	704118	46.2333	5	4		
704120	704120	46.2333	5	4		
704121	704121	46.2333	5	4		
704122	704122	46.2333	5	4		
704123	704123	46.2333	5	4		
704124	704124	46.2333	5	4		
704126	704126	46.2333	5	4		
704127	704127	46.2333	5	4		
704128	704128	46.2333	5	4		
704129	704129	46.2333	5	4		
704130	704130	46.2333	5	4		
704131	704131	46.2333	5	4		
704210	704210	46.2333	5	4		
704211	704211	46.2333	5	4		
704212	704212	46.2333	5	4		
704213	704213	46.2333	5	4		
704214	704214	46.2333	5	4		
704215	704215	46.2333	5	4		
704227	704227	46.2333	5	3		
704228	704228	46.2333	5	3		
704229	704229	46.2333	5	3		
704231	704231	46.2333	5	3		
704232	704232	46.2333	5	3		
704233	704233	46.2333	5	3		
704234	704234	46.2333	5	3		
704235	704235	46.2333	5	4		
704236	704236	46.2333	5	3		
704237	704237	46.2333	5	4		
704238	704238	46.2333	5	4		
704239	704239	46.2333	5	4		
704240	704240	46.2333	5	4		
704241	704241	46.2333	5	4		
704242	704242	46.2333	5	4		
704243	704243	46.2333	5	4		
704244	704244	46.2333	5	3		
704245	704245	46.2333	5	4		
704246	704246	46.2333	5	4		
704247	704247	46.2333	5	2		
704248	704248	46.2333	5	2		
704249	704249	46.2333	5	4		
704250	704250	46.2333	5	4		
704251	704251	46.2333	5	4		
704252	704252	46.2333	5	4		
704253	704253	46.2333	5	4		
704254	704254	46.2333	5	4		
704255	704255	46.2333	5	4		
704265	704265	46.2333	5	4		
704266	704266	46.2333	5	4		
704267	704267	46.2333	5	4		
704268	704268	46.2333	5	4		
704269	704269	46.2333	5	4		
704270	704270	46.2333	5	4		
704271	704271	46.2333	5	4		
704272	704272	46.2333	5	2		
704273	704273	46.2333	5	2		
704274	704274	46.2333	5	4		
704275	704275	46.2333	5	4		
705493	705493	46.275	5	2		
705494	705494	46.275	5	2		
705505	705505	46.275	5	4		
705506	705506	46.275	5	4		
705507	705507	46.275	5	4		
705509	705509	46.275	5	4		
705513	705513	46.275	5	4		
705620	705620	46.275	5	4		
705621	705621	46.275	5	3		
705622	705622	46.275	5	4		
705623	705623	46.275	5	4		
705624	705624	46.275	5	4		
705625	705625	46.275	5	4		
705626	705626	46.275	5	4		
705627	705627	46.275	5	4		
705628	705628	46.275	5	4		
705629	705629	46.275	5	3		
705630	705630	46.275	5	3		
705631	705631	46.275	5	4		
705632	705632	46.275	5	3		
705633	705633	46.275	5	3		
705634	705634	46.275	5	2		
705635	705635	46.275	5	2		
705636	705636	46.275	5	2		
705637	705637	46.275	5	2		
705638	705638	46.275	5	2		
705639	705639	46.275	5	2		
705640	705640	46.275	5	2		
705641	705641	46.275	5	2		
705642	705642	46.275	5	2		
705643	705643	46.275	5	4		
705649	705649	46.275	5	2		
705650	705650	46.275	5	4		
705652	705652	46.275	5	4		
705653	705653	46.275	5	4		
705654	705654	46.275	5	4		
705655	705655	46.275	5	2		
705656	705656	46.275	5	4		
705657	705657	46.275	5	4		
705658	705658	46.275	5	4		
705659	705659	46.275	5	4		
705660	705660	46.275	5	4		
705661	705661	46.275	5	4		
706878	706878	46.3167	5	4		
706879	706879	46.3167	5	4		
706885	706885	46.3167	5	4		
706886	706886	46.3167	5	4		
706887	706887	46.3167	5	4		
706890	706890	46.3167	5	4		
706891	706891	46.3167	5	4		
706892	706892	46.3167	5	4		
706893	706893	46.3167	5	4		
706894	706894	46.3167	5	4		
707007	707007	46.3167	5	4		
707008	707008	46.3167	5	4		
707009	707009	46.3167	5	4		
707010	707010	46.3167	5	4		
707011	707011	46.3167	5	4		
707012	707012	46.3167	5	4		
707013	707013	46.3167	5	4		
707014	707014	46.3167	5	4		
707015	707015	46.3167	5	3		
707016	707016	46.3167	5	3		
707017	707017	46.3167	5	3		
707018	707018	46.3167	5	4		
707019	707019	46.3167	5	2		
707020	707020	46.3167	5	4		
707021	707021	46.3167	5	4		
707022	707022	46.3167	5	2		
707023	707023	46.3167	5	2		
707024	707024	46.3167	5	2		
707025	707025	46.3167	5	2		
707026	707026	46.3167	5	2		
707027	707027	46.3167	5	2		
707028	707028	46.3167	5	2		
707029	707029	46.3167	5	2		
707030	707030	46.3167	5	4		
707036	707036	46.3167	5	4		
707037	707037	46.3167	5	2		
707038	707038	46.3167	5	4		
707039	707039	46.3167	5	4		
707040	707040	46.3167	5	4		
707041	707041	46.3167	5	4		
707042	707042	46.3167	5	4		
707043	707043	46.3167	5	2		
707044	707044	46.3167	5	4		
707045	707045	46.3167	5	2		
707046	707046	46.3167	5	4		
707047	707047	46.3167	5	4		
708271	708271	46.3583	5	4		
708272	708272	46.3583	5	4		
708273	708273	46.3583	5	4		
708274	708274	46.3583	5	4		
708275	708275	46.3583	5	4		
708395	708395	46.3583	5	4		
708396	708396	46.3583	5	4		
708397	708397	46.3583	5	4		
708398	708398	46.3583	5	4		
708399	708399	46.3583	5	4		
708400	708400	46.3583	5	4		
708401	708401	46.3583	5	4		
708402	708402	46.3583	5	2		
708403	708403	46.3583	5	4		
708404	708404	46.3583	5	4		
708405	708405	46.3583	5	2		
708406	708406	46.3583	5	2		
708407	708407	46.3583	5	4		
708408	708408	46.3583	5	4		
708409	708409	46.3583	5	2		
708410	708410	46.3583	5	2		
708411	708411	46.3583	5	2		
708412	708412	46.3583	5	4		
708413	708413	46.3583	5	2		
708414	708414	46.3583	5	4		
708415	708415	46.3583	5	2		
708426	708426	46.3583	5	4		
708427	708427	46.3583	5	4		
708428	708428	46.3583	5	4		
708429	708429	46.3583	5	4		
708430	708430	46.3583	5	4		
708431	708431	46.3583	5	4		
709781	709781	46.4	5	4		
709782	709782	46.4	5	3		
709783	709783	46.4	5	4		
709784	709784	46.4	5	4		
709785	709785	46.4	5	4		
709786	709786	46.4	5	4		
709787	709787	46.4	5	4		
709788	709788	46.4	5	4		
709789	709789	46.4	5	4		
709790	709790	46.4	5	2		
709791	709791	46.4	5	4		
709792	709792	46.4	5	4		
709793	709793	46.4	5	4		
709794	709794	46.4	5	4		
709795	709795	46.4	5	4		
709796	709796	46.4	5	2		
709797	709797	46.4	5	2		
709798	709798	46.4	5	4		
709799	709799	46.4	5	4		
709814	709814	46.4	5	4		
709815	709815	46.4	5	4		
709816	709816	46.4	5	4		
709817	709817	46.4	5	4		
711168	711168	46.4417	5	4		
711169	711169	46.4417	5	4		
711170	711170	46.4417	5	4		
711171	711171	46.4417	5	4		
711172	711172	46.4417	5	4		
711173	711173	46.4417	5	4		
711174	711174	46.4417	5	4		
711175	711175	46.4417	5	4		
711176	711176	46.4417	5	4		
712556	712556	46.4833	5	4		
712557	712557	46.4833	5	4		
712558	712558	46.4833	5	4		
712559	712559	46.4833	5	4		
713944	713944	46.525	5	4		
