OPENET_ID,ACRES_FTR_GEOM,ETa_11_90,ETa_12_90,ETa_01_91,ETa_02_91,ETa_03_91,ETa_04_91,ETa_05_91,ETa_06_91,ETa_07_91,ETa_08_91,ETa_09_91,ETa_10_91
ORx_155121,132.72598689202684,14.874893828197331,,,,6.612618459101188,33.75899239380434,59.157024517335806,118.04402431692172,150.0615223843562,115.61972361928937,72.27665747306337,41.11496616817617
