OPENET_ID,ACRES_ALL,ACRES_WETLAND
ORx_155121,132.96206952532404,3.692082590101217
