OPENET_ID,ET_Reference_11_86,ET_Reference_12_86,ET_Reference_01_87,ET_Reference_02_87,ET_Reference_03_87,ET_Reference_04_87,ET_Reference_05_87,ET_Reference_06_87,ET_Reference_07_87,ET_Reference_08_87,ET_Reference_09_87,ET_Reference_10_87
ORx_155121,29.708930643839683,14.256649695500068,17.961574776433313,30.201089054787204,65.18014750590166,113.24147223293261,131.4581397132836,161.34099451034322,152.40149966863805,152.9254086304588,112.65824887780364,75.77062195473718
