OPENET_ID,ET_Fraction_11_88,ET_Fraction_12_88,ET_Fraction_01_89,ET_Fraction_02_89,ET_Fraction_03_89,ET_Fraction_04_89,ET_Fraction_05_89,ET_Fraction_06_89,ET_Fraction_07_89,ET_Fraction_08_89,ET_Fraction_09_89,ET_Fraction_10_89
ORx_155121,0.5361788840107111,0.48447023812280243,0.12476849309484965,0.29542052489729737,0.2703154567069438,0.4733294873386896,0.9200640709951268,0.9292256933159573,0.7537341539387067,0.6504851208635094,0.8105449010151964,0.5788457388199395
