OPENET_ID,ACRES_FTR_GEOM,ETa_11_85,ETa_12_85,ETa_01_86,ETa_02_86,ETa_03_86,ETa_04_86,ETa_05_86,ETa_06_86,ETa_07_86,ETa_08_86,ETa_09_86,ETa_10_86
ORx_155121,132.72598689202684,11.667799165895236,2.5885127115997246,6.544181785213252,13.830807478312323,27.8691152190718,47.1979949037535,96.55815828903543,127.44856035807344,129.4411164024699,137.56375079927088,57.96386341295824,39.71763549430728
