OPENET_ID,ET_Reference_11_90,ET_Reference_12_90,ET_Reference_01_91,ET_Reference_02_91,ET_Reference_03_91,ET_Reference_04_91,ET_Reference_05_91,ET_Reference_06_91,ET_Reference_07_91,ET_Reference_08_91,ET_Reference_09_91,ET_Reference_10_91
ORx_155121,31.400721492157356,21.069494822342794,26.70071738474079,42.53392002722922,58.08328082636057,81.08217911053748,105.18899107973866,137.36155982322379,180.70274986535134,157.85806514112988,116.62989348003805,71.71303004871739
