OPENET_ID,ET_Fraction_11_90,ET_Fraction_12_90,ET_Fraction_01_91,ET_Fraction_02_91,ET_Fraction_03_91,ET_Fraction_04_91,ET_Fraction_05_91,ET_Fraction_06_91,ET_Fraction_07_91,ET_Fraction_08_91,ET_Fraction_09_91,ET_Fraction_10_91
ORx_155121,0.4745057467508907,,,,0.11394089467738121,0.4164081884922735,0.5621755656694196,0.8593762835195767,0.8304418808151687,0.732386068735211,0.6195286191206927,0.5728067983899793
