OPENET_ID,ACRES_FTR_GEOM,ETa_11_89,ETa_12_89,ETa_01_90,ETa_02_90,ETa_03_90,ETa_04_90,ETa_05_90,ETa_06_90,ETa_07_90,ETa_08_90,ETa_09_90,ETa_10_90
ORx_155121,132.72598689202684,10.015966330416195,2.9288338757241155,3.338098737390606,3.8110762241966727,17.72181556168463,69.2643320004199,98.452673620721,148.06091637002189,147.64256129333967,108.61537176832124,86.01407193915045,33.151637193056125
