OPENET_ID,ACRES_FTR_GEOM,ETa_11_87,ETa_12_87,ETa_01_88,ETa_02_88,ETa_03_88,ETa_04_88,ETa_05_88,ETa_06_88,ETa_07_88,ETa_08_88,ETa_09_88,ETa_10_88
ORx_155121,132.72598689202684,10.72242157601901,,,10.099725146254642,24.520962369850064,41.18389433400457,76.8021434774725,118.76109197102585,142.61267572029817,110.44697135985805,75.00938129276702,38.68352213622438
