OPENET_ID,ET_Fraction_11_84,ET_Fraction_12_84,ET_Fraction_01_85,ET_Fraction_02_85,ET_Fraction_03_85,ET_Fraction_04_85,ET_Fraction_05_85,ET_Fraction_06_85,ET_Fraction_07_85,ET_Fraction_08_85,ET_Fraction_09_85,ET_Fraction_10_85
ORx_155121,0.6198919013402195,0.5577300722750503,0.088024569613932,0.32033677945448846,0.5916029418564174,0.7403678977866438,0.8482523406230191,0.4713043666159437,0.7539032271565037,0.751983845057174,0.49013106705698184,0.6013863288815559
