OPENET_ID,ET_Fraction_11_87,ET_Fraction_12_87,ET_Fraction_01_88,ET_Fraction_02_88,ET_Fraction_03_88,ET_Fraction_04_88,ET_Fraction_05_88,ET_Fraction_06_88,ET_Fraction_07_88,ET_Fraction_08_88,ET_Fraction_09_88,ET_Fraction_10_88
ORx_155121,0.4929365886584124,,,0.23941028710890644,0.3509796766526313,0.4543581631273255,0.6351078942604962,0.7993713604395055,0.7663066161214045,0.6930128942598233,0.6833701637042129,0.5001077269344082
