OPENET_ID,ET_Reference_11_85,ET_Reference_12_85,ET_Reference_01_86,ET_Reference_02_86,ET_Reference_03_86,ET_Reference_04_86,ET_Reference_05_86,ET_Reference_06_86,ET_Reference_07_86,ET_Reference_08_86,ET_Reference_09_86,ET_Reference_10_86
ORx_155121,21.416410341755757,11.779071655698273,24.27378672031773,30.970267533308593,64.33097889031657,89.51746196058163,128.72047394400255,163.512262996252,165.2439766785243,159.7629488964808,77.23036106744492,58.48923655214732
