OPENET_ID,ACRES_ALL,ACRES_WETLAND
ORx_155121,132.96206952532404,2.084894520526109
