OPENET_ID,ACRES_FTR_GEOM,ETa_11_86,ETa_12_86,ETa_01_87,ETa_02_87,ETa_03_87,ETa_04_87,ETa_05_87,ETa_06_87,ETa_07_87,ETa_08_87,ETa_09_87,ETa_10_87
ORx_155121,132.72598689202684,22.937337163471188,11.890440243169214,13.33762156074936,17.57024517335827,21.42441044825975,46.29507649141562,110.06540660221597,88.30811772902095,110.09372226410774,138.44438983422882,76.35113520322952,42.12182796827731
