OPENET_ID,ACRES_FTR_GEOM,ETa_11_88,ETa_12_88,ETa_01_89,ETa_02_89,ETa_03_89,ETa_04_89,ETa_05_89,ETa_06_89,ETa_07_89,ETa_08_89,ETa_09_89,ETa_10_89
ORx_155121,132.72598689202684,11.817484706488653,8.071896078941576,2.4319880133227714,7.552293788114485,15.138910892034017,48.28819083248237,107.55045665804568,149.02392563679228,132.40158708950887,86.022952196444,80.54928757527459,32.62324041113541
