OPENET_ID,ET_Reference_11_89,ET_Reference_12_89,ET_Reference_01_90,ET_Reference_02_90,ET_Reference_03_90,ET_Reference_04_90,ET_Reference_05_90,ET_Reference_06_90,ET_Reference_07_90,ET_Reference_08_90,ET_Reference_09_90,ET_Reference_10_90
ORx_155121,28.59134998309264,18.730700978393738,22.643479415647167,35.263689705741754,61.92862772944433,95.09584292043792,115.73463658448117,157.81808106928938,184.59437735139667,139.56676343442922,114.30104188157262,64.33089271094862
