OPENET_ID,ET_Reference_11_84,ET_Reference_12_84,ET_Reference_01_85,ET_Reference_02_85,ET_Reference_03_85,ET_Reference_04_85,ET_Reference_05_85,ET_Reference_06_85,ET_Reference_07_85,ET_Reference_08_85,ET_Reference_09_85,ET_Reference_10_85
ORx_155121,20.975712823422374,14.115495704660109,11.36373522083786,30.513041220083526,53.975365539930685,101.0588889830902,120.95011254055373,161.92616866359464,190.57281157306883,144.43374947338293,76.47556774835333,57.847191694270684
