OPENET_ID,ET_Reference_11_87,ET_Reference_12_87,ET_Reference_01_88,ET_Reference_02_88,ET_Reference_03_88,ET_Reference_04_88,ET_Reference_05_88,ET_Reference_06_88,ET_Reference_07_88,ET_Reference_08_88,ET_Reference_09_88,ET_Reference_10_88
ORx_155121,21.757975857140696,20.570983593832008,17.25164269691183,42.25942019068174,69.99139745456633,90.77167412988814,121.16997533592439,148.62630316037763,186.10361956860842,159.42999516019646,109.8516724911843,77.41493156017638
