OPENET_ID,ET_Fraction_11_89,ET_Fraction_12_89,ET_Fraction_01_90,ET_Fraction_02_90,ET_Fraction_03_90,ET_Fraction_04_90,ET_Fraction_05_90,ET_Fraction_06_90,ET_Fraction_07_90,ET_Fraction_08_90,ET_Fraction_09_90,ET_Fraction_10_90
ORx_155121,0.3503220633482016,0.15618109368753116,0.1471701423525252,0.10805670023801259,0.28619583297953605,0.7283846791382778,0.8507672846858311,0.9381642491376019,0.7998348075040138,0.7782650553283187,0.7524573063259767,0.5151853369085889
