OPENET_ID,ACRES_ALL,ACRES_WETLAND
ORx_155121,132.96206952532404,1.8545797530489254
