OPENET_ID,ET_Reference_11_88,ET_Reference_12_88,ET_Reference_01_89,ET_Reference_02_89,ET_Reference_03_89,ET_Reference_04_89,ET_Reference_05_89,ET_Reference_06_89,ET_Reference_07_89,ET_Reference_08_89,ET_Reference_09_89,ET_Reference_10_89
ORx_155121,22.04595834272187,16.696530955903313,19.565134222477553,25.675664580401286,55.98887602100572,102.00578871694255,116.91445543645816,160.39709134613392,175.67024961641613,132.25646140022033,99.37566394358652,56.34560577960978
