OPENET_ID,ACRES_ALL,ACRES_IRRIGATED
ORx_155121,132.96206952532404,129.02064613135215
