OPENET_ID,ET_Fraction_11_85,ET_Fraction_12_85,ET_Fraction_01_86,ET_Fraction_02_86,ET_Fraction_03_86,ET_Fraction_04_86,ET_Fraction_05_86,ET_Fraction_06_86,ET_Fraction_07_86,ET_Fraction_08_86,ET_Fraction_09_86,ET_Fraction_10_86
ORx_155121,0.5448681899364326,0.2213035879800878,0.2695677478592222,0.44652828320205146,0.4333481195737594,0.5272336793050075,0.7501999232902901,0.7794017622905413,0.783412391086074,0.8611292515705048,0.7505088139752443,0.6788460917215422
