OPENET_ID,HUC8_name,HUC8,HUC12_name,HUC12,Region,ITYPE,srctype,IRR_EFF,OWRD,CROP_1987,GRIDMET_ID,ACRES_ALL,ACRES_IRRIGATED,%_IRRIGATED_87,ACRES_WETLAND,%_WETLAND_87,ETOF_IRR_STATUS_87_MODE,1_NOT_IRRIGATED_87_COUNT,2_IRRIGATED_87_COUNT,3_SHORTED_87_COUNT,4_OTHER_87_COUNT,ACRES_FTR_GEOM,ETa_11_86,ETa_12_86,ETa_01_87,ETa_02_87,ETa_03_87,ETa_04_87,ETa_05_87,ETa_06_87,ETa_07_87,ETa_08_87,ETa_09_87,ETa_10_87,ET_Fraction_11_86,ET_Fraction_12_86,ET_Fraction_01_87,ET_Fraction_02_87,ET_Fraction_03_87,ET_Fraction_04_87,ET_Fraction_05_87,ET_Fraction_06_87,ET_Fraction_07_87,ET_Fraction_08_87,ET_Fraction_09_87,ET_Fraction_10_87,ET_Reference_11_86,ET_Reference_12_86,ET_Reference_01_87,ET_Reference_02_87,ET_Reference_03_87,ET_Reference_04_87,ET_Reference_05_87,ET_Reference_06_87,ET_Reference_07_87,ET_Reference_08_87,ET_Reference_09_87,ET_Reference_10_87,PPT_11_86,PPT_12_86,PPT_01_87,PPT_02_87,PPT_03_87,PPT_04_87,PPT_05_87,PPT_06_87,PPT_07_87,PPT_08_87,PPT_09_87,PPT_10_87
ORx_155121,Summer Lake,17120005,Lane Lake,171200050707,17.0,1,1.0,0.85,13,36,607161,132.96206952532404,131.2413664023349,98.70586917823101,1.4827735174856056,1.115185347805673,2.0,25,691,108,0,132.72598689202684,22.937337163471188,11.890440243169214,13.33762156074936,17.57024517335827,21.42441044825975,46.29507649141562,110.06540660221596,88.30811772902095,110.09372226410774,138.44438983422882,76.35113520322952,42.12182796827731,0.771853360644694,0.8331892823015477,0.7422102623647837,0.581916399815677,0.3285978590666005,0.4086597435302713,0.8373097174526991,0.5474224675407803,0.7226529940039922,0.9052620357919235,0.6782235183255921,0.5573478503846205,29.708930643839683,14.256649695500068,17.961574776433313,30.201089054787204,65.18014750590166,113.2414722329326,131.4581397132836,161.34099451034322,152.40149966863805,152.9254086304588,112.65824887780364,75.77062195473718,20.176806188845138,10.158520554777745,19.9529746019744,19.210093030808235,16.438576888555655,18.3370312028264,34.457521896177184,32.7431141782985,91.12715242540824,2.062665627078041,0.0,0.0
