OPENET_ID,HUC8_name,HUC8,HUC12_name,HUC12,OWRD,Region,ITYPE,srctype,IRR_EFF,CROP_1985,GRIDMET_ID,ACRES_ALL,ACRES_IRRIGATED,%_IRRIGATED_85,ACRES_WETLAND,%_WETLAND_85,ETOF_IRR_STATUS_85_MODE,1_NOT_IRRIGATED_85_COUNT,2_IRRIGATED_85_COUNT,3_SHORTED_85_COUNT,4_OTHER_85_COUNT,ACRES_FTR_GEOM,ETa_11_84,ETa_12_84,ETa_01_85,ETa_02_85,ETa_03_85,ETa_04_85,ETa_05_85,ETa_06_85,ETa_07_85,ETa_08_85,ETa_09_85,ETa_10_85,ET_Fraction_11_84,ET_Fraction_12_84,ET_Fraction_01_85,ET_Fraction_02_85,ET_Fraction_03_85,ET_Fraction_04_85,ET_Fraction_05_85,ET_Fraction_06_85,ET_Fraction_07_85,ET_Fraction_08_85,ET_Fraction_09_85,ET_Fraction_10_85,ET_Reference_11_84,ET_Reference_12_84,ET_Reference_01_85,ET_Reference_02_85,ET_Reference_03_85,ET_Reference_04_85,ET_Reference_05_85,ET_Reference_06_85,ET_Reference_07_85,ET_Reference_08_85,ET_Reference_09_85,ET_Reference_10_85,PPT_11_84,PPT_12_84,PPT_01_85,PPT_02_85,PPT_03_85,PPT_04_85,PPT_05_85,PPT_06_85,PPT_07_85,PPT_08_85,PPT_09_85,PPT_10_85
ORx_155121,Summer Lake,17120005,Lane Lake,171200050707,13,17.0,1,1.0,0.85,36,607161,132.96206952532404,131.84032196787294,99.15634017922874,0.8578039470287011,0.6451493648459821,2.0,19,689,116,0,132.72598689202684,12.991033850910936,7.87224549783839,1.0,9.775526564423624,31.932918507773227,74.84383917238485,102.60788009505356,76.3049779067215,143.67496158728045,108.6253209012913,37.49909336438162,34.7780365135566,0.6198919013402195,0.5577300722750503,0.088024569613932,0.3203367794544884,0.5916029418564174,0.7403678977866438,0.8482523406230191,0.4713043666159437,0.7539032271565037,0.751983845057174,0.4901310670569818,0.6013863288815559,20.975712823422374,14.115495704660107,11.36373522083786,30.51304122008353,53.975365539930685,101.0588889830902,120.95011254055372,161.92616866359464,190.57281157306883,144.43374947338293,76.47556774835333,57.84719169427069,65.67018621155191,16.71354646455525,3.444635327200306,11.114551420162528,15.970183583713128,8.334951026864013,20.23789634573589,9.521989141197013,17.50088459761654,9.429218695595573,40.34050942207204,11.213954182391916
