OPENET_ID,HUC8_name,HUC8,HUC12_name,HUC12,Region,ITYPE,srctype,IRR_EFF,OWRD,CROP_1986,GRIDMET_ID,ACRES_ALL,ACRES_IRRIGATED,%_IRRIGATED_86,ACRES_WETLAND,%_WETLAND_86,ETOF_IRR_STATUS_86_MODE,1_NOT_IRRIGATED_86_COUNT,2_IRRIGATED_86_COUNT,3_SHORTED_86_COUNT,4_OTHER_86_COUNT,ACRES_FTR_GEOM,ETa_11_85,ETa_12_85,ETa_01_86,ETa_02_86,ETa_03_86,ETa_04_86,ETa_05_86,ETa_06_86,ETa_07_86,ETa_08_86,ETa_09_86,ETa_10_86,ET_Fraction_11_85,ET_Fraction_12_85,ET_Fraction_01_86,ET_Fraction_02_86,ET_Fraction_03_86,ET_Fraction_04_86,ET_Fraction_05_86,ET_Fraction_06_86,ET_Fraction_07_86,ET_Fraction_08_86,ET_Fraction_09_86,ET_Fraction_10_86,ET_Reference_11_85,ET_Reference_12_85,ET_Reference_01_86,ET_Reference_02_86,ET_Reference_03_86,ET_Reference_04_86,ET_Reference_05_86,ET_Reference_06_86,ET_Reference_07_86,ET_Reference_08_86,ET_Reference_09_86,ET_Reference_10_86,PPT_11_85,PPT_12_85,PPT_01_86,PPT_02_86,PPT_03_86,PPT_04_86,PPT_05_86,PPT_06_86,PPT_07_86,PPT_08_86,PPT_09_86,PPT_10_86
ORx_155121,Summer Lake,17120005,Lane Lake,171200050707,17.0,1,1.0,0.85,13,36,607161,132.96206952532404,132.09411252754214,99.34721458467027,0.867956997781903,0.6527854153297392,2.0,6,691,127,0,132.72598689202684,11.667799165895236,2.5885127115997246,6.544181785213252,13.830807478312323,27.8691152190718,47.1979949037535,96.55815828903545,127.44856035807344,129.4411164024699,137.56375079927088,57.96386341295824,39.71763549430728,0.5448681899364326,0.2213035879800878,0.2695677478592222,0.4465282832020514,0.4333481195737594,0.5272336793050075,0.7501999232902901,0.7794017622905413,0.783412391086074,0.8611292515705048,0.7505088139752443,0.6788460917215422,21.41641034175576,11.779071655698273,24.27378672031773,30.970267533308597,64.33097889031657,89.51746196058163,128.72047394400255,163.512262996252,165.2439766785243,159.7629488964808,77.23036106744492,58.48923655214732,26.77767546313924,20.8964941295429,25.15802153419361,88.46149201659739,30.75803337603803,5.851367940322081,27.67497739741,26.72239950165444,4.142073728183206,5.794314354510231,31.913010329324948,9.437265499298004
