OPENET_ID,HUC8_name,HUC8,HUC12_name,HUC12,Region,ITYPE,srctype,IRR_EFF,OWRD,CROP_1991,GRIDMET_ID,ACRES_ALL,ACRES_IRRIGATED,%_IRRIGATED_91,ACRES_WETLAND,%_WETLAND_91,ETOF_IRR_STATUS_91_MODE,1_NOT_IRRIGATED_91_COUNT,2_IRRIGATED_91_COUNT,3_SHORTED_91_COUNT,4_OTHER_91_COUNT,ACRES_FTR_GEOM,ETa_11_90,ETa_12_90,ETa_01_91,ETa_02_91,ETa_03_91,ETa_04_91,ETa_05_91,ETa_06_91,ETa_07_91,ETa_08_91,ETa_09_91,ETa_10_91,ET_Fraction_11_90,ET_Fraction_12_90,ET_Fraction_01_91,ET_Fraction_02_91,ET_Fraction_03_91,ET_Fraction_04_91,ET_Fraction_05_91,ET_Fraction_06_91,ET_Fraction_07_91,ET_Fraction_08_91,ET_Fraction_09_91,ET_Fraction_10_91,ET_Reference_11_90,ET_Reference_12_90,ET_Reference_01_91,ET_Reference_02_91,ET_Reference_03_91,ET_Reference_04_91,ET_Reference_05_91,ET_Reference_06_91,ET_Reference_07_91,ET_Reference_08_91,ET_Reference_09_91,ET_Reference_10_91,PPT_11_90,PPT_12_90,PPT_01_91,PPT_02_91,PPT_03_91,PPT_04_91,PPT_05_91,PPT_06_91,PPT_07_91,PPT_08_91,PPT_09_91,PPT_10_91
ORx_155121,Summer Lake,17120005,Lane Lake,171200050707,17.0,1,1.0,0.85,13,36,607161,132.96206952532404,130.95458366219432,98.49018154553666,1.8545797530489252,1.3948186574335026,3.0,29,186,609,0,132.72598689202684,14.874893828197331,,,,6.612618459101188,33.75899239380434,59.157024517335806,118.04402431692172,150.0615223843562,115.61972361928936,72.27665747306337,41.11496616817617,0.4745057467508907,,,,0.1139408946773812,0.4164081884922735,0.5621755656694196,0.8593762835195767,0.8304418808151687,0.732386068735211,0.6195286191206927,0.5728067983899793,31.40072149215736,21.069494822342797,26.70071738474079,42.53392002722922,58.08328082636057,81.08217911053748,105.18899107973866,137.3615598232238,180.7027498653513,157.85806514112988,116.62989348003804,71.71303004871739,13.250490465849568,9.503661742793176,8.026787955091972,8.835729131224037,34.15656103422688,20.56371082677435,49.24115296521124,31.40400490592849,12.435780270569074,12.018178657719186,0.9930124706462616,15.452187861425648
